discovery_id,place_id,source_file,provider,search_term,category,subcategory,location,search_mode,geocoded_address,search_rank,searched_at
st_academia-de-musica:1,ChIJGf_NF5EpQg0RzNBelNLmA7k,st_academia-de-musica.json,APIFY_GOOGLE_MAPS_SCRAPER,academia de música,EDUCATION,MUSIC_ACADEMY,Madrid,AREA_BOUNDING_BOX,"Madrid, Community of Madrid, Spain",1,2026-10-05T23:02:48.293Z
st_academia-de-musica:2,ChIJV6RufpopQg0RqLcawmUIj1I,st_academia-de-musica.json,APIFY_GOOGLE_MAPS_SCRAPER,academia de música,EDUCATION,MUSIC_ACADEMY,Madrid,AREA_BOUNDING_BOX,"Madrid, Community of Madrid, Spain",2,2026-10-05T23:02:48.293Z
st_academia-de-musica:3,ChIJD_diA78pQg0RbEysDzNBnOc,st_academia-de-musica.json,APIFY_GOOGLE_MAPS_SCRAPER,academia de música,EDUCATION,MUSIC_ACADEMY,Madrid,AREA_BOUNDING_BOX,"Madrid, Community of Madrid, Spain",3,2026-10-05T23:02:48.293Z
st_academia-de-musica:4,ChIJ2weGN7goQg0R8OkKdOkQZSU,st_academia-de-musica.json,APIFY_GOOGLE_MAPS_SCRAPER,academia de música,EDUCATION,MUSIC_ACADEMY,Madrid,AREA_BOUNDING_BOX,"Madrid, Community of Madrid, Spain",4,2026-10-05T23:02:48.293Z
st_academia-de-musica:5,ChIJdz4hpJwpQg0RuD4GbcjN7l4,st_academia-de-musica.json,APIFY_GOOGLE_MAPS_SCRAPER,academia de música,EDUCATION,MUSIC_ACADEMY,Madrid,AREA_BOUNDING_BOX,"Madrid, Community of Madrid, Spain",5,2026-10-05T23:02:48.293Z
st_academia-de-musica:6,ChIJv7NT_3gpQg0Rvh1ehykUPWc,st_academia-de-musica.json,APIFY_GOOGLE_MAPS_SCRAPER,academia de música,EDUCATION,MUSIC_ACADEMY,Madrid,AREA_BOUNDING_BOX,"Madrid, Community of Madrid, Spain",6,2026-10-05T23:02:48.293Z
st_academia-de-musica:7,ChIJaQeIn1EpQg0RjKaJAwIqQkY,st_academia-de-musica.json,APIFY_GOOGLE_MAPS_SCRAPER,academia de música,EDUCATION,MUSIC_ACADEMY,Madrid,AREA_BOUNDING_BOX,"Madrid, Community of Madrid, Spain",7,2026-10-05T23:02:48.293Z
st_academia-de-musica:8,ChIJy6hK3KAvQg0R0-0NnJEBBLc,st_academia-de-musica.json,APIFY_GOOGLE_MAPS_SCRAPER,academia de música,EDUCATION,MUSIC_ACADEMY,Madrid,AREA_BOUNDING_BOX,"Madrid, Community of Madrid, Spain",8,2026-10-05T23:02:48.293Z
st_academia-de-musica:9,ChIJc95BBwYvQg0RFzfgk8tWmAI,st_academia-de-musica.json,APIFY_GOOGLE_MAPS_SCRAPER,academia de música,EDUCATION,MUSIC_ACADEMY,Madrid,AREA_BOUNDING_BOX,"Madrid, Community of Madrid, Spain",9,2026-10-05T23:02:48.293Z
st_academia-de-musica:10,ChIJCSbsW3QpQg0RcjqldrixUUo,st_academia-de-musica.json,APIFY_GOOGLE_MAPS_SCRAPER,academia de música,EDUCATION,MUSIC_ACADEMY,Madrid,AREA_BOUNDING_BOX,"Madrid, Community of Madrid, Spain",10,2026-10-05T23:02:48.293Z
st_academia-de-musica:11,ChIJaZM_ciApQg0RBFuR-YveNiQ,st_academia-de-musica.json,APIFY_GOOGLE_MAPS_SCRAPER,academia de música,EDUCATION,MUSIC_ACADEMY,Madrid,AREA_BOUNDING_BOX,"Madrid, Community of Madrid, Spain",11,2026-10-05T23:02:48.294Z
st_academia-de-musica:12,ChIJD5-JTL8pQg0RZv3WVW2PlCE,st_academia-de-musica.json,APIFY_GOOGLE_MAPS_SCRAPER,academia de música,EDUCATION,MUSIC_ACADEMY,Madrid,AREA_BOUNDING_BOX,"Madrid, Community of Madrid, Spain",12,2026-10-05T23:02:48.294Z
st_academia-de-musica:13,ChIJoRbFmcgoQg0RFMk6FdKErPw,st_academia-de-musica.json,APIFY_GOOGLE_MAPS_SCRAPER,academia de música,EDUCATION,MUSIC_ACADEMY,Madrid,AREA_BOUNDING_BOX,"Madrid, Community of Madrid, Spain",13,2026-10-05T23:02:48.294Z
st_academia-de-musica:14,ChIJa64dr6UpQg0RbK8s-3nPBvg,st_academia-de-musica.json,APIFY_GOOGLE_MAPS_SCRAPER,academia de música,EDUCATION,MUSIC_ACADEMY,Madrid,AREA_BOUNDING_BOX,"Madrid, Community of Madrid, Spain",14,2026-10-05T23:02:48.294Z
st_academia-de-musica:15,ChIJY14WKlgoQg0R6I_DpDZTUD4,st_academia-de-musica.json,APIFY_GOOGLE_MAPS_SCRAPER,academia de música,EDUCATION,MUSIC_ACADEMY,Madrid,AREA_BOUNDING_BOX,"Madrid, Community of Madrid, Spain",15,2026-10-05T23:02:48.294Z
st_academia-de-musica:16,ChIJo0P8v64pQg0Ryk_N0SZr4L0,st_academia-de-musica.json,APIFY_GOOGLE_MAPS_SCRAPER,academia de música,EDUCATION,MUSIC_ACADEMY,Madrid,AREA_BOUNDING_BOX,"Madrid, Community of Madrid, Spain",16,2026-10-05T23:02:48.294Z
st_academia-de-musica:17,ChIJIb332c0pQg0RU8xZt1AwgIc,st_academia-de-musica.json,APIFY_GOOGLE_MAPS_SCRAPER,academia de música,EDUCATION,MUSIC_ACADEMY,Madrid,AREA_BOUNDING_BOX,"Madrid, Community of Madrid, Spain",17,2026-10-05T23:02:48.294Z
st_academia-de-musica:18,ChIJVcgmRCIpQg0READyiFC8ZwE,st_academia-de-musica.json,APIFY_GOOGLE_MAPS_SCRAPER,academia de música,EDUCATION,MUSIC_ACADEMY,Madrid,AREA_BOUNDING_BOX,"Madrid, Community of Madrid, Spain",18,2026-10-05T23:02:48.294Z
st_academia-de-musica:19,ChIJB18NR7QoQg0R5eKYfw-gCsM,st_academia-de-musica.json,APIFY_GOOGLE_MAPS_SCRAPER,academia de música,EDUCATION,MUSIC_ACADEMY,Madrid,AREA_BOUNDING_BOX,"Madrid, Community of Madrid, Spain",19,2026-10-05T23:02:48.294Z
st_academia-de-musica:20,ChIJ5V-7_bsoQg0RHmNyVwNMuB4,st_academia-de-musica.json,APIFY_GOOGLE_MAPS_SCRAPER,academia de música,EDUCATION,MUSIC_ACADEMY,Madrid,AREA_BOUNDING_BOX,"Madrid, Community of Madrid, Spain",20,2026-10-05T23:02:48.294Z
st_academia-de-musica:21,ChIJ7el16DovQg0Rw-3gw_uhlPI,st_academia-de-musica.json,APIFY_GOOGLE_MAPS_SCRAPER,academia de música,EDUCATION,MUSIC_ACADEMY,Madrid,AREA_BOUNDING_BOX,"Madrid, Community of Madrid, Spain",21,2026-10-05T23:02:48.294Z
st_academia-de-musica:22,ChIJGZPciCcpQg0RMWtieuzbaZ0,st_academia-de-musica.json,APIFY_GOOGLE_MAPS_SCRAPER,academia de música,EDUCATION,MUSIC_ACADEMY,Madrid,AREA_BOUNDING_BOX,"Madrid, Community of Madrid, Spain",22,2026-10-05T23:02:48.294Z
st_academia-de-musica:23,ChIJ7TcJYV8oQg0RAwYkMn9VMwI,st_academia-de-musica.json,APIFY_GOOGLE_MAPS_SCRAPER,academia de música,EDUCATION,MUSIC_ACADEMY,Madrid,AREA_BOUNDING_BOX,"Madrid, Community of Madrid, Spain",23,2026-10-05T23:02:48.294Z
st_academia-de-musica:24,ChIJa17RZ44oQg0RIog2X04NewU,st_academia-de-musica.json,APIFY_GOOGLE_MAPS_SCRAPER,academia de música,EDUCATION,MUSIC_ACADEMY,Madrid,AREA_BOUNDING_BOX,"Madrid, Community of Madrid, Spain",24,2026-10-05T23:02:48.294Z
st_academia-de-musica:25,ChIJ51GIJkwmQg0Rn1HXt99xc5w,st_academia-de-musica.json,APIFY_GOOGLE_MAPS_SCRAPER,academia de música,EDUCATION,MUSIC_ACADEMY,Madrid,AREA_BOUNDING_BOX,"Madrid, Community of Madrid, Spain",25,2026-10-05T23:02:48.294Z
st_academia-de-musica:26,ChIJL1drEWcpQg0RmZmYLakSxjk,st_academia-de-musica.json,APIFY_GOOGLE_MAPS_SCRAPER,academia de música,EDUCATION,MUSIC_ACADEMY,Madrid,AREA_BOUNDING_BOX,"Madrid, Community of Madrid, Spain",26,2026-10-05T23:02:48.294Z
st_academia-de-musica:27,ChIJe8y4CKAuQg0RGqVbXddhjDM,st_academia-de-musica.json,APIFY_GOOGLE_MAPS_SCRAPER,academia de música,EDUCATION,MUSIC_ACADEMY,Madrid,AREA_BOUNDING_BOX,"Madrid, Community of Madrid, Spain",27,2026-10-05T23:02:48.294Z
st_academia-de-musica:28,ChIJVxQlNskrQg0R4P-xBeoihhE,st_academia-de-musica.json,APIFY_GOOGLE_MAPS_SCRAPER,academia de música,EDUCATION,MUSIC_ACADEMY,Madrid,AREA_BOUNDING_BOX,"Madrid, Community of Madrid, Spain",28,2026-10-05T23:02:48.294Z
st_academia-de-musica:29,ChIJUSq3iGkoQg0RNwlG8ONB9cc,st_academia-de-musica.json,APIFY_GOOGLE_MAPS_SCRAPER,academia de música,EDUCATION,MUSIC_ACADEMY,Madrid,AREA_BOUNDING_BOX,"Madrid, Community of Madrid, Spain",29,2026-10-05T23:02:48.294Z
st_academia-de-musica:30,ChIJM8neSeApQg0RnXzkz_8H0kg,st_academia-de-musica.json,APIFY_GOOGLE_MAPS_SCRAPER,academia de música,EDUCATION,MUSIC_ACADEMY,Madrid,AREA_BOUNDING_BOX,"Madrid, Community of Madrid, Spain",30,2026-10-05T23:02:48.294Z
st_academia-de-musica:31,ChIJrY1omuEnQg0RRUg9yo8Mw3E,st_academia-de-musica.json,APIFY_GOOGLE_MAPS_SCRAPER,academia de música,EDUCATION,MUSIC_ACADEMY,Madrid,AREA_BOUNDING_BOX,"Madrid, Community of Madrid, Spain",31,2026-10-05T23:02:48.294Z
st_academia-de-musica:32,ChIJx1N0ik8pQg0Ry7tOuRJJYJA,st_academia-de-musica.json,APIFY_GOOGLE_MAPS_SCRAPER,academia de música,EDUCATION,MUSIC_ACADEMY,Madrid,AREA_BOUNDING_BOX,"Madrid, Community of Madrid, Spain",32,2026-10-05T23:02:48.294Z
st_academia-de-musica:33,ChIJ3fIGFR8pQg0RyXIVcAmrRvc,st_academia-de-musica.json,APIFY_GOOGLE_MAPS_SCRAPER,academia de música,EDUCATION,MUSIC_ACADEMY,Madrid,AREA_BOUNDING_BOX,"Madrid, Community of Madrid, Spain",33,2026-10-05T23:02:48.294Z
st_academia-de-musica:34,ChIJSfTxVc4rQg0RkI_Nkn7f7RY,st_academia-de-musica.json,APIFY_GOOGLE_MAPS_SCRAPER,academia de música,EDUCATION,MUSIC_ACADEMY,Madrid,AREA_BOUNDING_BOX,"Madrid, Community of Madrid, Spain",34,2026-10-05T23:02:48.294Z
st_academia-de-musica:35,ChIJr2f_IdEoQg0R_ORCfGjh440,st_academia-de-musica.json,APIFY_GOOGLE_MAPS_SCRAPER,academia de música,EDUCATION,MUSIC_ACADEMY,Madrid,AREA_BOUNDING_BOX,"Madrid, Community of Madrid, Spain",35,2026-10-05T23:02:48.294Z
st_academia-de-musica:36,ChIJicJuN2QlQg0RIX3lZcQ4Z5A,st_academia-de-musica.json,APIFY_GOOGLE_MAPS_SCRAPER,academia de música,EDUCATION,MUSIC_ACADEMY,Madrid,AREA_BOUNDING_BOX,"Madrid, Community of Madrid, Spain",36,2026-10-05T23:02:48.294Z
st_academia-de-musica:37,ChIJVTTp1FMoQg0RLsCrapU-NMo,st_academia-de-musica.json,APIFY_GOOGLE_MAPS_SCRAPER,academia de música,EDUCATION,MUSIC_ACADEMY,Madrid,AREA_BOUNDING_BOX,"Madrid, Community of Madrid, Spain",37,2026-10-05T23:02:48.294Z
st_academia-de-musica:38,ChIJ51jGgjAnQg0RtrGEmmbQV20,st_academia-de-musica.json,APIFY_GOOGLE_MAPS_SCRAPER,academia de música,EDUCATION,MUSIC_ACADEMY,Madrid,AREA_BOUNDING_BOX,"Madrid, Community of Madrid, Spain",38,2026-10-05T23:02:48.294Z
st_academia-de-musica:39,ChIJfQ1zQ2IoQg0RCrfn-zQHarU,st_academia-de-musica.json,APIFY_GOOGLE_MAPS_SCRAPER,academia de música,EDUCATION,MUSIC_ACADEMY,Madrid,AREA_BOUNDING_BOX,"Madrid, Community of Madrid, Spain",39,2026-10-05T23:02:48.294Z
st_academia-de-musica:40,ChIJ09jJdLIoQg0R1flS20BI2F4,st_academia-de-musica.json,APIFY_GOOGLE_MAPS_SCRAPER,academia de música,EDUCATION,MUSIC_ACADEMY,Madrid,AREA_BOUNDING_BOX,"Madrid, Community of Madrid, Spain",40,2026-10-05T23:02:48.294Z
st_banda-de-musica:1,ChIJWTeH1hmukGAR0LkZhkWERGc,st_banda-de-musica.json,APIFY_GOOGLE_MAPS_SCRAPER,banda de música,PERFORMING,BAND,Madrid,AREA_BOUNDING_BOX,"Madrid, Community of Madrid, Spain",1,2026-10-05T22:42:29.673Z
st_banda-de-musica:2,ChIJpaGWEMMgQg0R7fWoEEzLmPI,st_banda-de-musica.json,APIFY_GOOGLE_MAPS_SCRAPER,banda de música,PERFORMING,BAND,Madrid,AREA_BOUNDING_BOX,"Madrid, Community of Madrid, Spain",2,2026-10-05T22:42:29.673Z
st_banda-de-musica:3,ChIJAbtJTAApQg0RPz9oOxJksfU,st_banda-de-musica.json,APIFY_GOOGLE_MAPS_SCRAPER,banda de música,PERFORMING,BAND,Madrid,AREA_BOUNDING_BOX,"Madrid, Community of Madrid, Spain",3,2026-10-05T22:42:29.673Z
st_banda-de-musica:4,ChIJk7z3WQApQg0R6fjkw16VdVU,st_banda-de-musica.json,APIFY_GOOGLE_MAPS_SCRAPER,banda de música,PERFORMING,BAND,Madrid,AREA_BOUNDING_BOX,"Madrid, Community of Madrid, Spain",4,2026-10-05T22:42:29.673Z
st_banda-de-musica:5,ChIJxwJAQsAuQg0RhXYynaHSWEM,st_banda-de-musica.json,APIFY_GOOGLE_MAPS_SCRAPER,banda de música,PERFORMING,BAND,Madrid,AREA_BOUNDING_BOX,"Madrid, Community of Madrid, Spain",5,2026-10-05T22:42:29.673Z
st_banda-de-musica:6,ChIJ0VmxeukvQg0R31wd6NwsOyc,st_banda-de-musica.json,APIFY_GOOGLE_MAPS_SCRAPER,banda de música,PERFORMING,BAND,Madrid,AREA_BOUNDING_BOX,"Madrid, Community of Madrid, Spain",6,2026-10-05T22:42:29.673Z
st_banda-de-musica:7,ChIJS9WLUDMvQg0RNJViNfaKt7I,st_banda-de-musica.json,APIFY_GOOGLE_MAPS_SCRAPER,banda de música,PERFORMING,BAND,Madrid,AREA_BOUNDING_BOX,"Madrid, Community of Madrid, Spain",7,2026-10-05T22:42:29.673Z
st_banda-de-musica:8,ChIJ8f2oW9WycGYRt_J-G24SeLI,st_banda-de-musica.json,APIFY_GOOGLE_MAPS_SCRAPER,banda de música,PERFORMING,BAND,Madrid,AREA_BOUNDING_BOX,"Madrid, Community of Madrid, Spain",8,2026-10-05T22:42:29.673Z
st_banda-de-musica:9,ChIJBZkAXt_VQw0Rzwc42MLCfJ4,st_banda-de-musica.json,APIFY_GOOGLE_MAPS_SCRAPER,banda de música,PERFORMING,BAND,Madrid,AREA_BOUNDING_BOX,"Madrid, Community of Madrid, Spain",9,2026-10-05T22:42:29.673Z
st_banda-de-musica:10,ChIJmRG0VkJII2wRyOIcZtcyEt0,st_banda-de-musica.json,APIFY_GOOGLE_MAPS_SCRAPER,banda de música,PERFORMING,BAND,Madrid,AREA_BOUNDING_BOX,"Madrid, Community of Madrid, Spain",10,2026-10-05T22:42:29.673Z
st_banda-de-musica:11,ChIJAwd6ouknQg0RTo6W17woluw,st_banda-de-musica.json,APIFY_GOOGLE_MAPS_SCRAPER,banda de música,PERFORMING,BAND,Madrid,AREA_BOUNDING_BOX,"Madrid, Community of Madrid, Spain",11,2026-10-05T22:42:29.674Z
st_banda-de-musica:12,ChIJG73dAwCpfG8RFIHSyMDZz0M,st_banda-de-musica.json,APIFY_GOOGLE_MAPS_SCRAPER,banda de música,PERFORMING,BAND,Madrid,AREA_BOUNDING_BOX,"Madrid, Community of Madrid, Spain",12,2026-10-05T22:42:29.674Z
st_banda-de-musica:13,ChIJ5S9QwBspQg0R0NRVvgKA3Vk,st_banda-de-musica.json,APIFY_GOOGLE_MAPS_SCRAPER,banda de música,PERFORMING,BAND,Madrid,AREA_BOUNDING_BOX,"Madrid, Community of Madrid, Spain",13,2026-10-05T22:42:29.674Z
st_banda-de-musica:14,ChIJ5XlPOqonQg0RsFzoUl6CeFY,st_banda-de-musica.json,APIFY_GOOGLE_MAPS_SCRAPER,banda de música,PERFORMING,BAND,Madrid,AREA_BOUNDING_BOX,"Madrid, Community of Madrid, Spain",14,2026-10-05T22:42:29.674Z
st_banda-de-musica:15,ChIJbVUBeowoQg0R7RCcpGLLva0,st_banda-de-musica.json,APIFY_GOOGLE_MAPS_SCRAPER,banda de música,PERFORMING,BAND,Madrid,AREA_BOUNDING_BOX,"Madrid, Community of Madrid, Spain",15,2026-10-05T22:42:29.674Z
st_banda-de-musica:16,ChIJJ7M5BGAnQg0RA-DFY8-ZJXw,st_banda-de-musica.json,APIFY_GOOGLE_MAPS_SCRAPER,banda de música,PERFORMING,BAND,Madrid,AREA_BOUNDING_BOX,"Madrid, Community of Madrid, Spain",16,2026-10-05T22:42:29.674Z
st_banda-de-musica:17,ChIJcyuecr0QISURzQxun1Tk4to,st_banda-de-musica.json,APIFY_GOOGLE_MAPS_SCRAPER,banda de música,PERFORMING,BAND,Madrid,AREA_BOUNDING_BOX,"Madrid, Community of Madrid, Spain",17,2026-10-05T22:42:29.674Z
st_banda-de-musica:18,ChIJm-HykgWIQQ0RNjNGciRkq_c,st_banda-de-musica.json,APIFY_GOOGLE_MAPS_SCRAPER,banda de música,PERFORMING,BAND,Madrid,AREA_BOUNDING_BOX,"Madrid, Community of Madrid, Spain",18,2026-10-05T22:42:29.674Z
st_banda-de-musica:19,ChIJa4HOFN4oQg0RNv9GmM9x70E,st_banda-de-musica.json,APIFY_GOOGLE_MAPS_SCRAPER,banda de música,PERFORMING,BAND,Madrid,AREA_BOUNDING_BOX,"Madrid, Community of Madrid, Spain",19,2026-10-05T22:42:29.674Z
st_banda-de-musica:20,ChIJedcCWb4vQg0RN00dTvmbs5o,st_banda-de-musica.json,APIFY_GOOGLE_MAPS_SCRAPER,banda de música,PERFORMING,BAND,Madrid,AREA_BOUNDING_BOX,"Madrid, Community of Madrid, Spain",20,2026-10-05T22:42:29.674Z
st_banda-de-musica:21,ChIJAzkgj2knQg0RtDhsqiuoJxQ,st_banda-de-musica.json,APIFY_GOOGLE_MAPS_SCRAPER,banda de música,PERFORMING,BAND,Madrid,AREA_BOUNDING_BOX,"Madrid, Community of Madrid, Spain",21,2026-10-05T22:42:29.674Z
st_banda-de-musica:22,ChIJWxWJwBMnQg0RjA9IgekmRhA,st_banda-de-musica.json,APIFY_GOOGLE_MAPS_SCRAPER,banda de música,PERFORMING,BAND,Madrid,AREA_BOUNDING_BOX,"Madrid, Community of Madrid, Spain",22,2026-10-05T22:42:29.674Z
st_banda-de-musica:23,ChIJf738apwvQg0RTKA-lcWI5qc,st_banda-de-musica.json,APIFY_GOOGLE_MAPS_SCRAPER,banda de música,PERFORMING,BAND,Madrid,AREA_BOUNDING_BOX,"Madrid, Community of Madrid, Spain",23,2026-10-05T22:42:29.674Z
st_banda-de-musica:24,ChIJTTGmaVspQg0RvCjlMrtMAB0,st_banda-de-musica.json,APIFY_GOOGLE_MAPS_SCRAPER,banda de música,PERFORMING,BAND,Madrid,AREA_BOUNDING_BOX,"Madrid, Community of Madrid, Spain",24,2026-10-05T22:42:29.674Z
st_banda-de-musica:25,ChIJDxg15e0uQg0RW6KtyoQsFdw,st_banda-de-musica.json,APIFY_GOOGLE_MAPS_SCRAPER,banda de música,PERFORMING,BAND,Madrid,AREA_BOUNDING_BOX,"Madrid, Community of Madrid, Spain",25,2026-10-05T22:42:29.674Z
st_banda-de-musica:26,ChIJFTZsvmgnQg0R4Jt6cSCvJcU,st_banda-de-musica.json,APIFY_GOOGLE_MAPS_SCRAPER,banda de música,PERFORMING,BAND,Madrid,AREA_BOUNDING_BOX,"Madrid, Community of Madrid, Spain",26,2026-10-05T22:42:29.674Z
st_banda-de-musica:27,ChIJm3DgYpYpQg0R_Y6dj-i8NB8,st_banda-de-musica.json,APIFY_GOOGLE_MAPS_SCRAPER,banda de música,PERFORMING,BAND,Madrid,AREA_BOUNDING_BOX,"Madrid, Community of Madrid, Spain",27,2026-10-05T22:42:29.674Z
st_banda-de-musica:28,ChIJq6petPwnQg0RFA5DjUe_BTs,st_banda-de-musica.json,APIFY_GOOGLE_MAPS_SCRAPER,banda de música,PERFORMING,BAND,Madrid,AREA_BOUNDING_BOX,"Madrid, Community of Madrid, Spain",28,2026-10-05T22:42:29.674Z
st_banda-de-musica:29,ChIJc4nowoSOQQ0RXoZCXcVPWCw,st_banda-de-musica.json,APIFY_GOOGLE_MAPS_SCRAPER,banda de música,PERFORMING,BAND,Madrid,AREA_BOUNDING_BOX,"Madrid, Community of Madrid, Spain",29,2026-10-05T22:42:29.674Z
st_banda-de-musica:30,ChIJLeFOEiOIQQ0RayLbnvfdDx8,st_banda-de-musica.json,APIFY_GOOGLE_MAPS_SCRAPER,banda de música,PERFORMING,BAND,Madrid,AREA_BOUNDING_BOX,"Madrid, Community of Madrid, Spain",30,2026-10-05T22:42:29.674Z
st_banda-de-musica:31,ChIJjfwrCr8gQg0RtAwca0jGkts,st_banda-de-musica.json,APIFY_GOOGLE_MAPS_SCRAPER,banda de música,PERFORMING,BAND,Madrid,AREA_BOUNDING_BOX,"Madrid, Community of Madrid, Spain",31,2026-10-05T22:42:29.674Z
st_banda-de-musica:32,ChIJ65dfCq4vQg0Rxl5FqrBiZcU,st_banda-de-musica.json,APIFY_GOOGLE_MAPS_SCRAPER,banda de música,PERFORMING,BAND,Madrid,AREA_BOUNDING_BOX,"Madrid, Community of Madrid, Spain",32,2026-10-05T22:42:29.674Z
st_banda-de-musica:33,ChIJs6j9AQWHQQ0RpIZHeUAn50g,st_banda-de-musica.json,APIFY_GOOGLE_MAPS_SCRAPER,banda de música,PERFORMING,BAND,Madrid,AREA_BOUNDING_BOX,"Madrid, Community of Madrid, Spain",33,2026-10-05T22:42:29.674Z
st_banda-de-musica:34,ChIJG9TJyxcpQg0RdS3BDQq1qmc,st_banda-de-musica.json,APIFY_GOOGLE_MAPS_SCRAPER,banda de música,PERFORMING,BAND,Madrid,AREA_BOUNDING_BOX,"Madrid, Community of Madrid, Spain",34,2026-10-05T22:42:29.674Z
st_banda-de-musica:35,ChIJC4gk5juAPa0RKlE1i-vq8nI,st_banda-de-musica.json,APIFY_GOOGLE_MAPS_SCRAPER,banda de música,PERFORMING,BAND,Madrid,AREA_BOUNDING_BOX,"Madrid, Community of Madrid, Spain",35,2026-10-05T22:42:29.674Z
st_banda-de-musica:36,ChIJfwKmQu8pQg0R4Mg8Wo576tw,st_banda-de-musica.json,APIFY_GOOGLE_MAPS_SCRAPER,banda de música,PERFORMING,BAND,Madrid,AREA_BOUNDING_BOX,"Madrid, Community of Madrid, Spain",36,2026-10-05T22:42:29.674Z
st_banda-de-musica:37,ChIJdyt9YO0pQg0RIAI4r5803lo,st_banda-de-musica.json,APIFY_GOOGLE_MAPS_SCRAPER,banda de música,PERFORMING,BAND,Madrid,AREA_BOUNDING_BOX,"Madrid, Community of Madrid, Spain",37,2026-10-05T22:42:29.674Z
st_banda-de-musica:38,ChIJ0wDafZGNQQ0RUXFdJTLW8Cs,st_banda-de-musica.json,APIFY_GOOGLE_MAPS_SCRAPER,banda de música,PERFORMING,BAND,Madrid,AREA_BOUNDING_BOX,"Madrid, Community of Madrid, Spain",38,2026-10-05T22:42:29.674Z
st_banda-de-musica:39,ChIJzY9wXNMxQg0RSxvDaNpXKmE,st_banda-de-musica.json,APIFY_GOOGLE_MAPS_SCRAPER,banda de música,PERFORMING,BAND,Madrid,AREA_BOUNDING_BOX,"Madrid, Community of Madrid, Spain",39,2026-10-05T22:42:29.674Z
st_escuela-de-musica:1,ChIJk7z3WQApQg0R6fjkw16VdVU,st_escuela-de-musica.json,APIFY_GOOGLE_MAPS_SCRAPER,escuela de música,EDUCATION,MUSIC_SCHOOL,Madrid,AREA_BOUNDING_BOX,"Madrid, Community of Madrid, Spain",1,2026-10-05T22:38:56.342Z
st_escuela-de-musica:2,ChIJV6RufpopQg0RqLcawmUIj1I,st_escuela-de-musica.json,APIFY_GOOGLE_MAPS_SCRAPER,escuela de música,EDUCATION,MUSIC_SCHOOL,Madrid,AREA_BOUNDING_BOX,"Madrid, Community of Madrid, Spain",2,2026-10-05T22:38:56.342Z
st_escuela-de-musica:3,ChIJdz4hpJwpQg0RuD4GbcjN7l4,st_escuela-de-musica.json,APIFY_GOOGLE_MAPS_SCRAPER,escuela de música,EDUCATION,MUSIC_SCHOOL,Madrid,AREA_BOUNDING_BOX,"Madrid, Community of Madrid, Spain",3,2026-10-05T22:38:56.343Z
st_escuela-de-musica:4,ChIJGf_NF5EpQg0RzNBelNLmA7k,st_escuela-de-musica.json,APIFY_GOOGLE_MAPS_SCRAPER,escuela de música,EDUCATION,MUSIC_SCHOOL,Madrid,AREA_BOUNDING_BOX,"Madrid, Community of Madrid, Spain",4,2026-10-05T22:38:56.343Z
st_escuela-de-musica:5,ChIJLdVjCVcpQg0RGMwy5Eyni0M,st_escuela-de-musica.json,APIFY_GOOGLE_MAPS_SCRAPER,escuela de música,EDUCATION,MUSIC_SCHOOL,Madrid,AREA_BOUNDING_BOX,"Madrid, Community of Madrid, Spain",5,2026-10-05T22:38:56.343Z
st_escuela-de-musica:6,ChIJMz4bh54pQg0RXUSTVAZ12o4,st_escuela-de-musica.json,APIFY_GOOGLE_MAPS_SCRAPER,escuela de música,EDUCATION,MUSIC_SCHOOL,Madrid,AREA_BOUNDING_BOX,"Madrid, Community of Madrid, Spain",6,2026-10-05T22:38:56.343Z
st_escuela-de-musica:7,ChIJCSbsW3QpQg0RcjqldrixUUo,st_escuela-de-musica.json,APIFY_GOOGLE_MAPS_SCRAPER,escuela de música,EDUCATION,MUSIC_SCHOOL,Madrid,AREA_BOUNDING_BOX,"Madrid, Community of Madrid, Spain",7,2026-10-05T22:38:56.343Z
st_escuela-de-musica:8,ChIJv7NT_3gpQg0Rvh1ehykUPWc,st_escuela-de-musica.json,APIFY_GOOGLE_MAPS_SCRAPER,escuela de música,EDUCATION,MUSIC_SCHOOL,Madrid,AREA_BOUNDING_BOX,"Madrid, Community of Madrid, Spain",8,2026-10-05T22:38:56.343Z
st_escuela-de-musica:9,ChIJL1drEWcpQg0RmZmYLakSxjk,st_escuela-de-musica.json,APIFY_GOOGLE_MAPS_SCRAPER,escuela de música,EDUCATION,MUSIC_SCHOOL,Madrid,AREA_BOUNDING_BOX,"Madrid, Community of Madrid, Spain",9,2026-10-05T22:38:56.343Z
st_escuela-de-musica:10,ChIJD_diA78pQg0RbEysDzNBnOc,st_escuela-de-musica.json,APIFY_GOOGLE_MAPS_SCRAPER,escuela de música,EDUCATION,MUSIC_SCHOOL,Madrid,AREA_BOUNDING_BOX,"Madrid, Community of Madrid, Spain",10,2026-10-05T22:38:56.343Z
st_escuela-de-musica:11,ChIJkzqszK0pQg0RPK8gNuCjkXw,st_escuela-de-musica.json,APIFY_GOOGLE_MAPS_SCRAPER,escuela de música,EDUCATION,MUSIC_SCHOOL,Madrid,AREA_BOUNDING_BOX,"Madrid, Community of Madrid, Spain",11,2026-10-05T22:38:56.343Z
st_escuela-de-musica:12,ChIJKRnpX2swwKoRRDMBUGjyjB0,st_escuela-de-musica.json,APIFY_GOOGLE_MAPS_SCRAPER,escuela de música,EDUCATION,MUSIC_SCHOOL,Madrid,AREA_BOUNDING_BOX,"Madrid, Community of Madrid, Spain",12,2026-10-05T22:38:56.343Z
st_escuela-de-musica:13,ChIJsxE8-kUpQg0Rxz4SjGRPxO0,st_escuela-de-musica.json,APIFY_GOOGLE_MAPS_SCRAPER,escuela de música,EDUCATION,MUSIC_SCHOOL,Madrid,AREA_BOUNDING_BOX,"Madrid, Community of Madrid, Spain",13,2026-10-05T22:38:56.343Z
st_escuela-de-musica:14,ChIJX9azBnIpQg0Re2zrqV5GbFA,st_escuela-de-musica.json,APIFY_GOOGLE_MAPS_SCRAPER,escuela de música,EDUCATION,MUSIC_SCHOOL,Madrid,AREA_BOUNDING_BOX,"Madrid, Community of Madrid, Spain",14,2026-10-05T22:38:56.343Z
st_escuela-de-musica:15,ChIJaQeIn1EpQg0RjKaJAwIqQkY,st_escuela-de-musica.json,APIFY_GOOGLE_MAPS_SCRAPER,escuela de música,EDUCATION,MUSIC_SCHOOL,Madrid,AREA_BOUNDING_BOX,"Madrid, Community of Madrid, Spain",15,2026-10-05T22:38:56.343Z
st_escuela-de-musica:16,ChIJsbNQydouQg0R5qCXHvHiijk,st_escuela-de-musica.json,APIFY_GOOGLE_MAPS_SCRAPER,escuela de música,EDUCATION,MUSIC_SCHOOL,Madrid,AREA_BOUNDING_BOX,"Madrid, Community of Madrid, Spain",16,2026-10-05T22:38:56.343Z
st_escuela-de-musica:17,ChIJBX5-jzwpQg0RM-7KKl-EV6w,st_escuela-de-musica.json,APIFY_GOOGLE_MAPS_SCRAPER,escuela de música,EDUCATION,MUSIC_SCHOOL,Madrid,AREA_BOUNDING_BOX,"Madrid, Community of Madrid, Spain",17,2026-10-05T22:38:56.343Z
st_escuela-de-musica:18,ChIJq5bk5y4pQg0RgmF2wAspn74,st_escuela-de-musica.json,APIFY_GOOGLE_MAPS_SCRAPER,escuela de música,EDUCATION,MUSIC_SCHOOL,Madrid,AREA_BOUNDING_BOX,"Madrid, Community of Madrid, Spain",18,2026-10-05T22:38:56.343Z
st_escuela-de-musica:19,ChIJKxQ9ep0pQg0RcHSUws1MLA4,st_escuela-de-musica.json,APIFY_GOOGLE_MAPS_SCRAPER,escuela de música,EDUCATION,MUSIC_SCHOOL,Madrid,AREA_BOUNDING_BOX,"Madrid, Community of Madrid, Spain",19,2026-10-05T22:38:56.343Z
st_escuela-de-musica:20,ChIJD5-JTL8pQg0RZv3WVW2PlCE,st_escuela-de-musica.json,APIFY_GOOGLE_MAPS_SCRAPER,escuela de música,EDUCATION,MUSIC_SCHOOL,Madrid,AREA_BOUNDING_BOX,"Madrid, Community of Madrid, Spain",20,2026-10-05T22:38:56.343Z
st_escuela-de-musica:21,ChIJy6hK3KAvQg0R0-0NnJEBBLc,st_escuela-de-musica.json,APIFY_GOOGLE_MAPS_SCRAPER,escuela de música,EDUCATION,MUSIC_SCHOOL,Madrid,AREA_BOUNDING_BOX,"Madrid, Community of Madrid, Spain",21,2026-10-05T22:38:56.343Z
st_escuela-de-musica:22,ChIJf9Vvd3YpQg0RZq5NP0Q4Pj4,st_escuela-de-musica.json,APIFY_GOOGLE_MAPS_SCRAPER,escuela de música,EDUCATION,MUSIC_SCHOOL,Madrid,AREA_BOUNDING_BOX,"Madrid, Community of Madrid, Spain",22,2026-10-05T22:38:56.343Z
st_escuela-de-musica:23,ChIJ7TcJYV8oQg0RAwYkMn9VMwI,st_escuela-de-musica.json,APIFY_GOOGLE_MAPS_SCRAPER,escuela de música,EDUCATION,MUSIC_SCHOOL,Madrid,AREA_BOUNDING_BOX,"Madrid, Community of Madrid, Spain",23,2026-10-05T22:38:56.343Z
st_escuela-de-musica:24,ChIJoRbFmcgoQg0RFMk6FdKErPw,st_escuela-de-musica.json,APIFY_GOOGLE_MAPS_SCRAPER,escuela de música,EDUCATION,MUSIC_SCHOOL,Madrid,AREA_BOUNDING_BOX,"Madrid, Community of Madrid, Spain",24,2026-10-05T22:38:56.343Z
st_escuela-de-musica:25,ChIJaZM_ciApQg0RBFuR-YveNiQ,st_escuela-de-musica.json,APIFY_GOOGLE_MAPS_SCRAPER,escuela de música,EDUCATION,MUSIC_SCHOOL,Madrid,AREA_BOUNDING_BOX,"Madrid, Community of Madrid, Spain",25,2026-10-05T22:38:56.343Z
st_escuela-de-musica:26,ChIJo0P8v64pQg0Ryk_N0SZr4L0,st_escuela-de-musica.json,APIFY_GOOGLE_MAPS_SCRAPER,escuela de música,EDUCATION,MUSIC_SCHOOL,Madrid,AREA_BOUNDING_BOX,"Madrid, Community of Madrid, Spain",26,2026-10-05T22:38:56.343Z
st_escuela-de-musica:27,ChIJc95BBwYvQg0RFzfgk8tWmAI,st_escuela-de-musica.json,APIFY_GOOGLE_MAPS_SCRAPER,escuela de música,EDUCATION,MUSIC_SCHOOL,Madrid,AREA_BOUNDING_BOX,"Madrid, Community of Madrid, Spain",27,2026-10-05T22:38:56.343Z
st_escuela-de-musica:28,ChIJY14WKlgoQg0R6I_DpDZTUD4,st_escuela-de-musica.json,APIFY_GOOGLE_MAPS_SCRAPER,escuela de música,EDUCATION,MUSIC_SCHOOL,Madrid,AREA_BOUNDING_BOX,"Madrid, Community of Madrid, Spain",28,2026-10-05T22:38:56.343Z
st_escuela-de-musica:29,ChIJM7gPwNsoQg0RustgHF85aeM,st_escuela-de-musica.json,APIFY_GOOGLE_MAPS_SCRAPER,escuela de música,EDUCATION,MUSIC_SCHOOL,Madrid,AREA_BOUNDING_BOX,"Madrid, Community of Madrid, Spain",29,2026-10-05T22:38:56.343Z
st_escuela-de-musica:30,ChIJ_R759WAoQg0RWGB-xYxMRhk,st_escuela-de-musica.json,APIFY_GOOGLE_MAPS_SCRAPER,escuela de música,EDUCATION,MUSIC_SCHOOL,Madrid,AREA_BOUNDING_BOX,"Madrid, Community of Madrid, Spain",30,2026-10-05T22:38:56.343Z
st_escuela-de-musica:31,ChIJ7_2XAzowQg0R3jLklNQUNpM,st_escuela-de-musica.json,APIFY_GOOGLE_MAPS_SCRAPER,escuela de música,EDUCATION,MUSIC_SCHOOL,Madrid,AREA_BOUNDING_BOX,"Madrid, Community of Madrid, Spain",31,2026-10-05T22:38:56.343Z
st_escuela-de-musica:32,ChIJ3fIGFR8pQg0RyXIVcAmrRvc,st_escuela-de-musica.json,APIFY_GOOGLE_MAPS_SCRAPER,escuela de música,EDUCATION,MUSIC_SCHOOL,Madrid,AREA_BOUNDING_BOX,"Madrid, Community of Madrid, Spain",32,2026-10-05T22:38:56.343Z
st_escuela-de-musica:33,ChIJAziHcrIpQg0Rr8OHWUhl2QU,st_escuela-de-musica.json,APIFY_GOOGLE_MAPS_SCRAPER,escuela de música,EDUCATION,MUSIC_SCHOOL,Madrid,AREA_BOUNDING_BOX,"Madrid, Community of Madrid, Spain",33,2026-10-05T22:38:56.343Z
st_escuela-de-musica:34,ChIJIb332c0pQg0RU8xZt1AwgIc,st_escuela-de-musica.json,APIFY_GOOGLE_MAPS_SCRAPER,escuela de música,EDUCATION,MUSIC_SCHOOL,Madrid,AREA_BOUNDING_BOX,"Madrid, Community of Madrid, Spain",34,2026-10-05T22:38:56.343Z
st_escuela-de-musica:35,ChIJVcgmRCIpQg0READyiFC8ZwE,st_escuela-de-musica.json,APIFY_GOOGLE_MAPS_SCRAPER,escuela de música,EDUCATION,MUSIC_SCHOOL,Madrid,AREA_BOUNDING_BOX,"Madrid, Community of Madrid, Spain",35,2026-10-05T22:38:56.344Z
st_escuela-de-musica:36,ChIJVxQlNskrQg0R4P-xBeoihhE,st_escuela-de-musica.json,APIFY_GOOGLE_MAPS_SCRAPER,escuela de música,EDUCATION,MUSIC_SCHOOL,Madrid,AREA_BOUNDING_BOX,"Madrid, Community of Madrid, Spain",36,2026-10-05T22:38:56.344Z
st_escuela-de-musica:37,ChIJ2weGN7goQg0R8OkKdOkQZSU,st_escuela-de-musica.json,APIFY_GOOGLE_MAPS_SCRAPER,escuela de música,EDUCATION,MUSIC_SCHOOL,Madrid,AREA_BOUNDING_BOX,"Madrid, Community of Madrid, Spain",37,2026-10-05T22:38:56.344Z
st_escuela-de-musica:38,ChIJmwVqZwYpQg0R2Ulo34BUCeo,st_escuela-de-musica.json,APIFY_GOOGLE_MAPS_SCRAPER,escuela de música,EDUCATION,MUSIC_SCHOOL,Madrid,AREA_BOUNDING_BOX,"Madrid, Community of Madrid, Spain",38,2026-10-05T22:38:56.344Z
st_escuela-de-musica:39,ChIJncGxaGMoQg0RMRCTJoF2bjo,st_escuela-de-musica.json,APIFY_GOOGLE_MAPS_SCRAPER,escuela de música,EDUCATION,MUSIC_SCHOOL,Madrid,AREA_BOUNDING_BOX,"Madrid, Community of Madrid, Spain",39,2026-10-05T22:38:56.344Z
st_escuela-de-musica:40,ChIJa64dr6UpQg0RbK8s-3nPBvg,st_escuela-de-musica.json,APIFY_GOOGLE_MAPS_SCRAPER,escuela de música,EDUCATION,MUSIC_SCHOOL,Madrid,AREA_BOUNDING_BOX,"Madrid, Community of Madrid, Spain",40,2026-10-05T22:38:56.344Z
st_luthier:1,ChIJbZBBKJQpQg0R95YhmiKmZo4,st_luthier.json,APIFY_GOOGLE_MAPS_SCRAPER,luthier,CRAFT_AND_REPAIR,LUTHIER,Madrid,AREA_BOUNDING_BOX,"Madrid, Community of Madrid, Spain",1,2026-10-05T22:34:08.625Z
st_luthier:2,ChIJsz-QkygmQg0R8Krj7TRUgKo,st_luthier.json,APIFY_GOOGLE_MAPS_SCRAPER,luthier,CRAFT_AND_REPAIR,LUTHIER,Madrid,AREA_BOUNDING_BOX,"Madrid, Community of Madrid, Spain",2,2026-10-05T22:34:08.625Z
st_luthier:3,ChIJjTvATnQvQg0RNtfHg_KY70U,st_luthier.json,APIFY_GOOGLE_MAPS_SCRAPER,luthier,CRAFT_AND_REPAIR,LUTHIER,Madrid,AREA_BOUNDING_BOX,"Madrid, Community of Madrid, Spain",3,2026-10-05T22:34:08.625Z
st_luthier:4,ChIJhyRyClIpQg0R1zaYX0KGnXM,st_luthier.json,APIFY_GOOGLE_MAPS_SCRAPER,luthier,CRAFT_AND_REPAIR,LUTHIER,Madrid,AREA_BOUNDING_BOX,"Madrid, Community of Madrid, Spain",4,2026-10-05T22:34:08.625Z
st_luthier:5,ChIJiUYKG7UnQg0R507ey3OtEJM,st_luthier.json,APIFY_GOOGLE_MAPS_SCRAPER,luthier,CRAFT_AND_REPAIR,LUTHIER,Madrid,AREA_BOUNDING_BOX,"Madrid, Community of Madrid, Spain",5,2026-10-05T22:34:08.625Z
st_luthier:6,ChIJt0z1DZcnQg0R9iyRuyCT-78,st_luthier.json,APIFY_GOOGLE_MAPS_SCRAPER,luthier,CRAFT_AND_REPAIR,LUTHIER,Madrid,AREA_BOUNDING_BOX,"Madrid, Community of Madrid, Spain",6,2026-10-05T22:34:08.625Z
st_luthier:7,ChIJQzEsZL4nQg0RhCXl9SlUXE8,st_luthier.json,APIFY_GOOGLE_MAPS_SCRAPER,luthier,CRAFT_AND_REPAIR,LUTHIER,Madrid,AREA_BOUNDING_BOX,"Madrid, Community of Madrid, Spain",7,2026-10-05T22:34:08.625Z
st_luthier:8,ChIJtb5bWwAnQg0RThXSlXxd0BI,st_luthier.json,APIFY_GOOGLE_MAPS_SCRAPER,luthier,CRAFT_AND_REPAIR,LUTHIER,Madrid,AREA_BOUNDING_BOX,"Madrid, Community of Madrid, Spain",8,2026-10-05T22:34:08.625Z
st_luthier:9,ChIJ49uKZ1MoQg0R-Otjgu7HHaE,st_luthier.json,APIFY_GOOGLE_MAPS_SCRAPER,luthier,CRAFT_AND_REPAIR,LUTHIER,Madrid,AREA_BOUNDING_BOX,"Madrid, Community of Madrid, Spain",9,2026-10-05T22:34:08.625Z
st_luthier:10,ChIJeXRdt3ooQg0R-21qVnzGTq8,st_luthier.json,APIFY_GOOGLE_MAPS_SCRAPER,luthier,CRAFT_AND_REPAIR,LUTHIER,Madrid,AREA_BOUNDING_BOX,"Madrid, Community of Madrid, Spain",10,2026-10-05T22:34:08.625Z
st_luthier:11,ChIJKRwWsvInQg0RFq3u0lyqy5o,st_luthier.json,APIFY_GOOGLE_MAPS_SCRAPER,luthier,CRAFT_AND_REPAIR,LUTHIER,Madrid,AREA_BOUNDING_BOX,"Madrid, Community of Madrid, Spain",11,2026-10-05T22:34:08.625Z
st_luthier:12,ChIJW6PPN3YnQg0RXNsySTaZtWo,st_luthier.json,APIFY_GOOGLE_MAPS_SCRAPER,luthier,CRAFT_AND_REPAIR,LUTHIER,Madrid,AREA_BOUNDING_BOX,"Madrid, Community of Madrid, Spain",12,2026-10-05T22:34:08.625Z
st_luthier:13,ChIJb4TaP3QmQg0R1VgI9KlBdSo,st_luthier.json,APIFY_GOOGLE_MAPS_SCRAPER,luthier,CRAFT_AND_REPAIR,LUTHIER,Madrid,AREA_BOUNDING_BOX,"Madrid, Community of Madrid, Spain",13,2026-10-05T22:34:08.625Z
st_luthier:14,ChIJJ3DMksIoQg0RySagcqnFhI0,st_luthier.json,APIFY_GOOGLE_MAPS_SCRAPER,luthier,CRAFT_AND_REPAIR,LUTHIER,Madrid,AREA_BOUNDING_BOX,"Madrid, Community of Madrid, Spain",14,2026-10-05T22:34:08.625Z
st_luthier:15,ChIJ-X6alvKFQQ0RJKV5xPtLmm0,st_luthier.json,APIFY_GOOGLE_MAPS_SCRAPER,luthier,CRAFT_AND_REPAIR,LUTHIER,Madrid,AREA_BOUNDING_BOX,"Madrid, Community of Madrid, Spain",15,2026-10-05T22:34:08.625Z
st_luthier:16,ChIJI1Y7RIcoQg0ReLrv8ZinXlI,st_luthier.json,APIFY_GOOGLE_MAPS_SCRAPER,luthier,CRAFT_AND_REPAIR,LUTHIER,Madrid,AREA_BOUNDING_BOX,"Madrid, Community of Madrid, Spain",16,2026-10-05T22:34:08.625Z
st_luthier:17,ChIJRRV_cPIpQg0R3s99M0bUHdc,st_luthier.json,APIFY_GOOGLE_MAPS_SCRAPER,luthier,CRAFT_AND_REPAIR,LUTHIER,Madrid,AREA_BOUNDING_BOX,"Madrid, Community of Madrid, Spain",17,2026-10-05T22:34:08.625Z
st_luthier:18,ChIJVWD9KGIoQg0RY7zeyRUBzoQ,st_luthier.json,APIFY_GOOGLE_MAPS_SCRAPER,luthier,CRAFT_AND_REPAIR,LUTHIER,Madrid,AREA_BOUNDING_BOX,"Madrid, Community of Madrid, Spain",18,2026-10-05T22:34:08.625Z
st_luthier:19,ChIJrRdqp0IoQg0Rux8dUVn0ll4,st_luthier.json,APIFY_GOOGLE_MAPS_SCRAPER,luthier,CRAFT_AND_REPAIR,LUTHIER,Madrid,AREA_BOUNDING_BOX,"Madrid, Community of Madrid, Spain",19,2026-10-05T22:34:08.625Z
st_luthier:20,ChIJVU08PqQnQg0RYgHa3TCAOaI,st_luthier.json,APIFY_GOOGLE_MAPS_SCRAPER,luthier,CRAFT_AND_REPAIR,LUTHIER,Madrid,AREA_BOUNDING_BOX,"Madrid, Community of Madrid, Spain",20,2026-10-05T22:34:08.625Z
st_luthier:21,ChIJgW5mrikmQg0R4YxJhD9D15Y,st_luthier.json,APIFY_GOOGLE_MAPS_SCRAPER,luthier,CRAFT_AND_REPAIR,LUTHIER,Madrid,AREA_BOUNDING_BOX,"Madrid, Community of Madrid, Spain",21,2026-10-05T22:34:08.625Z
st_luthier:22,ChIJZ68v19MnQg0R26joW3nGVbk,st_luthier.json,APIFY_GOOGLE_MAPS_SCRAPER,luthier,CRAFT_AND_REPAIR,LUTHIER,Madrid,AREA_BOUNDING_BOX,"Madrid, Community of Madrid, Spain",22,2026-10-05T22:34:08.625Z
st_luthier:23,ChIJeafvUJQoQg0RNVjc8c5XZjI,st_luthier.json,APIFY_GOOGLE_MAPS_SCRAPER,luthier,CRAFT_AND_REPAIR,LUTHIER,Madrid,AREA_BOUNDING_BOX,"Madrid, Community of Madrid, Spain",23,2026-10-05T22:34:08.625Z
st_luthier:24,ChIJRcVl3tQmQg0RkMzclLHvD3c,st_luthier.json,APIFY_GOOGLE_MAPS_SCRAPER,luthier,CRAFT_AND_REPAIR,LUTHIER,Madrid,AREA_BOUNDING_BOX,"Madrid, Community of Madrid, Spain",24,2026-10-05T22:34:08.625Z
st_luthier:25,ChIJa1FiH0YpQg0RIPH4NipCr9w,st_luthier.json,APIFY_GOOGLE_MAPS_SCRAPER,luthier,CRAFT_AND_REPAIR,LUTHIER,Madrid,AREA_BOUNDING_BOX,"Madrid, Community of Madrid, Spain",25,2026-10-05T22:34:08.625Z
st_luthier:26,ChIJIbvbny4pQg0RWdm2f60CGKU,st_luthier.json,APIFY_GOOGLE_MAPS_SCRAPER,luthier,CRAFT_AND_REPAIR,LUTHIER,Madrid,AREA_BOUNDING_BOX,"Madrid, Community of Madrid, Spain",26,2026-10-05T22:34:08.625Z
st_luthier:27,ChIJryI33iomQg0RM0nKGAux_BI,st_luthier.json,APIFY_GOOGLE_MAPS_SCRAPER,luthier,CRAFT_AND_REPAIR,LUTHIER,Madrid,AREA_BOUNDING_BOX,"Madrid, Community of Madrid, Spain",27,2026-10-05T22:34:08.625Z
st_luthier:28,ChIJh6__4XooQg0RtTBpTNp3CdM,st_luthier.json,APIFY_GOOGLE_MAPS_SCRAPER,luthier,CRAFT_AND_REPAIR,LUTHIER,Madrid,AREA_BOUNDING_BOX,"Madrid, Community of Madrid, Spain",28,2026-10-05T22:34:08.625Z
st_luthier:29,ChIJFz28znsoQg0RfwdYwYfXJbI,st_luthier.json,APIFY_GOOGLE_MAPS_SCRAPER,luthier,CRAFT_AND_REPAIR,LUTHIER,Madrid,AREA_BOUNDING_BOX,"Madrid, Community of Madrid, Spain",29,2026-10-05T22:34:08.625Z
st_luthier:30,ChIJtTeLSEYpQg0RkxeTFTqORyw,st_luthier.json,APIFY_GOOGLE_MAPS_SCRAPER,luthier,CRAFT_AND_REPAIR,LUTHIER,Madrid,AREA_BOUNDING_BOX,"Madrid, Community of Madrid, Spain",30,2026-10-05T22:34:08.625Z
st_luthier:31,ChIJtXQjed8lQg0RPdgT0EFMdY4,st_luthier.json,APIFY_GOOGLE_MAPS_SCRAPER,luthier,CRAFT_AND_REPAIR,LUTHIER,Madrid,AREA_BOUNDING_BOX,"Madrid, Community of Madrid, Spain",31,2026-10-05T22:34:08.625Z
st_luthier:32,ChIJEwRf5AwwQg0RUwb4P6JKcMA,st_luthier.json,APIFY_GOOGLE_MAPS_SCRAPER,luthier,CRAFT_AND_REPAIR,LUTHIER,Madrid,AREA_BOUNDING_BOX,"Madrid, Community of Madrid, Spain",32,2026-10-05T22:34:08.625Z
st_luthier:33,ChIJmYCsDXkoQg0Rp7dsXIVNbXA,st_luthier.json,APIFY_GOOGLE_MAPS_SCRAPER,luthier,CRAFT_AND_REPAIR,LUTHIER,Madrid,AREA_BOUNDING_BOX,"Madrid, Community of Madrid, Spain",33,2026-10-05T22:34:08.625Z
st_luthier:34,ChIJuyKgK60nQg0R5Fio9Nu3uTU,st_luthier.json,APIFY_GOOGLE_MAPS_SCRAPER,luthier,CRAFT_AND_REPAIR,LUTHIER,Madrid,AREA_BOUNDING_BOX,"Madrid, Community of Madrid, Spain",34,2026-10-05T22:34:08.625Z
st_luthier:35,ChIJXSqZjvcoQg0RRxCPQGioUmA,st_luthier.json,APIFY_GOOGLE_MAPS_SCRAPER,luthier,CRAFT_AND_REPAIR,LUTHIER,Madrid,AREA_BOUNDING_BOX,"Madrid, Community of Madrid, Spain",35,2026-10-05T22:34:08.625Z
st_luthier:36,ChIJMUClTosoQg0RO9lnJz6Jzqc,st_luthier.json,APIFY_GOOGLE_MAPS_SCRAPER,luthier,CRAFT_AND_REPAIR,LUTHIER,Madrid,AREA_BOUNDING_BOX,"Madrid, Community of Madrid, Spain",36,2026-10-05T22:34:08.625Z
st_luthier:37,ChIJjxtv5CyLQQ0RSR_o3k287E4,st_luthier.json,APIFY_GOOGLE_MAPS_SCRAPER,luthier,CRAFT_AND_REPAIR,LUTHIER,Madrid,AREA_BOUNDING_BOX,"Madrid, Community of Madrid, Spain",37,2026-10-05T22:34:08.625Z
st_luthier:38,ChIJCx1PohaPQQ0RIUWczmMdrGQ,st_luthier.json,APIFY_GOOGLE_MAPS_SCRAPER,luthier,CRAFT_AND_REPAIR,LUTHIER,Madrid,AREA_BOUNDING_BOX,"Madrid, Community of Madrid, Spain",38,2026-10-05T22:34:08.625Z
st_luthier:39,ChIJEYN12CsvQg0R46jXSPw9NLE,st_luthier.json,APIFY_GOOGLE_MAPS_SCRAPER,luthier,CRAFT_AND_REPAIR,LUTHIER,Madrid,AREA_BOUNDING_BOX,"Madrid, Community of Madrid, Spain",39,2026-10-05T22:34:08.625Z
st_luthier:40,ChIJSx5-h_iDQQ0R6TGQxlEZ94E,st_luthier.json,APIFY_GOOGLE_MAPS_SCRAPER,luthier,CRAFT_AND_REPAIR,LUTHIER,Madrid,AREA_BOUNDING_BOX,"Madrid, Community of Madrid, Spain",40,2026-10-05T22:34:08.625Z
st_tienda-de-instrumentos-musicales:1,ChIJbZBBKJQpQg0R95YhmiKmZo4,st_tienda-de-instrumentos-musicales.json,APIFY_GOOGLE_MAPS_SCRAPER,tienda de instrumentos musicales,INSTRUMENTS,RETAIL,Madrid,AREA_BOUNDING_BOX,"Madrid, Community of Madrid, Spain",1,2026-10-05T23:13:55.185Z
st_tienda-de-instrumentos-musicales:2,ChIJXSqZjvcoQg0RRxCPQGioUmA,st_tienda-de-instrumentos-musicales.json,APIFY_GOOGLE_MAPS_SCRAPER,tienda de instrumentos musicales,INSTRUMENTS,RETAIL,Madrid,AREA_BOUNDING_BOX,"Madrid, Community of Madrid, Spain",2,2026-10-05T23:13:55.185Z
st_tienda-de-instrumentos-musicales:3,ChIJcY4x9_EoQg0RkYF0L3dCLdw,st_tienda-de-instrumentos-musicales.json,APIFY_GOOGLE_MAPS_SCRAPER,tienda de instrumentos musicales,INSTRUMENTS,RETAIL,Madrid,AREA_BOUNDING_BOX,"Madrid, Community of Madrid, Spain",3,2026-10-05T23:13:55.185Z
st_tienda-de-instrumentos-musicales:4,ChIJYR3yfHkoQg0RZHP17EToW9g,st_tienda-de-instrumentos-musicales.json,APIFY_GOOGLE_MAPS_SCRAPER,tienda de instrumentos musicales,INSTRUMENTS,RETAIL,Madrid,AREA_BOUNDING_BOX,"Madrid, Community of Madrid, Spain",4,2026-10-05T23:13:55.185Z
st_tienda-de-instrumentos-musicales:5,ChIJlbMs4ikmQg0RjwPA5Ta1NbU,st_tienda-de-instrumentos-musicales.json,APIFY_GOOGLE_MAPS_SCRAPER,tienda de instrumentos musicales,INSTRUMENTS,RETAIL,Madrid,AREA_BOUNDING_BOX,"Madrid, Community of Madrid, Spain",5,2026-10-05T23:13:55.185Z
st_tienda-de-instrumentos-musicales:6,ChIJw3ng6LcoQg0R5FQUaOBPCS4,st_tienda-de-instrumentos-musicales.json,APIFY_GOOGLE_MAPS_SCRAPER,tienda de instrumentos musicales,INSTRUMENTS,RETAIL,Madrid,AREA_BOUNDING_BOX,"Madrid, Community of Madrid, Spain",6,2026-10-05T23:13:55.185Z
st_tienda-de-instrumentos-musicales:7,ChIJQRfVp4onQg0RXs7P1evGpWo,st_tienda-de-instrumentos-musicales.json,APIFY_GOOGLE_MAPS_SCRAPER,tienda de instrumentos musicales,INSTRUMENTS,RETAIL,Madrid,AREA_BOUNDING_BOX,"Madrid, Community of Madrid, Spain",7,2026-10-05T23:13:55.185Z
st_tienda-de-instrumentos-musicales:8,ChIJe_tfWokoQg0RoK7NVTtYLxE,st_tienda-de-instrumentos-musicales.json,APIFY_GOOGLE_MAPS_SCRAPER,tienda de instrumentos musicales,INSTRUMENTS,RETAIL,Madrid,AREA_BOUNDING_BOX,"Madrid, Community of Madrid, Spain",8,2026-10-05T23:13:55.185Z
st_tienda-de-instrumentos-musicales:9,ChIJtQglXNQuQg0RRu6VAkGjuoY,st_tienda-de-instrumentos-musicales.json,APIFY_GOOGLE_MAPS_SCRAPER,tienda de instrumentos musicales,INSTRUMENTS,RETAIL,Madrid,AREA_BOUNDING_BOX,"Madrid, Community of Madrid, Spain",9,2026-10-05T23:13:55.185Z
st_tienda-de-instrumentos-musicales:10,ChIJb9dRXT8vQg0R9L5iLu9A8fc,st_tienda-de-instrumentos-musicales.json,APIFY_GOOGLE_MAPS_SCRAPER,tienda de instrumentos musicales,INSTRUMENTS,RETAIL,Madrid,AREA_BOUNDING_BOX,"Madrid, Community of Madrid, Spain",10,2026-10-05T23:13:55.185Z
st_tienda-de-instrumentos-musicales:11,ChIJWRfxl48oQg0RCmEER8_X0Y4,st_tienda-de-instrumentos-musicales.json,APIFY_GOOGLE_MAPS_SCRAPER,tienda de instrumentos musicales,INSTRUMENTS,RETAIL,Madrid,AREA_BOUNDING_BOX,"Madrid, Community of Madrid, Spain",11,2026-10-05T23:13:55.186Z
st_tienda-de-instrumentos-musicales:12,ChIJiefdynsoQg0RSIx9mnYXHUo,st_tienda-de-instrumentos-musicales.json,APIFY_GOOGLE_MAPS_SCRAPER,tienda de instrumentos musicales,INSTRUMENTS,RETAIL,Madrid,AREA_BOUNDING_BOX,"Madrid, Community of Madrid, Spain",12,2026-10-05T23:13:55.186Z
st_tienda-de-instrumentos-musicales:13,ChIJtTeLSEYpQg0RkxeTFTqORyw,st_tienda-de-instrumentos-musicales.json,APIFY_GOOGLE_MAPS_SCRAPER,tienda de instrumentos musicales,INSTRUMENTS,RETAIL,Madrid,AREA_BOUNDING_BOX,"Madrid, Community of Madrid, Spain",13,2026-10-05T23:13:55.186Z
st_tienda-de-instrumentos-musicales:14,ChIJ3zLVGBktQg0RROo_Y-qYatA,st_tienda-de-instrumentos-musicales.json,APIFY_GOOGLE_MAPS_SCRAPER,tienda de instrumentos musicales,INSTRUMENTS,RETAIL,Madrid,AREA_BOUNDING_BOX,"Madrid, Community of Madrid, Spain",14,2026-10-05T23:13:55.186Z
st_tienda-de-instrumentos-musicales:15,ChIJDXxXm58pQg0RxehCnQF3OdQ,st_tienda-de-instrumentos-musicales.json,APIFY_GOOGLE_MAPS_SCRAPER,tienda de instrumentos musicales,INSTRUMENTS,RETAIL,Madrid,AREA_BOUNDING_BOX,"Madrid, Community of Madrid, Spain",15,2026-10-05T23:13:55.186Z
st_tienda-de-instrumentos-musicales:16,ChIJrQJFX44oQg0RqOnpf8QnYPk,st_tienda-de-instrumentos-musicales.json,APIFY_GOOGLE_MAPS_SCRAPER,tienda de instrumentos musicales,INSTRUMENTS,RETAIL,Madrid,AREA_BOUNDING_BOX,"Madrid, Community of Madrid, Spain",16,2026-10-05T23:13:55.186Z
st_tienda-de-instrumentos-musicales:17,ChIJgRYdgyYmQg0RYJ9OOyfBGOE,st_tienda-de-instrumentos-musicales.json,APIFY_GOOGLE_MAPS_SCRAPER,tienda de instrumentos musicales,INSTRUMENTS,RETAIL,Madrid,AREA_BOUNDING_BOX,"Madrid, Community of Madrid, Spain",17,2026-10-05T23:13:55.186Z
st_tienda-de-instrumentos-musicales:18,ChIJg1mI_LAoQg0RfboZZp8ZDfw,st_tienda-de-instrumentos-musicales.json,APIFY_GOOGLE_MAPS_SCRAPER,tienda de instrumentos musicales,INSTRUMENTS,RETAIL,Madrid,AREA_BOUNDING_BOX,"Madrid, Community of Madrid, Spain",18,2026-10-05T23:13:55.186Z
st_tienda-de-instrumentos-musicales:19,ChIJ9ZGs8ygmQg0REJEO1oYjQGQ,st_tienda-de-instrumentos-musicales.json,APIFY_GOOGLE_MAPS_SCRAPER,tienda de instrumentos musicales,INSTRUMENTS,RETAIL,Madrid,AREA_BOUNDING_BOX,"Madrid, Community of Madrid, Spain",19,2026-10-05T23:13:55.186Z
st_tienda-de-instrumentos-musicales:20,ChIJ98GfcuwuQg0R-7SwuEnca-c,st_tienda-de-instrumentos-musicales.json,APIFY_GOOGLE_MAPS_SCRAPER,tienda de instrumentos musicales,INSTRUMENTS,RETAIL,Madrid,AREA_BOUNDING_BOX,"Madrid, Community of Madrid, Spain",20,2026-10-05T23:13:55.186Z
st_tienda-de-instrumentos-musicales:21,ChIJg1mI_LAoQg0RYkkeBiuFUmo,st_tienda-de-instrumentos-musicales.json,APIFY_GOOGLE_MAPS_SCRAPER,tienda de instrumentos musicales,INSTRUMENTS,RETAIL,Madrid,AREA_BOUNDING_BOX,"Madrid, Community of Madrid, Spain",21,2026-10-05T23:13:55.186Z
st_tienda-de-instrumentos-musicales:22,ChIJme3ti16GQQ0R3TP4JVELE1g,st_tienda-de-instrumentos-musicales.json,APIFY_GOOGLE_MAPS_SCRAPER,tienda de instrumentos musicales,INSTRUMENTS,RETAIL,Madrid,AREA_BOUNDING_BOX,"Madrid, Community of Madrid, Spain",22,2026-10-05T23:13:55.186Z
st_tienda-de-instrumentos-musicales:23,ChIJF3Htg4UoQg0RuYd9SMLn-Ng,st_tienda-de-instrumentos-musicales.json,APIFY_GOOGLE_MAPS_SCRAPER,tienda de instrumentos musicales,INSTRUMENTS,RETAIL,Madrid,AREA_BOUNDING_BOX,"Madrid, Community of Madrid, Spain",23,2026-10-05T23:13:55.186Z
st_tienda-de-instrumentos-musicales:24,ChIJuclz7SomQg0RIAIefh8a2kY,st_tienda-de-instrumentos-musicales.json,APIFY_GOOGLE_MAPS_SCRAPER,tienda de instrumentos musicales,INSTRUMENTS,RETAIL,Madrid,AREA_BOUNDING_BOX,"Madrid, Community of Madrid, Spain",24,2026-10-05T23:13:55.186Z
st_tienda-de-instrumentos-musicales:25,ChIJEYN12CsvQg0R46jXSPw9NLE,st_tienda-de-instrumentos-musicales.json,APIFY_GOOGLE_MAPS_SCRAPER,tienda de instrumentos musicales,INSTRUMENTS,RETAIL,Madrid,AREA_BOUNDING_BOX,"Madrid, Community of Madrid, Spain",25,2026-10-05T23:13:55.186Z
st_tienda-de-instrumentos-musicales:26,ChIJOz5Odo4oQg0RDDWQNr1RfvU,st_tienda-de-instrumentos-musicales.json,APIFY_GOOGLE_MAPS_SCRAPER,tienda de instrumentos musicales,INSTRUMENTS,RETAIL,Madrid,AREA_BOUNDING_BOX,"Madrid, Community of Madrid, Spain",26,2026-10-05T23:13:55.186Z
st_tienda-de-instrumentos-musicales:27,ChIJjTvATnQvQg0RNtfHg_KY70U,st_tienda-de-instrumentos-musicales.json,APIFY_GOOGLE_MAPS_SCRAPER,tienda de instrumentos musicales,INSTRUMENTS,RETAIL,Madrid,AREA_BOUNDING_BOX,"Madrid, Community of Madrid, Spain",27,2026-10-05T23:13:55.186Z
st_tienda-de-instrumentos-musicales:28,ChIJQcvrC5QvQg0RogW1bYzk8gg,st_tienda-de-instrumentos-musicales.json,APIFY_GOOGLE_MAPS_SCRAPER,tienda de instrumentos musicales,INSTRUMENTS,RETAIL,Madrid,AREA_BOUNDING_BOX,"Madrid, Community of Madrid, Spain",28,2026-10-05T23:13:55.186Z
st_tienda-de-instrumentos-musicales:29,ChIJU55Y1zWJQQ0RNG5H2gxstBI,st_tienda-de-instrumentos-musicales.json,APIFY_GOOGLE_MAPS_SCRAPER,tienda de instrumentos musicales,INSTRUMENTS,RETAIL,Madrid,AREA_BOUNDING_BOX,"Madrid, Community of Madrid, Spain",29,2026-10-05T23:13:55.186Z
st_tienda-de-instrumentos-musicales:30,ChIJR5v4Q9knQg0Rd7FEyparmTU,st_tienda-de-instrumentos-musicales.json,APIFY_GOOGLE_MAPS_SCRAPER,tienda de instrumentos musicales,INSTRUMENTS,RETAIL,Madrid,AREA_BOUNDING_BOX,"Madrid, Community of Madrid, Spain",30,2026-10-05T23:13:55.186Z
st_tienda-de-instrumentos-musicales:31,ChIJIbvbny4pQg0RWdm2f60CGKU,st_tienda-de-instrumentos-musicales.json,APIFY_GOOGLE_MAPS_SCRAPER,tienda de instrumentos musicales,INSTRUMENTS,RETAIL,Madrid,AREA_BOUNDING_BOX,"Madrid, Community of Madrid, Spain",31,2026-10-05T23:13:55.186Z
st_tienda-de-instrumentos-musicales:32,ChIJD2j6MAQpQg0RGlS3VLNOeGc,st_tienda-de-instrumentos-musicales.json,APIFY_GOOGLE_MAPS_SCRAPER,tienda de instrumentos musicales,INSTRUMENTS,RETAIL,Madrid,AREA_BOUNDING_BOX,"Madrid, Community of Madrid, Spain",32,2026-10-05T23:13:55.186Z
st_tienda-de-instrumentos-musicales:33,ChIJS3kvqY0oQg0R-m4yH1rBEKs,st_tienda-de-instrumentos-musicales.json,APIFY_GOOGLE_MAPS_SCRAPER,tienda de instrumentos musicales,INSTRUMENTS,RETAIL,Madrid,AREA_BOUNDING_BOX,"Madrid, Community of Madrid, Spain",33,2026-10-05T23:13:55.186Z
st_tienda-de-instrumentos-musicales:34,ChIJc8-sqCkmQg0Rm-dFjDZytJg,st_tienda-de-instrumentos-musicales.json,APIFY_GOOGLE_MAPS_SCRAPER,tienda de instrumentos musicales,INSTRUMENTS,RETAIL,Madrid,AREA_BOUNDING_BOX,"Madrid, Community of Madrid, Spain",34,2026-10-05T23:13:55.187Z
st_tienda-de-instrumentos-musicales:35,ChIJmYCsDXkoQg0Rp7dsXIVNbXA,st_tienda-de-instrumentos-musicales.json,APIFY_GOOGLE_MAPS_SCRAPER,tienda de instrumentos musicales,INSTRUMENTS,RETAIL,Madrid,AREA_BOUNDING_BOX,"Madrid, Community of Madrid, Spain",35,2026-10-05T23:13:55.187Z
st_tienda-de-instrumentos-musicales:36,ChIJscQgBLEpQg0RshS6TLG4xfs,st_tienda-de-instrumentos-musicales.json,APIFY_GOOGLE_MAPS_SCRAPER,tienda de instrumentos musicales,INSTRUMENTS,RETAIL,Madrid,AREA_BOUNDING_BOX,"Madrid, Community of Madrid, Spain",36,2026-10-05T23:13:55.187Z
st_tienda-de-instrumentos-musicales:37,ChIJ94h0oO6JQQ0Roqn8HFvz7Ds,st_tienda-de-instrumentos-musicales.json,APIFY_GOOGLE_MAPS_SCRAPER,tienda de instrumentos musicales,INSTRUMENTS,RETAIL,Madrid,AREA_BOUNDING_BOX,"Madrid, Community of Madrid, Spain",37,2026-10-05T23:13:55.187Z
st_tienda-de-instrumentos-musicales:38,ChIJrRdqp0IoQg0Rux8dUVn0ll4,st_tienda-de-instrumentos-musicales.json,APIFY_GOOGLE_MAPS_SCRAPER,tienda de instrumentos musicales,INSTRUMENTS,RETAIL,Madrid,AREA_BOUNDING_BOX,"Madrid, Community of Madrid, Spain",38,2026-10-05T23:13:55.187Z
st_tienda-de-instrumentos-musicales:39,ChIJXe80ql0oQg0R-uNPP_dRVxU,st_tienda-de-instrumentos-musicales.json,APIFY_GOOGLE_MAPS_SCRAPER,tienda de instrumentos musicales,INSTRUMENTS,RETAIL,Madrid,AREA_BOUNDING_BOX,"Madrid, Community of Madrid, Spain",39,2026-10-05T23:13:55.187Z
st_tienda-de-instrumentos-musicales:40,ChIJ7csHvvEoQg0RtmkxMevCMaw,st_tienda-de-instrumentos-musicales.json,APIFY_GOOGLE_MAPS_SCRAPER,tienda de instrumentos musicales,INSTRUMENTS,RETAIL,Madrid,AREA_BOUNDING_BOX,"Madrid, Community of Madrid, Spain",40,2026-10-05T23:13:55.187Z
tabla00:1,ChIJ7el16DovQg0Rw-3gw_uhlPI,tabla00.json,APIFY_GOOGLE_MAPS_SCRAPER,"escuela de música, conservatorio, academia de música, banda de música, orquesta, coro, asociación musical, tienda de instrumentos musicales, luthier, reparación de instrumentos musicales, estudio de grabación, sala de ensayo",UNMAPPED,UNMAPPED,Madrid,AREA_BOUNDING_BOX,"Madrid, Community of Madrid, Spain",1,2026-10-05T22:12:09.702Z
tabla00:2,ChIJ3UuSEEIpQg0RE7M287DxmJg,tabla00.json,APIFY_GOOGLE_MAPS_SCRAPER,"escuela de música, conservatorio, academia de música, banda de música, orquesta, coro, asociación musical, tienda de instrumentos musicales, luthier, reparación de instrumentos musicales, estudio de grabación, sala de ensayo",UNMAPPED,UNMAPPED,Madrid,AREA_BOUNDING_BOX,"Madrid, Community of Madrid, Spain",2,2026-10-05T22:12:09.702Z
tabla00:3,ChIJW49dLC4vQg0RuJpa6y1Avrg,tabla00.json,APIFY_GOOGLE_MAPS_SCRAPER,"escuela de música, conservatorio, academia de música, banda de música, orquesta, coro, asociación musical, tienda de instrumentos musicales, luthier, reparación de instrumentos musicales, estudio de grabación, sala de ensayo",UNMAPPED,UNMAPPED,Madrid,AREA_BOUNDING_BOX,"Madrid, Community of Madrid, Spain",3,2026-10-05T22:12:09.702Z
tabla00:4,ChIJGf_NF5EpQg0RzNBelNLmA7k,tabla00.json,APIFY_GOOGLE_MAPS_SCRAPER,"escuela de música, conservatorio, academia de música, banda de música, orquesta, coro, asociación musical, tienda de instrumentos musicales, luthier, reparación de instrumentos musicales, estudio de grabación, sala de ensayo",UNMAPPED,UNMAPPED,Madrid,AREA_BOUNDING_BOX,"Madrid, Community of Madrid, Spain",4,2026-10-05T22:12:09.702Z
tabla00:5,ChIJ5V-7_bsoQg0RHmNyVwNMuB4,tabla00.json,APIFY_GOOGLE_MAPS_SCRAPER,"escuela de música, conservatorio, academia de música, banda de música, orquesta, coro, asociación musical, tienda de instrumentos musicales, luthier, reparación de instrumentos musicales, estudio de grabación, sala de ensayo",UNMAPPED,UNMAPPED,Madrid,AREA_BOUNDING_BOX,"Madrid, Community of Madrid, Spain",5,2026-10-05T22:12:09.702Z
st_conservatorio:1,ChIJmwVqZwYpQg0R2Ulo34BUCeo,st_conservatorio.json,APIFY_GOOGLE_MAPS_SCRAPER,conservatorio,EDUCATION,CONSERVATORY,Madrid,AREA_BOUNDING_BOX,"Madrid, Comunidad de Madrid, España",1,2026-10-06T23:05:57.619Z
st_conservatorio:2,ChIJD2ZXmSgvQg0R6tYKMeChbdM,st_conservatorio.json,APIFY_GOOGLE_MAPS_SCRAPER,conservatorio,EDUCATION,CONSERVATORY,Madrid,AREA_BOUNDING_BOX,"Madrid, Comunidad de Madrid, España",2,2026-10-06T23:05:57.620Z
st_conservatorio:3,ChIJ6zuOjGQoQg0RWFBPemkTD-g,st_conservatorio.json,APIFY_GOOGLE_MAPS_SCRAPER,conservatorio,EDUCATION,CONSERVATORY,Madrid,AREA_BOUNDING_BOX,"Madrid, Comunidad de Madrid, España",3,2026-10-06T23:05:57.620Z
st_conservatorio:4,ChIJgzdx8WsoQg0RbNcpaIE6cl4,st_conservatorio.json,APIFY_GOOGLE_MAPS_SCRAPER,conservatorio,EDUCATION,CONSERVATORY,Madrid,AREA_BOUNDING_BOX,"Madrid, Comunidad de Madrid, España",4,2026-10-06T23:05:57.620Z
st_conservatorio:5,ChIJ7w432ygmQg0RKQ4uUCT65ko,st_conservatorio.json,APIFY_GOOGLE_MAPS_SCRAPER,conservatorio,EDUCATION,CONSERVATORY,Madrid,AREA_BOUNDING_BOX,"Madrid, Comunidad de Madrid, España",5,2026-10-06T23:05:57.620Z
st_conservatorio:6,ChIJdz4hpJwpQg0RuD4GbcjN7l4,st_conservatorio.json,APIFY_GOOGLE_MAPS_SCRAPER,conservatorio,EDUCATION,CONSERVATORY,Madrid,AREA_BOUNDING_BOX,"Madrid, Comunidad de Madrid, España",6,2026-10-06T23:05:57.620Z
st_conservatorio:7,ChIJS7lD8wKIQQ0Rg6gD6by0DHE,st_conservatorio.json,APIFY_GOOGLE_MAPS_SCRAPER,conservatorio,EDUCATION,CONSERVATORY,Madrid,AREA_BOUNDING_BOX,"Madrid, Comunidad de Madrid, España",7,2026-10-06T23:05:57.620Z
st_conservatorio:8,ChIJI_zz8-4mQg0RuFuLrj4oFkU,st_conservatorio.json,APIFY_GOOGLE_MAPS_SCRAPER,conservatorio,EDUCATION,CONSERVATORY,Madrid,AREA_BOUNDING_BOX,"Madrid, Comunidad de Madrid, España",8,2026-10-06T23:05:57.620Z
st_conservatorio:9,ChIJVTTp1FMoQg0RLsCrapU-NMo,st_conservatorio.json,APIFY_GOOGLE_MAPS_SCRAPER,conservatorio,EDUCATION,CONSERVATORY,Madrid,AREA_BOUNDING_BOX,"Madrid, Comunidad de Madrid, España",9,2026-10-06T23:05:57.620Z
st_conservatorio:10,ChIJL1drEWcpQg0RmZmYLakSxjk,st_conservatorio.json,APIFY_GOOGLE_MAPS_SCRAPER,conservatorio,EDUCATION,CONSERVATORY,Madrid,AREA_BOUNDING_BOX,"Madrid, Comunidad de Madrid, España",10,2026-10-06T23:05:57.620Z
st_conservatorio:11,ChIJT35oMlYoQg0RrQAb8YM6lFc,st_conservatorio.json,APIFY_GOOGLE_MAPS_SCRAPER,conservatorio,EDUCATION,CONSERVATORY,Madrid,AREA_BOUNDING_BOX,"Madrid, Comunidad de Madrid, España",11,2026-10-06T23:05:57.620Z
st_conservatorio:12,ChIJJ0qem4yEQQ0Rq10C32dcWs0,st_conservatorio.json,APIFY_GOOGLE_MAPS_SCRAPER,conservatorio,EDUCATION,CONSERVATORY,Madrid,AREA_BOUNDING_BOX,"Madrid, Comunidad de Madrid, España",12,2026-10-06T23:05:57.620Z
st_conservatorio:13,ChIJO1fiZwAvQg0RAXidXv2_NWE,st_conservatorio.json,APIFY_GOOGLE_MAPS_SCRAPER,conservatorio,EDUCATION,CONSERVATORY,Madrid,AREA_BOUNDING_BOX,"Madrid, Comunidad de Madrid, España",13,2026-10-06T23:05:57.620Z
st_conservatorio:14,ChIJpTCBLyqMQQ0ROWN7Nt4KspE,st_conservatorio.json,APIFY_GOOGLE_MAPS_SCRAPER,conservatorio,EDUCATION,CONSERVATORY,Madrid,AREA_BOUNDING_BOX,"Madrid, Comunidad de Madrid, España",14,2026-10-06T23:05:57.620Z
st_conservatorio:15,ChIJv7NT_3gpQg0Rvh1ehykUPWc,st_conservatorio.json,APIFY_GOOGLE_MAPS_SCRAPER,conservatorio,EDUCATION,CONSERVATORY,Madrid,AREA_BOUNDING_BOX,"Madrid, Comunidad de Madrid, España",15,2026-10-06T23:05:57.620Z
st_conservatorio:16,ChIJNYt5kjmJQQ0ROwo31p1p0_Q,st_conservatorio.json,APIFY_GOOGLE_MAPS_SCRAPER,conservatorio,EDUCATION,CONSERVATORY,Madrid,AREA_BOUNDING_BOX,"Madrid, Comunidad de Madrid, España",16,2026-10-06T23:05:57.620Z
st_conservatorio:17,ChIJ0UhLGCSKQQ0RC3_oScpbN0g,st_conservatorio.json,APIFY_GOOGLE_MAPS_SCRAPER,conservatorio,EDUCATION,CONSERVATORY,Madrid,AREA_BOUNDING_BOX,"Madrid, Comunidad de Madrid, España",17,2026-10-06T23:05:57.620Z
st_conservatorio:18,ChIJncGxaGMoQg0RMRCTJoF2bjo,st_conservatorio.json,APIFY_GOOGLE_MAPS_SCRAPER,conservatorio,EDUCATION,CONSERVATORY,Madrid,AREA_BOUNDING_BOX,"Madrid, Comunidad de Madrid, España",18,2026-10-06T23:05:57.620Z
st_conservatorio:19,ChIJg3erThcoQg0Rm1rvlrpCvGU,st_conservatorio.json,APIFY_GOOGLE_MAPS_SCRAPER,conservatorio,EDUCATION,CONSERVATORY,Madrid,AREA_BOUNDING_BOX,"Madrid, Comunidad de Madrid, España",19,2026-10-06T23:05:57.620Z
st_conservatorio:20,ChIJkzqszK0pQg0RPK8gNuCjkXw,st_conservatorio.json,APIFY_GOOGLE_MAPS_SCRAPER,conservatorio,EDUCATION,CONSERVATORY,Madrid,AREA_BOUNDING_BOX,"Madrid, Comunidad de Madrid, España",20,2026-10-06T23:05:57.620Z
st_conservatorio:21,ChIJlTM0jI4nQg0RwSQGocNlAtA,st_conservatorio.json,APIFY_GOOGLE_MAPS_SCRAPER,conservatorio,EDUCATION,CONSERVATORY,Madrid,AREA_BOUNDING_BOX,"Madrid, Comunidad de Madrid, España",21,2026-10-06T23:05:57.620Z
st_conservatorio:22,ChIJiUBukigvQg0RLKld20j3Hpw,st_conservatorio.json,APIFY_GOOGLE_MAPS_SCRAPER,conservatorio,EDUCATION,CONSERVATORY,Madrid,AREA_BOUNDING_BOX,"Madrid, Comunidad de Madrid, España",22,2026-10-06T23:05:57.620Z
st_conservatorio:23,ChIJaUG1RDspQg0RV2njIJfAHy8,st_conservatorio.json,APIFY_GOOGLE_MAPS_SCRAPER,conservatorio,EDUCATION,CONSERVATORY,Madrid,AREA_BOUNDING_BOX,"Madrid, Comunidad de Madrid, España",23,2026-10-06T23:05:57.620Z
st_conservatorio:24,ChIJj6KwKk0vQg0RILSEQnIqBNY,st_conservatorio.json,APIFY_GOOGLE_MAPS_SCRAPER,conservatorio,EDUCATION,CONSERVATORY,Madrid,AREA_BOUNDING_BOX,"Madrid, Comunidad de Madrid, España",24,2026-10-06T23:05:57.620Z
st_conservatorio:25,ChIJY14WKlgoQg0R6I_DpDZTUD4,st_conservatorio.json,APIFY_GOOGLE_MAPS_SCRAPER,conservatorio,EDUCATION,CONSERVATORY,Madrid,AREA_BOUNDING_BOX,"Madrid, Comunidad de Madrid, España",25,2026-10-06T23:05:57.620Z
st_conservatorio:26,ChIJLdVjCVcpQg0RGMwy5Eyni0M,st_conservatorio.json,APIFY_GOOGLE_MAPS_SCRAPER,conservatorio,EDUCATION,CONSERVATORY,Madrid,AREA_BOUNDING_BOX,"Madrid, Comunidad de Madrid, España",26,2026-10-06T23:05:57.620Z
st_conservatorio:27,ChIJV6RufpopQg0RqLcawmUIj1I,st_conservatorio.json,APIFY_GOOGLE_MAPS_SCRAPER,conservatorio,EDUCATION,CONSERVATORY,Madrid,AREA_BOUNDING_BOX,"Madrid, Comunidad de Madrid, España",27,2026-10-06T23:05:57.620Z
st_conservatorio:28,ChIJ3fIGFR8pQg0RyXIVcAmrRvc,st_conservatorio.json,APIFY_GOOGLE_MAPS_SCRAPER,conservatorio,EDUCATION,CONSERVATORY,Madrid,AREA_BOUNDING_BOX,"Madrid, Comunidad de Madrid, España",28,2026-10-06T23:05:57.620Z
st_conservatorio:29,ChIJI_zz8-4mQg0Rf-TCwbjiJKI,st_conservatorio.json,APIFY_GOOGLE_MAPS_SCRAPER,conservatorio,EDUCATION,CONSERVATORY,Madrid,AREA_BOUNDING_BOX,"Madrid, Comunidad de Madrid, España",29,2026-10-06T23:05:57.620Z
st_conservatorio:30,ChIJ7_2XAzowQg0R3jLklNQUNpM,st_conservatorio.json,APIFY_GOOGLE_MAPS_SCRAPER,conservatorio,EDUCATION,CONSERVATORY,Madrid,AREA_BOUNDING_BOX,"Madrid, Comunidad de Madrid, España",30,2026-10-06T23:05:57.620Z
st_conservatorio:31,ChIJc95BBwYvQg0RFzfgk8tWmAI,st_conservatorio.json,APIFY_GOOGLE_MAPS_SCRAPER,conservatorio,EDUCATION,CONSERVATORY,Madrid,AREA_BOUNDING_BOX,"Madrid, Comunidad de Madrid, España",31,2026-10-06T23:05:57.620Z
st_conservatorio:32,ChIJ7TcJYV8oQg0RAwYkMn9VMwI,st_conservatorio.json,APIFY_GOOGLE_MAPS_SCRAPER,conservatorio,EDUCATION,CONSERVATORY,Madrid,AREA_BOUNDING_BOX,"Madrid, Comunidad de Madrid, España",32,2026-10-06T23:05:57.620Z
st_conservatorio:33,ChIJsbNQydouQg0R5qCXHvHiijk,st_conservatorio.json,APIFY_GOOGLE_MAPS_SCRAPER,conservatorio,EDUCATION,CONSERVATORY,Madrid,AREA_BOUNDING_BOX,"Madrid, Comunidad de Madrid, España",33,2026-10-06T23:05:57.620Z
st_conservatorio:34,ChIJPzRSq9EoQg0RNlYPLmtrZ7E,st_conservatorio.json,APIFY_GOOGLE_MAPS_SCRAPER,conservatorio,EDUCATION,CONSERVATORY,Madrid,AREA_BOUNDING_BOX,"Madrid, Comunidad de Madrid, España",34,2026-10-06T23:05:57.620Z
st_conservatorio:35,ChIJUSq3iGkoQg0RNwlG8ONB9cc,st_conservatorio.json,APIFY_GOOGLE_MAPS_SCRAPER,conservatorio,EDUCATION,CONSERVATORY,Madrid,AREA_BOUNDING_BOX,"Madrid, Comunidad de Madrid, España",35,2026-10-06T23:05:57.620Z
st_conservatorio:36,ChIJfQ1zQ2IoQg0RCrfn-zQHarU,st_conservatorio.json,APIFY_GOOGLE_MAPS_SCRAPER,conservatorio,EDUCATION,CONSERVATORY,Madrid,AREA_BOUNDING_BOX,"Madrid, Comunidad de Madrid, España",36,2026-10-06T23:05:57.620Z
st_conservatorio:37,ChIJaZM_ciApQg0RBFuR-YveNiQ,st_conservatorio.json,APIFY_GOOGLE_MAPS_SCRAPER,conservatorio,EDUCATION,CONSERVATORY,Madrid,AREA_BOUNDING_BOX,"Madrid, Comunidad de Madrid, España",37,2026-10-06T23:05:57.620Z
st_conservatorio:38,ChIJAziHcrIpQg0Rr8OHWUhl2QU,st_conservatorio.json,APIFY_GOOGLE_MAPS_SCRAPER,conservatorio,EDUCATION,CONSERVATORY,Madrid,AREA_BOUNDING_BOX,"Madrid, Comunidad de Madrid, España",38,2026-10-06T23:05:57.620Z
st_conservatorio:39,ChIJ76R6jY4nQg0RU1JZhRicWg4,st_conservatorio.json,APIFY_GOOGLE_MAPS_SCRAPER,conservatorio,EDUCATION,CONSERVATORY,Madrid,AREA_BOUNDING_BOX,"Madrid, Comunidad de Madrid, España",39,2026-10-06T23:05:57.620Z
st_conservatorio:40,ChIJCZ5PXAEpQg0REWvKsv4a16M,st_conservatorio.json,APIFY_GOOGLE_MAPS_SCRAPER,conservatorio,EDUCATION,CONSERVATORY,Madrid,AREA_BOUNDING_BOX,"Madrid, Comunidad de Madrid, España",40,2026-10-06T23:05:57.620Z
st_conservatorio:41,ChIJQfVbrNMnQg0Rtt6RkKmHCuo,st_conservatorio.json,APIFY_GOOGLE_MAPS_SCRAPER,conservatorio,EDUCATION,CONSERVATORY,Madrid,AREA_BOUNDING_BOX,"Madrid, Comunidad de Madrid, España",41,2026-10-06T23:05:57.620Z
st_conservatorio:42,ChIJn1Wb2N0oQg0Rtg8cd-XeRvM,st_conservatorio.json,APIFY_GOOGLE_MAPS_SCRAPER,conservatorio,EDUCATION,CONSERVATORY,Madrid,AREA_BOUNDING_BOX,"Madrid, Comunidad de Madrid, España",42,2026-10-06T23:05:57.620Z
st_conservatorio:43,ChIJsxE8-kUpQg0Rxz4SjGRPxO0,st_conservatorio.json,APIFY_GOOGLE_MAPS_SCRAPER,conservatorio,EDUCATION,CONSERVATORY,Madrid,AREA_BOUNDING_BOX,"Madrid, Comunidad de Madrid, España",43,2026-10-06T23:05:57.620Z
st_conservatorio:44,ChIJyT-KAQAvQg0RyrYYRNxd7EQ,st_conservatorio.json,APIFY_GOOGLE_MAPS_SCRAPER,conservatorio,EDUCATION,CONSERVATORY,Madrid,AREA_BOUNDING_BOX,"Madrid, Comunidad de Madrid, España",44,2026-10-06T23:05:57.620Z
st_conservatorio:45,ChIJSTCkLeQuQg0R9tQv3hFijRI,st_conservatorio.json,APIFY_GOOGLE_MAPS_SCRAPER,conservatorio,EDUCATION,CONSERVATORY,Madrid,AREA_BOUNDING_BOX,"Madrid, Comunidad de Madrid, España",45,2026-10-06T23:05:57.620Z
st_conservatorio:46,ChIJOwQcscQoQg0RkXwH5HhOTr0,st_conservatorio.json,APIFY_GOOGLE_MAPS_SCRAPER,conservatorio,EDUCATION,CONSERVATORY,Madrid,AREA_BOUNDING_BOX,"Madrid, Comunidad de Madrid, España",46,2026-10-06T23:05:57.620Z
st_conservatorio:47,ChIJGZPciCcpQg0RMWtieuzbaZ0,st_conservatorio.json,APIFY_GOOGLE_MAPS_SCRAPER,conservatorio,EDUCATION,CONSERVATORY,Madrid,AREA_BOUNDING_BOX,"Madrid, Comunidad de Madrid, España",47,2026-10-06T23:05:57.620Z
st_afinador-de-pianos:1,ChIJIQtmOpQoQg0RoUwAbT6AdVc,st_afinador-de-pianos.json,APIFY_GOOGLE_MAPS_SCRAPER,afinador de pianos,CRAFT_AND_REPAIR,PIANO_TECHNICIAN,Madrid,AREA_BOUNDING_BOX,"Madrid, Comunidad de Madrid, España",1,2026-10-06T23:09:10.131Z
st_afinador-de-pianos:2,ChIJQd1tWAT1QQ0RBxiM9BQrFGg,st_afinador-de-pianos.json,APIFY_GOOGLE_MAPS_SCRAPER,afinador de pianos,CRAFT_AND_REPAIR,PIANO_TECHNICIAN,Madrid,AREA_BOUNDING_BOX,"Madrid, Comunidad de Madrid, España",2,2026-10-06T23:09:10.131Z
st_afinador-de-pianos:3,ChIJe0Sjsy2HQQ0RvgRnhM87QZ8,st_afinador-de-pianos.json,APIFY_GOOGLE_MAPS_SCRAPER,afinador de pianos,CRAFT_AND_REPAIR,PIANO_TECHNICIAN,Madrid,AREA_BOUNDING_BOX,"Madrid, Comunidad de Madrid, España",3,2026-10-06T23:09:10.131Z
st_afinador-de-pianos:4,ChIJS3kvqY0oQg0R-m4yH1rBEKs,st_afinador-de-pianos.json,APIFY_GOOGLE_MAPS_SCRAPER,afinador de pianos,CRAFT_AND_REPAIR,PIANO_TECHNICIAN,Madrid,AREA_BOUNDING_BOX,"Madrid, Comunidad de Madrid, España",4,2026-10-06T23:09:10.131Z
st_afinador-de-pianos:5,ChIJz7G-DPolQg0RpHZocrhb5Hs,st_afinador-de-pianos.json,APIFY_GOOGLE_MAPS_SCRAPER,afinador de pianos,CRAFT_AND_REPAIR,PIANO_TECHNICIAN,Madrid,AREA_BOUNDING_BOX,"Madrid, Comunidad de Madrid, España",5,2026-10-06T23:09:10.131Z
st_afinador-de-pianos:6,ChIJj0-f3K38cQ0RIDyailccG-Y,st_afinador-de-pianos.json,APIFY_GOOGLE_MAPS_SCRAPER,afinador de pianos,CRAFT_AND_REPAIR,PIANO_TECHNICIAN,Madrid,AREA_BOUNDING_BOX,"Madrid, Comunidad de Madrid, España",6,2026-10-06T23:09:10.131Z
st_afinador-de-pianos:7,ChIJWRfxl48oQg0RCmEER8_X0Y4,st_afinador-de-pianos.json,APIFY_GOOGLE_MAPS_SCRAPER,afinador de pianos,CRAFT_AND_REPAIR,PIANO_TECHNICIAN,Madrid,AREA_BOUNDING_BOX,"Madrid, Comunidad de Madrid, España",7,2026-10-06T23:09:10.131Z
st_afinador-de-pianos:8,ChIJ-f9vyBstQg0RbjBzaX9PQv8,st_afinador-de-pianos.json,APIFY_GOOGLE_MAPS_SCRAPER,afinador de pianos,CRAFT_AND_REPAIR,PIANO_TECHNICIAN,Madrid,AREA_BOUNDING_BOX,"Madrid, Comunidad de Madrid, España",8,2026-10-06T23:09:10.131Z
st_afinador-de-pianos:9,ChIJjczgRqwlQg0RQUvSXXdMr3M,st_afinador-de-pianos.json,APIFY_GOOGLE_MAPS_SCRAPER,afinador de pianos,CRAFT_AND_REPAIR,PIANO_TECHNICIAN,Madrid,AREA_BOUNDING_BOX,"Madrid, Comunidad de Madrid, España",9,2026-10-06T23:09:10.131Z
st_afinador-de-pianos:10,ChIJb9dRXT8vQg0R9L5iLu9A8fc,st_afinador-de-pianos.json,APIFY_GOOGLE_MAPS_SCRAPER,afinador de pianos,CRAFT_AND_REPAIR,PIANO_TECHNICIAN,Madrid,AREA_BOUNDING_BOX,"Madrid, Comunidad de Madrid, España",10,2026-10-06T23:09:10.131Z
st_afinador-de-pianos:11,ChIJgY7cmo1lFEcRAPccnPFYvRs,st_afinador-de-pianos.json,APIFY_GOOGLE_MAPS_SCRAPER,afinador de pianos,CRAFT_AND_REPAIR,PIANO_TECHNICIAN,Madrid,AREA_BOUNDING_BOX,"Madrid, Comunidad de Madrid, España",11,2026-10-06T23:09:10.131Z
st_afinador-de-pianos:12,ChIJQRfVp4onQg0RXs7P1evGpWo,st_afinador-de-pianos.json,APIFY_GOOGLE_MAPS_SCRAPER,afinador de pianos,CRAFT_AND_REPAIR,PIANO_TECHNICIAN,Madrid,AREA_BOUNDING_BOX,"Madrid, Comunidad de Madrid, España",12,2026-10-06T23:09:10.131Z
st_afinador-de-pianos:13,ChIJtQglXNQuQg0RRu6VAkGjuoY,st_afinador-de-pianos.json,APIFY_GOOGLE_MAPS_SCRAPER,afinador de pianos,CRAFT_AND_REPAIR,PIANO_TECHNICIAN,Madrid,AREA_BOUNDING_BOX,"Madrid, Comunidad de Madrid, España",13,2026-10-06T23:09:10.131Z
st_afinador-de-pianos:14,ChIJL2_PKa6JQQ0R4Xi-WRd5hNE,st_afinador-de-pianos.json,APIFY_GOOGLE_MAPS_SCRAPER,afinador de pianos,CRAFT_AND_REPAIR,PIANO_TECHNICIAN,Madrid,AREA_BOUNDING_BOX,"Madrid, Comunidad de Madrid, España",14,2026-10-06T23:09:10.131Z
st_afinador-de-pianos:15,ChIJcwjx130dMaMRG216Kl35Fmw,st_afinador-de-pianos.json,APIFY_GOOGLE_MAPS_SCRAPER,afinador de pianos,CRAFT_AND_REPAIR,PIANO_TECHNICIAN,Madrid,AREA_BOUNDING_BOX,"Madrid, Comunidad de Madrid, España",15,2026-10-06T23:09:10.131Z
st_afinador-de-pianos:16,ChIJlbMs4ikmQg0RjwPA5Ta1NbU,st_afinador-de-pianos.json,APIFY_GOOGLE_MAPS_SCRAPER,afinador de pianos,CRAFT_AND_REPAIR,PIANO_TECHNICIAN,Madrid,AREA_BOUNDING_BOX,"Madrid, Comunidad de Madrid, España",16,2026-10-06T23:09:10.131Z
st_afinador-de-pianos:17,ChIJ3zLVGBktQg0RROo_Y-qYatA,st_afinador-de-pianos.json,APIFY_GOOGLE_MAPS_SCRAPER,afinador de pianos,CRAFT_AND_REPAIR,PIANO_TECHNICIAN,Madrid,AREA_BOUNDING_BOX,"Madrid, Comunidad de Madrid, España",17,2026-10-06T23:09:10.131Z
st_afinador-de-pianos:18,ChIJTxIJv6kpQg0RsW4-MuM-8_U,st_afinador-de-pianos.json,APIFY_GOOGLE_MAPS_SCRAPER,afinador de pianos,CRAFT_AND_REPAIR,PIANO_TECHNICIAN,Madrid,AREA_BOUNDING_BOX,"Madrid, Comunidad de Madrid, España",18,2026-10-06T23:09:10.132Z
st_afinador-de-pianos:19,ChIJgweIWdAnQg0RNSngvXZMM_0,st_afinador-de-pianos.json,APIFY_GOOGLE_MAPS_SCRAPER,afinador de pianos,CRAFT_AND_REPAIR,PIANO_TECHNICIAN,Madrid,AREA_BOUNDING_BOX,"Madrid, Comunidad de Madrid, España",19,2026-10-06T23:09:10.132Z
st_afinador-de-pianos:20,ChIJc8-sqCkmQg0Rm-dFjDZytJg,st_afinador-de-pianos.json,APIFY_GOOGLE_MAPS_SCRAPER,afinador de pianos,CRAFT_AND_REPAIR,PIANO_TECHNICIAN,Madrid,AREA_BOUNDING_BOX,"Madrid, Comunidad de Madrid, España",20,2026-10-06T23:09:10.132Z
st_alquiler-de-instrumentos-musicales:1,ChIJo0bP9-QoQg0RTqWyE8faJWI,st_alquiler-de-instrumentos-musicales.json,APIFY_GOOGLE_MAPS_SCRAPER,alquiler de instrumentos musicales,INSTRUMENTS,RENTAL,Madrid,AREA_BOUNDING_BOX,"Madrid, Comunidad de Madrid, España",1,2026-10-06T23:08:52.095Z
st_alquiler-de-instrumentos-musicales:2,ChIJfx6cEaYnQg0RFm-YmXVXy4g,st_alquiler-de-instrumentos-musicales.json,APIFY_GOOGLE_MAPS_SCRAPER,alquiler de instrumentos musicales,INSTRUMENTS,RENTAL,Madrid,AREA_BOUNDING_BOX,"Madrid, Comunidad de Madrid, España",2,2026-10-06T23:08:52.095Z
st_alquiler-de-instrumentos-musicales:3,ChIJMUJoejEnQg0RrQnHvWicVAc,st_alquiler-de-instrumentos-musicales.json,APIFY_GOOGLE_MAPS_SCRAPER,alquiler de instrumentos musicales,INSTRUMENTS,RENTAL,Madrid,AREA_BOUNDING_BOX,"Madrid, Comunidad de Madrid, España",3,2026-10-06T23:08:52.095Z
st_alquiler-de-instrumentos-musicales:4,ChIJOVdELb8lQg0RNoqghcFZI1c,st_alquiler-de-instrumentos-musicales.json,APIFY_GOOGLE_MAPS_SCRAPER,alquiler de instrumentos musicales,INSTRUMENTS,RENTAL,Madrid,AREA_BOUNDING_BOX,"Madrid, Comunidad de Madrid, España",4,2026-10-06T23:08:52.095Z
st_alquiler-de-instrumentos-musicales:5,ChIJW3Bh2kUlQg0RAHu4Nsjv0n8,st_alquiler-de-instrumentos-musicales.json,APIFY_GOOGLE_MAPS_SCRAPER,alquiler de instrumentos musicales,INSTRUMENTS,RENTAL,Madrid,AREA_BOUNDING_BOX,"Madrid, Comunidad de Madrid, España",5,2026-10-06T23:08:52.095Z
st_alquiler-de-instrumentos-musicales:6,ChIJzbWd8OYpQg0RLXr-WB8Kneg,st_alquiler-de-instrumentos-musicales.json,APIFY_GOOGLE_MAPS_SCRAPER,alquiler de instrumentos musicales,INSTRUMENTS,RENTAL,Madrid,AREA_BOUNDING_BOX,"Madrid, Comunidad de Madrid, España",6,2026-10-06T23:08:52.095Z
st_alquiler-de-instrumentos-musicales:7,ChIJWRfxl48oQg0RCmEER8_X0Y4,st_alquiler-de-instrumentos-musicales.json,APIFY_GOOGLE_MAPS_SCRAPER,alquiler de instrumentos musicales,INSTRUMENTS,RENTAL,Madrid,AREA_BOUNDING_BOX,"Madrid, Comunidad de Madrid, España",7,2026-10-06T23:08:52.095Z
st_alquiler-de-instrumentos-musicales:8,ChIJFcQjbAcpQg0RZL5mnU434Nc,st_alquiler-de-instrumentos-musicales.json,APIFY_GOOGLE_MAPS_SCRAPER,alquiler de instrumentos musicales,INSTRUMENTS,RENTAL,Madrid,AREA_BOUNDING_BOX,"Madrid, Comunidad de Madrid, España",8,2026-10-06T23:08:52.095Z
st_alquiler-de-instrumentos-musicales:9,ChIJyU-fxrYpQg0RDq72Lku2crA,st_alquiler-de-instrumentos-musicales.json,APIFY_GOOGLE_MAPS_SCRAPER,alquiler de instrumentos musicales,INSTRUMENTS,RENTAL,Madrid,AREA_BOUNDING_BOX,"Madrid, Comunidad de Madrid, España",9,2026-10-06T23:08:52.095Z
st_alquiler-de-instrumentos-musicales:10,ChIJcY4x9_EoQg0RkYF0L3dCLdw,st_alquiler-de-instrumentos-musicales.json,APIFY_GOOGLE_MAPS_SCRAPER,alquiler de instrumentos musicales,INSTRUMENTS,RENTAL,Madrid,AREA_BOUNDING_BOX,"Madrid, Comunidad de Madrid, España",10,2026-10-06T23:08:52.095Z
st_alquiler-de-instrumentos-musicales:11,ChIJ78EU_w0pQg0RbotQq2J2lwc,st_alquiler-de-instrumentos-musicales.json,APIFY_GOOGLE_MAPS_SCRAPER,alquiler de instrumentos musicales,INSTRUMENTS,RENTAL,Madrid,AREA_BOUNDING_BOX,"Madrid, Comunidad de Madrid, España",11,2026-10-06T23:08:52.095Z
st_alquiler-de-instrumentos-musicales:12,ChIJS3kvqY0oQg0R-m4yH1rBEKs,st_alquiler-de-instrumentos-musicales.json,APIFY_GOOGLE_MAPS_SCRAPER,alquiler de instrumentos musicales,INSTRUMENTS,RENTAL,Madrid,AREA_BOUNDING_BOX,"Madrid, Comunidad de Madrid, España",12,2026-10-06T23:08:52.095Z
st_alquiler-de-instrumentos-musicales:13,ChIJpdBKa_YnQg0R4n7Jfvrjwa8,st_alquiler-de-instrumentos-musicales.json,APIFY_GOOGLE_MAPS_SCRAPER,alquiler de instrumentos musicales,INSTRUMENTS,RENTAL,Madrid,AREA_BOUNDING_BOX,"Madrid, Comunidad de Madrid, España",13,2026-10-06T23:08:52.095Z
st_alquiler-de-instrumentos-musicales:14,ChIJ98GfcuwuQg0R-7SwuEnca-c,st_alquiler-de-instrumentos-musicales.json,APIFY_GOOGLE_MAPS_SCRAPER,alquiler de instrumentos musicales,INSTRUMENTS,RENTAL,Madrid,AREA_BOUNDING_BOX,"Madrid, Comunidad de Madrid, España",14,2026-10-06T23:08:52.095Z
st_alquiler-de-instrumentos-musicales:15,ChIJw3ng6LcoQg0R5FQUaOBPCS4,st_alquiler-de-instrumentos-musicales.json,APIFY_GOOGLE_MAPS_SCRAPER,alquiler de instrumentos musicales,INSTRUMENTS,RENTAL,Madrid,AREA_BOUNDING_BOX,"Madrid, Comunidad de Madrid, España",15,2026-10-06T23:08:52.095Z
st_alquiler-de-instrumentos-musicales:16,ChIJXSqZjvcoQg0RRxCPQGioUmA,st_alquiler-de-instrumentos-musicales.json,APIFY_GOOGLE_MAPS_SCRAPER,alquiler de instrumentos musicales,INSTRUMENTS,RENTAL,Madrid,AREA_BOUNDING_BOX,"Madrid, Comunidad de Madrid, España",16,2026-10-06T23:08:52.095Z
st_alquiler-de-instrumentos-musicales:17,ChIJ7exXzXUvQg0Rty6wSvsSAu0,st_alquiler-de-instrumentos-musicales.json,APIFY_GOOGLE_MAPS_SCRAPER,alquiler de instrumentos musicales,INSTRUMENTS,RENTAL,Madrid,AREA_BOUNDING_BOX,"Madrid, Comunidad de Madrid, España",17,2026-10-06T23:08:52.095Z
st_alquiler-de-instrumentos-musicales:18,ChIJB67y9H0sQg0ROTKx1b0QFS8,st_alquiler-de-instrumentos-musicales.json,APIFY_GOOGLE_MAPS_SCRAPER,alquiler de instrumentos musicales,INSTRUMENTS,RENTAL,Madrid,AREA_BOUNDING_BOX,"Madrid, Comunidad de Madrid, España",18,2026-10-06T23:08:52.095Z
st_alquiler-de-instrumentos-musicales:19,ChIJiefdynsoQg0RSIx9mnYXHUo,st_alquiler-de-instrumentos-musicales.json,APIFY_GOOGLE_MAPS_SCRAPER,alquiler de instrumentos musicales,INSTRUMENTS,RENTAL,Madrid,AREA_BOUNDING_BOX,"Madrid, Comunidad de Madrid, España",19,2026-10-06T23:08:52.095Z
st_alquiler-de-instrumentos-musicales:20,ChIJncWMskWDQQ0RtluG4RpMhDQ,st_alquiler-de-instrumentos-musicales.json,APIFY_GOOGLE_MAPS_SCRAPER,alquiler de instrumentos musicales,INSTRUMENTS,RENTAL,Madrid,AREA_BOUNDING_BOX,"Madrid, Comunidad de Madrid, España",20,2026-10-06T23:08:52.095Z
st_alquiler-de-instrumentos-musicales:21,ChIJxczXnegmQg0RqrTIB73_F1k,st_alquiler-de-instrumentos-musicales.json,APIFY_GOOGLE_MAPS_SCRAPER,alquiler de instrumentos musicales,INSTRUMENTS,RENTAL,Madrid,AREA_BOUNDING_BOX,"Madrid, Comunidad de Madrid, España",21,2026-10-06T23:08:52.095Z
st_alquiler-de-instrumentos-musicales:22,ChIJrRdqp0IoQg0Rux8dUVn0ll4,st_alquiler-de-instrumentos-musicales.json,APIFY_GOOGLE_MAPS_SCRAPER,alquiler de instrumentos musicales,INSTRUMENTS,RENTAL,Madrid,AREA_BOUNDING_BOX,"Madrid, Comunidad de Madrid, España",22,2026-10-06T23:08:52.095Z
st_alquiler-de-instrumentos-musicales:23,ChIJQRfVp4onQg0RXs7P1evGpWo,st_alquiler-de-instrumentos-musicales.json,APIFY_GOOGLE_MAPS_SCRAPER,alquiler de instrumentos musicales,INSTRUMENTS,RENTAL,Madrid,AREA_BOUNDING_BOX,"Madrid, Comunidad de Madrid, España",23,2026-10-06T23:08:52.095Z
st_alquiler-de-instrumentos-musicales:24,ChIJYR3yfHkoQg0RZHP17EToW9g,st_alquiler-de-instrumentos-musicales.json,APIFY_GOOGLE_MAPS_SCRAPER,alquiler de instrumentos musicales,INSTRUMENTS,RENTAL,Madrid,AREA_BOUNDING_BOX,"Madrid, Comunidad de Madrid, España",24,2026-10-06T23:08:52.095Z
st_alquiler-de-instrumentos-musicales:25,ChIJrQJFX44oQg0RqOnpf8QnYPk,st_alquiler-de-instrumentos-musicales.json,APIFY_GOOGLE_MAPS_SCRAPER,alquiler de instrumentos musicales,INSTRUMENTS,RENTAL,Madrid,AREA_BOUNDING_BOX,"Madrid, Comunidad de Madrid, España",25,2026-10-06T23:08:52.095Z
st_alquiler-de-instrumentos-musicales:26,ChIJb9dRXT8vQg0R9L5iLu9A8fc,st_alquiler-de-instrumentos-musicales.json,APIFY_GOOGLE_MAPS_SCRAPER,alquiler de instrumentos musicales,INSTRUMENTS,RENTAL,Madrid,AREA_BOUNDING_BOX,"Madrid, Comunidad de Madrid, España",26,2026-10-06T23:08:52.095Z
st_alquiler-de-instrumentos-musicales:27,ChIJEYN12CsvQg0R46jXSPw9NLE,st_alquiler-de-instrumentos-musicales.json,APIFY_GOOGLE_MAPS_SCRAPER,alquiler de instrumentos musicales,INSTRUMENTS,RENTAL,Madrid,AREA_BOUNDING_BOX,"Madrid, Comunidad de Madrid, España",27,2026-10-06T23:08:52.095Z
st_alquiler-de-instrumentos-musicales:28,ChIJlbMs4ikmQg0RjwPA5Ta1NbU,st_alquiler-de-instrumentos-musicales.json,APIFY_GOOGLE_MAPS_SCRAPER,alquiler de instrumentos musicales,INSTRUMENTS,RENTAL,Madrid,AREA_BOUNDING_BOX,"Madrid, Comunidad de Madrid, España",28,2026-10-06T23:08:52.096Z
st_alquiler-de-instrumentos-musicales:29,ChIJH_GUqX4sQg0R6FUm1_unXKM,st_alquiler-de-instrumentos-musicales.json,APIFY_GOOGLE_MAPS_SCRAPER,alquiler de instrumentos musicales,INSTRUMENTS,RENTAL,Madrid,AREA_BOUNDING_BOX,"Madrid, Comunidad de Madrid, España",29,2026-10-06T23:08:52.096Z
st_alquiler-de-instrumentos-musicales:30,ChIJU1A6_MAnQg0Ru5ydJO8m118,st_alquiler-de-instrumentos-musicales.json,APIFY_GOOGLE_MAPS_SCRAPER,alquiler de instrumentos musicales,INSTRUMENTS,RENTAL,Madrid,AREA_BOUNDING_BOX,"Madrid, Comunidad de Madrid, España",30,2026-10-06T23:08:52.096Z
st_alquiler-de-instrumentos-musicales:31,ChIJ2bLu8IkmQg0RjH-2Qeef8I8,st_alquiler-de-instrumentos-musicales.json,APIFY_GOOGLE_MAPS_SCRAPER,alquiler de instrumentos musicales,INSTRUMENTS,RENTAL,Madrid,AREA_BOUNDING_BOX,"Madrid, Comunidad de Madrid, España",31,2026-10-06T23:08:52.096Z
st_alquiler-de-instrumentos-musicales:32,ChIJyeWvZKMvQg0RSxwbQcxslQo,st_alquiler-de-instrumentos-musicales.json,APIFY_GOOGLE_MAPS_SCRAPER,alquiler de instrumentos musicales,INSTRUMENTS,RENTAL,Madrid,AREA_BOUNDING_BOX,"Madrid, Comunidad de Madrid, España",32,2026-10-06T23:08:52.096Z
st_alquiler-de-instrumentos-musicales:33,ChIJW90MQXQmQg0RTfIXcVTTbig,st_alquiler-de-instrumentos-musicales.json,APIFY_GOOGLE_MAPS_SCRAPER,alquiler de instrumentos musicales,INSTRUMENTS,RENTAL,Madrid,AREA_BOUNDING_BOX,"Madrid, Comunidad de Madrid, España",33,2026-10-06T23:08:52.096Z
st_alquiler-de-instrumentos-musicales:34,ChIJi-ruNygmQg0Rp_Jojq6thwo,st_alquiler-de-instrumentos-musicales.json,APIFY_GOOGLE_MAPS_SCRAPER,alquiler de instrumentos musicales,INSTRUMENTS,RENTAL,Madrid,AREA_BOUNDING_BOX,"Madrid, Comunidad de Madrid, España",34,2026-10-06T23:08:52.096Z
st_alquiler-de-instrumentos-musicales:35,ChIJD_hJStwlQg0RkY8gmJU-YAU,st_alquiler-de-instrumentos-musicales.json,APIFY_GOOGLE_MAPS_SCRAPER,alquiler de instrumentos musicales,INSTRUMENTS,RENTAL,Madrid,AREA_BOUNDING_BOX,"Madrid, Comunidad de Madrid, España",35,2026-10-06T23:08:52.096Z
st_alquiler-de-instrumentos-musicales:36,ChIJc95BBwYvQg0RFzfgk8tWmAI,st_alquiler-de-instrumentos-musicales.json,APIFY_GOOGLE_MAPS_SCRAPER,alquiler de instrumentos musicales,INSTRUMENTS,RENTAL,Madrid,AREA_BOUNDING_BOX,"Madrid, Comunidad de Madrid, España",36,2026-10-06T23:08:52.096Z
st_alquiler-de-instrumentos-musicales:37,ChIJR5v4Q9knQg0Rd7FEyparmTU,st_alquiler-de-instrumentos-musicales.json,APIFY_GOOGLE_MAPS_SCRAPER,alquiler de instrumentos musicales,INSTRUMENTS,RENTAL,Madrid,AREA_BOUNDING_BOX,"Madrid, Comunidad de Madrid, España",37,2026-10-06T23:08:52.096Z
st_alquiler-de-instrumentos-musicales:38,ChIJITjYnCUmQg0REYMM-GkEfh8,st_alquiler-de-instrumentos-musicales.json,APIFY_GOOGLE_MAPS_SCRAPER,alquiler de instrumentos musicales,INSTRUMENTS,RENTAL,Madrid,AREA_BOUNDING_BOX,"Madrid, Comunidad de Madrid, España",38,2026-10-06T23:08:52.096Z
st_alquiler-de-instrumentos-musicales:39,ChIJuclz7SomQg0RIAIefh8a2kY,st_alquiler-de-instrumentos-musicales.json,APIFY_GOOGLE_MAPS_SCRAPER,alquiler de instrumentos musicales,INSTRUMENTS,RENTAL,Madrid,AREA_BOUNDING_BOX,"Madrid, Comunidad de Madrid, España",39,2026-10-06T23:08:52.096Z
st_alquiler-de-instrumentos-musicales:40,ChIJKelcxcr29WARXeNRtHUkTT4,st_alquiler-de-instrumentos-musicales.json,APIFY_GOOGLE_MAPS_SCRAPER,alquiler de instrumentos musicales,INSTRUMENTS,RENTAL,Madrid,AREA_BOUNDING_BOX,"Madrid, Comunidad de Madrid, España",40,2026-10-06T23:08:52.096Z
st_alquiler-de-instrumentos-musicales:41,ChIJkT7CHMkoQg0RH33BpGNJy1g,st_alquiler-de-instrumentos-musicales.json,APIFY_GOOGLE_MAPS_SCRAPER,alquiler de instrumentos musicales,INSTRUMENTS,RENTAL,Madrid,AREA_BOUNDING_BOX,"Madrid, Comunidad de Madrid, España",41,2026-10-06T23:08:52.096Z
st_alquiler-de-instrumentos-musicales:42,ChIJ3zLVGBktQg0RROo_Y-qYatA,st_alquiler-de-instrumentos-musicales.json,APIFY_GOOGLE_MAPS_SCRAPER,alquiler de instrumentos musicales,INSTRUMENTS,RENTAL,Madrid,AREA_BOUNDING_BOX,"Madrid, Comunidad de Madrid, España",42,2026-10-06T23:08:52.096Z
st_alquiler-de-instrumentos-musicales:43,ChIJW9quJBglQg0Rr5HWTnh_FgA,st_alquiler-de-instrumentos-musicales.json,APIFY_GOOGLE_MAPS_SCRAPER,alquiler de instrumentos musicales,INSTRUMENTS,RENTAL,Madrid,AREA_BOUNDING_BOX,"Madrid, Comunidad de Madrid, España",43,2026-10-06T23:08:52.096Z
st_alquiler-de-instrumentos-musicales:44,ChIJd-CHFfEpQg0RqWra8hwhwLg,st_alquiler-de-instrumentos-musicales.json,APIFY_GOOGLE_MAPS_SCRAPER,alquiler de instrumentos musicales,INSTRUMENTS,RENTAL,Madrid,AREA_BOUNDING_BOX,"Madrid, Comunidad de Madrid, España",44,2026-10-06T23:08:52.096Z
st_alquiler-de-instrumentos-musicales:45,ChIJietDZvooQg0RFBv-WJni--I,st_alquiler-de-instrumentos-musicales.json,APIFY_GOOGLE_MAPS_SCRAPER,alquiler de instrumentos musicales,INSTRUMENTS,RENTAL,Madrid,AREA_BOUNDING_BOX,"Madrid, Comunidad de Madrid, España",45,2026-10-06T23:08:52.096Z
st_alquiler-de-instrumentos-musicales:46,ChIJN2blglCJQQ0RnuVgkD6fKuk,st_alquiler-de-instrumentos-musicales.json,APIFY_GOOGLE_MAPS_SCRAPER,alquiler de instrumentos musicales,INSTRUMENTS,RENTAL,Madrid,AREA_BOUNDING_BOX,"Madrid, Comunidad de Madrid, España",46,2026-10-06T23:08:52.096Z
st_alquiler-de-instrumentos-musicales:47,ChIJUyCs90aPQQ0R_HX7iTkVUnw,st_alquiler-de-instrumentos-musicales.json,APIFY_GOOGLE_MAPS_SCRAPER,alquiler de instrumentos musicales,INSTRUMENTS,RENTAL,Madrid,AREA_BOUNDING_BOX,"Madrid, Comunidad de Madrid, España",47,2026-10-06T23:08:52.096Z
st_alquiler-de-instrumentos-musicales:48,ChIJj0-f3K38cQ0RIDyailccG-Y,st_alquiler-de-instrumentos-musicales.json,APIFY_GOOGLE_MAPS_SCRAPER,alquiler de instrumentos musicales,INSTRUMENTS,RENTAL,Madrid,AREA_BOUNDING_BOX,"Madrid, Comunidad de Madrid, España",48,2026-10-06T23:08:52.096Z
st_alquiler-de-instrumentos-musicales:49,ChIJy_WRgSolQg0RZm1-smgAZh8,st_alquiler-de-instrumentos-musicales.json,APIFY_GOOGLE_MAPS_SCRAPER,alquiler de instrumentos musicales,INSTRUMENTS,RENTAL,Madrid,AREA_BOUNDING_BOX,"Madrid, Comunidad de Madrid, España",49,2026-10-06T23:08:52.096Z
st_asociacion-musical:1,ChIJqZcWTcspQg0RR1vWpmSH5ZM,st_asociacion-musical.json,APIFY_GOOGLE_MAPS_SCRAPER,asociación musical,PERFORMING,CULTURAL_ASSOCIATION,Madrid,AREA_BOUNDING_BOX,"Madrid, Comunidad de Madrid, España",1,2026-10-06T23:08:44.674Z
st_asociacion-musical:2,ChIJu8zCDoMpQg0RRlTGrTrmk_s,st_asociacion-musical.json,APIFY_GOOGLE_MAPS_SCRAPER,asociación musical,PERFORMING,CULTURAL_ASSOCIATION,Madrid,AREA_BOUNDING_BOX,"Madrid, Comunidad de Madrid, España",2,2026-10-06T23:08:44.675Z
st_asociacion-musical:3,ChIJVVXFRVgoQg0Rnm8jk9SAAkU,st_asociacion-musical.json,APIFY_GOOGLE_MAPS_SCRAPER,asociación musical,PERFORMING,CULTURAL_ASSOCIATION,Madrid,AREA_BOUNDING_BOX,"Madrid, Comunidad de Madrid, España",3,2026-10-06T23:08:44.675Z
st_asociacion-musical:4,ChIJK4-pXh8pQg0R5IgFTJnTc3M,st_asociacion-musical.json,APIFY_GOOGLE_MAPS_SCRAPER,asociación musical,PERFORMING,CULTURAL_ASSOCIATION,Madrid,AREA_BOUNDING_BOX,"Madrid, Comunidad de Madrid, España",4,2026-10-06T23:08:44.675Z
st_asociacion-musical:5,ChIJxzkl58qHQQ0Ru8iaSdotiYI,st_asociacion-musical.json,APIFY_GOOGLE_MAPS_SCRAPER,asociación musical,PERFORMING,CULTURAL_ASSOCIATION,Madrid,AREA_BOUNDING_BOX,"Madrid, Comunidad de Madrid, España",5,2026-10-06T23:08:44.675Z
st_asociacion-musical:6,ChIJ7VlkvKspQg0RaIgDTnm1jF8,st_asociacion-musical.json,APIFY_GOOGLE_MAPS_SCRAPER,asociación musical,PERFORMING,CULTURAL_ASSOCIATION,Madrid,AREA_BOUNDING_BOX,"Madrid, Comunidad de Madrid, España",6,2026-10-06T23:08:44.675Z
st_asociacion-musical:7,ChIJb5zrKaMoQg0RPTtSeCWVfNE,st_asociacion-musical.json,APIFY_GOOGLE_MAPS_SCRAPER,asociación musical,PERFORMING,CULTURAL_ASSOCIATION,Madrid,AREA_BOUNDING_BOX,"Madrid, Comunidad de Madrid, España",7,2026-10-06T23:08:44.675Z
st_asociacion-musical:8,ChIJJYktXy4pQg0ROZlvCdyGIFg,st_asociacion-musical.json,APIFY_GOOGLE_MAPS_SCRAPER,asociación musical,PERFORMING,CULTURAL_ASSOCIATION,Madrid,AREA_BOUNDING_BOX,"Madrid, Comunidad de Madrid, España",8,2026-10-06T23:08:44.675Z
st_asociacion-musical:9,ChIJJ5w9dRspQg0R_4DEAlow9Us,st_asociacion-musical.json,APIFY_GOOGLE_MAPS_SCRAPER,asociación musical,PERFORMING,CULTURAL_ASSOCIATION,Madrid,AREA_BOUNDING_BOX,"Madrid, Comunidad de Madrid, España",9,2026-10-06T23:08:44.675Z
st_asociacion-musical:10,ChIJy3GkRQ8pQg0RG-38Xavvp1E,st_asociacion-musical.json,APIFY_GOOGLE_MAPS_SCRAPER,asociación musical,PERFORMING,CULTURAL_ASSOCIATION,Madrid,AREA_BOUNDING_BOX,"Madrid, Comunidad de Madrid, España",10,2026-10-06T23:08:44.675Z
st_asociacion-musical:11,ChIJ34UzQBKPQQ0RR9PBwUvsvu0,st_asociacion-musical.json,APIFY_GOOGLE_MAPS_SCRAPER,asociación musical,PERFORMING,CULTURAL_ASSOCIATION,Madrid,AREA_BOUNDING_BOX,"Madrid, Comunidad de Madrid, España",11,2026-10-06T23:08:44.675Z
st_asociacion-musical:12,ChIJa4HOFN4oQg0RNv9GmM9x70E,st_asociacion-musical.json,APIFY_GOOGLE_MAPS_SCRAPER,asociación musical,PERFORMING,CULTURAL_ASSOCIATION,Madrid,AREA_BOUNDING_BOX,"Madrid, Comunidad de Madrid, España",12,2026-10-06T23:08:44.675Z
st_asociacion-musical:13,ChIJicJlKFgoQg0RH2_l8TmfB0w,st_asociacion-musical.json,APIFY_GOOGLE_MAPS_SCRAPER,asociación musical,PERFORMING,CULTURAL_ASSOCIATION,Madrid,AREA_BOUNDING_BOX,"Madrid, Comunidad de Madrid, España",13,2026-10-06T23:08:44.675Z
st_asociacion-musical:14,ChIJGSqOQ9cpQg0RnyPqU66ME9o,st_asociacion-musical.json,APIFY_GOOGLE_MAPS_SCRAPER,asociación musical,PERFORMING,CULTURAL_ASSOCIATION,Madrid,AREA_BOUNDING_BOX,"Madrid, Comunidad de Madrid, España",14,2026-10-06T23:08:44.675Z
st_asociacion-musical:15,ChIJgSoxApAoQg0RZScSJF-OK2U,st_asociacion-musical.json,APIFY_GOOGLE_MAPS_SCRAPER,asociación musical,PERFORMING,CULTURAL_ASSOCIATION,Madrid,AREA_BOUNDING_BOX,"Madrid, Comunidad de Madrid, España",15,2026-10-06T23:08:44.675Z
st_asociacion-musical:16,ChIJsZQb8mwpQg0R5DpldByl79I,st_asociacion-musical.json,APIFY_GOOGLE_MAPS_SCRAPER,asociación musical,PERFORMING,CULTURAL_ASSOCIATION,Madrid,AREA_BOUNDING_BOX,"Madrid, Comunidad de Madrid, España",16,2026-10-06T23:08:44.675Z
st_asociacion-musical:17,ChIJbczLUeCipBIRCWgAgYRra88,st_asociacion-musical.json,APIFY_GOOGLE_MAPS_SCRAPER,asociación musical,PERFORMING,CULTURAL_ASSOCIATION,Madrid,AREA_BOUNDING_BOX,"Madrid, Comunidad de Madrid, España",17,2026-10-06T23:08:44.675Z
st_asociacion-musical:18,ChIJZxJkFxIpQg0R6RzedRlSi00,st_asociacion-musical.json,APIFY_GOOGLE_MAPS_SCRAPER,asociación musical,PERFORMING,CULTURAL_ASSOCIATION,Madrid,AREA_BOUNDING_BOX,"Madrid, Comunidad de Madrid, España",18,2026-10-06T23:08:44.675Z
st_asociacion-musical:19,ChIJh5Em348vQg0Rs-gg_neCzPI,st_asociacion-musical.json,APIFY_GOOGLE_MAPS_SCRAPER,asociación musical,PERFORMING,CULTURAL_ASSOCIATION,Madrid,AREA_BOUNDING_BOX,"Madrid, Comunidad de Madrid, España",19,2026-10-06T23:08:44.675Z
st_asociacion-musical:20,ChIJi4hl62ApQg0Rl68yRVzOaXs,st_asociacion-musical.json,APIFY_GOOGLE_MAPS_SCRAPER,asociación musical,PERFORMING,CULTURAL_ASSOCIATION,Madrid,AREA_BOUNDING_BOX,"Madrid, Comunidad de Madrid, España",20,2026-10-06T23:08:44.675Z
st_asociacion-musical:21,ChIJPTOeYrCOQQ0RfaUhpOmPRUU,st_asociacion-musical.json,APIFY_GOOGLE_MAPS_SCRAPER,asociación musical,PERFORMING,CULTURAL_ASSOCIATION,Madrid,AREA_BOUNDING_BOX,"Madrid, Comunidad de Madrid, España",21,2026-10-06T23:08:44.675Z
st_asociacion-musical:22,ChIJx_aw1CIpQg0R0H9eJo4gh_I,st_asociacion-musical.json,APIFY_GOOGLE_MAPS_SCRAPER,asociación musical,PERFORMING,CULTURAL_ASSOCIATION,Madrid,AREA_BOUNDING_BOX,"Madrid, Comunidad de Madrid, España",22,2026-10-06T23:08:44.675Z
st_asociacion-musical:23,ChIJ3wsrIlYoQg0RvuPGNivtwv8,st_asociacion-musical.json,APIFY_GOOGLE_MAPS_SCRAPER,asociación musical,PERFORMING,CULTURAL_ASSOCIATION,Madrid,AREA_BOUNDING_BOX,"Madrid, Comunidad de Madrid, España",23,2026-10-06T23:08:44.675Z
st_asociacion-musical:24,ChIJYyrO7k0pQg0RwdPxOIti2aA,st_asociacion-musical.json,APIFY_GOOGLE_MAPS_SCRAPER,asociación musical,PERFORMING,CULTURAL_ASSOCIATION,Madrid,AREA_BOUNDING_BOX,"Madrid, Comunidad de Madrid, España",24,2026-10-06T23:08:44.675Z
st_asociacion-musical:25,ChIJq9kJj9UuQg0RNlY-G9q56Bc,st_asociacion-musical.json,APIFY_GOOGLE_MAPS_SCRAPER,asociación musical,PERFORMING,CULTURAL_ASSOCIATION,Madrid,AREA_BOUNDING_BOX,"Madrid, Comunidad de Madrid, España",25,2026-10-06T23:08:44.675Z
st_asociacion-musical:26,ChIJf14DnCMpQg0RL22hYFB8sbY,st_asociacion-musical.json,APIFY_GOOGLE_MAPS_SCRAPER,asociación musical,PERFORMING,CULTURAL_ASSOCIATION,Madrid,AREA_BOUNDING_BOX,"Madrid, Comunidad de Madrid, España",26,2026-10-06T23:08:44.675Z
st_asociacion-musical:27,ChIJQytL2nGGQQ0R2SwlmOWocls,st_asociacion-musical.json,APIFY_GOOGLE_MAPS_SCRAPER,asociación musical,PERFORMING,CULTURAL_ASSOCIATION,Madrid,AREA_BOUNDING_BOX,"Madrid, Comunidad de Madrid, España",27,2026-10-06T23:08:44.675Z
st_asociacion-musical:28,ChIJg35BIgApQg0RaUwl614JEsE,st_asociacion-musical.json,APIFY_GOOGLE_MAPS_SCRAPER,asociación musical,PERFORMING,CULTURAL_ASSOCIATION,Madrid,AREA_BOUNDING_BOX,"Madrid, Comunidad de Madrid, España",28,2026-10-06T23:08:44.675Z
st_asociacion-musical:29,ChIJ7_V8iGMoQg0RlAX4y0TeBLk,st_asociacion-musical.json,APIFY_GOOGLE_MAPS_SCRAPER,asociación musical,PERFORMING,CULTURAL_ASSOCIATION,Madrid,AREA_BOUNDING_BOX,"Madrid, Comunidad de Madrid, España",29,2026-10-06T23:08:44.675Z
st_asociacion-musical:30,ChIJC_x_BzgnQg0R4ZaAcMzrth8,st_asociacion-musical.json,APIFY_GOOGLE_MAPS_SCRAPER,asociación musical,PERFORMING,CULTURAL_ASSOCIATION,Madrid,AREA_BOUNDING_BOX,"Madrid, Comunidad de Madrid, España",30,2026-10-06T23:08:44.675Z
st_asociacion-musical:31,ChIJ7_2XAzowQg0R3jLklNQUNpM,st_asociacion-musical.json,APIFY_GOOGLE_MAPS_SCRAPER,asociación musical,PERFORMING,CULTURAL_ASSOCIATION,Madrid,AREA_BOUNDING_BOX,"Madrid, Comunidad de Madrid, España",31,2026-10-06T23:08:44.675Z
st_asociacion-musical:32,ChIJdwbjv9UnQg0RH0Vm90kjp_Y,st_asociacion-musical.json,APIFY_GOOGLE_MAPS_SCRAPER,asociación musical,PERFORMING,CULTURAL_ASSOCIATION,Madrid,AREA_BOUNDING_BOX,"Madrid, Comunidad de Madrid, España",32,2026-10-06T23:08:44.675Z
st_asociacion-musical:33,ChIJkT7CHMkoQg0RH33BpGNJy1g,st_asociacion-musical.json,APIFY_GOOGLE_MAPS_SCRAPER,asociación musical,PERFORMING,CULTURAL_ASSOCIATION,Madrid,AREA_BOUNDING_BOX,"Madrid, Comunidad de Madrid, España",33,2026-10-06T23:08:44.675Z
st_asociacion-musical:34,ChIJ1X-JWOQpQg0R9Cw9A32aVLs,st_asociacion-musical.json,APIFY_GOOGLE_MAPS_SCRAPER,asociación musical,PERFORMING,CULTURAL_ASSOCIATION,Madrid,AREA_BOUNDING_BOX,"Madrid, Comunidad de Madrid, España",34,2026-10-06T23:08:44.675Z
st_asociacion-musical:35,ChIJk28zPZspQg0RsLPRWgrLaHE,st_asociacion-musical.json,APIFY_GOOGLE_MAPS_SCRAPER,asociación musical,PERFORMING,CULTURAL_ASSOCIATION,Madrid,AREA_BOUNDING_BOX,"Madrid, Comunidad de Madrid, España",35,2026-10-06T23:08:44.675Z
st_asociacion-musical:36,ChIJyfpvN5ApQg0RTPhLUnKMIVI,st_asociacion-musical.json,APIFY_GOOGLE_MAPS_SCRAPER,asociación musical,PERFORMING,CULTURAL_ASSOCIATION,Madrid,AREA_BOUNDING_BOX,"Madrid, Comunidad de Madrid, España",36,2026-10-06T23:08:44.675Z
st_asociacion-musical:37,ChIJy0Hh83ooQg0RU0Ib3P-yYQg,st_asociacion-musical.json,APIFY_GOOGLE_MAPS_SCRAPER,asociación musical,PERFORMING,CULTURAL_ASSOCIATION,Madrid,AREA_BOUNDING_BOX,"Madrid, Comunidad de Madrid, España",37,2026-10-06T23:08:44.675Z
st_asociacion-musical:38,ChIJ7el16DovQg0Rw-3gw_uhlPI,st_asociacion-musical.json,APIFY_GOOGLE_MAPS_SCRAPER,asociación musical,PERFORMING,CULTURAL_ASSOCIATION,Madrid,AREA_BOUNDING_BOX,"Madrid, Comunidad de Madrid, España",38,2026-10-06T23:08:44.675Z
st_asociacion-musical:39,ChIJMfEFihApQg0RPsN3wRa4llY,st_asociacion-musical.json,APIFY_GOOGLE_MAPS_SCRAPER,asociación musical,PERFORMING,CULTURAL_ASSOCIATION,Madrid,AREA_BOUNDING_BOX,"Madrid, Comunidad de Madrid, España",39,2026-10-06T23:08:44.675Z
st_asociacion-musical:40,ChIJJVgcEukpQg0RkCkYTB6a528,st_asociacion-musical.json,APIFY_GOOGLE_MAPS_SCRAPER,asociación musical,PERFORMING,CULTURAL_ASSOCIATION,Madrid,AREA_BOUNDING_BOX,"Madrid, Comunidad de Madrid, España",40,2026-10-06T23:08:44.675Z
st_asociacion-musical:41,ChIJu2ykg26IQQ0RCjnzmdFMTYM,st_asociacion-musical.json,APIFY_GOOGLE_MAPS_SCRAPER,asociación musical,PERFORMING,CULTURAL_ASSOCIATION,Madrid,AREA_BOUNDING_BOX,"Madrid, Comunidad de Madrid, España",41,2026-10-06T23:08:44.675Z
st_asociacion-musical:42,ChIJ1R1_6oAoQg0RuBUQuElLpfY,st_asociacion-musical.json,APIFY_GOOGLE_MAPS_SCRAPER,asociación musical,PERFORMING,CULTURAL_ASSOCIATION,Madrid,AREA_BOUNDING_BOX,"Madrid, Comunidad de Madrid, España",42,2026-10-06T23:08:44.675Z
st_asociacion-musical:43,ChIJ8zBuMf0nQg0R0rWIPYi9DgA,st_asociacion-musical.json,APIFY_GOOGLE_MAPS_SCRAPER,asociación musical,PERFORMING,CULTURAL_ASSOCIATION,Madrid,AREA_BOUNDING_BOX,"Madrid, Comunidad de Madrid, España",43,2026-10-06T23:08:44.675Z
st_asociacion-musical:44,ChIJr7yUeykmQg0R1S3rJ2oR8Kc,st_asociacion-musical.json,APIFY_GOOGLE_MAPS_SCRAPER,asociación musical,PERFORMING,CULTURAL_ASSOCIATION,Madrid,AREA_BOUNDING_BOX,"Madrid, Comunidad de Madrid, España",44,2026-10-06T23:08:44.675Z
st_asociacion-musical:45,ChIJx3pZppUnQg0RPQ2dCS1hYsI,st_asociacion-musical.json,APIFY_GOOGLE_MAPS_SCRAPER,asociación musical,PERFORMING,CULTURAL_ASSOCIATION,Madrid,AREA_BOUNDING_BOX,"Madrid, Comunidad de Madrid, España",45,2026-10-06T23:08:44.675Z
st_asociacion-musical:46,ChIJUTSQcjwvQg0Rrpdh70xaOEI,st_asociacion-musical.json,APIFY_GOOGLE_MAPS_SCRAPER,asociación musical,PERFORMING,CULTURAL_ASSOCIATION,Madrid,AREA_BOUNDING_BOX,"Madrid, Comunidad de Madrid, España",46,2026-10-06T23:08:44.675Z
st_asociacion-musical:47,ChIJDxg15e0uQg0RCBCr7tX8S-o,st_asociacion-musical.json,APIFY_GOOGLE_MAPS_SCRAPER,asociación musical,PERFORMING,CULTURAL_ASSOCIATION,Madrid,AREA_BOUNDING_BOX,"Madrid, Comunidad de Madrid, España",47,2026-10-06T23:08:44.676Z
st_asociacion-musical:48,ChIJYWO8rRcpQg0RuTxQn9FlS4E,st_asociacion-musical.json,APIFY_GOOGLE_MAPS_SCRAPER,asociación musical,PERFORMING,CULTURAL_ASSOCIATION,Madrid,AREA_BOUNDING_BOX,"Madrid, Comunidad de Madrid, España",48,2026-10-06T23:08:44.676Z
st_asociacion-musical:49,ChIJK89vw6FlUycRbpWXBfG8EGQ,st_asociacion-musical.json,APIFY_GOOGLE_MAPS_SCRAPER,asociación musical,PERFORMING,CULTURAL_ASSOCIATION,Madrid,AREA_BOUNDING_BOX,"Madrid, Comunidad de Madrid, España",49,2026-10-06T23:08:44.676Z
st_coro:1,ChIJdz4hpJwpQg0R_Wkm4uOZcYc,st_coro.json,APIFY_GOOGLE_MAPS_SCRAPER,coro,PERFORMING,CHOIR,Madrid,AREA_BOUNDING_BOX,"Madrid, Comunidad de Madrid, España",1,2026-10-06T23:08:38.331Z
st_coro:2,ChIJHwV1cBYpQg0R1fXMhDbj3e4,st_coro.json,APIFY_GOOGLE_MAPS_SCRAPER,coro,PERFORMING,CHOIR,Madrid,AREA_BOUNDING_BOX,"Madrid, Comunidad de Madrid, España",2,2026-10-06T23:08:38.331Z
st_coro:3,ChIJ6YPZAQwpQg0RhH5qTyc_dpE,st_coro.json,APIFY_GOOGLE_MAPS_SCRAPER,coro,PERFORMING,CHOIR,Madrid,AREA_BOUNDING_BOX,"Madrid, Comunidad de Madrid, España",3,2026-10-06T23:08:38.331Z
st_coro:4,ChIJkYNcsuMpQg0RFw3aClL5Tzs,st_coro.json,APIFY_GOOGLE_MAPS_SCRAPER,coro,PERFORMING,CHOIR,Madrid,AREA_BOUNDING_BOX,"Madrid, Comunidad de Madrid, España",4,2026-10-06T23:08:38.331Z
st_coro:5,ChIJ7_2XAzowQg0R3jLklNQUNpM,st_coro.json,APIFY_GOOGLE_MAPS_SCRAPER,coro,PERFORMING,CHOIR,Madrid,AREA_BOUNDING_BOX,"Madrid, Comunidad de Madrid, España",5,2026-10-06T23:08:38.331Z
st_coro:6,ChIJnS0zJcwpQg0RpMl05-ZSaSM,st_coro.json,APIFY_GOOGLE_MAPS_SCRAPER,coro,PERFORMING,CHOIR,Madrid,AREA_BOUNDING_BOX,"Madrid, Comunidad de Madrid, España",6,2026-10-06T23:08:38.331Z
st_coro:7,ChIJU7IVnHsvQg0RyVOGRE2vjlU,st_coro.json,APIFY_GOOGLE_MAPS_SCRAPER,coro,PERFORMING,CHOIR,Madrid,AREA_BOUNDING_BOX,"Madrid, Comunidad de Madrid, España",7,2026-10-06T23:08:38.331Z
st_coro:8,ChIJBUScLZEoQg0RPyu2pjIzksA,st_coro.json,APIFY_GOOGLE_MAPS_SCRAPER,coro,PERFORMING,CHOIR,Madrid,AREA_BOUNDING_BOX,"Madrid, Comunidad de Madrid, España",8,2026-10-06T23:08:38.331Z
st_coro:9,ChIJ5V-7_bsoQg0Rpcx3gwnYd3c,st_coro.json,APIFY_GOOGLE_MAPS_SCRAPER,coro,PERFORMING,CHOIR,Madrid,AREA_BOUNDING_BOX,"Madrid, Comunidad de Madrid, España",9,2026-10-06T23:08:38.331Z
st_coro:10,ChIJE8R0PTcpQg0Rp0GGy-3kG5U,st_coro.json,APIFY_GOOGLE_MAPS_SCRAPER,coro,PERFORMING,CHOIR,Madrid,AREA_BOUNDING_BOX,"Madrid, Comunidad de Madrid, España",10,2026-10-06T23:08:38.331Z
st_coro:11,ChIJE43p2sAuQg0Rl34np4OCQ-E,st_coro.json,APIFY_GOOGLE_MAPS_SCRAPER,coro,PERFORMING,CHOIR,Madrid,AREA_BOUNDING_BOX,"Madrid, Comunidad de Madrid, España",11,2026-10-06T23:08:38.331Z
st_coro:12,ChIJMymoWgAnQg0R7vW9xhIpgAY,st_coro.json,APIFY_GOOGLE_MAPS_SCRAPER,coro,PERFORMING,CHOIR,Madrid,AREA_BOUNDING_BOX,"Madrid, Comunidad de Madrid, España",12,2026-10-06T23:08:38.331Z
st_coro:13,ChIJZ6phnV0oQg0RzQaDT1s-LJs,st_coro.json,APIFY_GOOGLE_MAPS_SCRAPER,coro,PERFORMING,CHOIR,Madrid,AREA_BOUNDING_BOX,"Madrid, Comunidad de Madrid, España",13,2026-10-06T23:08:38.331Z
st_coro:14,ChIJpyYT0NYpQg0R-h7aiIyc9us,st_coro.json,APIFY_GOOGLE_MAPS_SCRAPER,coro,PERFORMING,CHOIR,Madrid,AREA_BOUNDING_BOX,"Madrid, Comunidad de Madrid, España",14,2026-10-06T23:08:38.331Z
st_coro:15,ChIJh8ubrBIoQg0RAYnNUXgbAR0,st_coro.json,APIFY_GOOGLE_MAPS_SCRAPER,coro,PERFORMING,CHOIR,Madrid,AREA_BOUNDING_BOX,"Madrid, Comunidad de Madrid, España",15,2026-10-06T23:08:38.331Z
st_coro:16,ChIJ7R_aY2EoQg0RPRCqPhMe6Ro,st_coro.json,APIFY_GOOGLE_MAPS_SCRAPER,coro,PERFORMING,CHOIR,Madrid,AREA_BOUNDING_BOX,"Madrid, Comunidad de Madrid, España",16,2026-10-06T23:08:38.331Z
st_coro:17,ChIJVVVp3pQoQg0Ru1W2IFGdYWY,st_coro.json,APIFY_GOOGLE_MAPS_SCRAPER,coro,PERFORMING,CHOIR,Madrid,AREA_BOUNDING_BOX,"Madrid, Comunidad de Madrid, España",17,2026-10-06T23:08:38.331Z
st_coro:18,ChIJ7zGlYComQg0R2p0ONIgkySU,st_coro.json,APIFY_GOOGLE_MAPS_SCRAPER,coro,PERFORMING,CHOIR,Madrid,AREA_BOUNDING_BOX,"Madrid, Comunidad de Madrid, España",18,2026-10-06T23:08:38.331Z
st_coro:19,ChIJb6ZeZAApQg0RcQnpBhYA4-c,st_coro.json,APIFY_GOOGLE_MAPS_SCRAPER,coro,PERFORMING,CHOIR,Madrid,AREA_BOUNDING_BOX,"Madrid, Comunidad de Madrid, España",19,2026-10-06T23:08:38.331Z
st_coro:20,ChIJ84UMMRQnQg0RWZOIBsMmoy8,st_coro.json,APIFY_GOOGLE_MAPS_SCRAPER,coro,PERFORMING,CHOIR,Madrid,AREA_BOUNDING_BOX,"Madrid, Comunidad de Madrid, España",20,2026-10-06T23:08:38.331Z
st_coro:21,ChIJWwje4ygmQg0Rpd3a0UGttsw,st_coro.json,APIFY_GOOGLE_MAPS_SCRAPER,coro,PERFORMING,CHOIR,Madrid,AREA_BOUNDING_BOX,"Madrid, Comunidad de Madrid, España",21,2026-10-06T23:08:38.331Z
st_coro:22,ChIJbUPXwH4oQg0R6tVWcKSzLY8,st_coro.json,APIFY_GOOGLE_MAPS_SCRAPER,coro,PERFORMING,CHOIR,Madrid,AREA_BOUNDING_BOX,"Madrid, Comunidad de Madrid, España",22,2026-10-06T23:08:38.331Z
st_coro:23,ChIJ-2hAITQmQg0RFiLNpFvDQMg,st_coro.json,APIFY_GOOGLE_MAPS_SCRAPER,coro,PERFORMING,CHOIR,Madrid,AREA_BOUNDING_BOX,"Madrid, Comunidad de Madrid, España",23,2026-10-06T23:08:38.331Z
st_coro:24,ChIJh7SiR8cpQg0R-dDcTQFiRw8,st_coro.json,APIFY_GOOGLE_MAPS_SCRAPER,coro,PERFORMING,CHOIR,Madrid,AREA_BOUNDING_BOX,"Madrid, Comunidad de Madrid, España",24,2026-10-06T23:08:38.331Z
st_coro:25,ChIJP29ICCiIQQ0RBC1LNdXCB9A,st_coro.json,APIFY_GOOGLE_MAPS_SCRAPER,coro,PERFORMING,CHOIR,Madrid,AREA_BOUNDING_BOX,"Madrid, Comunidad de Madrid, España",25,2026-10-06T23:08:38.331Z
st_coro:26,ChIJu8zCDoMpQg0RRlTGrTrmk_s,st_coro.json,APIFY_GOOGLE_MAPS_SCRAPER,coro,PERFORMING,CHOIR,Madrid,AREA_BOUNDING_BOX,"Madrid, Comunidad de Madrid, España",26,2026-10-06T23:08:38.332Z
st_coro:27,ChIJw_SIDSoyQg0RhNSfZAjVRZk,st_coro.json,APIFY_GOOGLE_MAPS_SCRAPER,coro,PERFORMING,CHOIR,Madrid,AREA_BOUNDING_BOX,"Madrid, Comunidad de Madrid, España",27,2026-10-06T23:08:38.332Z
st_coro:28,ChIJL1Neb8slQg0RDM3GYRvOVL8,st_coro.json,APIFY_GOOGLE_MAPS_SCRAPER,coro,PERFORMING,CHOIR,Madrid,AREA_BOUNDING_BOX,"Madrid, Comunidad de Madrid, España",28,2026-10-06T23:08:38.332Z
st_coro:29,ChIJ49YtsMKDQQ0Rn9NjbVUM-Fg,st_coro.json,APIFY_GOOGLE_MAPS_SCRAPER,coro,PERFORMING,CHOIR,Madrid,AREA_BOUNDING_BOX,"Madrid, Comunidad de Madrid, España",29,2026-10-06T23:08:38.332Z
st_coro:30,ChIJJa0WDg6HQQ0Rtdw4phf1p_4,st_coro.json,APIFY_GOOGLE_MAPS_SCRAPER,coro,PERFORMING,CHOIR,Madrid,AREA_BOUNDING_BOX,"Madrid, Comunidad de Madrid, España",30,2026-10-06T23:08:38.332Z
st_coro:31,ChIJ4y7zJ3Z2QQ0RlkOWgJ9oAGY,st_coro.json,APIFY_GOOGLE_MAPS_SCRAPER,coro,PERFORMING,CHOIR,Madrid,AREA_BOUNDING_BOX,"Madrid, Comunidad de Madrid, España",31,2026-10-06T23:08:38.332Z
st_coro:32,ChIJ43BiZoQvQg0RJbEavko3td0,st_coro.json,APIFY_GOOGLE_MAPS_SCRAPER,coro,PERFORMING,CHOIR,Madrid,AREA_BOUNDING_BOX,"Madrid, Comunidad de Madrid, España",32,2026-10-06T23:08:38.332Z
st_coro:33,ChIJ2ROefAAnQg0RCLMEf0PGJnk,st_coro.json,APIFY_GOOGLE_MAPS_SCRAPER,coro,PERFORMING,CHOIR,Madrid,AREA_BOUNDING_BOX,"Madrid, Comunidad de Madrid, España",33,2026-10-06T23:08:38.332Z
st_coro:34,ChIJ-yGryZIsQg0RCViE6iHSlrk,st_coro.json,APIFY_GOOGLE_MAPS_SCRAPER,coro,PERFORMING,CHOIR,Madrid,AREA_BOUNDING_BOX,"Madrid, Comunidad de Madrid, España",34,2026-10-06T23:08:38.332Z
st_coro:35,ChIJyVf1tukpQg0R1Lc97Se61a8,st_coro.json,APIFY_GOOGLE_MAPS_SCRAPER,coro,PERFORMING,CHOIR,Madrid,AREA_BOUNDING_BOX,"Madrid, Comunidad de Madrid, España",35,2026-10-06T23:08:38.332Z
st_coro:36,ChIJtwiRxs0nQg0R_nxldyhgs58,st_coro.json,APIFY_GOOGLE_MAPS_SCRAPER,coro,PERFORMING,CHOIR,Madrid,AREA_BOUNDING_BOX,"Madrid, Comunidad de Madrid, España",36,2026-10-06T23:08:38.332Z
st_coro:37,ChIJI8atHsclQg0RIAkpMCAKrbE,st_coro.json,APIFY_GOOGLE_MAPS_SCRAPER,coro,PERFORMING,CHOIR,Madrid,AREA_BOUNDING_BOX,"Madrid, Comunidad de Madrid, España",37,2026-10-06T23:08:38.332Z
st_coro:38,ChIJu2nDsU4oQg0RUBtGnqnTdDE,st_coro.json,APIFY_GOOGLE_MAPS_SCRAPER,coro,PERFORMING,CHOIR,Madrid,AREA_BOUNDING_BOX,"Madrid, Comunidad de Madrid, España",38,2026-10-06T23:08:38.332Z
st_coro:39,ChIJY-BwHXIpQg0RCG-atj8uv54,st_coro.json,APIFY_GOOGLE_MAPS_SCRAPER,coro,PERFORMING,CHOIR,Madrid,AREA_BOUNDING_BOX,"Madrid, Comunidad de Madrid, España",39,2026-10-06T23:08:38.332Z
st_coro:40,ChIJjfgZ1e8oQg0RPSTWGJefa7Q,st_coro.json,APIFY_GOOGLE_MAPS_SCRAPER,coro,PERFORMING,CHOIR,Madrid,AREA_BOUNDING_BOX,"Madrid, Comunidad de Madrid, España",40,2026-10-06T23:08:38.332Z
st_coro:41,ChIJ85f5uvMpQg0RnvQ2rwYos-w,st_coro.json,APIFY_GOOGLE_MAPS_SCRAPER,coro,PERFORMING,CHOIR,Madrid,AREA_BOUNDING_BOX,"Madrid, Comunidad de Madrid, España",41,2026-10-06T23:08:38.332Z
st_coro:42,ChIJ64WVzqQpQg0RbQbtas3eXHg,st_coro.json,APIFY_GOOGLE_MAPS_SCRAPER,coro,PERFORMING,CHOIR,Madrid,AREA_BOUNDING_BOX,"Madrid, Comunidad de Madrid, España",42,2026-10-06T23:08:38.332Z
st_coro:43,ChIJn8MTVM4hb04RJwYEEk9plFY,st_coro.json,APIFY_GOOGLE_MAPS_SCRAPER,coro,PERFORMING,CHOIR,Madrid,AREA_BOUNDING_BOX,"Madrid, Comunidad de Madrid, España",43,2026-10-06T23:08:38.332Z
st_coro:44,ChIJ__9r8HQoQg0RRuoYQIp44DE,st_coro.json,APIFY_GOOGLE_MAPS_SCRAPER,coro,PERFORMING,CHOIR,Madrid,AREA_BOUNDING_BOX,"Madrid, Comunidad de Madrid, España",44,2026-10-06T23:08:38.332Z
st_coro:45,ChIJaxP3w507Qg0RWgFQwLsYUfw,st_coro.json,APIFY_GOOGLE_MAPS_SCRAPER,coro,PERFORMING,CHOIR,Madrid,AREA_BOUNDING_BOX,"Madrid, Comunidad de Madrid, España",45,2026-10-06T23:08:38.332Z
st_coro:46,ChIJVVUpTNooQg0RnLuvj5fiH6A,st_coro.json,APIFY_GOOGLE_MAPS_SCRAPER,coro,PERFORMING,CHOIR,Madrid,AREA_BOUNDING_BOX,"Madrid, Comunidad de Madrid, España",46,2026-10-06T23:08:38.332Z
st_coro:47,ChIJo0P8v64pQg0Ryk_N0SZr4L0,st_coro.json,APIFY_GOOGLE_MAPS_SCRAPER,coro,PERFORMING,CHOIR,Madrid,AREA_BOUNDING_BOX,"Madrid, Comunidad de Madrid, España",47,2026-10-06T23:08:38.332Z
st_distribuidor-de-instrumentos-musicales:1,ChIJcY4x9_EoQg0RkYF0L3dCLdw,st_distribuidor-de-instrumentos-musicales.json,APIFY_GOOGLE_MAPS_SCRAPER,distribuidor de instrumentos musicales,INSTRUMENTS,DISTRIBUTION,Madrid,AREA_BOUNDING_BOX,"Madrid, Comunidad de Madrid, España",1,2026-10-06T23:08:56.053Z
st_distribuidor-de-instrumentos-musicales:2,ChIJw3ng6LcoQg0R5FQUaOBPCS4,st_distribuidor-de-instrumentos-musicales.json,APIFY_GOOGLE_MAPS_SCRAPER,distribuidor de instrumentos musicales,INSTRUMENTS,DISTRIBUTION,Madrid,AREA_BOUNDING_BOX,"Madrid, Comunidad de Madrid, España",2,2026-10-06T23:08:56.053Z
st_distribuidor-de-instrumentos-musicales:3,ChIJYR3yfHkoQg0RZHP17EToW9g,st_distribuidor-de-instrumentos-musicales.json,APIFY_GOOGLE_MAPS_SCRAPER,distribuidor de instrumentos musicales,INSTRUMENTS,DISTRIBUTION,Madrid,AREA_BOUNDING_BOX,"Madrid, Comunidad de Madrid, España",3,2026-10-06T23:08:56.053Z
st_distribuidor-de-instrumentos-musicales:4,ChIJrQJFX44oQg0RqOnpf8QnYPk,st_distribuidor-de-instrumentos-musicales.json,APIFY_GOOGLE_MAPS_SCRAPER,distribuidor de instrumentos musicales,INSTRUMENTS,DISTRIBUTION,Madrid,AREA_BOUNDING_BOX,"Madrid, Comunidad de Madrid, España",4,2026-10-06T23:08:56.053Z
st_distribuidor-de-instrumentos-musicales:5,ChIJQRfVp4onQg0RXs7P1evGpWo,st_distribuidor-de-instrumentos-musicales.json,APIFY_GOOGLE_MAPS_SCRAPER,distribuidor de instrumentos musicales,INSTRUMENTS,DISTRIBUTION,Madrid,AREA_BOUNDING_BOX,"Madrid, Comunidad de Madrid, España",5,2026-10-06T23:08:56.053Z
st_distribuidor-de-instrumentos-musicales:6,ChIJXSqZjvcoQg0RRxCPQGioUmA,st_distribuidor-de-instrumentos-musicales.json,APIFY_GOOGLE_MAPS_SCRAPER,distribuidor de instrumentos musicales,INSTRUMENTS,DISTRIBUTION,Madrid,AREA_BOUNDING_BOX,"Madrid, Comunidad de Madrid, España",6,2026-10-06T23:08:56.053Z
st_distribuidor-de-instrumentos-musicales:7,ChIJe_tfWokoQg0RoK7NVTtYLxE,st_distribuidor-de-instrumentos-musicales.json,APIFY_GOOGLE_MAPS_SCRAPER,distribuidor de instrumentos musicales,INSTRUMENTS,DISTRIBUTION,Madrid,AREA_BOUNDING_BOX,"Madrid, Comunidad de Madrid, España",7,2026-10-06T23:08:56.053Z
st_distribuidor-de-instrumentos-musicales:8,ChIJgRYdgyYmQg0RYJ9OOyfBGOE,st_distribuidor-de-instrumentos-musicales.json,APIFY_GOOGLE_MAPS_SCRAPER,distribuidor de instrumentos musicales,INSTRUMENTS,DISTRIBUTION,Madrid,AREA_BOUNDING_BOX,"Madrid, Comunidad de Madrid, España",8,2026-10-06T23:08:56.054Z
st_distribuidor-de-instrumentos-musicales:9,ChIJiefdynsoQg0RSIx9mnYXHUo,st_distribuidor-de-instrumentos-musicales.json,APIFY_GOOGLE_MAPS_SCRAPER,distribuidor de instrumentos musicales,INSTRUMENTS,DISTRIBUTION,Madrid,AREA_BOUNDING_BOX,"Madrid, Comunidad de Madrid, España",9,2026-10-06T23:08:56.054Z
st_distribuidor-de-instrumentos-musicales:10,ChIJlbMs4ikmQg0RjwPA5Ta1NbU,st_distribuidor-de-instrumentos-musicales.json,APIFY_GOOGLE_MAPS_SCRAPER,distribuidor de instrumentos musicales,INSTRUMENTS,DISTRIBUTION,Madrid,AREA_BOUNDING_BOX,"Madrid, Comunidad de Madrid, España",10,2026-10-06T23:08:56.054Z
st_distribuidor-de-instrumentos-musicales:11,ChIJWRfxl48oQg0RCmEER8_X0Y4,st_distribuidor-de-instrumentos-musicales.json,APIFY_GOOGLE_MAPS_SCRAPER,distribuidor de instrumentos musicales,INSTRUMENTS,DISTRIBUTION,Madrid,AREA_BOUNDING_BOX,"Madrid, Comunidad de Madrid, España",11,2026-10-06T23:08:56.054Z
st_distribuidor-de-instrumentos-musicales:12,ChIJb9dRXT8vQg0R9L5iLu9A8fc,st_distribuidor-de-instrumentos-musicales.json,APIFY_GOOGLE_MAPS_SCRAPER,distribuidor de instrumentos musicales,INSTRUMENTS,DISTRIBUTION,Madrid,AREA_BOUNDING_BOX,"Madrid, Comunidad de Madrid, España",12,2026-10-06T23:08:56.054Z
st_distribuidor-de-instrumentos-musicales:13,ChIJF3Htg4UoQg0RuYd9SMLn-Ng,st_distribuidor-de-instrumentos-musicales.json,APIFY_GOOGLE_MAPS_SCRAPER,distribuidor de instrumentos musicales,INSTRUMENTS,DISTRIBUTION,Madrid,AREA_BOUNDING_BOX,"Madrid, Comunidad de Madrid, España",13,2026-10-06T23:08:56.054Z
st_distribuidor-de-instrumentos-musicales:14,ChIJ3zLVGBktQg0RROo_Y-qYatA,st_distribuidor-de-instrumentos-musicales.json,APIFY_GOOGLE_MAPS_SCRAPER,distribuidor de instrumentos musicales,INSTRUMENTS,DISTRIBUTION,Madrid,AREA_BOUNDING_BOX,"Madrid, Comunidad de Madrid, España",14,2026-10-06T23:08:56.054Z
st_distribuidor-de-instrumentos-musicales:15,ChIJuclz7SomQg0RIAIefh8a2kY,st_distribuidor-de-instrumentos-musicales.json,APIFY_GOOGLE_MAPS_SCRAPER,distribuidor de instrumentos musicales,INSTRUMENTS,DISTRIBUTION,Madrid,AREA_BOUNDING_BOX,"Madrid, Comunidad de Madrid, España",15,2026-10-06T23:08:56.054Z
st_distribuidor-de-instrumentos-musicales:16,ChIJg1mI_LAoQg0RYkkeBiuFUmo,st_distribuidor-de-instrumentos-musicales.json,APIFY_GOOGLE_MAPS_SCRAPER,distribuidor de instrumentos musicales,INSTRUMENTS,DISTRIBUTION,Madrid,AREA_BOUNDING_BOX,"Madrid, Comunidad de Madrid, España",16,2026-10-06T23:08:56.054Z
st_distribuidor-de-instrumentos-musicales:17,ChIJtQglXNQuQg0RRu6VAkGjuoY,st_distribuidor-de-instrumentos-musicales.json,APIFY_GOOGLE_MAPS_SCRAPER,distribuidor de instrumentos musicales,INSTRUMENTS,DISTRIBUTION,Madrid,AREA_BOUNDING_BOX,"Madrid, Comunidad de Madrid, España",17,2026-10-06T23:08:56.054Z
st_distribuidor-de-instrumentos-musicales:18,ChIJDXxXm58pQg0RxehCnQF3OdQ,st_distribuidor-de-instrumentos-musicales.json,APIFY_GOOGLE_MAPS_SCRAPER,distribuidor de instrumentos musicales,INSTRUMENTS,DISTRIBUTION,Madrid,AREA_BOUNDING_BOX,"Madrid, Comunidad de Madrid, España",18,2026-10-06T23:08:56.054Z
st_distribuidor-de-instrumentos-musicales:19,ChIJ9ZGs8ygmQg0REJEO1oYjQGQ,st_distribuidor-de-instrumentos-musicales.json,APIFY_GOOGLE_MAPS_SCRAPER,distribuidor de instrumentos musicales,INSTRUMENTS,DISTRIBUTION,Madrid,AREA_BOUNDING_BOX,"Madrid, Comunidad de Madrid, España",19,2026-10-06T23:08:56.054Z
st_distribuidor-de-instrumentos-musicales:20,ChIJg1mI_LAoQg0RfboZZp8ZDfw,st_distribuidor-de-instrumentos-musicales.json,APIFY_GOOGLE_MAPS_SCRAPER,distribuidor de instrumentos musicales,INSTRUMENTS,DISTRIBUTION,Madrid,AREA_BOUNDING_BOX,"Madrid, Comunidad de Madrid, España",20,2026-10-06T23:08:56.054Z
st_distribuidor-de-instrumentos-musicales:21,ChIJQcvrC5QvQg0RogW1bYzk8gg,st_distribuidor-de-instrumentos-musicales.json,APIFY_GOOGLE_MAPS_SCRAPER,distribuidor de instrumentos musicales,INSTRUMENTS,DISTRIBUTION,Madrid,AREA_BOUNDING_BOX,"Madrid, Comunidad de Madrid, España",21,2026-10-06T23:08:56.054Z
st_distribuidor-de-instrumentos-musicales:22,ChIJU55Y1zWJQQ0RNG5H2gxstBI,st_distribuidor-de-instrumentos-musicales.json,APIFY_GOOGLE_MAPS_SCRAPER,distribuidor de instrumentos musicales,INSTRUMENTS,DISTRIBUTION,Madrid,AREA_BOUNDING_BOX,"Madrid, Comunidad de Madrid, España",22,2026-10-06T23:08:56.054Z
st_distribuidor-de-instrumentos-musicales:23,ChIJ98GfcuwuQg0R-7SwuEnca-c,st_distribuidor-de-instrumentos-musicales.json,APIFY_GOOGLE_MAPS_SCRAPER,distribuidor de instrumentos musicales,INSTRUMENTS,DISTRIBUTION,Madrid,AREA_BOUNDING_BOX,"Madrid, Comunidad de Madrid, España",23,2026-10-06T23:08:56.054Z
st_distribuidor-de-instrumentos-musicales:24,ChIJOz5Odo4oQg0RDDWQNr1RfvU,st_distribuidor-de-instrumentos-musicales.json,APIFY_GOOGLE_MAPS_SCRAPER,distribuidor de instrumentos musicales,INSTRUMENTS,DISTRIBUTION,Madrid,AREA_BOUNDING_BOX,"Madrid, Comunidad de Madrid, España",24,2026-10-06T23:08:56.054Z
st_distribuidor-de-instrumentos-musicales:25,ChIJS3kvqY0oQg0R-m4yH1rBEKs,st_distribuidor-de-instrumentos-musicales.json,APIFY_GOOGLE_MAPS_SCRAPER,distribuidor de instrumentos musicales,INSTRUMENTS,DISTRIBUTION,Madrid,AREA_BOUNDING_BOX,"Madrid, Comunidad de Madrid, España",25,2026-10-06T23:08:56.054Z
st_distribuidor-de-instrumentos-musicales:26,ChIJJWnufpYpQg0RBGCEMO6scmU,st_distribuidor-de-instrumentos-musicales.json,APIFY_GOOGLE_MAPS_SCRAPER,distribuidor de instrumentos musicales,INSTRUMENTS,DISTRIBUTION,Madrid,AREA_BOUNDING_BOX,"Madrid, Comunidad de Madrid, España",26,2026-10-06T23:08:56.054Z
st_distribuidor-de-instrumentos-musicales:27,ChIJZ-BiLgkpQg0RnR55ykCDPN4,st_distribuidor-de-instrumentos-musicales.json,APIFY_GOOGLE_MAPS_SCRAPER,distribuidor de instrumentos musicales,INSTRUMENTS,DISTRIBUTION,Madrid,AREA_BOUNDING_BOX,"Madrid, Comunidad de Madrid, España",27,2026-10-06T23:08:56.054Z
st_distribuidor-de-instrumentos-musicales:28,ChIJB1tgsHmJQQ0Rzfzy9OUBF7U,st_distribuidor-de-instrumentos-musicales.json,APIFY_GOOGLE_MAPS_SCRAPER,distribuidor de instrumentos musicales,INSTRUMENTS,DISTRIBUTION,Madrid,AREA_BOUNDING_BOX,"Madrid, Comunidad de Madrid, España",28,2026-10-06T23:08:56.054Z
st_distribuidor-de-instrumentos-musicales:29,ChIJXf6XnNUpQg0R88rR-oToOWQ,st_distribuidor-de-instrumentos-musicales.json,APIFY_GOOGLE_MAPS_SCRAPER,distribuidor de instrumentos musicales,INSTRUMENTS,DISTRIBUTION,Madrid,AREA_BOUNDING_BOX,"Madrid, Comunidad de Madrid, España",29,2026-10-06T23:08:56.054Z
st_distribuidor-de-instrumentos-musicales:30,ChIJhVV7Qo6EQQ0RwP8zdcJ4AxY,st_distribuidor-de-instrumentos-musicales.json,APIFY_GOOGLE_MAPS_SCRAPER,distribuidor de instrumentos musicales,INSTRUMENTS,DISTRIBUTION,Madrid,AREA_BOUNDING_BOX,"Madrid, Comunidad de Madrid, España",30,2026-10-06T23:08:56.054Z
st_distribuidor-de-instrumentos-musicales:31,ChIJUbq8EHcsQg0RL70VFhD5Rkw,st_distribuidor-de-instrumentos-musicales.json,APIFY_GOOGLE_MAPS_SCRAPER,distribuidor de instrumentos musicales,INSTRUMENTS,DISTRIBUTION,Madrid,AREA_BOUNDING_BOX,"Madrid, Comunidad de Madrid, España",31,2026-10-06T23:08:56.054Z
st_distribuidor-de-instrumentos-musicales:32,ChIJOVdELb8lQg0RNoqghcFZI1c,st_distribuidor-de-instrumentos-musicales.json,APIFY_GOOGLE_MAPS_SCRAPER,distribuidor de instrumentos musicales,INSTRUMENTS,DISTRIBUTION,Madrid,AREA_BOUNDING_BOX,"Madrid, Comunidad de Madrid, España",32,2026-10-06T23:08:56.054Z
st_distribuidor-de-instrumentos-musicales:33,ChIJHyV7-rcoQg0RSfgDxWTyZSs,st_distribuidor-de-instrumentos-musicales.json,APIFY_GOOGLE_MAPS_SCRAPER,distribuidor de instrumentos musicales,INSTRUMENTS,DISTRIBUTION,Madrid,AREA_BOUNDING_BOX,"Madrid, Comunidad de Madrid, España",33,2026-10-06T23:08:56.054Z
st_distribuidor-de-instrumentos-musicales:34,ChIJ5-m-e3koQg0RisVyNk-i9Go,st_distribuidor-de-instrumentos-musicales.json,APIFY_GOOGLE_MAPS_SCRAPER,distribuidor de instrumentos musicales,INSTRUMENTS,DISTRIBUTION,Madrid,AREA_BOUNDING_BOX,"Madrid, Comunidad de Madrid, España",34,2026-10-06T23:08:56.054Z
st_distribuidor-de-instrumentos-musicales:35,ChIJI9DEw-8nQg0RVZgy-h8Buec,st_distribuidor-de-instrumentos-musicales.json,APIFY_GOOGLE_MAPS_SCRAPER,distribuidor de instrumentos musicales,INSTRUMENTS,DISTRIBUTION,Madrid,AREA_BOUNDING_BOX,"Madrid, Comunidad de Madrid, España",35,2026-10-06T23:08:56.054Z
st_distribuidor-de-instrumentos-musicales:36,ChIJe45uIWgnQg0RZHRGlvW79WI,st_distribuidor-de-instrumentos-musicales.json,APIFY_GOOGLE_MAPS_SCRAPER,distribuidor de instrumentos musicales,INSTRUMENTS,DISTRIBUTION,Madrid,AREA_BOUNDING_BOX,"Madrid, Comunidad de Madrid, España",36,2026-10-06T23:08:56.054Z
st_distribuidor-de-instrumentos-musicales:37,ChIJG-XFOtUmQg0RfZOdOg50hzE,st_distribuidor-de-instrumentos-musicales.json,APIFY_GOOGLE_MAPS_SCRAPER,distribuidor de instrumentos musicales,INSTRUMENTS,DISTRIBUTION,Madrid,AREA_BOUNDING_BOX,"Madrid, Comunidad de Madrid, España",37,2026-10-06T23:08:56.054Z
st_distribuidor-de-instrumentos-musicales:38,ChIJ9b4IRIqJQQ0RnuvuuIedZLM,st_distribuidor-de-instrumentos-musicales.json,APIFY_GOOGLE_MAPS_SCRAPER,distribuidor de instrumentos musicales,INSTRUMENTS,DISTRIBUTION,Madrid,AREA_BOUNDING_BOX,"Madrid, Comunidad de Madrid, España",38,2026-10-06T23:08:56.054Z
st_distribuidor-de-instrumentos-musicales:39,ChIJj0-f3K38cQ0RIDyailccG-Y,st_distribuidor-de-instrumentos-musicales.json,APIFY_GOOGLE_MAPS_SCRAPER,distribuidor de instrumentos musicales,INSTRUMENTS,DISTRIBUTION,Madrid,AREA_BOUNDING_BOX,"Madrid, Comunidad de Madrid, España",39,2026-10-06T23:08:56.054Z
st_distribuidor-de-instrumentos-musicales:40,ChIJmRG0VkJII2wRyOIcZtcyEt0,st_distribuidor-de-instrumentos-musicales.json,APIFY_GOOGLE_MAPS_SCRAPER,distribuidor de instrumentos musicales,INSTRUMENTS,DISTRIBUTION,Madrid,AREA_BOUNDING_BOX,"Madrid, Comunidad de Madrid, España",40,2026-10-06T23:08:56.054Z
st_distribuidor-de-instrumentos-musicales:41,ChIJB67y9H0sQg0ROTKx1b0QFS8,st_distribuidor-de-instrumentos-musicales.json,APIFY_GOOGLE_MAPS_SCRAPER,distribuidor de instrumentos musicales,INSTRUMENTS,DISTRIBUTION,Madrid,AREA_BOUNDING_BOX,"Madrid, Comunidad de Madrid, España",41,2026-10-06T23:08:56.054Z
st_distribuidor-de-instrumentos-musicales:42,ChIJU1A6_MAnQg0Ru5ydJO8m118,st_distribuidor-de-instrumentos-musicales.json,APIFY_GOOGLE_MAPS_SCRAPER,distribuidor de instrumentos musicales,INSTRUMENTS,DISTRIBUTION,Madrid,AREA_BOUNDING_BOX,"Madrid, Comunidad de Madrid, España",42,2026-10-06T23:08:56.054Z
st_distribuidor-de-instrumentos-musicales:43,ChIJeWOU5VcoQg0RQXmapjsoiaU,st_distribuidor-de-instrumentos-musicales.json,APIFY_GOOGLE_MAPS_SCRAPER,distribuidor de instrumentos musicales,INSTRUMENTS,DISTRIBUTION,Madrid,AREA_BOUNDING_BOX,"Madrid, Comunidad de Madrid, España",43,2026-10-06T23:08:56.054Z
st_distribuidor-de-instrumentos-musicales:44,ChIJrTwbzdMpQg0R6J8fOkVBvgc,st_distribuidor-de-instrumentos-musicales.json,APIFY_GOOGLE_MAPS_SCRAPER,distribuidor de instrumentos musicales,INSTRUMENTS,DISTRIBUTION,Madrid,AREA_BOUNDING_BOX,"Madrid, Comunidad de Madrid, España",44,2026-10-06T23:08:56.054Z
st_distribuidor-de-instrumentos-musicales:45,ChIJRWBYMhrVQw0Ra2PETYVzzeM,st_distribuidor-de-instrumentos-musicales.json,APIFY_GOOGLE_MAPS_SCRAPER,distribuidor de instrumentos musicales,INSTRUMENTS,DISTRIBUTION,Madrid,AREA_BOUNDING_BOX,"Madrid, Comunidad de Madrid, España",45,2026-10-06T23:08:56.054Z
st_distribuidor-de-instrumentos-musicales:46,ChIJo1xf0N6CQQ0RtCQHgf1czw8,st_distribuidor-de-instrumentos-musicales.json,APIFY_GOOGLE_MAPS_SCRAPER,distribuidor de instrumentos musicales,INSTRUMENTS,DISTRIBUTION,Madrid,AREA_BOUNDING_BOX,"Madrid, Comunidad de Madrid, España",46,2026-10-06T23:08:56.054Z
st_distribuidor-de-instrumentos-musicales:47,ChIJcSY7A_aJQQ0RgWRk5u_-vKo,st_distribuidor-de-instrumentos-musicales.json,APIFY_GOOGLE_MAPS_SCRAPER,distribuidor de instrumentos musicales,INSTRUMENTS,DISTRIBUTION,Madrid,AREA_BOUNDING_BOX,"Madrid, Comunidad de Madrid, España",47,2026-10-06T23:08:56.054Z
st_distribuidor-de-instrumentos-musicales:48,ChIJFzqO-TUvQg0RWYoAUa8k_C0,st_distribuidor-de-instrumentos-musicales.json,APIFY_GOOGLE_MAPS_SCRAPER,distribuidor de instrumentos musicales,INSTRUMENTS,DISTRIBUTION,Madrid,AREA_BOUNDING_BOX,"Madrid, Comunidad de Madrid, España",48,2026-10-06T23:08:56.054Z
st_distribuidor-de-instrumentos-musicales:49,ChIJpezqIQQpQg0RqNRSkRXoiPE,st_distribuidor-de-instrumentos-musicales.json,APIFY_GOOGLE_MAPS_SCRAPER,distribuidor de instrumentos musicales,INSTRUMENTS,DISTRIBUTION,Madrid,AREA_BOUNDING_BOX,"Madrid, Comunidad de Madrid, España",49,2026-10-06T23:08:56.054Z
st_ensemble:1,ChIJ00B58dYnQg0R_qNrpoAbw_4,st_ensemble.json,APIFY_GOOGLE_MAPS_SCRAPER,ensemble,PERFORMING,ENSEMBLE,Madrid,AREA_BOUNDING_BOX,"Madrid, Comunidad de Madrid, España",1,2026-10-06T23:08:41.014Z
st_ensemble:2,ChIJqVYZMKcoQg0R8Nd9e_RFLvA,st_ensemble.json,APIFY_GOOGLE_MAPS_SCRAPER,ensemble,PERFORMING,ENSEMBLE,Madrid,AREA_BOUNDING_BOX,"Madrid, Comunidad de Madrid, España",2,2026-10-06T23:08:41.014Z
st_ensemble:3,ChIJDyohh_IoQg0RSYyMKAiQdYc,st_ensemble.json,APIFY_GOOGLE_MAPS_SCRAPER,ensemble,PERFORMING,ENSEMBLE,Madrid,AREA_BOUNDING_BOX,"Madrid, Comunidad de Madrid, España",3,2026-10-06T23:08:41.014Z
st_estudio-de-grabacion:1,ChIJPbkab4wpQg0RLFwAhmpe2S4,st_estudio-de-grabacion.json,APIFY_GOOGLE_MAPS_SCRAPER,estudio de grabación,MUSIC_PRODUCTION,RECORDING_STUDIO,Madrid,AREA_BOUNDING_BOX,"Madrid, Comunidad de Madrid, España",1,2026-10-06T23:09:17.255Z
st_estudio-de-grabacion:2,ChIJE2w0GnUpQg0R3uvPNYNt9tI,st_estudio-de-grabacion.json,APIFY_GOOGLE_MAPS_SCRAPER,estudio de grabación,MUSIC_PRODUCTION,RECORDING_STUDIO,Madrid,AREA_BOUNDING_BOX,"Madrid, Comunidad de Madrid, España",2,2026-10-06T23:09:17.255Z
st_estudio-de-grabacion:3,ChIJq5bk5y4pQg0RgmF2wAspn74,st_estudio-de-grabacion.json,APIFY_GOOGLE_MAPS_SCRAPER,estudio de grabación,MUSIC_PRODUCTION,RECORDING_STUDIO,Madrid,AREA_BOUNDING_BOX,"Madrid, Comunidad de Madrid, España",3,2026-10-06T23:09:17.255Z
st_estudio-de-grabacion:4,ChIJQydQlHkpQg0RagliVTCJFi0,st_estudio-de-grabacion.json,APIFY_GOOGLE_MAPS_SCRAPER,estudio de grabación,MUSIC_PRODUCTION,RECORDING_STUDIO,Madrid,AREA_BOUNDING_BOX,"Madrid, Comunidad de Madrid, España",4,2026-10-06T23:09:17.255Z
st_estudio-de-grabacion:5,ChIJ__-vW3QpQg0RezpsOUclcgs,st_estudio-de-grabacion.json,APIFY_GOOGLE_MAPS_SCRAPER,estudio de grabación,MUSIC_PRODUCTION,RECORDING_STUDIO,Madrid,AREA_BOUNDING_BOX,"Madrid, Comunidad de Madrid, España",5,2026-10-06T23:09:17.255Z
st_estudio-de-grabacion:6,ChIJMXFNdBIpQg0R_IhPb7KwRKA,st_estudio-de-grabacion.json,APIFY_GOOGLE_MAPS_SCRAPER,estudio de grabación,MUSIC_PRODUCTION,RECORDING_STUDIO,Madrid,AREA_BOUNDING_BOX,"Madrid, Comunidad de Madrid, España",6,2026-10-06T23:09:17.255Z
st_estudio-de-grabacion:7,ChIJm-MjmYopQg0RcF0rXrIRxMw,st_estudio-de-grabacion.json,APIFY_GOOGLE_MAPS_SCRAPER,estudio de grabación,MUSIC_PRODUCTION,RECORDING_STUDIO,Madrid,AREA_BOUNDING_BOX,"Madrid, Comunidad de Madrid, España",7,2026-10-06T23:09:17.255Z
st_estudio-de-grabacion:8,ChIJV1lblTEmQg0RpOA0Oi_mdMI,st_estudio-de-grabacion.json,APIFY_GOOGLE_MAPS_SCRAPER,estudio de grabación,MUSIC_PRODUCTION,RECORDING_STUDIO,Madrid,AREA_BOUNDING_BOX,"Madrid, Comunidad de Madrid, España",8,2026-10-06T23:09:17.255Z
st_estudio-de-grabacion:9,ChIJ4-5EznooQg0RyaOLpHTNpsA,st_estudio-de-grabacion.json,APIFY_GOOGLE_MAPS_SCRAPER,estudio de grabación,MUSIC_PRODUCTION,RECORDING_STUDIO,Madrid,AREA_BOUNDING_BOX,"Madrid, Comunidad de Madrid, España",9,2026-10-06T23:09:17.255Z
st_estudio-de-grabacion:10,ChIJh69KCiYpQg0R2-JUtAkmCOE,st_estudio-de-grabacion.json,APIFY_GOOGLE_MAPS_SCRAPER,estudio de grabación,MUSIC_PRODUCTION,RECORDING_STUDIO,Madrid,AREA_BOUNDING_BOX,"Madrid, Comunidad de Madrid, España",10,2026-10-06T23:09:17.255Z
st_estudio-de-grabacion:11,ChIJYwc93_QpQg0RcnbXfOCkzcc,st_estudio-de-grabacion.json,APIFY_GOOGLE_MAPS_SCRAPER,estudio de grabación,MUSIC_PRODUCTION,RECORDING_STUDIO,Madrid,AREA_BOUNDING_BOX,"Madrid, Comunidad de Madrid, España",11,2026-10-06T23:09:17.255Z
st_estudio-de-grabacion:12,ChIJFZc-UFkpQg0RzrbqZTM8fEk,st_estudio-de-grabacion.json,APIFY_GOOGLE_MAPS_SCRAPER,estudio de grabación,MUSIC_PRODUCTION,RECORDING_STUDIO,Madrid,AREA_BOUNDING_BOX,"Madrid, Comunidad de Madrid, España",12,2026-10-06T23:09:17.255Z
st_estudio-de-grabacion:13,ChIJ8Ycc16UpQg0Rg55-14pQR-4,st_estudio-de-grabacion.json,APIFY_GOOGLE_MAPS_SCRAPER,estudio de grabación,MUSIC_PRODUCTION,RECORDING_STUDIO,Madrid,AREA_BOUNDING_BOX,"Madrid, Comunidad de Madrid, España",13,2026-10-06T23:09:17.255Z
st_estudio-de-grabacion:14,ChIJJXfzsPIpQg0ROkJrO5jWv_8,st_estudio-de-grabacion.json,APIFY_GOOGLE_MAPS_SCRAPER,estudio de grabación,MUSIC_PRODUCTION,RECORDING_STUDIO,Madrid,AREA_BOUNDING_BOX,"Madrid, Comunidad de Madrid, España",14,2026-10-06T23:09:17.255Z
st_estudio-de-grabacion:15,ChIJ8eb4cd4pQg0RwksF7qS5850,st_estudio-de-grabacion.json,APIFY_GOOGLE_MAPS_SCRAPER,estudio de grabación,MUSIC_PRODUCTION,RECORDING_STUDIO,Madrid,AREA_BOUNDING_BOX,"Madrid, Comunidad de Madrid, España",15,2026-10-06T23:09:17.255Z
st_estudio-de-grabacion:16,ChIJuyKJb1cpQg0RYZv6cg98ju0,st_estudio-de-grabacion.json,APIFY_GOOGLE_MAPS_SCRAPER,estudio de grabación,MUSIC_PRODUCTION,RECORDING_STUDIO,Madrid,AREA_BOUNDING_BOX,"Madrid, Comunidad de Madrid, España",16,2026-10-06T23:09:17.255Z
st_estudio-de-grabacion:17,ChIJU0FQ2kIpQg0RwX_rLSWBzxE,st_estudio-de-grabacion.json,APIFY_GOOGLE_MAPS_SCRAPER,estudio de grabación,MUSIC_PRODUCTION,RECORDING_STUDIO,Madrid,AREA_BOUNDING_BOX,"Madrid, Comunidad de Madrid, España",17,2026-10-06T23:09:17.255Z
st_estudio-de-grabacion:18,ChIJ7dDpVnQpQg0R3bWxG5iI2Hw,st_estudio-de-grabacion.json,APIFY_GOOGLE_MAPS_SCRAPER,estudio de grabación,MUSIC_PRODUCTION,RECORDING_STUDIO,Madrid,AREA_BOUNDING_BOX,"Madrid, Comunidad de Madrid, España",18,2026-10-06T23:09:17.255Z
st_estudio-de-grabacion:19,ChIJ0T4ydbspQg0R6IV2PpVPVD0,st_estudio-de-grabacion.json,APIFY_GOOGLE_MAPS_SCRAPER,estudio de grabación,MUSIC_PRODUCTION,RECORDING_STUDIO,Madrid,AREA_BOUNDING_BOX,"Madrid, Comunidad de Madrid, España",19,2026-10-06T23:09:17.255Z
st_estudio-de-grabacion:20,ChIJcaHqiCYpQg0R7xRTs4q-vPk,st_estudio-de-grabacion.json,APIFY_GOOGLE_MAPS_SCRAPER,estudio de grabación,MUSIC_PRODUCTION,RECORDING_STUDIO,Madrid,AREA_BOUNDING_BOX,"Madrid, Comunidad de Madrid, España",20,2026-10-06T23:09:17.255Z
st_estudio-de-grabacion:21,ChIJU6MaBFMoQg0RymAZvUD3a-I,st_estudio-de-grabacion.json,APIFY_GOOGLE_MAPS_SCRAPER,estudio de grabación,MUSIC_PRODUCTION,RECORDING_STUDIO,Madrid,AREA_BOUNDING_BOX,"Madrid, Comunidad de Madrid, España",21,2026-10-06T23:09:17.255Z
st_estudio-de-grabacion:22,ChIJaeKosQ0pQg0ROLPU6B7mQTg,st_estudio-de-grabacion.json,APIFY_GOOGLE_MAPS_SCRAPER,estudio de grabación,MUSIC_PRODUCTION,RECORDING_STUDIO,Madrid,AREA_BOUNDING_BOX,"Madrid, Comunidad de Madrid, España",22,2026-10-06T23:09:17.255Z
st_estudio-de-grabacion:23,ChIJga38rZknQg0RywH3hnIlOB8,st_estudio-de-grabacion.json,APIFY_GOOGLE_MAPS_SCRAPER,estudio de grabación,MUSIC_PRODUCTION,RECORDING_STUDIO,Madrid,AREA_BOUNDING_BOX,"Madrid, Comunidad de Madrid, España",23,2026-10-06T23:09:17.255Z
st_estudio-de-grabacion:24,ChIJB5BXq3woQg0RKgl5g_gwH48,st_estudio-de-grabacion.json,APIFY_GOOGLE_MAPS_SCRAPER,estudio de grabación,MUSIC_PRODUCTION,RECORDING_STUDIO,Madrid,AREA_BOUNDING_BOX,"Madrid, Comunidad de Madrid, España",24,2026-10-06T23:09:17.255Z
st_estudio-de-grabacion:25,ChIJ2VDFHJIpQg0RmNdMWohaOyU,st_estudio-de-grabacion.json,APIFY_GOOGLE_MAPS_SCRAPER,estudio de grabación,MUSIC_PRODUCTION,RECORDING_STUDIO,Madrid,AREA_BOUNDING_BOX,"Madrid, Comunidad de Madrid, España",25,2026-10-06T23:09:17.255Z
st_estudio-de-grabacion:26,ChIJM0RKQaspQg0RrFLvP1IIVE8,st_estudio-de-grabacion.json,APIFY_GOOGLE_MAPS_SCRAPER,estudio de grabación,MUSIC_PRODUCTION,RECORDING_STUDIO,Madrid,AREA_BOUNDING_BOX,"Madrid, Comunidad de Madrid, España",26,2026-10-06T23:09:17.255Z
st_estudio-de-grabacion:27,ChIJPRPoSA8vQg0RxO43M450_do,st_estudio-de-grabacion.json,APIFY_GOOGLE_MAPS_SCRAPER,estudio de grabación,MUSIC_PRODUCTION,RECORDING_STUDIO,Madrid,AREA_BOUNDING_BOX,"Madrid, Comunidad de Madrid, España",27,2026-10-06T23:09:17.255Z
st_estudio-de-grabacion:28,ChIJaarDjdBJQg0RswsdjfIKVRE,st_estudio-de-grabacion.json,APIFY_GOOGLE_MAPS_SCRAPER,estudio de grabación,MUSIC_PRODUCTION,RECORDING_STUDIO,Madrid,AREA_BOUNDING_BOX,"Madrid, Comunidad de Madrid, España",28,2026-10-06T23:09:17.255Z
st_estudio-de-grabacion:29,ChIJASeWbMkoQg0RpEAEzuXzjPg,st_estudio-de-grabacion.json,APIFY_GOOGLE_MAPS_SCRAPER,estudio de grabación,MUSIC_PRODUCTION,RECORDING_STUDIO,Madrid,AREA_BOUNDING_BOX,"Madrid, Comunidad de Madrid, España",29,2026-10-06T23:09:17.255Z
st_estudio-de-grabacion:30,ChIJoUN48C0rQg0RG56SQrEHuws,st_estudio-de-grabacion.json,APIFY_GOOGLE_MAPS_SCRAPER,estudio de grabación,MUSIC_PRODUCTION,RECORDING_STUDIO,Madrid,AREA_BOUNDING_BOX,"Madrid, Comunidad de Madrid, España",30,2026-10-06T23:09:17.255Z
st_estudio-de-grabacion:31,ChIJu0fcIv4pQg0RCjkNT8m3PYQ,st_estudio-de-grabacion.json,APIFY_GOOGLE_MAPS_SCRAPER,estudio de grabación,MUSIC_PRODUCTION,RECORDING_STUDIO,Madrid,AREA_BOUNDING_BOX,"Madrid, Comunidad de Madrid, España",31,2026-10-06T23:09:17.255Z
st_estudio-de-grabacion:32,ChIJxyskQRwpQg0RuCfM4tUfjkU,st_estudio-de-grabacion.json,APIFY_GOOGLE_MAPS_SCRAPER,estudio de grabación,MUSIC_PRODUCTION,RECORDING_STUDIO,Madrid,AREA_BOUNDING_BOX,"Madrid, Comunidad de Madrid, España",32,2026-10-06T23:09:17.255Z
st_estudio-de-grabacion:33,ChIJfaOxfWIoQg0RE7vonVxMgnA,st_estudio-de-grabacion.json,APIFY_GOOGLE_MAPS_SCRAPER,estudio de grabación,MUSIC_PRODUCTION,RECORDING_STUDIO,Madrid,AREA_BOUNDING_BOX,"Madrid, Comunidad de Madrid, España",33,2026-10-06T23:09:17.255Z
st_estudio-de-grabacion:34,ChIJr5dULXMnQg0R_c_qShe7QFY,st_estudio-de-grabacion.json,APIFY_GOOGLE_MAPS_SCRAPER,estudio de grabación,MUSIC_PRODUCTION,RECORDING_STUDIO,Madrid,AREA_BOUNDING_BOX,"Madrid, Comunidad de Madrid, España",34,2026-10-06T23:09:17.256Z
st_estudio-de-grabacion:35,ChIJV0_ZyogpQg0R2B2fz7KG2po,st_estudio-de-grabacion.json,APIFY_GOOGLE_MAPS_SCRAPER,estudio de grabación,MUSIC_PRODUCTION,RECORDING_STUDIO,Madrid,AREA_BOUNDING_BOX,"Madrid, Comunidad de Madrid, España",35,2026-10-06T23:09:17.256Z
st_estudio-de-grabacion:36,ChIJS5_MCdcvQg0R68uAE7yKj0w,st_estudio-de-grabacion.json,APIFY_GOOGLE_MAPS_SCRAPER,estudio de grabación,MUSIC_PRODUCTION,RECORDING_STUDIO,Madrid,AREA_BOUNDING_BOX,"Madrid, Comunidad de Madrid, España",36,2026-10-06T23:09:17.256Z
st_estudio-de-grabacion:37,ChIJIQ2cynEpQg0RI2Ad3JGK330,st_estudio-de-grabacion.json,APIFY_GOOGLE_MAPS_SCRAPER,estudio de grabación,MUSIC_PRODUCTION,RECORDING_STUDIO,Madrid,AREA_BOUNDING_BOX,"Madrid, Comunidad de Madrid, España",37,2026-10-06T23:09:17.256Z
st_estudio-de-grabacion:38,ChIJi4hl62ApQg0Rl68yRVzOaXs,st_estudio-de-grabacion.json,APIFY_GOOGLE_MAPS_SCRAPER,estudio de grabación,MUSIC_PRODUCTION,RECORDING_STUDIO,Madrid,AREA_BOUNDING_BOX,"Madrid, Comunidad de Madrid, España",38,2026-10-06T23:09:17.256Z
st_estudio-de-grabacion:39,ChIJAQAwARomQg0RIavi1P2k6RU,st_estudio-de-grabacion.json,APIFY_GOOGLE_MAPS_SCRAPER,estudio de grabación,MUSIC_PRODUCTION,RECORDING_STUDIO,Madrid,AREA_BOUNDING_BOX,"Madrid, Comunidad de Madrid, España",39,2026-10-06T23:09:17.256Z
st_estudio-de-grabacion:40,ChIJpSuEJwOIQQ0RgMtE_YiS7Xc,st_estudio-de-grabacion.json,APIFY_GOOGLE_MAPS_SCRAPER,estudio de grabación,MUSIC_PRODUCTION,RECORDING_STUDIO,Madrid,AREA_BOUNDING_BOX,"Madrid, Comunidad de Madrid, España",40,2026-10-06T23:09:17.256Z
st_estudio-de-grabacion:41,ChIJ526wRN0pQg0RwmWQ2cr4t6Y,st_estudio-de-grabacion.json,APIFY_GOOGLE_MAPS_SCRAPER,estudio de grabación,MUSIC_PRODUCTION,RECORDING_STUDIO,Madrid,AREA_BOUNDING_BOX,"Madrid, Comunidad de Madrid, España",41,2026-10-06T23:09:17.256Z
st_estudio-de-grabacion:42,ChIJ1dzNMfIpQg0RVAV8tBsFDMQ,st_estudio-de-grabacion.json,APIFY_GOOGLE_MAPS_SCRAPER,estudio de grabación,MUSIC_PRODUCTION,RECORDING_STUDIO,Madrid,AREA_BOUNDING_BOX,"Madrid, Comunidad de Madrid, España",42,2026-10-06T23:09:17.256Z
st_estudio-de-grabacion:43,ChIJ4ZO0dNkuQg0RQhI0ySze5L4,st_estudio-de-grabacion.json,APIFY_GOOGLE_MAPS_SCRAPER,estudio de grabación,MUSIC_PRODUCTION,RECORDING_STUDIO,Madrid,AREA_BOUNDING_BOX,"Madrid, Comunidad de Madrid, España",43,2026-10-06T23:09:17.256Z
st_estudio-de-grabacion:44,ChIJZ8XO5c4vQg0RsMbNHR8P-M4,st_estudio-de-grabacion.json,APIFY_GOOGLE_MAPS_SCRAPER,estudio de grabación,MUSIC_PRODUCTION,RECORDING_STUDIO,Madrid,AREA_BOUNDING_BOX,"Madrid, Comunidad de Madrid, España",44,2026-10-06T23:09:17.256Z
st_estudio-de-grabacion:45,ChIJU2Xwb7MnQg0RFzTkca7GwJU,st_estudio-de-grabacion.json,APIFY_GOOGLE_MAPS_SCRAPER,estudio de grabación,MUSIC_PRODUCTION,RECORDING_STUDIO,Madrid,AREA_BOUNDING_BOX,"Madrid, Comunidad de Madrid, España",45,2026-10-06T23:09:17.256Z
st_estudio-de-grabacion:46,ChIJDWoGaqcpQg0RexRMfDKK8GU,st_estudio-de-grabacion.json,APIFY_GOOGLE_MAPS_SCRAPER,estudio de grabación,MUSIC_PRODUCTION,RECORDING_STUDIO,Madrid,AREA_BOUNDING_BOX,"Madrid, Comunidad de Madrid, España",46,2026-10-06T23:09:17.256Z
st_estudio-de-grabacion:47,ChIJsTugo02IQQ0RyRVhAy0XUPc,st_estudio-de-grabacion.json,APIFY_GOOGLE_MAPS_SCRAPER,estudio de grabación,MUSIC_PRODUCTION,RECORDING_STUDIO,Madrid,AREA_BOUNDING_BOX,"Madrid, Comunidad de Madrid, España",47,2026-10-06T23:09:17.256Z
st_estudio-de-grabacion:48,ChIJA9W1HlcoQg0Rft_E_xg5Pyw,st_estudio-de-grabacion.json,APIFY_GOOGLE_MAPS_SCRAPER,estudio de grabación,MUSIC_PRODUCTION,RECORDING_STUDIO,Madrid,AREA_BOUNDING_BOX,"Madrid, Comunidad de Madrid, España",48,2026-10-06T23:09:17.256Z
st_estudio-de-grabacion:49,ChIJy3yk07glQg0RAOHQQqnXjIo,st_estudio-de-grabacion.json,APIFY_GOOGLE_MAPS_SCRAPER,estudio de grabación,MUSIC_PRODUCTION,RECORDING_STUDIO,Madrid,AREA_BOUNDING_BOX,"Madrid, Comunidad de Madrid, España",49,2026-10-06T23:09:17.256Z
st_estudio-de-grabacion:50,ChIJhYmj0X8oQg0R2SGuogcSBEY,st_estudio-de-grabacion.json,APIFY_GOOGLE_MAPS_SCRAPER,estudio de grabación,MUSIC_PRODUCTION,RECORDING_STUDIO,Madrid,AREA_BOUNDING_BOX,"Madrid, Comunidad de Madrid, España",50,2026-10-06T23:09:17.256Z
st_instrumentos-musicales-de-segunda-mano:1,ChIJQRfVp4onQg0RXs7P1evGpWo,st_instrumentos-musicales-de-segunda-mano.json,APIFY_GOOGLE_MAPS_SCRAPER,instrumentos musicales de segunda mano,INSTRUMENTS,SECOND_HAND,Madrid,AREA_BOUNDING_BOX,"Madrid, Comunidad de Madrid, España",1,2026-10-06T23:08:48.243Z
st_instrumentos-musicales-de-segunda-mano:2,ChIJWRfxl48oQg0RCmEER8_X0Y4,st_instrumentos-musicales-de-segunda-mano.json,APIFY_GOOGLE_MAPS_SCRAPER,instrumentos musicales de segunda mano,INSTRUMENTS,SECOND_HAND,Madrid,AREA_BOUNDING_BOX,"Madrid, Comunidad de Madrid, España",2,2026-10-06T23:08:48.244Z
st_instrumentos-musicales-de-segunda-mano:3,ChIJ9b4IRIqJQQ0RnuvuuIedZLM,st_instrumentos-musicales-de-segunda-mano.json,APIFY_GOOGLE_MAPS_SCRAPER,instrumentos musicales de segunda mano,INSTRUMENTS,SECOND_HAND,Madrid,AREA_BOUNDING_BOX,"Madrid, Comunidad de Madrid, España",3,2026-10-06T23:08:48.244Z
st_instrumentos-musicales-de-segunda-mano:4,ChIJlbMs4ikmQg0RjwPA5Ta1NbU,st_instrumentos-musicales-de-segunda-mano.json,APIFY_GOOGLE_MAPS_SCRAPER,instrumentos musicales de segunda mano,INSTRUMENTS,SECOND_HAND,Madrid,AREA_BOUNDING_BOX,"Madrid, Comunidad de Madrid, España",4,2026-10-06T23:08:48.244Z
st_instrumentos-musicales-de-segunda-mano:5,ChIJYR3yfHkoQg0RZHP17EToW9g,st_instrumentos-musicales-de-segunda-mano.json,APIFY_GOOGLE_MAPS_SCRAPER,instrumentos musicales de segunda mano,INSTRUMENTS,SECOND_HAND,Madrid,AREA_BOUNDING_BOX,"Madrid, Comunidad de Madrid, España",5,2026-10-06T23:08:48.244Z
st_instrumentos-musicales-de-segunda-mano:6,ChIJcY4x9_EoQg0RkYF0L3dCLdw,st_instrumentos-musicales-de-segunda-mano.json,APIFY_GOOGLE_MAPS_SCRAPER,instrumentos musicales de segunda mano,INSTRUMENTS,SECOND_HAND,Madrid,AREA_BOUNDING_BOX,"Madrid, Comunidad de Madrid, España",6,2026-10-06T23:08:48.244Z
st_instrumentos-musicales-de-segunda-mano:7,ChIJe_tfWokoQg0RoK7NVTtYLxE,st_instrumentos-musicales-de-segunda-mano.json,APIFY_GOOGLE_MAPS_SCRAPER,instrumentos musicales de segunda mano,INSTRUMENTS,SECOND_HAND,Madrid,AREA_BOUNDING_BOX,"Madrid, Comunidad de Madrid, España",7,2026-10-06T23:08:48.244Z
st_instrumentos-musicales-de-segunda-mano:8,ChIJtQglXNQuQg0RRu6VAkGjuoY,st_instrumentos-musicales-de-segunda-mano.json,APIFY_GOOGLE_MAPS_SCRAPER,instrumentos musicales de segunda mano,INSTRUMENTS,SECOND_HAND,Madrid,AREA_BOUNDING_BOX,"Madrid, Comunidad de Madrid, España",8,2026-10-06T23:08:48.244Z
st_instrumentos-musicales-de-segunda-mano:9,ChIJXSqZjvcoQg0RRxCPQGioUmA,st_instrumentos-musicales-de-segunda-mano.json,APIFY_GOOGLE_MAPS_SCRAPER,instrumentos musicales de segunda mano,INSTRUMENTS,SECOND_HAND,Madrid,AREA_BOUNDING_BOX,"Madrid, Comunidad de Madrid, España",9,2026-10-06T23:08:48.244Z
st_instrumentos-musicales-de-segunda-mano:10,ChIJw3ng6LcoQg0R5FQUaOBPCS4,st_instrumentos-musicales-de-segunda-mano.json,APIFY_GOOGLE_MAPS_SCRAPER,instrumentos musicales de segunda mano,INSTRUMENTS,SECOND_HAND,Madrid,AREA_BOUNDING_BOX,"Madrid, Comunidad de Madrid, España",10,2026-10-06T23:08:48.244Z
st_instrumentos-musicales-de-segunda-mano:11,ChIJ94h0oO6JQQ0Roqn8HFvz7Ds,st_instrumentos-musicales-de-segunda-mano.json,APIFY_GOOGLE_MAPS_SCRAPER,instrumentos musicales de segunda mano,INSTRUMENTS,SECOND_HAND,Madrid,AREA_BOUNDING_BOX,"Madrid, Comunidad de Madrid, España",11,2026-10-06T23:08:48.244Z
st_instrumentos-musicales-de-segunda-mano:12,ChIJgRYdgyYmQg0RYJ9OOyfBGOE,st_instrumentos-musicales-de-segunda-mano.json,APIFY_GOOGLE_MAPS_SCRAPER,instrumentos musicales de segunda mano,INSTRUMENTS,SECOND_HAND,Madrid,AREA_BOUNDING_BOX,"Madrid, Comunidad de Madrid, España",12,2026-10-06T23:08:48.244Z
st_instrumentos-musicales-de-segunda-mano:13,ChIJpezqIQQpQg0RqNRSkRXoiPE,st_instrumentos-musicales-de-segunda-mano.json,APIFY_GOOGLE_MAPS_SCRAPER,instrumentos musicales de segunda mano,INSTRUMENTS,SECOND_HAND,Madrid,AREA_BOUNDING_BOX,"Madrid, Comunidad de Madrid, España",13,2026-10-06T23:08:48.244Z
st_instrumentos-musicales-de-segunda-mano:14,ChIJQcvrC5QvQg0RogW1bYzk8gg,st_instrumentos-musicales-de-segunda-mano.json,APIFY_GOOGLE_MAPS_SCRAPER,instrumentos musicales de segunda mano,INSTRUMENTS,SECOND_HAND,Madrid,AREA_BOUNDING_BOX,"Madrid, Comunidad de Madrid, España",14,2026-10-06T23:08:48.244Z
st_instrumentos-musicales-de-segunda-mano:15,ChIJb9dRXT8vQg0R9L5iLu9A8fc,st_instrumentos-musicales-de-segunda-mano.json,APIFY_GOOGLE_MAPS_SCRAPER,instrumentos musicales de segunda mano,INSTRUMENTS,SECOND_HAND,Madrid,AREA_BOUNDING_BOX,"Madrid, Comunidad de Madrid, España",15,2026-10-06T23:08:48.244Z
st_instrumentos-musicales-de-segunda-mano:16,ChIJ9ZGs8ygmQg0REJEO1oYjQGQ,st_instrumentos-musicales-de-segunda-mano.json,APIFY_GOOGLE_MAPS_SCRAPER,instrumentos musicales de segunda mano,INSTRUMENTS,SECOND_HAND,Madrid,AREA_BOUNDING_BOX,"Madrid, Comunidad de Madrid, España",16,2026-10-06T23:08:48.244Z
st_instrumentos-musicales-de-segunda-mano:17,ChIJ3zLVGBktQg0RROo_Y-qYatA,st_instrumentos-musicales-de-segunda-mano.json,APIFY_GOOGLE_MAPS_SCRAPER,instrumentos musicales de segunda mano,INSTRUMENTS,SECOND_HAND,Madrid,AREA_BOUNDING_BOX,"Madrid, Comunidad de Madrid, España",17,2026-10-06T23:08:48.244Z
st_instrumentos-musicales-de-segunda-mano:18,ChIJg1mI_LAoQg0RYkkeBiuFUmo,st_instrumentos-musicales-de-segunda-mano.json,APIFY_GOOGLE_MAPS_SCRAPER,instrumentos musicales de segunda mano,INSTRUMENTS,SECOND_HAND,Madrid,AREA_BOUNDING_BOX,"Madrid, Comunidad de Madrid, España",18,2026-10-06T23:08:48.244Z
st_instrumentos-musicales-de-segunda-mano:19,ChIJ-WYHzgYpQg0Ryv52SXPnHZQ,st_instrumentos-musicales-de-segunda-mano.json,APIFY_GOOGLE_MAPS_SCRAPER,instrumentos musicales de segunda mano,INSTRUMENTS,SECOND_HAND,Madrid,AREA_BOUNDING_BOX,"Madrid, Comunidad de Madrid, España",19,2026-10-06T23:08:48.244Z
st_instrumentos-musicales-de-segunda-mano:20,ChIJme3ti16GQQ0R3TP4JVELE1g,st_instrumentos-musicales-de-segunda-mano.json,APIFY_GOOGLE_MAPS_SCRAPER,instrumentos musicales de segunda mano,INSTRUMENTS,SECOND_HAND,Madrid,AREA_BOUNDING_BOX,"Madrid, Comunidad de Madrid, España",20,2026-10-06T23:08:48.244Z
st_instrumentos-musicales-de-segunda-mano:21,ChIJF3Htg4UoQg0RuYd9SMLn-Ng,st_instrumentos-musicales-de-segunda-mano.json,APIFY_GOOGLE_MAPS_SCRAPER,instrumentos musicales de segunda mano,INSTRUMENTS,SECOND_HAND,Madrid,AREA_BOUNDING_BOX,"Madrid, Comunidad de Madrid, España",21,2026-10-06T23:08:48.244Z
st_instrumentos-musicales-de-segunda-mano:22,ChIJiefdynsoQg0RSIx9mnYXHUo,st_instrumentos-musicales-de-segunda-mano.json,APIFY_GOOGLE_MAPS_SCRAPER,instrumentos musicales de segunda mano,INSTRUMENTS,SECOND_HAND,Madrid,AREA_BOUNDING_BOX,"Madrid, Comunidad de Madrid, España",22,2026-10-06T23:08:48.244Z
st_instrumentos-musicales-de-segunda-mano:23,ChIJ14rkstUnQg0RdHTm3H37oew,st_instrumentos-musicales-de-segunda-mano.json,APIFY_GOOGLE_MAPS_SCRAPER,instrumentos musicales de segunda mano,INSTRUMENTS,SECOND_HAND,Madrid,AREA_BOUNDING_BOX,"Madrid, Comunidad de Madrid, España",23,2026-10-06T23:08:48.244Z
st_instrumentos-musicales-de-segunda-mano:24,ChIJjTvATnQvQg0RNtfHg_KY70U,st_instrumentos-musicales-de-segunda-mano.json,APIFY_GOOGLE_MAPS_SCRAPER,instrumentos musicales de segunda mano,INSTRUMENTS,SECOND_HAND,Madrid,AREA_BOUNDING_BOX,"Madrid, Comunidad de Madrid, España",24,2026-10-06T23:08:48.244Z
st_instrumentos-musicales-de-segunda-mano:25,ChIJrQJFX44oQg0RqOnpf8QnYPk,st_instrumentos-musicales-de-segunda-mano.json,APIFY_GOOGLE_MAPS_SCRAPER,instrumentos musicales de segunda mano,INSTRUMENTS,SECOND_HAND,Madrid,AREA_BOUNDING_BOX,"Madrid, Comunidad de Madrid, España",25,2026-10-06T23:08:48.244Z
st_instrumentos-musicales-de-segunda-mano:26,ChIJO0JTRYcoQg0RO6JTkYv8yKI,st_instrumentos-musicales-de-segunda-mano.json,APIFY_GOOGLE_MAPS_SCRAPER,instrumentos musicales de segunda mano,INSTRUMENTS,SECOND_HAND,Madrid,AREA_BOUNDING_BOX,"Madrid, Comunidad de Madrid, España",26,2026-10-06T23:08:48.244Z
st_instrumentos-musicales-de-segunda-mano:27,ChIJ98GfcuwuQg0R-7SwuEnca-c,st_instrumentos-musicales-de-segunda-mano.json,APIFY_GOOGLE_MAPS_SCRAPER,instrumentos musicales de segunda mano,INSTRUMENTS,SECOND_HAND,Madrid,AREA_BOUNDING_BOX,"Madrid, Comunidad de Madrid, España",27,2026-10-06T23:08:48.244Z
st_instrumentos-musicales-de-segunda-mano:28,ChIJrRdqp0IoQg0Rux8dUVn0ll4,st_instrumentos-musicales-de-segunda-mano.json,APIFY_GOOGLE_MAPS_SCRAPER,instrumentos musicales de segunda mano,INSTRUMENTS,SECOND_HAND,Madrid,AREA_BOUNDING_BOX,"Madrid, Comunidad de Madrid, España",28,2026-10-06T23:08:48.244Z
st_instrumentos-musicales-de-segunda-mano:29,ChIJuclz7SomQg0RIAIefh8a2kY,st_instrumentos-musicales-de-segunda-mano.json,APIFY_GOOGLE_MAPS_SCRAPER,instrumentos musicales de segunda mano,INSTRUMENTS,SECOND_HAND,Madrid,AREA_BOUNDING_BOX,"Madrid, Comunidad de Madrid, España",29,2026-10-06T23:08:48.244Z
st_instrumentos-musicales-de-segunda-mano:30,ChIJOz5Odo4oQg0RDDWQNr1RfvU,st_instrumentos-musicales-de-segunda-mano.json,APIFY_GOOGLE_MAPS_SCRAPER,instrumentos musicales de segunda mano,INSTRUMENTS,SECOND_HAND,Madrid,AREA_BOUNDING_BOX,"Madrid, Comunidad de Madrid, España",30,2026-10-06T23:08:48.244Z
st_instrumentos-musicales-de-segunda-mano:31,ChIJAVN8NhkmQg0R_S3q60XAaiw,st_instrumentos-musicales-de-segunda-mano.json,APIFY_GOOGLE_MAPS_SCRAPER,instrumentos musicales de segunda mano,INSTRUMENTS,SECOND_HAND,Madrid,AREA_BOUNDING_BOX,"Madrid, Comunidad de Madrid, España",31,2026-10-06T23:08:48.245Z
st_instrumentos-musicales-de-segunda-mano:32,ChIJS3kvqY0oQg0R-m4yH1rBEKs,st_instrumentos-musicales-de-segunda-mano.json,APIFY_GOOGLE_MAPS_SCRAPER,instrumentos musicales de segunda mano,INSTRUMENTS,SECOND_HAND,Madrid,AREA_BOUNDING_BOX,"Madrid, Comunidad de Madrid, España",32,2026-10-06T23:08:48.245Z
st_instrumentos-musicales-de-segunda-mano:33,ChIJeXRdt3ooQg0R-21qVnzGTq8,st_instrumentos-musicales-de-segunda-mano.json,APIFY_GOOGLE_MAPS_SCRAPER,instrumentos musicales de segunda mano,INSTRUMENTS,SECOND_HAND,Madrid,AREA_BOUNDING_BOX,"Madrid, Comunidad de Madrid, España",33,2026-10-06T23:08:48.245Z
st_instrumentos-musicales-de-segunda-mano:34,ChIJc8-sqCkmQg0Rm-dFjDZytJg,st_instrumentos-musicales-de-segunda-mano.json,APIFY_GOOGLE_MAPS_SCRAPER,instrumentos musicales de segunda mano,INSTRUMENTS,SECOND_HAND,Madrid,AREA_BOUNDING_BOX,"Madrid, Comunidad de Madrid, España",34,2026-10-06T23:08:48.245Z
st_instrumentos-musicales-de-segunda-mano:35,ChIJH4LTEIcpQg0RVzPsJmOtbEw,st_instrumentos-musicales-de-segunda-mano.json,APIFY_GOOGLE_MAPS_SCRAPER,instrumentos musicales de segunda mano,INSTRUMENTS,SECOND_HAND,Madrid,AREA_BOUNDING_BOX,"Madrid, Comunidad de Madrid, España",35,2026-10-06T23:08:48.245Z
st_instrumentos-musicales-de-segunda-mano:36,ChIJi-ruNygmQg0Rp_Jojq6thwo,st_instrumentos-musicales-de-segunda-mano.json,APIFY_GOOGLE_MAPS_SCRAPER,instrumentos musicales de segunda mano,INSTRUMENTS,SECOND_HAND,Madrid,AREA_BOUNDING_BOX,"Madrid, Comunidad de Madrid, España",36,2026-10-06T23:08:48.245Z
st_instrumentos-musicales-de-segunda-mano:37,ChIJX3EQa2IoQg0Rpz12Q6atXBE,st_instrumentos-musicales-de-segunda-mano.json,APIFY_GOOGLE_MAPS_SCRAPER,instrumentos musicales de segunda mano,INSTRUMENTS,SECOND_HAND,Madrid,AREA_BOUNDING_BOX,"Madrid, Comunidad de Madrid, España",37,2026-10-06T23:08:48.245Z
st_instrumentos-musicales-de-segunda-mano:38,ChIJU55Y1zWJQQ0RNG5H2gxstBI,st_instrumentos-musicales-de-segunda-mano.json,APIFY_GOOGLE_MAPS_SCRAPER,instrumentos musicales de segunda mano,INSTRUMENTS,SECOND_HAND,Madrid,AREA_BOUNDING_BOX,"Madrid, Comunidad de Madrid, España",38,2026-10-06T23:08:48.245Z
st_instrumentos-musicales-de-segunda-mano:39,ChIJ84xmsdsoQg0RTkut8Uw5P2M,st_instrumentos-musicales-de-segunda-mano.json,APIFY_GOOGLE_MAPS_SCRAPER,instrumentos musicales de segunda mano,INSTRUMENTS,SECOND_HAND,Madrid,AREA_BOUNDING_BOX,"Madrid, Comunidad de Madrid, España",39,2026-10-06T23:08:48.245Z
st_instrumentos-musicales-de-segunda-mano:40,ChIJXf6XnNUpQg0R88rR-oToOWQ,st_instrumentos-musicales-de-segunda-mano.json,APIFY_GOOGLE_MAPS_SCRAPER,instrumentos musicales de segunda mano,INSTRUMENTS,SECOND_HAND,Madrid,AREA_BOUNDING_BOX,"Madrid, Comunidad de Madrid, España",40,2026-10-06T23:08:48.245Z
st_instrumentos-musicales-de-segunda-mano:41,ChIJj0-f3K38cQ0RIDyailccG-Y,st_instrumentos-musicales-de-segunda-mano.json,APIFY_GOOGLE_MAPS_SCRAPER,instrumentos musicales de segunda mano,INSTRUMENTS,SECOND_HAND,Madrid,AREA_BOUNDING_BOX,"Madrid, Comunidad de Madrid, España",41,2026-10-06T23:08:48.245Z
st_instrumentos-musicales-de-segunda-mano:42,ChIJT9-y-7ApQg0RdLE1wmJYib0,st_instrumentos-musicales-de-segunda-mano.json,APIFY_GOOGLE_MAPS_SCRAPER,instrumentos musicales de segunda mano,INSTRUMENTS,SECOND_HAND,Madrid,AREA_BOUNDING_BOX,"Madrid, Comunidad de Madrid, España",42,2026-10-06T23:08:48.245Z
st_instrumentos-musicales-de-segunda-mano:43,ChIJVU08PqQnQg0RYgHa3TCAOaI,st_instrumentos-musicales-de-segunda-mano.json,APIFY_GOOGLE_MAPS_SCRAPER,instrumentos musicales de segunda mano,INSTRUMENTS,SECOND_HAND,Madrid,AREA_BOUNDING_BOX,"Madrid, Comunidad de Madrid, España",43,2026-10-06T23:08:48.245Z
st_instrumentos-musicales-de-segunda-mano:44,ChIJOQzrNtIoQg0Rsy6UsXHF3vg,st_instrumentos-musicales-de-segunda-mano.json,APIFY_GOOGLE_MAPS_SCRAPER,instrumentos musicales de segunda mano,INSTRUMENTS,SECOND_HAND,Madrid,AREA_BOUNDING_BOX,"Madrid, Comunidad de Madrid, España",44,2026-10-06T23:08:48.245Z
st_instrumentos-musicales-de-segunda-mano:45,ChIJEYN12CsvQg0R46jXSPw9NLE,st_instrumentos-musicales-de-segunda-mano.json,APIFY_GOOGLE_MAPS_SCRAPER,instrumentos musicales de segunda mano,INSTRUMENTS,SECOND_HAND,Madrid,AREA_BOUNDING_BOX,"Madrid, Comunidad de Madrid, España",45,2026-10-06T23:08:48.245Z
st_instrumentos-musicales-de-segunda-mano:46,ChIJD_hJStwlQg0RkY8gmJU-YAU,st_instrumentos-musicales-de-segunda-mano.json,APIFY_GOOGLE_MAPS_SCRAPER,instrumentos musicales de segunda mano,INSTRUMENTS,SECOND_HAND,Madrid,AREA_BOUNDING_BOX,"Madrid, Comunidad de Madrid, España",46,2026-10-06T23:08:48.245Z
st_instrumentos-musicales-de-segunda-mano:47,ChIJ-4Uq_mAoQg0R05r5vY3Boso,st_instrumentos-musicales-de-segunda-mano.json,APIFY_GOOGLE_MAPS_SCRAPER,instrumentos musicales de segunda mano,INSTRUMENTS,SECOND_HAND,Madrid,AREA_BOUNDING_BOX,"Madrid, Comunidad de Madrid, España",47,2026-10-06T23:08:48.245Z
st_instrumentos-musicales-de-segunda-mano:48,ChIJt0z1DZcnQg0R9iyRuyCT-78,st_instrumentos-musicales-de-segunda-mano.json,APIFY_GOOGLE_MAPS_SCRAPER,instrumentos musicales de segunda mano,INSTRUMENTS,SECOND_HAND,Madrid,AREA_BOUNDING_BOX,"Madrid, Comunidad de Madrid, España",48,2026-10-06T23:08:48.245Z
st_instrumentos-musicales-de-segunda-mano:49,ChIJCWRpLWUoQg0Rh8BEc5YYFlE,st_instrumentos-musicales-de-segunda-mano.json,APIFY_GOOGLE_MAPS_SCRAPER,instrumentos musicales de segunda mano,INSTRUMENTS,SECOND_HAND,Madrid,AREA_BOUNDING_BOX,"Madrid, Comunidad de Madrid, España",49,2026-10-06T23:08:48.245Z
st_orquesta:1,ChIJ6YPZAQwpQg0RhH5qTyc_dpE,st_orquesta.json,APIFY_GOOGLE_MAPS_SCRAPER,orquesta,PERFORMING,ORCHESTRA,Madrid,AREA_BOUNDING_BOX,"Madrid, Comunidad de Madrid, España",1,2026-10-06T23:08:34.431Z
st_orquesta:2,ChIJjfgZ1e8oQg0RPSTWGJefa7Q,st_orquesta.json,APIFY_GOOGLE_MAPS_SCRAPER,orquesta,PERFORMING,ORCHESTRA,Madrid,AREA_BOUNDING_BOX,"Madrid, Comunidad de Madrid, España",2,2026-10-06T23:08:34.431Z
st_orquesta:3,ChIJ7el16DovQg0Rw-3gw_uhlPI,st_orquesta.json,APIFY_GOOGLE_MAPS_SCRAPER,orquesta,PERFORMING,ORCHESTRA,Madrid,AREA_BOUNDING_BOX,"Madrid, Comunidad de Madrid, España",3,2026-10-06T23:08:34.431Z
st_orquesta:4,ChIJE43p2sAuQg0Rl34np4OCQ-E,st_orquesta.json,APIFY_GOOGLE_MAPS_SCRAPER,orquesta,PERFORMING,ORCHESTRA,Madrid,AREA_BOUNDING_BOX,"Madrid, Comunidad de Madrid, España",4,2026-10-06T23:08:34.431Z
st_orquesta:5,ChIJE6ju60spQg0RAY6DAgixSw4,st_orquesta.json,APIFY_GOOGLE_MAPS_SCRAPER,orquesta,PERFORMING,ORCHESTRA,Madrid,AREA_BOUNDING_BOX,"Madrid, Comunidad de Madrid, España",5,2026-10-06T23:08:34.431Z
st_orquesta:6,ChIJl-nSUIQoQg0Rz-lkHvPJVjo,st_orquesta.json,APIFY_GOOGLE_MAPS_SCRAPER,orquesta,PERFORMING,ORCHESTRA,Madrid,AREA_BOUNDING_BOX,"Madrid, Comunidad de Madrid, España",6,2026-10-06T23:08:34.431Z
st_orquesta:7,ChIJq9kJj9UuQg0RNlY-G9q56Bc,st_orquesta.json,APIFY_GOOGLE_MAPS_SCRAPER,orquesta,PERFORMING,ORCHESTRA,Madrid,AREA_BOUNDING_BOX,"Madrid, Comunidad de Madrid, España",7,2026-10-06T23:08:34.431Z
st_orquesta:8,ChIJE1cA9mAoQg0RjasnnHJ_GqY,st_orquesta.json,APIFY_GOOGLE_MAPS_SCRAPER,orquesta,PERFORMING,ORCHESTRA,Madrid,AREA_BOUNDING_BOX,"Madrid, Comunidad de Madrid, España",8,2026-10-06T23:08:34.431Z
st_orquesta:9,ChIJC3JOOMkrQg0RwWwOabj2trg,st_orquesta.json,APIFY_GOOGLE_MAPS_SCRAPER,orquesta,PERFORMING,ORCHESTRA,Madrid,AREA_BOUNDING_BOX,"Madrid, Comunidad de Madrid, España",9,2026-10-06T23:08:34.431Z
st_orquesta:10,ChIJkyzF948pQg0RS9WcFjJubHc,st_orquesta.json,APIFY_GOOGLE_MAPS_SCRAPER,orquesta,PERFORMING,ORCHESTRA,Madrid,AREA_BOUNDING_BOX,"Madrid, Comunidad de Madrid, España",10,2026-10-06T23:08:34.431Z
st_orquesta:11,ChIJ0YILBgApQg0Rhh3ybyLg9TI,st_orquesta.json,APIFY_GOOGLE_MAPS_SCRAPER,orquesta,PERFORMING,ORCHESTRA,Madrid,AREA_BOUNDING_BOX,"Madrid, Comunidad de Madrid, España",11,2026-10-06T23:08:34.431Z
st_orquesta:12,ChIJuS4EFGcoQg0Rmy9D7VVogio,st_orquesta.json,APIFY_GOOGLE_MAPS_SCRAPER,orquesta,PERFORMING,ORCHESTRA,Madrid,AREA_BOUNDING_BOX,"Madrid, Comunidad de Madrid, España",12,2026-10-06T23:08:34.431Z
st_orquesta:13,ChIJ_____0_DcrQRLeAX_1TGlsY,st_orquesta.json,APIFY_GOOGLE_MAPS_SCRAPER,orquesta,PERFORMING,ORCHESTRA,Madrid,AREA_BOUNDING_BOX,"Madrid, Comunidad de Madrid, España",13,2026-10-06T23:08:34.431Z
st_orquesta:14,ChIJhahZZsYnQg0RKeCtX-dkmKY,st_orquesta.json,APIFY_GOOGLE_MAPS_SCRAPER,orquesta,PERFORMING,ORCHESTRA,Madrid,AREA_BOUNDING_BOX,"Madrid, Comunidad de Madrid, España",14,2026-10-06T23:08:34.431Z
st_orquesta:15,ChIJVVWlUkwoQg0RdmOx7qiJJ7U,st_orquesta.json,APIFY_GOOGLE_MAPS_SCRAPER,orquesta,PERFORMING,ORCHESTRA,Madrid,AREA_BOUNDING_BOX,"Madrid, Comunidad de Madrid, España",15,2026-10-06T23:08:34.431Z
st_orquesta:16,ChIJYVKloMchQg0RqUyu7BLXa3U,st_orquesta.json,APIFY_GOOGLE_MAPS_SCRAPER,orquesta,PERFORMING,ORCHESTRA,Madrid,AREA_BOUNDING_BOX,"Madrid, Comunidad de Madrid, España",16,2026-10-06T23:08:34.431Z
st_orquesta:17,ChIJRUGqMzkpQg0RBd-ymFDiaU0,st_orquesta.json,APIFY_GOOGLE_MAPS_SCRAPER,orquesta,PERFORMING,ORCHESTRA,Madrid,AREA_BOUNDING_BOX,"Madrid, Comunidad de Madrid, España",17,2026-10-06T23:08:34.431Z
st_orquesta:18,ChIJ6a70JLwpQg0RjqbSQggDmK8,st_orquesta.json,APIFY_GOOGLE_MAPS_SCRAPER,orquesta,PERFORMING,ORCHESTRA,Madrid,AREA_BOUNDING_BOX,"Madrid, Comunidad de Madrid, España",18,2026-10-06T23:08:34.431Z
st_orquesta:19,ChIJ4WLELEiJQQ0RH3M4j1mV2wg,st_orquesta.json,APIFY_GOOGLE_MAPS_SCRAPER,orquesta,PERFORMING,ORCHESTRA,Madrid,AREA_BOUNDING_BOX,"Madrid, Comunidad de Madrid, España",19,2026-10-06T23:08:34.431Z
st_orquesta:20,ChIJVVUF2McoQg0RwMh8eI4n9Po,st_orquesta.json,APIFY_GOOGLE_MAPS_SCRAPER,orquesta,PERFORMING,ORCHESTRA,Madrid,AREA_BOUNDING_BOX,"Madrid, Comunidad de Madrid, España",20,2026-10-06T23:08:34.431Z
st_orquesta:21,ChIJsb1hnzomQg0Rx4W4GyR8NQU,st_orquesta.json,APIFY_GOOGLE_MAPS_SCRAPER,orquesta,PERFORMING,ORCHESTRA,Madrid,AREA_BOUNDING_BOX,"Madrid, Comunidad de Madrid, España",21,2026-10-06T23:08:34.431Z
st_orquesta:22,ChIJBQDQeEaJQQ0RnA0cFtq4ZpU,st_orquesta.json,APIFY_GOOGLE_MAPS_SCRAPER,orquesta,PERFORMING,ORCHESTRA,Madrid,AREA_BOUNDING_BOX,"Madrid, Comunidad de Madrid, España",22,2026-10-06T23:08:34.431Z
st_orquesta:23,ChIJe4AzcYApQg0R_GF5hsbnhWo,st_orquesta.json,APIFY_GOOGLE_MAPS_SCRAPER,orquesta,PERFORMING,ORCHESTRA,Madrid,AREA_BOUNDING_BOX,"Madrid, Comunidad de Madrid, España",23,2026-10-06T23:08:34.431Z
st_orquesta:24,ChIJWXy0HX4oQg0RPXqRuDWPSnk,st_orquesta.json,APIFY_GOOGLE_MAPS_SCRAPER,orquesta,PERFORMING,ORCHESTRA,Madrid,AREA_BOUNDING_BOX,"Madrid, Comunidad de Madrid, España",24,2026-10-06T23:08:34.431Z
st_orquesta:25,ChIJs24JgkApQg0ReUOCWOsBJhk,st_orquesta.json,APIFY_GOOGLE_MAPS_SCRAPER,orquesta,PERFORMING,ORCHESTRA,Madrid,AREA_BOUNDING_BOX,"Madrid, Comunidad de Madrid, España",25,2026-10-06T23:08:34.431Z
st_orquesta:26,ChIJJxD2EIwoQg0RSOzqWQKeG9g,st_orquesta.json,APIFY_GOOGLE_MAPS_SCRAPER,orquesta,PERFORMING,ORCHESTRA,Madrid,AREA_BOUNDING_BOX,"Madrid, Comunidad de Madrid, España",26,2026-10-06T23:08:34.431Z
st_orquesta:27,ChIJmRG0VkJII2wRyOIcZtcyEt0,st_orquesta.json,APIFY_GOOGLE_MAPS_SCRAPER,orquesta,PERFORMING,ORCHESTRA,Madrid,AREA_BOUNDING_BOX,"Madrid, Comunidad de Madrid, España",27,2026-10-06T23:08:34.431Z
st_orquesta:28,ChIJZRfxOouJQQ0R6Y5dpaZMWjc,st_orquesta.json,APIFY_GOOGLE_MAPS_SCRAPER,orquesta,PERFORMING,ORCHESTRA,Madrid,AREA_BOUNDING_BOX,"Madrid, Comunidad de Madrid, España",28,2026-10-06T23:08:34.431Z
st_orquesta:29,ChIJb5zrKaMoQg0RPTtSeCWVfNE,st_orquesta.json,APIFY_GOOGLE_MAPS_SCRAPER,orquesta,PERFORMING,ORCHESTRA,Madrid,AREA_BOUNDING_BOX,"Madrid, Comunidad de Madrid, España",29,2026-10-06T23:08:34.431Z
st_orquesta:30,ChIJVYjUxKseI2MRqfcClFQeDi0,st_orquesta.json,APIFY_GOOGLE_MAPS_SCRAPER,orquesta,PERFORMING,ORCHESTRA,Madrid,AREA_BOUNDING_BOX,"Madrid, Comunidad de Madrid, España",30,2026-10-06T23:08:34.431Z
st_orquesta:31,ChIJq7xW0W4oQg0RntR517FtSMA,st_orquesta.json,APIFY_GOOGLE_MAPS_SCRAPER,orquesta,PERFORMING,ORCHESTRA,Madrid,AREA_BOUNDING_BOX,"Madrid, Comunidad de Madrid, España",31,2026-10-06T23:08:34.431Z
st_orquesta:32,ChIJ069KwbOOQQ0REIyebFE4oCk,st_orquesta.json,APIFY_GOOGLE_MAPS_SCRAPER,orquesta,PERFORMING,ORCHESTRA,Madrid,AREA_BOUNDING_BOX,"Madrid, Comunidad de Madrid, España",32,2026-10-06T23:08:34.431Z
st_orquesta:33,ChIJmQu1eyGMQQ0RoHjYc9kVeWA,st_orquesta.json,APIFY_GOOGLE_MAPS_SCRAPER,orquesta,PERFORMING,ORCHESTRA,Madrid,AREA_BOUNDING_BOX,"Madrid, Comunidad de Madrid, España",33,2026-10-06T23:08:34.431Z
st_orquesta:34,ChIJ577gzXqEQQ0R5GpsFZmyxUI,st_orquesta.json,APIFY_GOOGLE_MAPS_SCRAPER,orquesta,PERFORMING,ORCHESTRA,Madrid,AREA_BOUNDING_BOX,"Madrid, Comunidad de Madrid, España",34,2026-10-06T23:08:34.431Z
st_orquesta:35,ChIJW3eVhbMlQg0RUYmQw0aTswo,st_orquesta.json,APIFY_GOOGLE_MAPS_SCRAPER,orquesta,PERFORMING,ORCHESTRA,Madrid,AREA_BOUNDING_BOX,"Madrid, Comunidad de Madrid, España",35,2026-10-06T23:08:34.431Z
st_orquesta:36,ChIJGZhyrpkoQg0RiOnY07WgDA0,st_orquesta.json,APIFY_GOOGLE_MAPS_SCRAPER,orquesta,PERFORMING,ORCHESTRA,Madrid,AREA_BOUNDING_BOX,"Madrid, Comunidad de Madrid, España",36,2026-10-06T23:08:34.431Z
st_orquesta:37,ChIJw9Ka-j0nQg0RTf8VXVoFGgc,st_orquesta.json,APIFY_GOOGLE_MAPS_SCRAPER,orquesta,PERFORMING,ORCHESTRA,Madrid,AREA_BOUNDING_BOX,"Madrid, Comunidad de Madrid, España",37,2026-10-06T23:08:34.431Z
st_orquesta:38,ChIJMQNq18UpQg0RHRIKnbDXalY,st_orquesta.json,APIFY_GOOGLE_MAPS_SCRAPER,orquesta,PERFORMING,ORCHESTRA,Madrid,AREA_BOUNDING_BOX,"Madrid, Comunidad de Madrid, España",38,2026-10-06T23:08:34.431Z
st_orquesta:39,ChIJrbR63MAuQg0RoWJOaTIvxJo,st_orquesta.json,APIFY_GOOGLE_MAPS_SCRAPER,orquesta,PERFORMING,ORCHESTRA,Madrid,AREA_BOUNDING_BOX,"Madrid, Comunidad de Madrid, España",39,2026-10-06T23:08:34.431Z
st_orquesta:40,ChIJK7WV2CApQg0RNNJuDSZvOng,st_orquesta.json,APIFY_GOOGLE_MAPS_SCRAPER,orquesta,PERFORMING,ORCHESTRA,Madrid,AREA_BOUNDING_BOX,"Madrid, Comunidad de Madrid, España",40,2026-10-06T23:08:34.431Z
st_orquesta:41,ChIJu8zCDoMpQg0RRlTGrTrmk_s,st_orquesta.json,APIFY_GOOGLE_MAPS_SCRAPER,orquesta,PERFORMING,ORCHESTRA,Madrid,AREA_BOUNDING_BOX,"Madrid, Comunidad de Madrid, España",41,2026-10-06T23:08:34.431Z
st_orquesta:42,ChIJCcMomIooQg0R6z2jGgTyIUc,st_orquesta.json,APIFY_GOOGLE_MAPS_SCRAPER,orquesta,PERFORMING,ORCHESTRA,Madrid,AREA_BOUNDING_BOX,"Madrid, Comunidad de Madrid, España",42,2026-10-06T23:08:34.431Z
st_orquesta:43,ChIJb_N2fJopQg0RR2nhd-i3pW8,st_orquesta.json,APIFY_GOOGLE_MAPS_SCRAPER,orquesta,PERFORMING,ORCHESTRA,Madrid,AREA_BOUNDING_BOX,"Madrid, Comunidad de Madrid, España",43,2026-10-06T23:08:34.431Z
st_orquesta:44,ChIJf14DnCMpQg0RL22hYFB8sbY,st_orquesta.json,APIFY_GOOGLE_MAPS_SCRAPER,orquesta,PERFORMING,ORCHESTRA,Madrid,AREA_BOUNDING_BOX,"Madrid, Comunidad de Madrid, España",44,2026-10-06T23:08:34.431Z
st_orquesta:45,ChIJDURZcUZri6oRuEgwdmhq3CY,st_orquesta.json,APIFY_GOOGLE_MAPS_SCRAPER,orquesta,PERFORMING,ORCHESTRA,Madrid,AREA_BOUNDING_BOX,"Madrid, Comunidad de Madrid, España",45,2026-10-06T23:08:34.431Z
st_orquesta:46,ChIJAQBw5cMoQg0RPBpeW60gBKY,st_orquesta.json,APIFY_GOOGLE_MAPS_SCRAPER,orquesta,PERFORMING,ORCHESTRA,Madrid,AREA_BOUNDING_BOX,"Madrid, Comunidad de Madrid, España",46,2026-10-06T23:08:34.432Z
st_productor-musical:1,ChIJk7z3WQApQg0R6fjkw16VdVU,st_productor-musical.json,APIFY_GOOGLE_MAPS_SCRAPER,productor musical,MUSIC_PRODUCTION,PRODUCER,Madrid,AREA_BOUNDING_BOX,"Madrid, Comunidad de Madrid, España",1,2026-10-06T23:09:24.715Z
st_productor-musical:2,ChIJqz4wI5knQg0R4GobYdOkaAU,st_productor-musical.json,APIFY_GOOGLE_MAPS_SCRAPER,productor musical,MUSIC_PRODUCTION,PRODUCER,Madrid,AREA_BOUNDING_BOX,"Madrid, Comunidad de Madrid, España",2,2026-10-06T23:09:24.716Z
st_productor-musical:3,ChIJTQqP0FYnQg0RV9D71jb3KQ0,st_productor-musical.json,APIFY_GOOGLE_MAPS_SCRAPER,productor musical,MUSIC_PRODUCTION,PRODUCER,Madrid,AREA_BOUNDING_BOX,"Madrid, Comunidad de Madrid, España",3,2026-10-06T23:09:24.716Z
st_productor-musical:4,ChIJ21l5rIcpQg0RAUG3D64Wx2I,st_productor-musical.json,APIFY_GOOGLE_MAPS_SCRAPER,productor musical,MUSIC_PRODUCTION,PRODUCER,Madrid,AREA_BOUNDING_BOX,"Madrid, Comunidad de Madrid, España",4,2026-10-06T23:09:24.716Z
st_productor-musical:5,ChIJQydQlHkpQg0RagliVTCJFi0,st_productor-musical.json,APIFY_GOOGLE_MAPS_SCRAPER,productor musical,MUSIC_PRODUCTION,PRODUCER,Madrid,AREA_BOUNDING_BOX,"Madrid, Comunidad de Madrid, España",5,2026-10-06T23:09:24.716Z
st_productor-musical:6,ChIJQ5zqW6onQg0R9XvsDk_xnqc,st_productor-musical.json,APIFY_GOOGLE_MAPS_SCRAPER,productor musical,MUSIC_PRODUCTION,PRODUCER,Madrid,AREA_BOUNDING_BOX,"Madrid, Comunidad de Madrid, España",6,2026-10-06T23:09:24.716Z
st_productor-musical:7,ChIJE0PbgeEtQg0RKhvVeMURkgI,st_productor-musical.json,APIFY_GOOGLE_MAPS_SCRAPER,productor musical,MUSIC_PRODUCTION,PRODUCER,Madrid,AREA_BOUNDING_BOX,"Madrid, Comunidad de Madrid, España",7,2026-10-06T23:09:24.716Z
st_productor-musical:8,ChIJaarDjdBJQg0RswsdjfIKVRE,st_productor-musical.json,APIFY_GOOGLE_MAPS_SCRAPER,productor musical,MUSIC_PRODUCTION,PRODUCER,Madrid,AREA_BOUNDING_BOX,"Madrid, Comunidad de Madrid, España",8,2026-10-06T23:09:24.716Z
st_productor-musical:9,ChIJDRA9uc8oQg0R37x9zynhpZ0,st_productor-musical.json,APIFY_GOOGLE_MAPS_SCRAPER,productor musical,MUSIC_PRODUCTION,PRODUCER,Madrid,AREA_BOUNDING_BOX,"Madrid, Comunidad de Madrid, España",9,2026-10-06T23:09:24.716Z
st_productor-musical:10,ChIJGSGi46eHQQ0R8Q0q8YAP5bU,st_productor-musical.json,APIFY_GOOGLE_MAPS_SCRAPER,productor musical,MUSIC_PRODUCTION,PRODUCER,Madrid,AREA_BOUNDING_BOX,"Madrid, Comunidad de Madrid, España",10,2026-10-06T23:09:24.716Z
st_productor-musical:11,ChIJs-hbnHspQg0Rd3BdQsAtU9I,st_productor-musical.json,APIFY_GOOGLE_MAPS_SCRAPER,productor musical,MUSIC_PRODUCTION,PRODUCER,Madrid,AREA_BOUNDING_BOX,"Madrid, Comunidad de Madrid, España",11,2026-10-06T23:09:24.716Z
st_productor-musical:12,ChIJr5dULXMnQg0R_c_qShe7QFY,st_productor-musical.json,APIFY_GOOGLE_MAPS_SCRAPER,productor musical,MUSIC_PRODUCTION,PRODUCER,Madrid,AREA_BOUNDING_BOX,"Madrid, Comunidad de Madrid, España",12,2026-10-06T23:09:24.716Z
st_productor-musical:13,ChIJU0FQ2kIpQg0RwX_rLSWBzxE,st_productor-musical.json,APIFY_GOOGLE_MAPS_SCRAPER,productor musical,MUSIC_PRODUCTION,PRODUCER,Madrid,AREA_BOUNDING_BOX,"Madrid, Comunidad de Madrid, España",13,2026-10-06T23:09:24.716Z
st_productor-musical:14,ChIJMXFNdBIpQg0R_IhPb7KwRKA,st_productor-musical.json,APIFY_GOOGLE_MAPS_SCRAPER,productor musical,MUSIC_PRODUCTION,PRODUCER,Madrid,AREA_BOUNDING_BOX,"Madrid, Comunidad de Madrid, España",14,2026-10-06T23:09:24.716Z
st_productor-musical:15,ChIJ29JoELwoQg0RmZHww4P6YZk,st_productor-musical.json,APIFY_GOOGLE_MAPS_SCRAPER,productor musical,MUSIC_PRODUCTION,PRODUCER,Madrid,AREA_BOUNDING_BOX,"Madrid, Comunidad de Madrid, España",15,2026-10-06T23:09:24.716Z
st_productor-musical:16,ChIJJfH2L1QoQg0R7M6GgAR_Npw,st_productor-musical.json,APIFY_GOOGLE_MAPS_SCRAPER,productor musical,MUSIC_PRODUCTION,PRODUCER,Madrid,AREA_BOUNDING_BOX,"Madrid, Comunidad de Madrid, España",16,2026-10-06T23:09:24.716Z
st_productor-musical:17,ChIJR_RbaSwnQg0R7Ak3aRVyHPM,st_productor-musical.json,APIFY_GOOGLE_MAPS_SCRAPER,productor musical,MUSIC_PRODUCTION,PRODUCER,Madrid,AREA_BOUNDING_BOX,"Madrid, Comunidad de Madrid, España",17,2026-10-06T23:09:24.716Z
st_productor-musical:18,ChIJscfe_e8lQg0RyK8pJAiAHUs,st_productor-musical.json,APIFY_GOOGLE_MAPS_SCRAPER,productor musical,MUSIC_PRODUCTION,PRODUCER,Madrid,AREA_BOUNDING_BOX,"Madrid, Comunidad de Madrid, España",18,2026-10-06T23:09:24.716Z
st_productor-musical:19,ChIJK--mYPAlQg0RQxwAIKqYFrY,st_productor-musical.json,APIFY_GOOGLE_MAPS_SCRAPER,productor musical,MUSIC_PRODUCTION,PRODUCER,Madrid,AREA_BOUNDING_BOX,"Madrid, Comunidad de Madrid, España",19,2026-10-06T23:09:24.716Z
st_productor-musical:20,ChIJV1lblTEmQg0RpOA0Oi_mdMI,st_productor-musical.json,APIFY_GOOGLE_MAPS_SCRAPER,productor musical,MUSIC_PRODUCTION,PRODUCER,Madrid,AREA_BOUNDING_BOX,"Madrid, Comunidad de Madrid, España",20,2026-10-06T23:09:24.716Z
st_productor-musical:21,ChIJXZkmoK4nQg0Rt4D-HOeOmjQ,st_productor-musical.json,APIFY_GOOGLE_MAPS_SCRAPER,productor musical,MUSIC_PRODUCTION,PRODUCER,Madrid,AREA_BOUNDING_BOX,"Madrid, Comunidad de Madrid, España",21,2026-10-06T23:09:24.716Z
st_productor-musical:22,ChIJuzEXfzYpQg0Rq1haKLaljZg,st_productor-musical.json,APIFY_GOOGLE_MAPS_SCRAPER,productor musical,MUSIC_PRODUCTION,PRODUCER,Madrid,AREA_BOUNDING_BOX,"Madrid, Comunidad de Madrid, España",22,2026-10-06T23:09:24.716Z
st_productor-musical:23,ChIJSUUIaUwvQg0RR-Bkv85YPaU,st_productor-musical.json,APIFY_GOOGLE_MAPS_SCRAPER,productor musical,MUSIC_PRODUCTION,PRODUCER,Madrid,AREA_BOUNDING_BOX,"Madrid, Comunidad de Madrid, España",23,2026-10-06T23:09:24.716Z
st_productor-musical:24,ChIJfbrWxYwnQg0RKyB1HkFCWss,st_productor-musical.json,APIFY_GOOGLE_MAPS_SCRAPER,productor musical,MUSIC_PRODUCTION,PRODUCER,Madrid,AREA_BOUNDING_BOX,"Madrid, Comunidad de Madrid, España",24,2026-10-06T23:09:24.716Z
st_productor-musical:25,ChIJg7svrsgpQg0R-thscMfWi9k,st_productor-musical.json,APIFY_GOOGLE_MAPS_SCRAPER,productor musical,MUSIC_PRODUCTION,PRODUCER,Madrid,AREA_BOUNDING_BOX,"Madrid, Comunidad de Madrid, España",25,2026-10-06T23:09:24.716Z
st_productor-musical:26,ChIJvaZ5rH0oQg0RqyzB8e7DSxw,st_productor-musical.json,APIFY_GOOGLE_MAPS_SCRAPER,productor musical,MUSIC_PRODUCTION,PRODUCER,Madrid,AREA_BOUNDING_BOX,"Madrid, Comunidad de Madrid, España",26,2026-10-06T23:09:24.716Z
st_productor-musical:27,ChIJPRPoSA8vQg0RxO43M450_do,st_productor-musical.json,APIFY_GOOGLE_MAPS_SCRAPER,productor musical,MUSIC_PRODUCTION,PRODUCER,Madrid,AREA_BOUNDING_BOX,"Madrid, Comunidad de Madrid, España",27,2026-10-06T23:09:24.716Z
st_productor-musical:28,ChIJASeWbMkoQg0RpEAEzuXzjPg,st_productor-musical.json,APIFY_GOOGLE_MAPS_SCRAPER,productor musical,MUSIC_PRODUCTION,PRODUCER,Madrid,AREA_BOUNDING_BOX,"Madrid, Comunidad de Madrid, España",28,2026-10-06T23:09:24.716Z
st_productor-musical:29,ChIJuyKJb1cpQg0RYZv6cg98ju0,st_productor-musical.json,APIFY_GOOGLE_MAPS_SCRAPER,productor musical,MUSIC_PRODUCTION,PRODUCER,Madrid,AREA_BOUNDING_BOX,"Madrid, Comunidad de Madrid, España",29,2026-10-06T23:09:24.716Z
st_productor-musical:30,ChIJ7R5iNI4oQg0RZ1r5Voxi_pw,st_productor-musical.json,APIFY_GOOGLE_MAPS_SCRAPER,productor musical,MUSIC_PRODUCTION,PRODUCER,Madrid,AREA_BOUNDING_BOX,"Madrid, Comunidad de Madrid, España",30,2026-10-06T23:09:24.716Z
st_productor-musical:31,ChIJCRykWcyJQQ0RNgBOIauWk9M,st_productor-musical.json,APIFY_GOOGLE_MAPS_SCRAPER,productor musical,MUSIC_PRODUCTION,PRODUCER,Madrid,AREA_BOUNDING_BOX,"Madrid, Comunidad de Madrid, España",31,2026-10-06T23:09:24.716Z
st_productor-musical:32,ChIJhYmj0X8oQg0R2SGuogcSBEY,st_productor-musical.json,APIFY_GOOGLE_MAPS_SCRAPER,productor musical,MUSIC_PRODUCTION,PRODUCER,Madrid,AREA_BOUNDING_BOX,"Madrid, Comunidad de Madrid, España",32,2026-10-06T23:09:24.716Z
st_productor-musical:33,ChIJ4ZO0dNkuQg0RQhI0ySze5L4,st_productor-musical.json,APIFY_GOOGLE_MAPS_SCRAPER,productor musical,MUSIC_PRODUCTION,PRODUCER,Madrid,AREA_BOUNDING_BOX,"Madrid, Comunidad de Madrid, España",33,2026-10-06T23:09:24.716Z
st_productor-musical:34,ChIJFZc-UFkpQg0RzrbqZTM8fEk,st_productor-musical.json,APIFY_GOOGLE_MAPS_SCRAPER,productor musical,MUSIC_PRODUCTION,PRODUCER,Madrid,AREA_BOUNDING_BOX,"Madrid, Comunidad de Madrid, España",34,2026-10-06T23:09:24.716Z
st_productor-musical:35,ChIJK_Z3yfIoQg0Rz5CNm3PXCAk,st_productor-musical.json,APIFY_GOOGLE_MAPS_SCRAPER,productor musical,MUSIC_PRODUCTION,PRODUCER,Madrid,AREA_BOUNDING_BOX,"Madrid, Comunidad de Madrid, España",35,2026-10-06T23:09:24.716Z
st_productor-musical:36,ChIJtT5o8PcnQg0RMSdufGMAil0,st_productor-musical.json,APIFY_GOOGLE_MAPS_SCRAPER,productor musical,MUSIC_PRODUCTION,PRODUCER,Madrid,AREA_BOUNDING_BOX,"Madrid, Comunidad de Madrid, España",36,2026-10-06T23:09:24.716Z
st_productor-musical:37,ChIJJ-tFf9cnQg0RrdOqJYV0K44,st_productor-musical.json,APIFY_GOOGLE_MAPS_SCRAPER,productor musical,MUSIC_PRODUCTION,PRODUCER,Madrid,AREA_BOUNDING_BOX,"Madrid, Comunidad de Madrid, España",37,2026-10-06T23:09:24.716Z
st_productor-musical:38,ChIJsYk8DcEoQg0Rp4hLHxMu8TE,st_productor-musical.json,APIFY_GOOGLE_MAPS_SCRAPER,productor musical,MUSIC_PRODUCTION,PRODUCER,Madrid,AREA_BOUNDING_BOX,"Madrid, Comunidad de Madrid, España",38,2026-10-06T23:09:24.716Z
st_productor-musical:39,ChIJk-4rZZ0pQg0RIBWWkiRh_Q0,st_productor-musical.json,APIFY_GOOGLE_MAPS_SCRAPER,productor musical,MUSIC_PRODUCTION,PRODUCER,Madrid,AREA_BOUNDING_BOX,"Madrid, Comunidad de Madrid, España",39,2026-10-06T23:09:24.716Z
st_productor-musical:40,ChIJE_OzTwApQg0RbN3m34NszPM,st_productor-musical.json,APIFY_GOOGLE_MAPS_SCRAPER,productor musical,MUSIC_PRODUCTION,PRODUCER,Madrid,AREA_BOUNDING_BOX,"Madrid, Comunidad de Madrid, España",40,2026-10-06T23:09:24.716Z
st_productor-musical:41,ChIJAQAAAFDXcrQR_W4va_-wW4w,st_productor-musical.json,APIFY_GOOGLE_MAPS_SCRAPER,productor musical,MUSIC_PRODUCTION,PRODUCER,Madrid,AREA_BOUNDING_BOX,"Madrid, Comunidad de Madrid, España",41,2026-10-06T23:09:24.716Z
st_productor-musical:42,ChIJV5kVK74oQg0R9BsEQ_bG3Mc,st_productor-musical.json,APIFY_GOOGLE_MAPS_SCRAPER,productor musical,MUSIC_PRODUCTION,PRODUCER,Madrid,AREA_BOUNDING_BOX,"Madrid, Comunidad de Madrid, España",42,2026-10-06T23:09:24.716Z
st_productor-musical:43,ChIJH4LTEIcpQg0RVzPsJmOtbEw,st_productor-musical.json,APIFY_GOOGLE_MAPS_SCRAPER,productor musical,MUSIC_PRODUCTION,PRODUCER,Madrid,AREA_BOUNDING_BOX,"Madrid, Comunidad de Madrid, España",43,2026-10-06T23:09:24.716Z
st_productor-musical:44,ChIJOUDItehSJWcRyks7PlEmXBw,st_productor-musical.json,APIFY_GOOGLE_MAPS_SCRAPER,productor musical,MUSIC_PRODUCTION,PRODUCER,Madrid,AREA_BOUNDING_BOX,"Madrid, Comunidad de Madrid, España",44,2026-10-06T23:09:24.716Z
st_productor-musical:45,ChIJ-aTWPzgnQg0RhKV-YfPEhYY,st_productor-musical.json,APIFY_GOOGLE_MAPS_SCRAPER,productor musical,MUSIC_PRODUCTION,PRODUCER,Madrid,AREA_BOUNDING_BOX,"Madrid, Comunidad de Madrid, España",45,2026-10-06T23:09:24.716Z
st_productor-musical:46,ChIJhwH_ocEmQg0R8S6JLr2JCdI,st_productor-musical.json,APIFY_GOOGLE_MAPS_SCRAPER,productor musical,MUSIC_PRODUCTION,PRODUCER,Madrid,AREA_BOUNDING_BOX,"Madrid, Comunidad de Madrid, España",46,2026-10-06T23:09:24.716Z
st_productor-musical:47,ChIJW_qSs28nQg0RbeJS8ltgcM4,st_productor-musical.json,APIFY_GOOGLE_MAPS_SCRAPER,productor musical,MUSIC_PRODUCTION,PRODUCER,Madrid,AREA_BOUNDING_BOX,"Madrid, Comunidad de Madrid, España",47,2026-10-06T23:09:24.716Z
st_productor-musical:48,ChIJfcZRZLAnQg0RqgFgB6rhJvo,st_productor-musical.json,APIFY_GOOGLE_MAPS_SCRAPER,productor musical,MUSIC_PRODUCTION,PRODUCER,Madrid,AREA_BOUNDING_BOX,"Madrid, Comunidad de Madrid, España",48,2026-10-06T23:09:24.716Z
st_productor-musical:49,ChIJgRsvKuQpQg0Re8cs9iyMQ3g,st_productor-musical.json,APIFY_GOOGLE_MAPS_SCRAPER,productor musical,MUSIC_PRODUCTION,PRODUCER,Madrid,AREA_BOUNDING_BOX,"Madrid, Comunidad de Madrid, España",49,2026-10-06T23:09:24.716Z
st_profesor-de-musica:1,ChIJiULnXGMpQg0RDqEbCo1CsR8,st_profesor-de-musica.json,APIFY_GOOGLE_MAPS_SCRAPER,profesor de música,EDUCATION,PRIVATE_TEACHER,Madrid,AREA_BOUNDING_BOX,"Madrid, Comunidad de Madrid, España",1,2026-10-06T23:08:30.346Z
st_profesor-de-musica:2,ChIJk7z3WQApQg0R6fjkw16VdVU,st_profesor-de-musica.json,APIFY_GOOGLE_MAPS_SCRAPER,profesor de música,EDUCATION,PRIVATE_TEACHER,Madrid,AREA_BOUNDING_BOX,"Madrid, Comunidad de Madrid, España",2,2026-10-06T23:08:30.346Z
st_profesor-de-musica:3,ChIJq5bk5y4pQg0RgmF2wAspn74,st_profesor-de-musica.json,APIFY_GOOGLE_MAPS_SCRAPER,profesor de música,EDUCATION,PRIVATE_TEACHER,Madrid,AREA_BOUNDING_BOX,"Madrid, Comunidad de Madrid, España",3,2026-10-06T23:08:30.346Z
st_profesor-de-musica:4,ChIJLdVjCVcpQg0RGMwy5Eyni0M,st_profesor-de-musica.json,APIFY_GOOGLE_MAPS_SCRAPER,profesor de música,EDUCATION,PRIVATE_TEACHER,Madrid,AREA_BOUNDING_BOX,"Madrid, Comunidad de Madrid, España",4,2026-10-06T23:08:30.346Z
st_profesor-de-musica:5,ChIJ47t9lXkpQg0R4JPutiRZMSk,st_profesor-de-musica.json,APIFY_GOOGLE_MAPS_SCRAPER,profesor de música,EDUCATION,PRIVATE_TEACHER,Madrid,AREA_BOUNDING_BOX,"Madrid, Comunidad de Madrid, España",5,2026-10-06T23:08:30.346Z
st_profesor-de-musica:6,ChIJGf_NF5EpQg0RzNBelNLmA7k,st_profesor-de-musica.json,APIFY_GOOGLE_MAPS_SCRAPER,profesor de música,EDUCATION,PRIVATE_TEACHER,Madrid,AREA_BOUNDING_BOX,"Madrid, Comunidad de Madrid, España",6,2026-10-06T23:08:30.346Z
st_profesor-de-musica:7,ChIJMZN5t8QpQg0R_HQHMIZRBSE,st_profesor-de-musica.json,APIFY_GOOGLE_MAPS_SCRAPER,profesor de música,EDUCATION,PRIVATE_TEACHER,Madrid,AREA_BOUNDING_BOX,"Madrid, Comunidad de Madrid, España",7,2026-10-06T23:08:30.346Z
st_profesor-de-musica:8,ChIJN47xjEQpQg0R9eAIR_1cxTI,st_profesor-de-musica.json,APIFY_GOOGLE_MAPS_SCRAPER,profesor de música,EDUCATION,PRIVATE_TEACHER,Madrid,AREA_BOUNDING_BOX,"Madrid, Comunidad de Madrid, España",8,2026-10-06T23:08:30.346Z
st_profesor-de-musica:9,ChIJB9B7jUwpQg0RESzdEGgmcHQ,st_profesor-de-musica.json,APIFY_GOOGLE_MAPS_SCRAPER,profesor de música,EDUCATION,PRIVATE_TEACHER,Madrid,AREA_BOUNDING_BOX,"Madrid, Comunidad de Madrid, España",9,2026-10-06T23:08:30.346Z
st_profesor-de-musica:10,ChIJV6RufpopQg0RqLcawmUIj1I,st_profesor-de-musica.json,APIFY_GOOGLE_MAPS_SCRAPER,profesor de música,EDUCATION,PRIVATE_TEACHER,Madrid,AREA_BOUNDING_BOX,"Madrid, Comunidad de Madrid, España",10,2026-10-06T23:08:30.346Z
st_profesor-de-musica:11,ChIJMz4bh54pQg0RXUSTVAZ12o4,st_profesor-de-musica.json,APIFY_GOOGLE_MAPS_SCRAPER,profesor de música,EDUCATION,PRIVATE_TEACHER,Madrid,AREA_BOUNDING_BOX,"Madrid, Comunidad de Madrid, España",11,2026-10-06T23:08:30.346Z
st_profesor-de-musica:12,ChIJaQeIn1EpQg0RjKaJAwIqQkY,st_profesor-de-musica.json,APIFY_GOOGLE_MAPS_SCRAPER,profesor de música,EDUCATION,PRIVATE_TEACHER,Madrid,AREA_BOUNDING_BOX,"Madrid, Comunidad de Madrid, España",12,2026-10-06T23:08:30.346Z
st_profesor-de-musica:13,ChIJy6NuDpEpQg0RX6SWKDKFRH4,st_profesor-de-musica.json,APIFY_GOOGLE_MAPS_SCRAPER,profesor de música,EDUCATION,PRIVATE_TEACHER,Madrid,AREA_BOUNDING_BOX,"Madrid, Comunidad de Madrid, España",13,2026-10-06T23:08:30.346Z
st_profesor-de-musica:14,ChIJD_diA78pQg0RbEysDzNBnOc,st_profesor-de-musica.json,APIFY_GOOGLE_MAPS_SCRAPER,profesor de música,EDUCATION,PRIVATE_TEACHER,Madrid,AREA_BOUNDING_BOX,"Madrid, Comunidad de Madrid, España",14,2026-10-06T23:08:30.346Z
st_profesor-de-musica:15,ChIJf9Vvd3YpQg0RZq5NP0Q4Pj4,st_profesor-de-musica.json,APIFY_GOOGLE_MAPS_SCRAPER,profesor de música,EDUCATION,PRIVATE_TEACHER,Madrid,AREA_BOUNDING_BOX,"Madrid, Comunidad de Madrid, España",15,2026-10-06T23:08:30.346Z
st_profesor-de-musica:16,ChIJAziHcrIpQg0Rr8OHWUhl2QU,st_profesor-de-musica.json,APIFY_GOOGLE_MAPS_SCRAPER,profesor de música,EDUCATION,PRIVATE_TEACHER,Madrid,AREA_BOUNDING_BOX,"Madrid, Comunidad de Madrid, España",16,2026-10-06T23:08:30.346Z
st_profesor-de-musica:17,ChIJ1_9o7SgpQg0Re1wIltI6JhA,st_profesor-de-musica.json,APIFY_GOOGLE_MAPS_SCRAPER,profesor de música,EDUCATION,PRIVATE_TEACHER,Madrid,AREA_BOUNDING_BOX,"Madrid, Comunidad de Madrid, España",17,2026-10-06T23:08:30.346Z
st_profesor-de-musica:18,ChIJNVvU9VYoQg0RVph3--qcm24,st_profesor-de-musica.json,APIFY_GOOGLE_MAPS_SCRAPER,profesor de música,EDUCATION,PRIVATE_TEACHER,Madrid,AREA_BOUNDING_BOX,"Madrid, Comunidad de Madrid, España",18,2026-10-06T23:08:30.346Z
st_profesor-de-musica:19,ChIJa64dr6UpQg0RbK8s-3nPBvg,st_profesor-de-musica.json,APIFY_GOOGLE_MAPS_SCRAPER,profesor de música,EDUCATION,PRIVATE_TEACHER,Madrid,AREA_BOUNDING_BOX,"Madrid, Comunidad de Madrid, España",19,2026-10-06T23:08:30.346Z
st_profesor-de-musica:20,ChIJrYH83gAvQg0RyzpNPgwIuCk,st_profesor-de-musica.json,APIFY_GOOGLE_MAPS_SCRAPER,profesor de música,EDUCATION,PRIVATE_TEACHER,Madrid,AREA_BOUNDING_BOX,"Madrid, Comunidad de Madrid, España",20,2026-10-06T23:08:30.346Z
st_profesor-de-musica:21,ChIJ2weGN7goQg0R8OkKdOkQZSU,st_profesor-de-musica.json,APIFY_GOOGLE_MAPS_SCRAPER,profesor de música,EDUCATION,PRIVATE_TEACHER,Madrid,AREA_BOUNDING_BOX,"Madrid, Comunidad de Madrid, España",21,2026-10-06T23:08:30.346Z
st_profesor-de-musica:22,ChIJy6hK3KAvQg0R0-0NnJEBBLc,st_profesor-de-musica.json,APIFY_GOOGLE_MAPS_SCRAPER,profesor de música,EDUCATION,PRIVATE_TEACHER,Madrid,AREA_BOUNDING_BOX,"Madrid, Comunidad de Madrid, España",22,2026-10-06T23:08:30.346Z
st_profesor-de-musica:23,ChIJ7TcJYV8oQg0RAwYkMn9VMwI,st_profesor-de-musica.json,APIFY_GOOGLE_MAPS_SCRAPER,profesor de música,EDUCATION,PRIVATE_TEACHER,Madrid,AREA_BOUNDING_BOX,"Madrid, Comunidad de Madrid, España",23,2026-10-06T23:08:30.346Z
st_profesor-de-musica:24,ChIJCSbsW3QpQg0RcjqldrixUUo,st_profesor-de-musica.json,APIFY_GOOGLE_MAPS_SCRAPER,profesor de música,EDUCATION,PRIVATE_TEACHER,Madrid,AREA_BOUNDING_BOX,"Madrid, Comunidad de Madrid, España",24,2026-10-06T23:08:30.346Z
st_profesor-de-musica:25,ChIJzSPBPEonQg0RIL6b4oxPoP8,st_profesor-de-musica.json,APIFY_GOOGLE_MAPS_SCRAPER,profesor de música,EDUCATION,PRIVATE_TEACHER,Madrid,AREA_BOUNDING_BOX,"Madrid, Comunidad de Madrid, España",25,2026-10-06T23:08:30.346Z
st_profesor-de-musica:26,ChIJo0P8v64pQg0Ryk_N0SZr4L0,st_profesor-de-musica.json,APIFY_GOOGLE_MAPS_SCRAPER,profesor de música,EDUCATION,PRIVATE_TEACHER,Madrid,AREA_BOUNDING_BOX,"Madrid, Comunidad de Madrid, España",26,2026-10-06T23:08:30.346Z
st_profesor-de-musica:27,ChIJUSq3iGkoQg0RNwlG8ONB9cc,st_profesor-de-musica.json,APIFY_GOOGLE_MAPS_SCRAPER,profesor de música,EDUCATION,PRIVATE_TEACHER,Madrid,AREA_BOUNDING_BOX,"Madrid, Comunidad de Madrid, España",27,2026-10-06T23:08:30.346Z
st_profesor-de-musica:28,ChIJY14WKlgoQg0R6I_DpDZTUD4,st_profesor-de-musica.json,APIFY_GOOGLE_MAPS_SCRAPER,profesor de música,EDUCATION,PRIVATE_TEACHER,Madrid,AREA_BOUNDING_BOX,"Madrid, Comunidad de Madrid, España",28,2026-10-06T23:08:30.346Z
st_profesor-de-musica:29,ChIJayVXR16LF0gRC3KnC-3C7uM,st_profesor-de-musica.json,APIFY_GOOGLE_MAPS_SCRAPER,profesor de música,EDUCATION,PRIVATE_TEACHER,Madrid,AREA_BOUNDING_BOX,"Madrid, Comunidad de Madrid, España",29,2026-10-06T23:08:30.346Z
st_profesor-de-musica:30,ChIJzYxxycgpQg0RRYX6quho2Nw,st_profesor-de-musica.json,APIFY_GOOGLE_MAPS_SCRAPER,profesor de música,EDUCATION,PRIVATE_TEACHER,Madrid,AREA_BOUNDING_BOX,"Madrid, Comunidad de Madrid, España",30,2026-10-06T23:08:30.346Z
st_profesor-de-musica:31,ChIJaZM_ciApQg0RBFuR-YveNiQ,st_profesor-de-musica.json,APIFY_GOOGLE_MAPS_SCRAPER,profesor de música,EDUCATION,PRIVATE_TEACHER,Madrid,AREA_BOUNDING_BOX,"Madrid, Comunidad de Madrid, España",31,2026-10-06T23:08:30.346Z
st_profesor-de-musica:32,ChIJGZPciCcpQg0RMWtieuzbaZ0,st_profesor-de-musica.json,APIFY_GOOGLE_MAPS_SCRAPER,profesor de música,EDUCATION,PRIVATE_TEACHER,Madrid,AREA_BOUNDING_BOX,"Madrid, Comunidad de Madrid, España",32,2026-10-06T23:08:30.346Z
st_profesor-de-musica:33,ChIJ3fIGFR8pQg0RyXIVcAmrRvc,st_profesor-de-musica.json,APIFY_GOOGLE_MAPS_SCRAPER,profesor de música,EDUCATION,PRIVATE_TEACHER,Madrid,AREA_BOUNDING_BOX,"Madrid, Comunidad de Madrid, España",33,2026-10-06T23:08:30.346Z
st_profesor-de-musica:34,ChIJIb332c0pQg0RU8xZt1AwgIc,st_profesor-de-musica.json,APIFY_GOOGLE_MAPS_SCRAPER,profesor de música,EDUCATION,PRIVATE_TEACHER,Madrid,AREA_BOUNDING_BOX,"Madrid, Comunidad de Madrid, España",34,2026-10-06T23:08:30.346Z
st_profesor-de-musica:35,ChIJARZMpDkvQg0RlhTBDVQ596E,st_profesor-de-musica.json,APIFY_GOOGLE_MAPS_SCRAPER,profesor de música,EDUCATION,PRIVATE_TEACHER,Madrid,AREA_BOUNDING_BOX,"Madrid, Comunidad de Madrid, España",35,2026-10-06T23:08:30.346Z
st_profesor-de-musica:36,ChIJc95BBwYvQg0RFzfgk8tWmAI,st_profesor-de-musica.json,APIFY_GOOGLE_MAPS_SCRAPER,profesor de música,EDUCATION,PRIVATE_TEACHER,Madrid,AREA_BOUNDING_BOX,"Madrid, Comunidad de Madrid, España",36,2026-10-06T23:08:30.346Z
st_profesor-de-musica:37,ChIJD7UY9tMuQg0R1aWEm0alfGY,st_profesor-de-musica.json,APIFY_GOOGLE_MAPS_SCRAPER,profesor de música,EDUCATION,PRIVATE_TEACHER,Madrid,AREA_BOUNDING_BOX,"Madrid, Comunidad de Madrid, España",37,2026-10-06T23:08:30.346Z
st_profesor-de-musica:38,ChIJBUzbNqEvQg0RTLZb3Z3LJBw,st_profesor-de-musica.json,APIFY_GOOGLE_MAPS_SCRAPER,profesor de música,EDUCATION,PRIVATE_TEACHER,Madrid,AREA_BOUNDING_BOX,"Madrid, Comunidad de Madrid, España",38,2026-10-06T23:08:30.346Z
st_profesor-de-musica:39,ChIJVTTp1FMoQg0RLsCrapU-NMo,st_profesor-de-musica.json,APIFY_GOOGLE_MAPS_SCRAPER,profesor de música,EDUCATION,PRIVATE_TEACHER,Madrid,AREA_BOUNDING_BOX,"Madrid, Comunidad de Madrid, España",39,2026-10-06T23:08:30.348Z
st_profesor-de-musica:40,ChIJoRbFmcgoQg0RFMk6FdKErPw,st_profesor-de-musica.json,APIFY_GOOGLE_MAPS_SCRAPER,profesor de música,EDUCATION,PRIVATE_TEACHER,Madrid,AREA_BOUNDING_BOX,"Madrid, Comunidad de Madrid, España",40,2026-10-06T23:08:30.348Z
st_profesor-de-musica:41,ChIJD5-JTL8pQg0RZv3WVW2PlCE,st_profesor-de-musica.json,APIFY_GOOGLE_MAPS_SCRAPER,profesor de música,EDUCATION,PRIVATE_TEACHER,Madrid,AREA_BOUNDING_BOX,"Madrid, Comunidad de Madrid, España",41,2026-10-06T23:08:30.348Z
st_profesor-de-musica:42,ChIJp6DIjBspQg0R0MKrFl7aSt0,st_profesor-de-musica.json,APIFY_GOOGLE_MAPS_SCRAPER,profesor de música,EDUCATION,PRIVATE_TEACHER,Madrid,AREA_BOUNDING_BOX,"Madrid, Comunidad de Madrid, España",42,2026-10-06T23:08:30.348Z
st_profesor-de-musica:43,ChIJLY7CBHQpQg0RMZVALYaO5g4,st_profesor-de-musica.json,APIFY_GOOGLE_MAPS_SCRAPER,profesor de música,EDUCATION,PRIVATE_TEACHER,Madrid,AREA_BOUNDING_BOX,"Madrid, Comunidad de Madrid, España",43,2026-10-06T23:08:30.348Z
st_profesor-de-musica:44,ChIJBX5-jzwpQg0RM-7KKl-EV6w,st_profesor-de-musica.json,APIFY_GOOGLE_MAPS_SCRAPER,profesor de música,EDUCATION,PRIVATE_TEACHER,Madrid,AREA_BOUNDING_BOX,"Madrid, Comunidad de Madrid, España",44,2026-10-06T23:08:30.348Z
st_profesor-de-musica:45,ChIJfQ1zQ2IoQg0RCrfn-zQHarU,st_profesor-de-musica.json,APIFY_GOOGLE_MAPS_SCRAPER,profesor de música,EDUCATION,PRIVATE_TEACHER,Madrid,AREA_BOUNDING_BOX,"Madrid, Comunidad de Madrid, España",45,2026-10-06T23:08:30.348Z
st_profesor-de-musica:46,ChIJrXE2E5AnQg0RijjvhDXhcAg,st_profesor-de-musica.json,APIFY_GOOGLE_MAPS_SCRAPER,profesor de música,EDUCATION,PRIVATE_TEACHER,Madrid,AREA_BOUNDING_BOX,"Madrid, Comunidad de Madrid, España",46,2026-10-06T23:08:30.348Z
st_profesor-de-musica:47,ChIJB8UQ-FMoQg0RZ18yVdnv-UY,st_profesor-de-musica.json,APIFY_GOOGLE_MAPS_SCRAPER,profesor de música,EDUCATION,PRIVATE_TEACHER,Madrid,AREA_BOUNDING_BOX,"Madrid, Comunidad de Madrid, España",47,2026-10-06T23:08:30.348Z
st_profesor-de-musica:48,ChIJr2f_IdEoQg0R_ORCfGjh440,st_profesor-de-musica.json,APIFY_GOOGLE_MAPS_SCRAPER,profesor de música,EDUCATION,PRIVATE_TEACHER,Madrid,AREA_BOUNDING_BOX,"Madrid, Comunidad de Madrid, España",48,2026-10-06T23:08:30.348Z
st_profesor-de-musica:49,ChIJ7_2XAzowQg0R3jLklNQUNpM,st_profesor-de-musica.json,APIFY_GOOGLE_MAPS_SCRAPER,profesor de música,EDUCATION,PRIVATE_TEACHER,Madrid,AREA_BOUNDING_BOX,"Madrid, Comunidad de Madrid, España",49,2026-10-06T23:08:30.348Z
st_profesor-de-musica:50,ChIJU9R8jf8nQg0RBmanmGA0hJA,st_profesor-de-musica.json,APIFY_GOOGLE_MAPS_SCRAPER,profesor de música,EDUCATION,PRIVATE_TEACHER,Madrid,AREA_BOUNDING_BOX,"Madrid, Comunidad de Madrid, España",50,2026-10-06T23:08:30.348Z
st_reparacion-de-instrumentos-musicales:1,ChIJbZBBKJQpQg0R95YhmiKmZo4,st_reparacion-de-instrumentos-musicales.json,APIFY_GOOGLE_MAPS_SCRAPER,reparación de instrumentos musicales,CRAFT_AND_REPAIR,INSTRUMENT_REPAIR,Madrid,AREA_BOUNDING_BOX,"Madrid, Comunidad de Madrid, España",1,2026-10-06T23:09:00.052Z
st_reparacion-de-instrumentos-musicales:2,ChIJtTeLSEYpQg0RkxeTFTqORyw,st_reparacion-de-instrumentos-musicales.json,APIFY_GOOGLE_MAPS_SCRAPER,reparación de instrumentos musicales,CRAFT_AND_REPAIR,INSTRUMENT_REPAIR,Madrid,AREA_BOUNDING_BOX,"Madrid, Comunidad de Madrid, España",2,2026-10-06T23:09:00.053Z
st_reparacion-de-instrumentos-musicales:3,ChIJD2j6MAQpQg0RJbaQhqCROFk,st_reparacion-de-instrumentos-musicales.json,APIFY_GOOGLE_MAPS_SCRAPER,reparación de instrumentos musicales,CRAFT_AND_REPAIR,INSTRUMENT_REPAIR,Madrid,AREA_BOUNDING_BOX,"Madrid, Comunidad de Madrid, España",3,2026-10-06T23:09:00.053Z
st_reparacion-de-instrumentos-musicales:4,ChIJ49uKZ1MoQg0R-Otjgu7HHaE,st_reparacion-de-instrumentos-musicales.json,APIFY_GOOGLE_MAPS_SCRAPER,reparación de instrumentos musicales,CRAFT_AND_REPAIR,INSTRUMENT_REPAIR,Madrid,AREA_BOUNDING_BOX,"Madrid, Comunidad de Madrid, España",4,2026-10-06T23:09:00.053Z
st_reparacion-de-instrumentos-musicales:5,ChIJrRdqp0IoQg0Rux8dUVn0ll4,st_reparacion-de-instrumentos-musicales.json,APIFY_GOOGLE_MAPS_SCRAPER,reparación de instrumentos musicales,CRAFT_AND_REPAIR,INSTRUMENT_REPAIR,Madrid,AREA_BOUNDING_BOX,"Madrid, Comunidad de Madrid, España",5,2026-10-06T23:09:00.053Z
st_reparacion-de-instrumentos-musicales:6,ChIJrTcLpacpQg0RmYIYHspEp-0,st_reparacion-de-instrumentos-musicales.json,APIFY_GOOGLE_MAPS_SCRAPER,reparación de instrumentos musicales,CRAFT_AND_REPAIR,INSTRUMENT_REPAIR,Madrid,AREA_BOUNDING_BOX,"Madrid, Comunidad de Madrid, España",6,2026-10-06T23:09:00.053Z
st_reparacion-de-instrumentos-musicales:7,ChIJJWnufpYpQg0RBGCEMO6scmU,st_reparacion-de-instrumentos-musicales.json,APIFY_GOOGLE_MAPS_SCRAPER,reparación de instrumentos musicales,CRAFT_AND_REPAIR,INSTRUMENT_REPAIR,Madrid,AREA_BOUNDING_BOX,"Madrid, Comunidad de Madrid, España",7,2026-10-06T23:09:00.053Z
st_reparacion-de-instrumentos-musicales:8,ChIJjTvATnQvQg0RNtfHg_KY70U,st_reparacion-de-instrumentos-musicales.json,APIFY_GOOGLE_MAPS_SCRAPER,reparación de instrumentos musicales,CRAFT_AND_REPAIR,INSTRUMENT_REPAIR,Madrid,AREA_BOUNDING_BOX,"Madrid, Comunidad de Madrid, España",8,2026-10-06T23:09:00.053Z
st_reparacion-de-instrumentos-musicales:9,ChIJRRV_cPIpQg0R3s99M0bUHdc,st_reparacion-de-instrumentos-musicales.json,APIFY_GOOGLE_MAPS_SCRAPER,reparación de instrumentos musicales,CRAFT_AND_REPAIR,INSTRUMENT_REPAIR,Madrid,AREA_BOUNDING_BOX,"Madrid, Comunidad de Madrid, España",9,2026-10-06T23:09:00.053Z
st_reparacion-de-instrumentos-musicales:10,ChIJmYCsDXkoQg0Rp7dsXIVNbXA,st_reparacion-de-instrumentos-musicales.json,APIFY_GOOGLE_MAPS_SCRAPER,reparación de instrumentos musicales,CRAFT_AND_REPAIR,INSTRUMENT_REPAIR,Madrid,AREA_BOUNDING_BOX,"Madrid, Comunidad de Madrid, España",10,2026-10-06T23:09:00.053Z
st_reparacion-de-instrumentos-musicales:11,ChIJI6bXCfopQg0RpfaFveYz06Q,st_reparacion-de-instrumentos-musicales.json,APIFY_GOOGLE_MAPS_SCRAPER,reparación de instrumentos musicales,CRAFT_AND_REPAIR,INSTRUMENT_REPAIR,Madrid,AREA_BOUNDING_BOX,"Madrid, Comunidad de Madrid, España",11,2026-10-06T23:09:00.053Z
st_reparacion-de-instrumentos-musicales:12,ChIJt0z1DZcnQg0R9iyRuyCT-78,st_reparacion-de-instrumentos-musicales.json,APIFY_GOOGLE_MAPS_SCRAPER,reparación de instrumentos musicales,CRAFT_AND_REPAIR,INSTRUMENT_REPAIR,Madrid,AREA_BOUNDING_BOX,"Madrid, Comunidad de Madrid, España",12,2026-10-06T23:09:00.053Z
st_reparacion-de-instrumentos-musicales:13,ChIJhyRyClIpQg0R1zaYX0KGnXM,st_reparacion-de-instrumentos-musicales.json,APIFY_GOOGLE_MAPS_SCRAPER,reparación de instrumentos musicales,CRAFT_AND_REPAIR,INSTRUMENT_REPAIR,Madrid,AREA_BOUNDING_BOX,"Madrid, Comunidad de Madrid, España",13,2026-10-06T23:09:00.053Z
st_reparacion-de-instrumentos-musicales:14,ChIJa1FiH0YpQg0RIPH4NipCr9w,st_reparacion-de-instrumentos-musicales.json,APIFY_GOOGLE_MAPS_SCRAPER,reparación de instrumentos musicales,CRAFT_AND_REPAIR,INSTRUMENT_REPAIR,Madrid,AREA_BOUNDING_BOX,"Madrid, Comunidad de Madrid, España",14,2026-10-06T23:09:00.053Z
st_reparacion-de-instrumentos-musicales:15,ChIJI1Y7RIcoQg0ReLrv8ZinXlI,st_reparacion-de-instrumentos-musicales.json,APIFY_GOOGLE_MAPS_SCRAPER,reparación de instrumentos musicales,CRAFT_AND_REPAIR,INSTRUMENT_REPAIR,Madrid,AREA_BOUNDING_BOX,"Madrid, Comunidad de Madrid, España",15,2026-10-06T23:09:00.053Z
st_reparacion-de-instrumentos-musicales:16,ChIJW6PPN3YnQg0RXNsySTaZtWo,st_reparacion-de-instrumentos-musicales.json,APIFY_GOOGLE_MAPS_SCRAPER,reparación de instrumentos musicales,CRAFT_AND_REPAIR,INSTRUMENT_REPAIR,Madrid,AREA_BOUNDING_BOX,"Madrid, Comunidad de Madrid, España",16,2026-10-06T23:09:00.053Z
st_reparacion-de-instrumentos-musicales:17,ChIJXf6XnNUpQg0R88rR-oToOWQ,st_reparacion-de-instrumentos-musicales.json,APIFY_GOOGLE_MAPS_SCRAPER,reparación de instrumentos musicales,CRAFT_AND_REPAIR,INSTRUMENT_REPAIR,Madrid,AREA_BOUNDING_BOX,"Madrid, Comunidad de Madrid, España",17,2026-10-06T23:09:00.053Z
st_reparacion-de-instrumentos-musicales:18,ChIJD_hJStwlQg0RkY8gmJU-YAU,st_reparacion-de-instrumentos-musicales.json,APIFY_GOOGLE_MAPS_SCRAPER,reparación de instrumentos musicales,CRAFT_AND_REPAIR,INSTRUMENT_REPAIR,Madrid,AREA_BOUNDING_BOX,"Madrid, Comunidad de Madrid, España",18,2026-10-06T23:09:00.053Z
st_reparacion-de-instrumentos-musicales:19,ChIJeXRdt3ooQg0R-21qVnzGTq8,st_reparacion-de-instrumentos-musicales.json,APIFY_GOOGLE_MAPS_SCRAPER,reparación de instrumentos musicales,CRAFT_AND_REPAIR,INSTRUMENT_REPAIR,Madrid,AREA_BOUNDING_BOX,"Madrid, Comunidad de Madrid, España",19,2026-10-06T23:09:00.053Z
st_reparacion-de-instrumentos-musicales:20,ChIJJ3DMksIoQg0RySagcqnFhI0,st_reparacion-de-instrumentos-musicales.json,APIFY_GOOGLE_MAPS_SCRAPER,reparación de instrumentos musicales,CRAFT_AND_REPAIR,INSTRUMENT_REPAIR,Madrid,AREA_BOUNDING_BOX,"Madrid, Comunidad de Madrid, España",20,2026-10-06T23:09:00.053Z
st_reparacion-de-instrumentos-musicales:21,ChIJQzEsZL4nQg0RhCXl9SlUXE8,st_reparacion-de-instrumentos-musicales.json,APIFY_GOOGLE_MAPS_SCRAPER,reparación de instrumentos musicales,CRAFT_AND_REPAIR,INSTRUMENT_REPAIR,Madrid,AREA_BOUNDING_BOX,"Madrid, Comunidad de Madrid, España",21,2026-10-06T23:09:00.055Z
st_reparacion-de-instrumentos-musicales:22,ChIJtb5bWwAnQg0RThXSlXxd0BI,st_reparacion-de-instrumentos-musicales.json,APIFY_GOOGLE_MAPS_SCRAPER,reparación de instrumentos musicales,CRAFT_AND_REPAIR,INSTRUMENT_REPAIR,Madrid,AREA_BOUNDING_BOX,"Madrid, Comunidad de Madrid, España",22,2026-10-06T23:09:00.055Z
st_reparacion-de-instrumentos-musicales:23,ChIJ9W-ZHGUnQg0RitN-pbnEpj8,st_reparacion-de-instrumentos-musicales.json,APIFY_GOOGLE_MAPS_SCRAPER,reparación de instrumentos musicales,CRAFT_AND_REPAIR,INSTRUMENT_REPAIR,Madrid,AREA_BOUNDING_BOX,"Madrid, Comunidad de Madrid, España",23,2026-10-06T23:09:00.055Z
st_reparacion-de-instrumentos-musicales:24,ChIJKRwWsvInQg0RFq3u0lyqy5o,st_reparacion-de-instrumentos-musicales.json,APIFY_GOOGLE_MAPS_SCRAPER,reparación de instrumentos musicales,CRAFT_AND_REPAIR,INSTRUMENT_REPAIR,Madrid,AREA_BOUNDING_BOX,"Madrid, Comunidad de Madrid, España",24,2026-10-06T23:09:00.055Z
st_reparacion-de-instrumentos-musicales:25,ChIJtTaleeYpQg0RiQvbPZS_GpA,st_reparacion-de-instrumentos-musicales.json,APIFY_GOOGLE_MAPS_SCRAPER,reparación de instrumentos musicales,CRAFT_AND_REPAIR,INSTRUMENT_REPAIR,Madrid,AREA_BOUNDING_BOX,"Madrid, Comunidad de Madrid, España",25,2026-10-06T23:09:00.055Z
st_reparacion-de-instrumentos-musicales:26,ChIJIbvbny4pQg0RWdm2f60CGKU,st_reparacion-de-instrumentos-musicales.json,APIFY_GOOGLE_MAPS_SCRAPER,reparación de instrumentos musicales,CRAFT_AND_REPAIR,INSTRUMENT_REPAIR,Madrid,AREA_BOUNDING_BOX,"Madrid, Comunidad de Madrid, España",26,2026-10-06T23:09:00.055Z
st_reparacion-de-instrumentos-musicales:27,ChIJuyKgK60nQg0R5Fio9Nu3uTU,st_reparacion-de-instrumentos-musicales.json,APIFY_GOOGLE_MAPS_SCRAPER,reparación de instrumentos musicales,CRAFT_AND_REPAIR,INSTRUMENT_REPAIR,Madrid,AREA_BOUNDING_BOX,"Madrid, Comunidad de Madrid, España",27,2026-10-06T23:09:00.055Z
st_reparacion-de-instrumentos-musicales:28,ChIJe_tfWokoQg0RoK7NVTtYLxE,st_reparacion-de-instrumentos-musicales.json,APIFY_GOOGLE_MAPS_SCRAPER,reparación de instrumentos musicales,CRAFT_AND_REPAIR,INSTRUMENT_REPAIR,Madrid,AREA_BOUNDING_BOX,"Madrid, Comunidad de Madrid, España",28,2026-10-06T23:09:00.055Z
st_reparacion-de-instrumentos-musicales:29,ChIJVWD9KGIoQg0RY7zeyRUBzoQ,st_reparacion-de-instrumentos-musicales.json,APIFY_GOOGLE_MAPS_SCRAPER,reparación de instrumentos musicales,CRAFT_AND_REPAIR,INSTRUMENT_REPAIR,Madrid,AREA_BOUNDING_BOX,"Madrid, Comunidad de Madrid, España",29,2026-10-06T23:09:00.055Z
st_reparacion-de-instrumentos-musicales:30,ChIJZ68v19MnQg0R26joW3nGVbk,st_reparacion-de-instrumentos-musicales.json,APIFY_GOOGLE_MAPS_SCRAPER,reparación de instrumentos musicales,CRAFT_AND_REPAIR,INSTRUMENT_REPAIR,Madrid,AREA_BOUNDING_BOX,"Madrid, Comunidad de Madrid, España",30,2026-10-06T23:09:00.055Z
st_reparacion-de-instrumentos-musicales:31,ChIJb4TaP3QmQg0R1VgI9KlBdSo,st_reparacion-de-instrumentos-musicales.json,APIFY_GOOGLE_MAPS_SCRAPER,reparación de instrumentos musicales,CRAFT_AND_REPAIR,INSTRUMENT_REPAIR,Madrid,AREA_BOUNDING_BOX,"Madrid, Comunidad de Madrid, España",31,2026-10-06T23:09:00.055Z
st_reparacion-de-instrumentos-musicales:32,ChIJXSqZjvcoQg0RRxCPQGioUmA,st_reparacion-de-instrumentos-musicales.json,APIFY_GOOGLE_MAPS_SCRAPER,reparación de instrumentos musicales,CRAFT_AND_REPAIR,INSTRUMENT_REPAIR,Madrid,AREA_BOUNDING_BOX,"Madrid, Comunidad de Madrid, España",32,2026-10-06T23:09:00.055Z
st_reparacion-de-instrumentos-musicales:33,ChIJiUYKG7UnQg0R507ey3OtEJM,st_reparacion-de-instrumentos-musicales.json,APIFY_GOOGLE_MAPS_SCRAPER,reparación de instrumentos musicales,CRAFT_AND_REPAIR,INSTRUMENT_REPAIR,Madrid,AREA_BOUNDING_BOX,"Madrid, Comunidad de Madrid, España",33,2026-10-06T23:09:00.055Z
st_reparacion-de-instrumentos-musicales:34,ChIJtQglXNQuQg0RRu6VAkGjuoY,st_reparacion-de-instrumentos-musicales.json,APIFY_GOOGLE_MAPS_SCRAPER,reparación de instrumentos musicales,CRAFT_AND_REPAIR,INSTRUMENT_REPAIR,Madrid,AREA_BOUNDING_BOX,"Madrid, Comunidad de Madrid, España",34,2026-10-06T23:09:00.055Z
st_reparacion-de-instrumentos-musicales:35,ChIJgRYdgyYmQg0RYJ9OOyfBGOE,st_reparacion-de-instrumentos-musicales.json,APIFY_GOOGLE_MAPS_SCRAPER,reparación de instrumentos musicales,CRAFT_AND_REPAIR,INSTRUMENT_REPAIR,Madrid,AREA_BOUNDING_BOX,"Madrid, Comunidad de Madrid, España",35,2026-10-06T23:09:00.055Z
st_reparacion-de-instrumentos-musicales:36,ChIJw3ng6LcoQg0R5FQUaOBPCS4,st_reparacion-de-instrumentos-musicales.json,APIFY_GOOGLE_MAPS_SCRAPER,reparación de instrumentos musicales,CRAFT_AND_REPAIR,INSTRUMENT_REPAIR,Madrid,AREA_BOUNDING_BOX,"Madrid, Comunidad de Madrid, España",36,2026-10-06T23:09:00.055Z
st_reparacion-de-instrumentos-musicales:37,ChIJqVVJKqYlQg0ROLhGb4R1opg,st_reparacion-de-instrumentos-musicales.json,APIFY_GOOGLE_MAPS_SCRAPER,reparación de instrumentos musicales,CRAFT_AND_REPAIR,INSTRUMENT_REPAIR,Madrid,AREA_BOUNDING_BOX,"Madrid, Comunidad de Madrid, España",37,2026-10-06T23:09:00.055Z
st_reparacion-de-instrumentos-musicales:38,ChIJryI33iomQg0RM0nKGAux_BI,st_reparacion-de-instrumentos-musicales.json,APIFY_GOOGLE_MAPS_SCRAPER,reparación de instrumentos musicales,CRAFT_AND_REPAIR,INSTRUMENT_REPAIR,Madrid,AREA_BOUNDING_BOX,"Madrid, Comunidad de Madrid, España",38,2026-10-06T23:09:00.055Z
st_reparacion-de-instrumentos-musicales:39,ChIJ04E8y6AtQg0RU4VMGNy4rsA,st_reparacion-de-instrumentos-musicales.json,APIFY_GOOGLE_MAPS_SCRAPER,reparación de instrumentos musicales,CRAFT_AND_REPAIR,INSTRUMENT_REPAIR,Madrid,AREA_BOUNDING_BOX,"Madrid, Comunidad de Madrid, España",39,2026-10-06T23:09:00.055Z
st_reparacion-de-instrumentos-musicales:40,ChIJM5MyjZSJQQ0Rd257nmNFnBk,st_reparacion-de-instrumentos-musicales.json,APIFY_GOOGLE_MAPS_SCRAPER,reparación de instrumentos musicales,CRAFT_AND_REPAIR,INSTRUMENT_REPAIR,Madrid,AREA_BOUNDING_BOX,"Madrid, Comunidad de Madrid, España",40,2026-10-06T23:09:00.055Z
st_reparacion-de-instrumentos-musicales:41,ChIJEwRf5AwwQg0RUwb4P6JKcMA,st_reparacion-de-instrumentos-musicales.json,APIFY_GOOGLE_MAPS_SCRAPER,reparación de instrumentos musicales,CRAFT_AND_REPAIR,INSTRUMENT_REPAIR,Madrid,AREA_BOUNDING_BOX,"Madrid, Comunidad de Madrid, España",41,2026-10-06T23:09:00.055Z
st_reparacion-de-instrumentos-musicales:42,ChIJQd1tWAT1QQ0RBxiM9BQrFGg,st_reparacion-de-instrumentos-musicales.json,APIFY_GOOGLE_MAPS_SCRAPER,reparación de instrumentos musicales,CRAFT_AND_REPAIR,INSTRUMENT_REPAIR,Madrid,AREA_BOUNDING_BOX,"Madrid, Comunidad de Madrid, España",42,2026-10-06T23:09:00.055Z
st_reparacion-de-instrumentos-musicales:43,ChIJRcVl3tQmQg0RkMzclLHvD3c,st_reparacion-de-instrumentos-musicales.json,APIFY_GOOGLE_MAPS_SCRAPER,reparación de instrumentos musicales,CRAFT_AND_REPAIR,INSTRUMENT_REPAIR,Madrid,AREA_BOUNDING_BOX,"Madrid, Comunidad de Madrid, España",43,2026-10-06T23:09:00.055Z
st_reparacion-de-instrumentos-musicales:44,ChIJVU08PqQnQg0RYgHa3TCAOaI,st_reparacion-de-instrumentos-musicales.json,APIFY_GOOGLE_MAPS_SCRAPER,reparación de instrumentos musicales,CRAFT_AND_REPAIR,INSTRUMENT_REPAIR,Madrid,AREA_BOUNDING_BOX,"Madrid, Comunidad de Madrid, España",44,2026-10-06T23:09:00.055Z
st_reparacion-de-instrumentos-musicales:45,ChIJg1mI_LAoQg0RfboZZp8ZDfw,st_reparacion-de-instrumentos-musicales.json,APIFY_GOOGLE_MAPS_SCRAPER,reparación de instrumentos musicales,CRAFT_AND_REPAIR,INSTRUMENT_REPAIR,Madrid,AREA_BOUNDING_BOX,"Madrid, Comunidad de Madrid, España",45,2026-10-06T23:09:00.055Z
st_reparacion-de-instrumentos-musicales:46,ChIJWRfxl48oQg0RCmEER8_X0Y4,st_reparacion-de-instrumentos-musicales.json,APIFY_GOOGLE_MAPS_SCRAPER,reparación de instrumentos musicales,CRAFT_AND_REPAIR,INSTRUMENT_REPAIR,Madrid,AREA_BOUNDING_BOX,"Madrid, Comunidad de Madrid, España",46,2026-10-06T23:09:00.055Z
st_reparacion-de-instrumentos-musicales:47,ChIJR5v4Q9knQg0Rd7FEyparmTU,st_reparacion-de-instrumentos-musicales.json,APIFY_GOOGLE_MAPS_SCRAPER,reparación de instrumentos musicales,CRAFT_AND_REPAIR,INSTRUMENT_REPAIR,Madrid,AREA_BOUNDING_BOX,"Madrid, Comunidad de Madrid, España",47,2026-10-06T23:09:00.055Z
st_reparacion-de-instrumentos-musicales:48,ChIJ1zoDbKsjQg0Rb_633Nu3HYo,st_reparacion-de-instrumentos-musicales.json,APIFY_GOOGLE_MAPS_SCRAPER,reparación de instrumentos musicales,CRAFT_AND_REPAIR,INSTRUMENT_REPAIR,Madrid,AREA_BOUNDING_BOX,"Madrid, Comunidad de Madrid, España",48,2026-10-06T23:09:00.055Z
st_reparacion-de-instrumentos-musicales:49,ChIJb9dRXT8vQg0R9L5iLu9A8fc,st_reparacion-de-instrumentos-musicales.json,APIFY_GOOGLE_MAPS_SCRAPER,reparación de instrumentos musicales,CRAFT_AND_REPAIR,INSTRUMENT_REPAIR,Madrid,AREA_BOUNDING_BOX,"Madrid, Comunidad de Madrid, España",49,2026-10-06T23:09:00.055Z
st_reparacion-de-instrumentos-musicales:50,ChIJ94h0oO6JQQ0Roqn8HFvz7Ds,st_reparacion-de-instrumentos-musicales.json,APIFY_GOOGLE_MAPS_SCRAPER,reparación de instrumentos musicales,CRAFT_AND_REPAIR,INSTRUMENT_REPAIR,Madrid,AREA_BOUNDING_BOX,"Madrid, Comunidad de Madrid, España",50,2026-10-06T23:09:00.055Z
st_reparacion-instrumentos-de-metal:1,ChIJJWnufpYpQg0RBGCEMO6scmU,st_reparacion-instrumentos-de-metal.json,APIFY_GOOGLE_MAPS_SCRAPER,reparación instrumentos de metal,CRAFT_AND_REPAIR,BRASS_REPAIR,Madrid,AREA_BOUNDING_BOX,"Madrid, Comunidad de Madrid, España",1,2026-10-06T23:09:07.200Z
st_reparacion-instrumentos-de-metal:2,ChIJrRdqp0IoQg0Rux8dUVn0ll4,st_reparacion-instrumentos-de-metal.json,APIFY_GOOGLE_MAPS_SCRAPER,reparación instrumentos de metal,CRAFT_AND_REPAIR,BRASS_REPAIR,Madrid,AREA_BOUNDING_BOX,"Madrid, Comunidad de Madrid, España",2,2026-10-06T23:09:07.200Z
st_reparacion-instrumentos-de-metal:3,ChIJI6bXCfopQg0RpfaFveYz06Q,st_reparacion-instrumentos-de-metal.json,APIFY_GOOGLE_MAPS_SCRAPER,reparación instrumentos de metal,CRAFT_AND_REPAIR,BRASS_REPAIR,Madrid,AREA_BOUNDING_BOX,"Madrid, Comunidad de Madrid, España",3,2026-10-06T23:09:07.200Z
st_reparacion-instrumentos-de-metal:4,ChIJ49uKZ1MoQg0R-Otjgu7HHaE,st_reparacion-instrumentos-de-metal.json,APIFY_GOOGLE_MAPS_SCRAPER,reparación instrumentos de metal,CRAFT_AND_REPAIR,BRASS_REPAIR,Madrid,AREA_BOUNDING_BOX,"Madrid, Comunidad de Madrid, España",4,2026-10-06T23:09:07.200Z
st_reparacion-instrumentos-de-metal:5,ChIJI1Y7RIcoQg0ReLrv8ZinXlI,st_reparacion-instrumentos-de-metal.json,APIFY_GOOGLE_MAPS_SCRAPER,reparación instrumentos de metal,CRAFT_AND_REPAIR,BRASS_REPAIR,Madrid,AREA_BOUNDING_BOX,"Madrid, Comunidad de Madrid, España",5,2026-10-06T23:09:07.200Z
st_reparacion-instrumentos-de-metal:6,ChIJW6PPN3YnQg0RXNsySTaZtWo,st_reparacion-instrumentos-de-metal.json,APIFY_GOOGLE_MAPS_SCRAPER,reparación instrumentos de metal,CRAFT_AND_REPAIR,BRASS_REPAIR,Madrid,AREA_BOUNDING_BOX,"Madrid, Comunidad de Madrid, España",6,2026-10-06T23:09:07.200Z
st_reparacion-instrumentos-de-metal:7,ChIJa1FiH0YpQg0RIPH4NipCr9w,st_reparacion-instrumentos-de-metal.json,APIFY_GOOGLE_MAPS_SCRAPER,reparación instrumentos de metal,CRAFT_AND_REPAIR,BRASS_REPAIR,Madrid,AREA_BOUNDING_BOX,"Madrid, Comunidad de Madrid, España",7,2026-10-06T23:09:07.200Z
st_reparacion-instrumentos-de-metal:8,ChIJmYCsDXkoQg0Rp7dsXIVNbXA,st_reparacion-instrumentos-de-metal.json,APIFY_GOOGLE_MAPS_SCRAPER,reparación instrumentos de metal,CRAFT_AND_REPAIR,BRASS_REPAIR,Madrid,AREA_BOUNDING_BOX,"Madrid, Comunidad de Madrid, España",8,2026-10-06T23:09:07.200Z
st_reparacion-instrumentos-de-metal:9,ChIJjTvATnQvQg0RNtfHg_KY70U,st_reparacion-instrumentos-de-metal.json,APIFY_GOOGLE_MAPS_SCRAPER,reparación instrumentos de metal,CRAFT_AND_REPAIR,BRASS_REPAIR,Madrid,AREA_BOUNDING_BOX,"Madrid, Comunidad de Madrid, España",9,2026-10-06T23:09:07.200Z
st_reparacion-instrumentos-de-metal:10,ChIJhyRyClIpQg0R1zaYX0KGnXM,st_reparacion-instrumentos-de-metal.json,APIFY_GOOGLE_MAPS_SCRAPER,reparación instrumentos de metal,CRAFT_AND_REPAIR,BRASS_REPAIR,Madrid,AREA_BOUNDING_BOX,"Madrid, Comunidad de Madrid, España",10,2026-10-06T23:09:07.200Z
st_reparacion-instrumentos-de-metal:11,ChIJQzEsZL4nQg0RhCXl9SlUXE8,st_reparacion-instrumentos-de-metal.json,APIFY_GOOGLE_MAPS_SCRAPER,reparación instrumentos de metal,CRAFT_AND_REPAIR,BRASS_REPAIR,Madrid,AREA_BOUNDING_BOX,"Madrid, Comunidad de Madrid, España",11,2026-10-06T23:09:07.200Z
st_reparacion-instrumentos-de-metal:12,ChIJD_hJStwlQg0RkY8gmJU-YAU,st_reparacion-instrumentos-de-metal.json,APIFY_GOOGLE_MAPS_SCRAPER,reparación instrumentos de metal,CRAFT_AND_REPAIR,BRASS_REPAIR,Madrid,AREA_BOUNDING_BOX,"Madrid, Comunidad de Madrid, España",12,2026-10-06T23:09:07.200Z
st_reparacion-instrumentos-de-metal:13,ChIJtb5bWwAnQg0RThXSlXxd0BI,st_reparacion-instrumentos-de-metal.json,APIFY_GOOGLE_MAPS_SCRAPER,reparación instrumentos de metal,CRAFT_AND_REPAIR,BRASS_REPAIR,Madrid,AREA_BOUNDING_BOX,"Madrid, Comunidad de Madrid, España",13,2026-10-06T23:09:07.200Z
st_reparacion-instrumentos-de-metal:14,ChIJt0z1DZcnQg0R9iyRuyCT-78,st_reparacion-instrumentos-de-metal.json,APIFY_GOOGLE_MAPS_SCRAPER,reparación instrumentos de metal,CRAFT_AND_REPAIR,BRASS_REPAIR,Madrid,AREA_BOUNDING_BOX,"Madrid, Comunidad de Madrid, España",14,2026-10-06T23:09:07.200Z
st_reparacion-instrumentos-de-metal:15,ChIJuyKgK60nQg0R5Fio9Nu3uTU,st_reparacion-instrumentos-de-metal.json,APIFY_GOOGLE_MAPS_SCRAPER,reparación instrumentos de metal,CRAFT_AND_REPAIR,BRASS_REPAIR,Madrid,AREA_BOUNDING_BOX,"Madrid, Comunidad de Madrid, España",15,2026-10-06T23:09:07.201Z
st_reparacion-instrumentos-de-metal:16,ChIJKRwWsvInQg0RFq3u0lyqy5o,st_reparacion-instrumentos-de-metal.json,APIFY_GOOGLE_MAPS_SCRAPER,reparación instrumentos de metal,CRAFT_AND_REPAIR,BRASS_REPAIR,Madrid,AREA_BOUNDING_BOX,"Madrid, Comunidad de Madrid, España",16,2026-10-06T23:09:07.201Z
st_reparacion-instrumentos-de-metal:17,ChIJZ68v19MnQg0R26joW3nGVbk,st_reparacion-instrumentos-de-metal.json,APIFY_GOOGLE_MAPS_SCRAPER,reparación instrumentos de metal,CRAFT_AND_REPAIR,BRASS_REPAIR,Madrid,AREA_BOUNDING_BOX,"Madrid, Comunidad de Madrid, España",17,2026-10-06T23:09:07.201Z
st_reparacion-instrumentos-de-metal:18,ChIJiUYKG7UnQg0R507ey3OtEJM,st_reparacion-instrumentos-de-metal.json,APIFY_GOOGLE_MAPS_SCRAPER,reparación instrumentos de metal,CRAFT_AND_REPAIR,BRASS_REPAIR,Madrid,AREA_BOUNDING_BOX,"Madrid, Comunidad de Madrid, España",18,2026-10-06T23:09:07.201Z
st_reparacion-instrumentos-de-metal:19,ChIJeXRdt3ooQg0R-21qVnzGTq8,st_reparacion-instrumentos-de-metal.json,APIFY_GOOGLE_MAPS_SCRAPER,reparación instrumentos de metal,CRAFT_AND_REPAIR,BRASS_REPAIR,Madrid,AREA_BOUNDING_BOX,"Madrid, Comunidad de Madrid, España",19,2026-10-06T23:09:07.201Z
st_reparacion-instrumentos-de-metal:20,ChIJIbvbny4pQg0RWdm2f60CGKU,st_reparacion-instrumentos-de-metal.json,APIFY_GOOGLE_MAPS_SCRAPER,reparación instrumentos de metal,CRAFT_AND_REPAIR,BRASS_REPAIR,Madrid,AREA_BOUNDING_BOX,"Madrid, Comunidad de Madrid, España",20,2026-10-06T23:09:07.201Z
st_reparacion-instrumentos-de-metal:21,ChIJe_tfWokoQg0RoK7NVTtYLxE,st_reparacion-instrumentos-de-metal.json,APIFY_GOOGLE_MAPS_SCRAPER,reparación instrumentos de metal,CRAFT_AND_REPAIR,BRASS_REPAIR,Madrid,AREA_BOUNDING_BOX,"Madrid, Comunidad de Madrid, España",21,2026-10-06T23:09:07.201Z
st_reparacion-instrumentos-de-metal:22,ChIJqVVJKqYlQg0ROLhGb4R1opg,st_reparacion-instrumentos-de-metal.json,APIFY_GOOGLE_MAPS_SCRAPER,reparación instrumentos de metal,CRAFT_AND_REPAIR,BRASS_REPAIR,Madrid,AREA_BOUNDING_BOX,"Madrid, Comunidad de Madrid, España",22,2026-10-06T23:09:07.201Z
st_reparacion-instrumentos-de-metal:23,ChIJb4TaP3QmQg0R1VgI9KlBdSo,st_reparacion-instrumentos-de-metal.json,APIFY_GOOGLE_MAPS_SCRAPER,reparación instrumentos de metal,CRAFT_AND_REPAIR,BRASS_REPAIR,Madrid,AREA_BOUNDING_BOX,"Madrid, Comunidad de Madrid, España",23,2026-10-06T23:09:07.201Z
st_reparacion-instrumentos-de-metal:24,ChIJ9W-ZHGUnQg0RitN-pbnEpj8,st_reparacion-instrumentos-de-metal.json,APIFY_GOOGLE_MAPS_SCRAPER,reparación instrumentos de metal,CRAFT_AND_REPAIR,BRASS_REPAIR,Madrid,AREA_BOUNDING_BOX,"Madrid, Comunidad de Madrid, España",24,2026-10-06T23:09:07.201Z
st_reparacion-instrumentos-de-metal:25,ChIJQ2VgEWWDQQ0RD-ZdMUNADdU,st_reparacion-instrumentos-de-metal.json,APIFY_GOOGLE_MAPS_SCRAPER,reparación instrumentos de metal,CRAFT_AND_REPAIR,BRASS_REPAIR,Madrid,AREA_BOUNDING_BOX,"Madrid, Comunidad de Madrid, España",25,2026-10-06T23:09:07.201Z
st_reparacion-instrumentos-de-metal:26,ChIJRcVl3tQmQg0RkMzclLHvD3c,st_reparacion-instrumentos-de-metal.json,APIFY_GOOGLE_MAPS_SCRAPER,reparación instrumentos de metal,CRAFT_AND_REPAIR,BRASS_REPAIR,Madrid,AREA_BOUNDING_BOX,"Madrid, Comunidad de Madrid, España",26,2026-10-06T23:09:07.201Z
st_reparacion-instrumentos-de-metal:27,ChIJEwRf5AwwQg0RUwb4P6JKcMA,st_reparacion-instrumentos-de-metal.json,APIFY_GOOGLE_MAPS_SCRAPER,reparación instrumentos de metal,CRAFT_AND_REPAIR,BRASS_REPAIR,Madrid,AREA_BOUNDING_BOX,"Madrid, Comunidad de Madrid, España",27,2026-10-06T23:09:07.201Z
st_reparacion-instrumentos-de-metal:28,ChIJM5MyjZSJQQ0Rd257nmNFnBk,st_reparacion-instrumentos-de-metal.json,APIFY_GOOGLE_MAPS_SCRAPER,reparación instrumentos de metal,CRAFT_AND_REPAIR,BRASS_REPAIR,Madrid,AREA_BOUNDING_BOX,"Madrid, Comunidad de Madrid, España",28,2026-10-06T23:09:07.201Z
st_reparacion-instrumentos-de-metal:29,ChIJW90MQXQmQg0RTfIXcVTTbig,st_reparacion-instrumentos-de-metal.json,APIFY_GOOGLE_MAPS_SCRAPER,reparación instrumentos de metal,CRAFT_AND_REPAIR,BRASS_REPAIR,Madrid,AREA_BOUNDING_BOX,"Madrid, Comunidad de Madrid, España",29,2026-10-06T23:09:07.201Z
st_reparacion-instrumentos-de-metal:30,ChIJAVqGBSomQg0Rm5tO9xzZ1Gc,st_reparacion-instrumentos-de-metal.json,APIFY_GOOGLE_MAPS_SCRAPER,reparación instrumentos de metal,CRAFT_AND_REPAIR,BRASS_REPAIR,Madrid,AREA_BOUNDING_BOX,"Madrid, Comunidad de Madrid, España",30,2026-10-06T23:09:07.201Z
st_reparacion-instrumentos-de-metal:31,ChIJAVN8NhkmQg0R_S3q60XAaiw,st_reparacion-instrumentos-de-metal.json,APIFY_GOOGLE_MAPS_SCRAPER,reparación instrumentos de metal,CRAFT_AND_REPAIR,BRASS_REPAIR,Madrid,AREA_BOUNDING_BOX,"Madrid, Comunidad de Madrid, España",31,2026-10-06T23:09:07.201Z
st_reparacion-instrumentos-de-metal:32,ChIJDxNkA0SJQQ0RCh2nuc_bJkI,st_reparacion-instrumentos-de-metal.json,APIFY_GOOGLE_MAPS_SCRAPER,reparación instrumentos de metal,CRAFT_AND_REPAIR,BRASS_REPAIR,Madrid,AREA_BOUNDING_BOX,"Madrid, Comunidad de Madrid, España",32,2026-10-06T23:09:07.201Z
st_reparacion-instrumentos-de-metal:33,ChIJ1zoDbKsjQg0Rb_633Nu3HYo,st_reparacion-instrumentos-de-metal.json,APIFY_GOOGLE_MAPS_SCRAPER,reparación instrumentos de metal,CRAFT_AND_REPAIR,BRASS_REPAIR,Madrid,AREA_BOUNDING_BOX,"Madrid, Comunidad de Madrid, España",33,2026-10-06T23:09:07.201Z
st_reparacion-instrumentos-de-metal:34,ChIJCx1PohaPQQ0RIUWczmMdrGQ,st_reparacion-instrumentos-de-metal.json,APIFY_GOOGLE_MAPS_SCRAPER,reparación instrumentos de metal,CRAFT_AND_REPAIR,BRASS_REPAIR,Madrid,AREA_BOUNDING_BOX,"Madrid, Comunidad de Madrid, España",34,2026-10-06T23:09:07.201Z
st_reparacion-instrumentos-de-metal:35,ChIJQRfVp4onQg0RXs7P1evGpWo,st_reparacion-instrumentos-de-metal.json,APIFY_GOOGLE_MAPS_SCRAPER,reparación instrumentos de metal,CRAFT_AND_REPAIR,BRASS_REPAIR,Madrid,AREA_BOUNDING_BOX,"Madrid, Comunidad de Madrid, España",35,2026-10-06T23:09:07.201Z
st_reparacion-instrumentos-de-metal:36,ChIJ2cGf0sYgQg0RsU_oWo2bDZo,st_reparacion-instrumentos-de-metal.json,APIFY_GOOGLE_MAPS_SCRAPER,reparación instrumentos de metal,CRAFT_AND_REPAIR,BRASS_REPAIR,Madrid,AREA_BOUNDING_BOX,"Madrid, Comunidad de Madrid, España",36,2026-10-06T23:09:07.201Z
st_reparacion-instrumentos-de-metal:37,ChIJJypypQYpQg0RAPAy-VfpJEs,st_reparacion-instrumentos-de-metal.json,APIFY_GOOGLE_MAPS_SCRAPER,reparación instrumentos de metal,CRAFT_AND_REPAIR,BRASS_REPAIR,Madrid,AREA_BOUNDING_BOX,"Madrid, Comunidad de Madrid, España",37,2026-10-06T23:09:07.201Z
st_reparacion-instrumentos-de-metal:38,ChIJ6XVN65ogQg0RM81ZfeSCk2o,st_reparacion-instrumentos-de-metal.json,APIFY_GOOGLE_MAPS_SCRAPER,reparación instrumentos de metal,CRAFT_AND_REPAIR,BRASS_REPAIR,Madrid,AREA_BOUNDING_BOX,"Madrid, Comunidad de Madrid, España",38,2026-10-06T23:09:07.201Z
st_reparacion-instrumentos-de-metal:39,ChIJc-dqZ2qJQQ0RWFkBVJTfI8Q,st_reparacion-instrumentos-de-metal.json,APIFY_GOOGLE_MAPS_SCRAPER,reparación instrumentos de metal,CRAFT_AND_REPAIR,BRASS_REPAIR,Madrid,AREA_BOUNDING_BOX,"Madrid, Comunidad de Madrid, España",39,2026-10-06T23:09:07.201Z
st_reparacion-instrumentos-de-metal:40,ChIJtQdpGHsoQg0RA9pjudhWoBE,st_reparacion-instrumentos-de-metal.json,APIFY_GOOGLE_MAPS_SCRAPER,reparación instrumentos de metal,CRAFT_AND_REPAIR,BRASS_REPAIR,Madrid,AREA_BOUNDING_BOX,"Madrid, Comunidad de Madrid, España",40,2026-10-06T23:09:07.201Z
st_reparacion-instrumentos-de-metal:41,ChIJOUkKUbWPQQ0REVkr8ndLxB4,st_reparacion-instrumentos-de-metal.json,APIFY_GOOGLE_MAPS_SCRAPER,reparación instrumentos de metal,CRAFT_AND_REPAIR,BRASS_REPAIR,Madrid,AREA_BOUNDING_BOX,"Madrid, Comunidad de Madrid, España",41,2026-10-06T23:09:07.201Z
st_reparacion-instrumentos-de-metal:42,ChIJqYZ2VuouQg0R_ESAbuOu_2o,st_reparacion-instrumentos-de-metal.json,APIFY_GOOGLE_MAPS_SCRAPER,reparación instrumentos de metal,CRAFT_AND_REPAIR,BRASS_REPAIR,Madrid,AREA_BOUNDING_BOX,"Madrid, Comunidad de Madrid, España",42,2026-10-06T23:09:07.201Z
st_reparacion-instrumentos-de-metal:43,ChIJd63gH7ooQg0RDfNRS8-MfLA,st_reparacion-instrumentos-de-metal.json,APIFY_GOOGLE_MAPS_SCRAPER,reparación instrumentos de metal,CRAFT_AND_REPAIR,BRASS_REPAIR,Madrid,AREA_BOUNDING_BOX,"Madrid, Comunidad de Madrid, España",43,2026-10-06T23:09:07.202Z
st_reparacion-instrumentos-de-metal:44,ChIJz58AvSSMQQ0R_brtWqLEsrg,st_reparacion-instrumentos-de-metal.json,APIFY_GOOGLE_MAPS_SCRAPER,reparación instrumentos de metal,CRAFT_AND_REPAIR,BRASS_REPAIR,Madrid,AREA_BOUNDING_BOX,"Madrid, Comunidad de Madrid, España",44,2026-10-06T23:09:07.202Z
st_reparacion-instrumentos-de-viento:1,ChIJbZBBKJQpQg0R95YhmiKmZo4,st_reparacion-instrumentos-de-viento.json,APIFY_GOOGLE_MAPS_SCRAPER,reparación instrumentos de viento,CRAFT_AND_REPAIR,WOODWIND_REPAIR,Madrid,AREA_BOUNDING_BOX,"Madrid, Comunidad de Madrid, España",1,2026-10-06T23:09:03.791Z
st_reparacion-instrumentos-de-viento:2,ChIJmYCsDXkoQg0Rp7dsXIVNbXA,st_reparacion-instrumentos-de-viento.json,APIFY_GOOGLE_MAPS_SCRAPER,reparación instrumentos de viento,CRAFT_AND_REPAIR,WOODWIND_REPAIR,Madrid,AREA_BOUNDING_BOX,"Madrid, Comunidad de Madrid, España",2,2026-10-06T23:09:03.791Z
st_reparacion-instrumentos-de-viento:3,ChIJI1Y7RIcoQg0ReLrv8ZinXlI,st_reparacion-instrumentos-de-viento.json,APIFY_GOOGLE_MAPS_SCRAPER,reparación instrumentos de viento,CRAFT_AND_REPAIR,WOODWIND_REPAIR,Madrid,AREA_BOUNDING_BOX,"Madrid, Comunidad de Madrid, España",3,2026-10-06T23:09:03.791Z
st_reparacion-instrumentos-de-viento:4,ChIJJWnufpYpQg0RBGCEMO6scmU,st_reparacion-instrumentos-de-viento.json,APIFY_GOOGLE_MAPS_SCRAPER,reparación instrumentos de viento,CRAFT_AND_REPAIR,WOODWIND_REPAIR,Madrid,AREA_BOUNDING_BOX,"Madrid, Comunidad de Madrid, España",4,2026-10-06T23:09:03.791Z
st_reparacion-instrumentos-de-viento:5,ChIJ49uKZ1MoQg0R-Otjgu7HHaE,st_reparacion-instrumentos-de-viento.json,APIFY_GOOGLE_MAPS_SCRAPER,reparación instrumentos de viento,CRAFT_AND_REPAIR,WOODWIND_REPAIR,Madrid,AREA_BOUNDING_BOX,"Madrid, Comunidad de Madrid, España",5,2026-10-06T23:09:03.791Z
st_reparacion-instrumentos-de-viento:6,ChIJrRdqp0IoQg0Rux8dUVn0ll4,st_reparacion-instrumentos-de-viento.json,APIFY_GOOGLE_MAPS_SCRAPER,reparación instrumentos de viento,CRAFT_AND_REPAIR,WOODWIND_REPAIR,Madrid,AREA_BOUNDING_BOX,"Madrid, Comunidad de Madrid, España",6,2026-10-06T23:09:03.791Z
st_reparacion-instrumentos-de-viento:7,ChIJI6bXCfopQg0RpfaFveYz06Q,st_reparacion-instrumentos-de-viento.json,APIFY_GOOGLE_MAPS_SCRAPER,reparación instrumentos de viento,CRAFT_AND_REPAIR,WOODWIND_REPAIR,Madrid,AREA_BOUNDING_BOX,"Madrid, Comunidad de Madrid, España",7,2026-10-06T23:09:03.791Z
st_reparacion-instrumentos-de-viento:8,ChIJuyKgK60nQg0R5Fio9Nu3uTU,st_reparacion-instrumentos-de-viento.json,APIFY_GOOGLE_MAPS_SCRAPER,reparación instrumentos de viento,CRAFT_AND_REPAIR,WOODWIND_REPAIR,Madrid,AREA_BOUNDING_BOX,"Madrid, Comunidad de Madrid, España",8,2026-10-06T23:09:03.791Z
st_reparacion-instrumentos-de-viento:9,ChIJhyRyClIpQg0R1zaYX0KGnXM,st_reparacion-instrumentos-de-viento.json,APIFY_GOOGLE_MAPS_SCRAPER,reparación instrumentos de viento,CRAFT_AND_REPAIR,WOODWIND_REPAIR,Madrid,AREA_BOUNDING_BOX,"Madrid, Comunidad de Madrid, España",9,2026-10-06T23:09:03.791Z
st_reparacion-instrumentos-de-viento:10,ChIJa1FiH0YpQg0RIPH4NipCr9w,st_reparacion-instrumentos-de-viento.json,APIFY_GOOGLE_MAPS_SCRAPER,reparación instrumentos de viento,CRAFT_AND_REPAIR,WOODWIND_REPAIR,Madrid,AREA_BOUNDING_BOX,"Madrid, Comunidad de Madrid, España",10,2026-10-06T23:09:03.791Z
st_reparacion-instrumentos-de-viento:11,ChIJjTvATnQvQg0RNtfHg_KY70U,st_reparacion-instrumentos-de-viento.json,APIFY_GOOGLE_MAPS_SCRAPER,reparación instrumentos de viento,CRAFT_AND_REPAIR,WOODWIND_REPAIR,Madrid,AREA_BOUNDING_BOX,"Madrid, Comunidad de Madrid, España",11,2026-10-06T23:09:03.791Z
st_reparacion-instrumentos-de-viento:12,ChIJW6PPN3YnQg0RXNsySTaZtWo,st_reparacion-instrumentos-de-viento.json,APIFY_GOOGLE_MAPS_SCRAPER,reparación instrumentos de viento,CRAFT_AND_REPAIR,WOODWIND_REPAIR,Madrid,AREA_BOUNDING_BOX,"Madrid, Comunidad de Madrid, España",12,2026-10-06T23:09:03.791Z
st_reparacion-instrumentos-de-viento:13,ChIJVWD9KGIoQg0RY7zeyRUBzoQ,st_reparacion-instrumentos-de-viento.json,APIFY_GOOGLE_MAPS_SCRAPER,reparación instrumentos de viento,CRAFT_AND_REPAIR,WOODWIND_REPAIR,Madrid,AREA_BOUNDING_BOX,"Madrid, Comunidad de Madrid, España",13,2026-10-06T23:09:03.791Z
st_reparacion-instrumentos-de-viento:14,ChIJeXRdt3ooQg0R-21qVnzGTq8,st_reparacion-instrumentos-de-viento.json,APIFY_GOOGLE_MAPS_SCRAPER,reparación instrumentos de viento,CRAFT_AND_REPAIR,WOODWIND_REPAIR,Madrid,AREA_BOUNDING_BOX,"Madrid, Comunidad de Madrid, España",14,2026-10-06T23:09:03.792Z
st_reparacion-instrumentos-de-viento:15,ChIJe_tfWokoQg0RoK7NVTtYLxE,st_reparacion-instrumentos-de-viento.json,APIFY_GOOGLE_MAPS_SCRAPER,reparación instrumentos de viento,CRAFT_AND_REPAIR,WOODWIND_REPAIR,Madrid,AREA_BOUNDING_BOX,"Madrid, Comunidad de Madrid, España",15,2026-10-06T23:09:03.792Z
st_reparacion-instrumentos-de-viento:16,ChIJQzEsZL4nQg0RhCXl9SlUXE8,st_reparacion-instrumentos-de-viento.json,APIFY_GOOGLE_MAPS_SCRAPER,reparación instrumentos de viento,CRAFT_AND_REPAIR,WOODWIND_REPAIR,Madrid,AREA_BOUNDING_BOX,"Madrid, Comunidad de Madrid, España",16,2026-10-06T23:09:03.792Z
st_reparacion-instrumentos-de-viento:17,ChIJD_hJStwlQg0RkY8gmJU-YAU,st_reparacion-instrumentos-de-viento.json,APIFY_GOOGLE_MAPS_SCRAPER,reparación instrumentos de viento,CRAFT_AND_REPAIR,WOODWIND_REPAIR,Madrid,AREA_BOUNDING_BOX,"Madrid, Comunidad de Madrid, España",17,2026-10-06T23:09:03.792Z
st_reparacion-instrumentos-de-viento:18,ChIJt0z1DZcnQg0R9iyRuyCT-78,st_reparacion-instrumentos-de-viento.json,APIFY_GOOGLE_MAPS_SCRAPER,reparación instrumentos de viento,CRAFT_AND_REPAIR,WOODWIND_REPAIR,Madrid,AREA_BOUNDING_BOX,"Madrid, Comunidad de Madrid, España",18,2026-10-06T23:09:03.792Z
st_reparacion-instrumentos-de-viento:19,ChIJtb5bWwAnQg0RThXSlXxd0BI,st_reparacion-instrumentos-de-viento.json,APIFY_GOOGLE_MAPS_SCRAPER,reparación instrumentos de viento,CRAFT_AND_REPAIR,WOODWIND_REPAIR,Madrid,AREA_BOUNDING_BOX,"Madrid, Comunidad de Madrid, España",19,2026-10-06T23:09:03.792Z
st_reparacion-instrumentos-de-viento:20,ChIJ9W-ZHGUnQg0RitN-pbnEpj8,st_reparacion-instrumentos-de-viento.json,APIFY_GOOGLE_MAPS_SCRAPER,reparación instrumentos de viento,CRAFT_AND_REPAIR,WOODWIND_REPAIR,Madrid,AREA_BOUNDING_BOX,"Madrid, Comunidad de Madrid, España",20,2026-10-06T23:09:03.792Z
st_reparacion-instrumentos-de-viento:21,ChIJZ68v19MnQg0R26joW3nGVbk,st_reparacion-instrumentos-de-viento.json,APIFY_GOOGLE_MAPS_SCRAPER,reparación instrumentos de viento,CRAFT_AND_REPAIR,WOODWIND_REPAIR,Madrid,AREA_BOUNDING_BOX,"Madrid, Comunidad de Madrid, España",21,2026-10-06T23:09:03.792Z
st_reparacion-instrumentos-de-viento:22,ChIJQ2VgEWWDQQ0RD-ZdMUNADdU,st_reparacion-instrumentos-de-viento.json,APIFY_GOOGLE_MAPS_SCRAPER,reparación instrumentos de viento,CRAFT_AND_REPAIR,WOODWIND_REPAIR,Madrid,AREA_BOUNDING_BOX,"Madrid, Comunidad de Madrid, España",22,2026-10-06T23:09:03.792Z
st_reparacion-instrumentos-de-viento:23,ChIJKRwWsvInQg0RFq3u0lyqy5o,st_reparacion-instrumentos-de-viento.json,APIFY_GOOGLE_MAPS_SCRAPER,reparación instrumentos de viento,CRAFT_AND_REPAIR,WOODWIND_REPAIR,Madrid,AREA_BOUNDING_BOX,"Madrid, Comunidad de Madrid, España",23,2026-10-06T23:09:03.792Z
st_reparacion-instrumentos-de-viento:24,ChIJb4TaP3QmQg0R1VgI9KlBdSo,st_reparacion-instrumentos-de-viento.json,APIFY_GOOGLE_MAPS_SCRAPER,reparación instrumentos de viento,CRAFT_AND_REPAIR,WOODWIND_REPAIR,Madrid,AREA_BOUNDING_BOX,"Madrid, Comunidad de Madrid, España",24,2026-10-06T23:09:03.792Z
st_reparacion-instrumentos-de-viento:25,ChIJVU08PqQnQg0RYgHa3TCAOaI,st_reparacion-instrumentos-de-viento.json,APIFY_GOOGLE_MAPS_SCRAPER,reparación instrumentos de viento,CRAFT_AND_REPAIR,WOODWIND_REPAIR,Madrid,AREA_BOUNDING_BOX,"Madrid, Comunidad de Madrid, España",25,2026-10-06T23:09:03.792Z
st_reparacion-instrumentos-de-viento:26,ChIJgW5mrikmQg0R4YxJhD9D15Y,st_reparacion-instrumentos-de-viento.json,APIFY_GOOGLE_MAPS_SCRAPER,reparación instrumentos de viento,CRAFT_AND_REPAIR,WOODWIND_REPAIR,Madrid,AREA_BOUNDING_BOX,"Madrid, Comunidad de Madrid, España",26,2026-10-06T23:09:03.792Z
st_reparacion-instrumentos-de-viento:27,ChIJiUYKG7UnQg0R507ey3OtEJM,st_reparacion-instrumentos-de-viento.json,APIFY_GOOGLE_MAPS_SCRAPER,reparación instrumentos de viento,CRAFT_AND_REPAIR,WOODWIND_REPAIR,Madrid,AREA_BOUNDING_BOX,"Madrid, Comunidad de Madrid, España",27,2026-10-06T23:09:03.792Z
st_reparacion-instrumentos-de-viento:28,ChIJqVVJKqYlQg0ROLhGb4R1opg,st_reparacion-instrumentos-de-viento.json,APIFY_GOOGLE_MAPS_SCRAPER,reparación instrumentos de viento,CRAFT_AND_REPAIR,WOODWIND_REPAIR,Madrid,AREA_BOUNDING_BOX,"Madrid, Comunidad de Madrid, España",28,2026-10-06T23:09:03.792Z
st_reparacion-instrumentos-de-viento:29,ChIJ2cGf0sYgQg0RsU_oWo2bDZo,st_reparacion-instrumentos-de-viento.json,APIFY_GOOGLE_MAPS_SCRAPER,reparación instrumentos de viento,CRAFT_AND_REPAIR,WOODWIND_REPAIR,Madrid,AREA_BOUNDING_BOX,"Madrid, Comunidad de Madrid, España",29,2026-10-06T23:09:03.792Z
st_reparacion-instrumentos-de-viento:30,ChIJiefdynsoQg0RSIx9mnYXHUo,st_reparacion-instrumentos-de-viento.json,APIFY_GOOGLE_MAPS_SCRAPER,reparación instrumentos de viento,CRAFT_AND_REPAIR,WOODWIND_REPAIR,Madrid,AREA_BOUNDING_BOX,"Madrid, Comunidad de Madrid, España",30,2026-10-06T23:09:03.792Z
st_reparacion-instrumentos-de-viento:31,ChIJsz-QkygmQg0R8Krj7TRUgKo,st_reparacion-instrumentos-de-viento.json,APIFY_GOOGLE_MAPS_SCRAPER,reparación instrumentos de viento,CRAFT_AND_REPAIR,WOODWIND_REPAIR,Madrid,AREA_BOUNDING_BOX,"Madrid, Comunidad de Madrid, España",31,2026-10-06T23:09:03.792Z
st_reparacion-instrumentos-de-viento:32,ChIJEwRf5AwwQg0RUwb4P6JKcMA,st_reparacion-instrumentos-de-viento.json,APIFY_GOOGLE_MAPS_SCRAPER,reparación instrumentos de viento,CRAFT_AND_REPAIR,WOODWIND_REPAIR,Madrid,AREA_BOUNDING_BOX,"Madrid, Comunidad de Madrid, España",32,2026-10-06T23:09:03.792Z
st_reparacion-instrumentos-de-viento:33,ChIJRcVl3tQmQg0RkMzclLHvD3c,st_reparacion-instrumentos-de-viento.json,APIFY_GOOGLE_MAPS_SCRAPER,reparación instrumentos de viento,CRAFT_AND_REPAIR,WOODWIND_REPAIR,Madrid,AREA_BOUNDING_BOX,"Madrid, Comunidad de Madrid, España",33,2026-10-06T23:09:03.792Z
st_reparacion-instrumentos-de-viento:34,ChIJM5MyjZSJQQ0Rd257nmNFnBk,st_reparacion-instrumentos-de-viento.json,APIFY_GOOGLE_MAPS_SCRAPER,reparación instrumentos de viento,CRAFT_AND_REPAIR,WOODWIND_REPAIR,Madrid,AREA_BOUNDING_BOX,"Madrid, Comunidad de Madrid, España",34,2026-10-06T23:09:03.792Z
st_reparacion-instrumentos-de-viento:35,ChIJAVN8NhkmQg0R_S3q60XAaiw,st_reparacion-instrumentos-de-viento.json,APIFY_GOOGLE_MAPS_SCRAPER,reparación instrumentos de viento,CRAFT_AND_REPAIR,WOODWIND_REPAIR,Madrid,AREA_BOUNDING_BOX,"Madrid, Comunidad de Madrid, España",35,2026-10-06T23:09:03.792Z
st_reparacion-instrumentos-de-viento:36,ChIJCx1PohaPQQ0RIUWczmMdrGQ,st_reparacion-instrumentos-de-viento.json,APIFY_GOOGLE_MAPS_SCRAPER,reparación instrumentos de viento,CRAFT_AND_REPAIR,WOODWIND_REPAIR,Madrid,AREA_BOUNDING_BOX,"Madrid, Comunidad de Madrid, España",36,2026-10-06T23:09:03.792Z
st_reparacion-instrumentos-de-viento:37,ChIJ1zoDbKsjQg0Rb_633Nu3HYo,st_reparacion-instrumentos-de-viento.json,APIFY_GOOGLE_MAPS_SCRAPER,reparación instrumentos de viento,CRAFT_AND_REPAIR,WOODWIND_REPAIR,Madrid,AREA_BOUNDING_BOX,"Madrid, Comunidad de Madrid, España",37,2026-10-06T23:09:03.792Z
st_reparacion-instrumentos-de-viento:38,ChIJUwMT4iDVQw0R6SAv0HmSYqA,st_reparacion-instrumentos-de-viento.json,APIFY_GOOGLE_MAPS_SCRAPER,reparación instrumentos de viento,CRAFT_AND_REPAIR,WOODWIND_REPAIR,Madrid,AREA_BOUNDING_BOX,"Madrid, Comunidad de Madrid, España",38,2026-10-06T23:09:03.792Z
st_reparacion-instrumentos-de-viento:39,ChIJDxNkA0SJQQ0RCh2nuc_bJkI,st_reparacion-instrumentos-de-viento.json,APIFY_GOOGLE_MAPS_SCRAPER,reparación instrumentos de viento,CRAFT_AND_REPAIR,WOODWIND_REPAIR,Madrid,AREA_BOUNDING_BOX,"Madrid, Comunidad de Madrid, España",39,2026-10-06T23:09:03.792Z
st_reparacion-instrumentos-de-viento:40,ChIJoT9fXnWPQQ0R0F7lkllKH3E,st_reparacion-instrumentos-de-viento.json,APIFY_GOOGLE_MAPS_SCRAPER,reparación instrumentos de viento,CRAFT_AND_REPAIR,WOODWIND_REPAIR,Madrid,AREA_BOUNDING_BOX,"Madrid, Comunidad de Madrid, España",40,2026-10-06T23:09:03.792Z
st_reparacion-instrumentos-de-viento:41,ChIJT176EmAoQg0RUdv7Ki3PL_0,st_reparacion-instrumentos-de-viento.json,APIFY_GOOGLE_MAPS_SCRAPER,reparación instrumentos de viento,CRAFT_AND_REPAIR,WOODWIND_REPAIR,Madrid,AREA_BOUNDING_BOX,"Madrid, Comunidad de Madrid, España",41,2026-10-06T23:09:03.792Z
st_reparacion-instrumentos-de-viento:42,ChIJsXresAEpQg0RpvwYIu8xwUQ,st_reparacion-instrumentos-de-viento.json,APIFY_GOOGLE_MAPS_SCRAPER,reparación instrumentos de viento,CRAFT_AND_REPAIR,WOODWIND_REPAIR,Madrid,AREA_BOUNDING_BOX,"Madrid, Comunidad de Madrid, España",42,2026-10-06T23:09:03.792Z
st_reparacion-instrumentos-de-viento:43,ChIJnf50x30oQg0R8oegAykHJC0,st_reparacion-instrumentos-de-viento.json,APIFY_GOOGLE_MAPS_SCRAPER,reparación instrumentos de viento,CRAFT_AND_REPAIR,WOODWIND_REPAIR,Madrid,AREA_BOUNDING_BOX,"Madrid, Comunidad de Madrid, España",43,2026-10-06T23:09:03.792Z
st_reparacion-instrumentos-de-viento:44,ChIJJypypQYpQg0RAPAy-VfpJEs,st_reparacion-instrumentos-de-viento.json,APIFY_GOOGLE_MAPS_SCRAPER,reparación instrumentos de viento,CRAFT_AND_REPAIR,WOODWIND_REPAIR,Madrid,AREA_BOUNDING_BOX,"Madrid, Comunidad de Madrid, España",44,2026-10-06T23:09:03.792Z
st_restauracion-de-instrumentos-musicales:1,ChIJtTeLSEYpQg0RkxeTFTqORyw,st_restauracion-de-instrumentos-musicales.json,APIFY_GOOGLE_MAPS_SCRAPER,restauración de instrumentos musicales,CRAFT_AND_REPAIR,RESTORATION,Madrid,AREA_BOUNDING_BOX,"Madrid, Comunidad de Madrid, España",1,2026-10-06T23:09:13.394Z
st_restauracion-de-instrumentos-musicales:2,ChIJjTvATnQvQg0RNtfHg_KY70U,st_restauracion-de-instrumentos-musicales.json,APIFY_GOOGLE_MAPS_SCRAPER,restauración de instrumentos musicales,CRAFT_AND_REPAIR,RESTORATION,Madrid,AREA_BOUNDING_BOX,"Madrid, Comunidad de Madrid, España",2,2026-10-06T23:09:13.394Z
st_restauracion-de-instrumentos-musicales:3,ChIJ49uKZ1MoQg0R-Otjgu7HHaE,st_restauracion-de-instrumentos-musicales.json,APIFY_GOOGLE_MAPS_SCRAPER,restauración de instrumentos musicales,CRAFT_AND_REPAIR,RESTORATION,Madrid,AREA_BOUNDING_BOX,"Madrid, Comunidad de Madrid, España",3,2026-10-06T23:09:13.394Z
st_restauracion-de-instrumentos-musicales:4,ChIJrRdqp0IoQg0Rux8dUVn0ll4,st_restauracion-de-instrumentos-musicales.json,APIFY_GOOGLE_MAPS_SCRAPER,restauración de instrumentos musicales,CRAFT_AND_REPAIR,RESTORATION,Madrid,AREA_BOUNDING_BOX,"Madrid, Comunidad de Madrid, España",4,2026-10-06T23:09:13.394Z
st_restauracion-de-instrumentos-musicales:5,ChIJa1FiH0YpQg0RIPH4NipCr9w,st_restauracion-de-instrumentos-musicales.json,APIFY_GOOGLE_MAPS_SCRAPER,restauración de instrumentos musicales,CRAFT_AND_REPAIR,RESTORATION,Madrid,AREA_BOUNDING_BOX,"Madrid, Comunidad de Madrid, España",5,2026-10-06T23:09:13.394Z
st_restauracion-de-instrumentos-musicales:6,ChIJhyRyClIpQg0R1zaYX0KGnXM,st_restauracion-de-instrumentos-musicales.json,APIFY_GOOGLE_MAPS_SCRAPER,restauración de instrumentos musicales,CRAFT_AND_REPAIR,RESTORATION,Madrid,AREA_BOUNDING_BOX,"Madrid, Comunidad de Madrid, España",6,2026-10-06T23:09:13.394Z
st_restauracion-de-instrumentos-musicales:7,ChIJW6PPN3YnQg0RXNsySTaZtWo,st_restauracion-de-instrumentos-musicales.json,APIFY_GOOGLE_MAPS_SCRAPER,restauración de instrumentos musicales,CRAFT_AND_REPAIR,RESTORATION,Madrid,AREA_BOUNDING_BOX,"Madrid, Comunidad de Madrid, España",7,2026-10-06T23:09:13.394Z
st_restauracion-de-instrumentos-musicales:8,ChIJmYCsDXkoQg0Rp7dsXIVNbXA,st_restauracion-de-instrumentos-musicales.json,APIFY_GOOGLE_MAPS_SCRAPER,restauración de instrumentos musicales,CRAFT_AND_REPAIR,RESTORATION,Madrid,AREA_BOUNDING_BOX,"Madrid, Comunidad de Madrid, España",8,2026-10-06T23:09:13.394Z
st_restauracion-de-instrumentos-musicales:9,ChIJI1Y7RIcoQg0ReLrv8ZinXlI,st_restauracion-de-instrumentos-musicales.json,APIFY_GOOGLE_MAPS_SCRAPER,restauración de instrumentos musicales,CRAFT_AND_REPAIR,RESTORATION,Madrid,AREA_BOUNDING_BOX,"Madrid, Comunidad de Madrid, España",9,2026-10-06T23:09:13.394Z
st_restauracion-de-instrumentos-musicales:10,ChIJt0z1DZcnQg0R9iyRuyCT-78,st_restauracion-de-instrumentos-musicales.json,APIFY_GOOGLE_MAPS_SCRAPER,restauración de instrumentos musicales,CRAFT_AND_REPAIR,RESTORATION,Madrid,AREA_BOUNDING_BOX,"Madrid, Comunidad de Madrid, España",10,2026-10-06T23:09:13.394Z
st_restauracion-de-instrumentos-musicales:11,ChIJeXRdt3ooQg0R-21qVnzGTq8,st_restauracion-de-instrumentos-musicales.json,APIFY_GOOGLE_MAPS_SCRAPER,restauración de instrumentos musicales,CRAFT_AND_REPAIR,RESTORATION,Madrid,AREA_BOUNDING_BOX,"Madrid, Comunidad de Madrid, España",11,2026-10-06T23:09:13.394Z
st_restauracion-de-instrumentos-musicales:12,ChIJQzEsZL4nQg0RhCXl9SlUXE8,st_restauracion-de-instrumentos-musicales.json,APIFY_GOOGLE_MAPS_SCRAPER,restauración de instrumentos musicales,CRAFT_AND_REPAIR,RESTORATION,Madrid,AREA_BOUNDING_BOX,"Madrid, Comunidad de Madrid, España",12,2026-10-06T23:09:13.394Z
st_restauracion-de-instrumentos-musicales:13,ChIJD_hJStwlQg0RkY8gmJU-YAU,st_restauracion-de-instrumentos-musicales.json,APIFY_GOOGLE_MAPS_SCRAPER,restauración de instrumentos musicales,CRAFT_AND_REPAIR,RESTORATION,Madrid,AREA_BOUNDING_BOX,"Madrid, Comunidad de Madrid, España",13,2026-10-06T23:09:13.394Z
st_restauracion-de-instrumentos-musicales:14,ChIJJ3DMksIoQg0RySagcqnFhI0,st_restauracion-de-instrumentos-musicales.json,APIFY_GOOGLE_MAPS_SCRAPER,restauración de instrumentos musicales,CRAFT_AND_REPAIR,RESTORATION,Madrid,AREA_BOUNDING_BOX,"Madrid, Comunidad de Madrid, España",14,2026-10-06T23:09:13.394Z
st_restauracion-de-instrumentos-musicales:15,ChIJiUYKG7UnQg0R507ey3OtEJM,st_restauracion-de-instrumentos-musicales.json,APIFY_GOOGLE_MAPS_SCRAPER,restauración de instrumentos musicales,CRAFT_AND_REPAIR,RESTORATION,Madrid,AREA_BOUNDING_BOX,"Madrid, Comunidad de Madrid, España",15,2026-10-06T23:09:13.394Z
st_restauracion-de-instrumentos-musicales:16,ChIJtb5bWwAnQg0RThXSlXxd0BI,st_restauracion-de-instrumentos-musicales.json,APIFY_GOOGLE_MAPS_SCRAPER,restauración de instrumentos musicales,CRAFT_AND_REPAIR,RESTORATION,Madrid,AREA_BOUNDING_BOX,"Madrid, Comunidad de Madrid, España",16,2026-10-06T23:09:13.394Z
st_restauracion-de-instrumentos-musicales:17,ChIJKRwWsvInQg0RFq3u0lyqy5o,st_restauracion-de-instrumentos-musicales.json,APIFY_GOOGLE_MAPS_SCRAPER,restauración de instrumentos musicales,CRAFT_AND_REPAIR,RESTORATION,Madrid,AREA_BOUNDING_BOX,"Madrid, Comunidad de Madrid, España",17,2026-10-06T23:09:13.394Z
st_restauracion-de-instrumentos-musicales:18,ChIJJWnufpYpQg0RBGCEMO6scmU,st_restauracion-de-instrumentos-musicales.json,APIFY_GOOGLE_MAPS_SCRAPER,restauración de instrumentos musicales,CRAFT_AND_REPAIR,RESTORATION,Madrid,AREA_BOUNDING_BOX,"Madrid, Comunidad de Madrid, España",18,2026-10-06T23:09:13.394Z
st_restauracion-de-instrumentos-musicales:19,ChIJb4TaP3QmQg0R1VgI9KlBdSo,st_restauracion-de-instrumentos-musicales.json,APIFY_GOOGLE_MAPS_SCRAPER,restauración de instrumentos musicales,CRAFT_AND_REPAIR,RESTORATION,Madrid,AREA_BOUNDING_BOX,"Madrid, Comunidad de Madrid, España",19,2026-10-06T23:09:13.394Z
st_restauracion-de-instrumentos-musicales:20,ChIJuyKgK60nQg0R5Fio9Nu3uTU,st_restauracion-de-instrumentos-musicales.json,APIFY_GOOGLE_MAPS_SCRAPER,restauración de instrumentos musicales,CRAFT_AND_REPAIR,RESTORATION,Madrid,AREA_BOUNDING_BOX,"Madrid, Comunidad de Madrid, España",20,2026-10-06T23:09:13.394Z
st_restauracion-de-instrumentos-musicales:21,ChIJryI33iomQg0RM0nKGAux_BI,st_restauracion-de-instrumentos-musicales.json,APIFY_GOOGLE_MAPS_SCRAPER,restauración de instrumentos musicales,CRAFT_AND_REPAIR,RESTORATION,Madrid,AREA_BOUNDING_BOX,"Madrid, Comunidad de Madrid, España",21,2026-10-06T23:09:13.394Z
st_restauracion-de-instrumentos-musicales:22,ChIJZ68v19MnQg0R26joW3nGVbk,st_restauracion-de-instrumentos-musicales.json,APIFY_GOOGLE_MAPS_SCRAPER,restauración de instrumentos musicales,CRAFT_AND_REPAIR,RESTORATION,Madrid,AREA_BOUNDING_BOX,"Madrid, Comunidad de Madrid, España",22,2026-10-06T23:09:13.394Z
st_restauracion-de-instrumentos-musicales:23,ChIJ9W-ZHGUnQg0RitN-pbnEpj8,st_restauracion-de-instrumentos-musicales.json,APIFY_GOOGLE_MAPS_SCRAPER,restauración de instrumentos musicales,CRAFT_AND_REPAIR,RESTORATION,Madrid,AREA_BOUNDING_BOX,"Madrid, Comunidad de Madrid, España",23,2026-10-06T23:09:13.394Z
st_restauracion-de-instrumentos-musicales:24,ChIJRcVl3tQmQg0RkMzclLHvD3c,st_restauracion-de-instrumentos-musicales.json,APIFY_GOOGLE_MAPS_SCRAPER,restauración de instrumentos musicales,CRAFT_AND_REPAIR,RESTORATION,Madrid,AREA_BOUNDING_BOX,"Madrid, Comunidad de Madrid, España",24,2026-10-06T23:09:13.394Z
st_restauracion-de-instrumentos-musicales:25,ChIJVU08PqQnQg0RYgHa3TCAOaI,st_restauracion-de-instrumentos-musicales.json,APIFY_GOOGLE_MAPS_SCRAPER,restauración de instrumentos musicales,CRAFT_AND_REPAIR,RESTORATION,Madrid,AREA_BOUNDING_BOX,"Madrid, Comunidad de Madrid, España",25,2026-10-06T23:09:13.394Z
st_restauracion-de-instrumentos-musicales:26,ChIJIbvbny4pQg0RWdm2f60CGKU,st_restauracion-de-instrumentos-musicales.json,APIFY_GOOGLE_MAPS_SCRAPER,restauración de instrumentos musicales,CRAFT_AND_REPAIR,RESTORATION,Madrid,AREA_BOUNDING_BOX,"Madrid, Comunidad de Madrid, España",26,2026-10-06T23:09:13.394Z
st_restauracion-de-instrumentos-musicales:27,ChIJEwRf5AwwQg0RUwb4P6JKcMA,st_restauracion-de-instrumentos-musicales.json,APIFY_GOOGLE_MAPS_SCRAPER,restauración de instrumentos musicales,CRAFT_AND_REPAIR,RESTORATION,Madrid,AREA_BOUNDING_BOX,"Madrid, Comunidad de Madrid, España",27,2026-10-06T23:09:13.394Z
st_restauracion-de-instrumentos-musicales:28,ChIJM5MyjZSJQQ0Rd257nmNFnBk,st_restauracion-de-instrumentos-musicales.json,APIFY_GOOGLE_MAPS_SCRAPER,restauración de instrumentos musicales,CRAFT_AND_REPAIR,RESTORATION,Madrid,AREA_BOUNDING_BOX,"Madrid, Comunidad de Madrid, España",28,2026-10-06T23:09:13.394Z
st_restauracion-de-instrumentos-musicales:29,ChIJV2Yt2y0nQg0RQImVyezWiZs,st_restauracion-de-instrumentos-musicales.json,APIFY_GOOGLE_MAPS_SCRAPER,restauración de instrumentos musicales,CRAFT_AND_REPAIR,RESTORATION,Madrid,AREA_BOUNDING_BOX,"Madrid, Comunidad de Madrid, España",29,2026-10-06T23:09:13.394Z
st_restauracion-de-instrumentos-musicales:30,ChIJqVVJKqYlQg0ROLhGb4R1opg,st_restauracion-de-instrumentos-musicales.json,APIFY_GOOGLE_MAPS_SCRAPER,restauración de instrumentos musicales,CRAFT_AND_REPAIR,RESTORATION,Madrid,AREA_BOUNDING_BOX,"Madrid, Comunidad de Madrid, España",30,2026-10-06T23:09:13.394Z
st_restauracion-de-instrumentos-musicales:31,ChIJQ2VgEWWDQQ0RD-ZdMUNADdU,st_restauracion-de-instrumentos-musicales.json,APIFY_GOOGLE_MAPS_SCRAPER,restauración de instrumentos musicales,CRAFT_AND_REPAIR,RESTORATION,Madrid,AREA_BOUNDING_BOX,"Madrid, Comunidad de Madrid, España",31,2026-10-06T23:09:13.394Z
st_restauracion-de-instrumentos-musicales:32,ChIJ5-m-e3koQg0RisVyNk-i9Go,st_restauracion-de-instrumentos-musicales.json,APIFY_GOOGLE_MAPS_SCRAPER,restauración de instrumentos musicales,CRAFT_AND_REPAIR,RESTORATION,Madrid,AREA_BOUNDING_BOX,"Madrid, Comunidad de Madrid, España",32,2026-10-06T23:09:13.394Z
st_restauracion-de-instrumentos-musicales:33,ChIJWRfxl48oQg0RCmEER8_X0Y4,st_restauracion-de-instrumentos-musicales.json,APIFY_GOOGLE_MAPS_SCRAPER,restauración de instrumentos musicales,CRAFT_AND_REPAIR,RESTORATION,Madrid,AREA_BOUNDING_BOX,"Madrid, Comunidad de Madrid, España",33,2026-10-06T23:09:13.394Z
st_restauracion-de-instrumentos-musicales:34,ChIJAVqGBSomQg0Rm5tO9xzZ1Gc,st_restauracion-de-instrumentos-musicales.json,APIFY_GOOGLE_MAPS_SCRAPER,restauración de instrumentos musicales,CRAFT_AND_REPAIR,RESTORATION,Madrid,AREA_BOUNDING_BOX,"Madrid, Comunidad de Madrid, España",34,2026-10-06T23:09:13.394Z
st_restauracion-de-instrumentos-musicales:35,ChIJkT7CHMkoQg0RH33BpGNJy1g,st_restauracion-de-instrumentos-musicales.json,APIFY_GOOGLE_MAPS_SCRAPER,restauración de instrumentos musicales,CRAFT_AND_REPAIR,RESTORATION,Madrid,AREA_BOUNDING_BOX,"Madrid, Comunidad de Madrid, España",35,2026-10-06T23:09:13.394Z
st_restauracion-de-instrumentos-musicales:36,ChIJQd1tWAT1QQ0RBxiM9BQrFGg,st_restauracion-de-instrumentos-musicales.json,APIFY_GOOGLE_MAPS_SCRAPER,restauración de instrumentos musicales,CRAFT_AND_REPAIR,RESTORATION,Madrid,AREA_BOUNDING_BOX,"Madrid, Comunidad de Madrid, España",36,2026-10-06T23:09:13.394Z
st_restauracion-de-instrumentos-musicales:37,ChIJj0-f3K38cQ0RIDyailccG-Y,st_restauracion-de-instrumentos-musicales.json,APIFY_GOOGLE_MAPS_SCRAPER,restauración de instrumentos musicales,CRAFT_AND_REPAIR,RESTORATION,Madrid,AREA_BOUNDING_BOX,"Madrid, Comunidad de Madrid, España",37,2026-10-06T23:09:13.394Z
st_restauracion-de-instrumentos-musicales:38,ChIJhYmj0X8oQg0R2SGuogcSBEY,st_restauracion-de-instrumentos-musicales.json,APIFY_GOOGLE_MAPS_SCRAPER,restauración de instrumentos musicales,CRAFT_AND_REPAIR,RESTORATION,Madrid,AREA_BOUNDING_BOX,"Madrid, Comunidad de Madrid, España",38,2026-10-06T23:09:13.394Z
st_restauracion-de-instrumentos-musicales:39,ChIJvXZ-q087Qg0RDSrEnzAPPdM,st_restauracion-de-instrumentos-musicales.json,APIFY_GOOGLE_MAPS_SCRAPER,restauración de instrumentos musicales,CRAFT_AND_REPAIR,RESTORATION,Madrid,AREA_BOUNDING_BOX,"Madrid, Comunidad de Madrid, España",39,2026-10-06T23:09:13.394Z
st_restauracion-de-instrumentos-musicales:40,ChIJ-f9vyBstQg0RbjBzaX9PQv8,st_restauracion-de-instrumentos-musicales.json,APIFY_GOOGLE_MAPS_SCRAPER,restauración de instrumentos musicales,CRAFT_AND_REPAIR,RESTORATION,Madrid,AREA_BOUNDING_BOX,"Madrid, Comunidad de Madrid, España",40,2026-10-06T23:09:13.394Z
st_restauracion-de-instrumentos-musicales:41,ChIJkXyw2COOQQ0RSmmaz8C14f0,st_restauracion-de-instrumentos-musicales.json,APIFY_GOOGLE_MAPS_SCRAPER,restauración de instrumentos musicales,CRAFT_AND_REPAIR,RESTORATION,Madrid,AREA_BOUNDING_BOX,"Madrid, Comunidad de Madrid, España",41,2026-10-06T23:09:13.394Z
st_restauracion-de-instrumentos-musicales:42,ChIJz9x-BHsoQg0R_q4TjmXphpU,st_restauracion-de-instrumentos-musicales.json,APIFY_GOOGLE_MAPS_SCRAPER,restauración de instrumentos musicales,CRAFT_AND_REPAIR,RESTORATION,Madrid,AREA_BOUNDING_BOX,"Madrid, Comunidad de Madrid, España",42,2026-10-06T23:09:13.394Z
st_restauracion-de-instrumentos-musicales:43,ChIJo7CriqQoQg0RSwFctVDViIY,st_restauracion-de-instrumentos-musicales.json,APIFY_GOOGLE_MAPS_SCRAPER,restauración de instrumentos musicales,CRAFT_AND_REPAIR,RESTORATION,Madrid,AREA_BOUNDING_BOX,"Madrid, Comunidad de Madrid, España",43,2026-10-06T23:09:13.394Z
st_restauracion-de-instrumentos-musicales:44,ChIJ6XVN65ogQg0RM81ZfeSCk2o,st_restauracion-de-instrumentos-musicales.json,APIFY_GOOGLE_MAPS_SCRAPER,restauración de instrumentos musicales,CRAFT_AND_REPAIR,RESTORATION,Madrid,AREA_BOUNDING_BOX,"Madrid, Comunidad de Madrid, España",44,2026-10-06T23:09:13.394Z
st_restauracion-de-instrumentos-musicales:45,ChIJpVGLLXknQg0Rd8lASqqdF4o,st_restauracion-de-instrumentos-musicales.json,APIFY_GOOGLE_MAPS_SCRAPER,restauración de instrumentos musicales,CRAFT_AND_REPAIR,RESTORATION,Madrid,AREA_BOUNDING_BOX,"Madrid, Comunidad de Madrid, España",45,2026-10-06T23:09:13.394Z
st_restauracion-de-instrumentos-musicales:46,ChIJLcz9ocMoQg0RC3ldRYQ9AyU,st_restauracion-de-instrumentos-musicales.json,APIFY_GOOGLE_MAPS_SCRAPER,restauración de instrumentos musicales,CRAFT_AND_REPAIR,RESTORATION,Madrid,AREA_BOUNDING_BOX,"Madrid, Comunidad de Madrid, España",46,2026-10-06T23:09:13.394Z
st_restauracion-de-instrumentos-musicales:47,ChIJJypypQYpQg0RAPAy-VfpJEs,st_restauracion-de-instrumentos-musicales.json,APIFY_GOOGLE_MAPS_SCRAPER,restauración de instrumentos musicales,CRAFT_AND_REPAIR,RESTORATION,Madrid,AREA_BOUNDING_BOX,"Madrid, Comunidad de Madrid, España",47,2026-10-06T23:09:13.394Z
st_sala-de-ensayo:1,ChIJFcQjbAcpQg0RZL5mnU434Nc,st_sala-de-ensayo.json,APIFY_GOOGLE_MAPS_SCRAPER,sala de ensayo,MUSIC_PRODUCTION,REHEARSAL_ROOM,Madrid,AREA_BOUNDING_BOX,"Madrid, Comunidad de Madrid, España",1,2026-10-06T23:09:20.826Z
st_sala-de-ensayo:2,ChIJQydQlHkpQg0RagliVTCJFi0,st_sala-de-ensayo.json,APIFY_GOOGLE_MAPS_SCRAPER,sala de ensayo,MUSIC_PRODUCTION,REHEARSAL_ROOM,Madrid,AREA_BOUNDING_BOX,"Madrid, Comunidad de Madrid, España",2,2026-10-06T23:09:20.826Z
st_sala-de-ensayo:3,ChIJ7exXzXUvQg0Rty6wSvsSAu0,st_sala-de-ensayo.json,APIFY_GOOGLE_MAPS_SCRAPER,sala de ensayo,MUSIC_PRODUCTION,REHEARSAL_ROOM,Madrid,AREA_BOUNDING_BOX,"Madrid, Comunidad de Madrid, España",3,2026-10-06T23:09:20.826Z
st_sala-de-ensayo:4,ChIJ0xF8cskoQg0RaIHS8uxjxfs,st_sala-de-ensayo.json,APIFY_GOOGLE_MAPS_SCRAPER,sala de ensayo,MUSIC_PRODUCTION,REHEARSAL_ROOM,Madrid,AREA_BOUNDING_BOX,"Madrid, Comunidad de Madrid, España",4,2026-10-06T23:09:20.826Z
st_sala-de-ensayo:5,ChIJ78EU_w0pQg0RbotQq2J2lwc,st_sala-de-ensayo.json,APIFY_GOOGLE_MAPS_SCRAPER,sala de ensayo,MUSIC_PRODUCTION,REHEARSAL_ROOM,Madrid,AREA_BOUNDING_BOX,"Madrid, Comunidad de Madrid, España",5,2026-10-06T23:09:20.826Z
st_sala-de-ensayo:6,ChIJh5Em348vQg0Rs-gg_neCzPI,st_sala-de-ensayo.json,APIFY_GOOGLE_MAPS_SCRAPER,sala de ensayo,MUSIC_PRODUCTION,REHEARSAL_ROOM,Madrid,AREA_BOUNDING_BOX,"Madrid, Comunidad de Madrid, España",6,2026-10-06T23:09:20.826Z
st_sala-de-ensayo:7,ChIJ02oEItEoQg0R52J_an5fAK0,st_sala-de-ensayo.json,APIFY_GOOGLE_MAPS_SCRAPER,sala de ensayo,MUSIC_PRODUCTION,REHEARSAL_ROOM,Madrid,AREA_BOUNDING_BOX,"Madrid, Comunidad de Madrid, España",7,2026-10-06T23:09:20.826Z
st_sala-de-ensayo:8,ChIJqU4jK0QvQg0RncdDtJnonzQ,st_sala-de-ensayo.json,APIFY_GOOGLE_MAPS_SCRAPER,sala de ensayo,MUSIC_PRODUCTION,REHEARSAL_ROOM,Madrid,AREA_BOUNDING_BOX,"Madrid, Comunidad de Madrid, España",8,2026-10-06T23:09:20.826Z
st_sala-de-ensayo:9,ChIJfWnpg60lQg0RjoZw6-umNtg,st_sala-de-ensayo.json,APIFY_GOOGLE_MAPS_SCRAPER,sala de ensayo,MUSIC_PRODUCTION,REHEARSAL_ROOM,Madrid,AREA_BOUNDING_BOX,"Madrid, Comunidad de Madrid, España",9,2026-10-06T23:09:20.826Z
st_sala-de-ensayo:10,ChIJcVAzCQAvQg0RGzEk8kh0LMg,st_sala-de-ensayo.json,APIFY_GOOGLE_MAPS_SCRAPER,sala de ensayo,MUSIC_PRODUCTION,REHEARSAL_ROOM,Madrid,AREA_BOUNDING_BOX,"Madrid, Comunidad de Madrid, España",10,2026-10-06T23:09:20.826Z
st_sala-de-ensayo:11,ChIJ2WFMlG0vQg0RWY4jlBsBShU,st_sala-de-ensayo.json,APIFY_GOOGLE_MAPS_SCRAPER,sala de ensayo,MUSIC_PRODUCTION,REHEARSAL_ROOM,Madrid,AREA_BOUNDING_BOX,"Madrid, Comunidad de Madrid, España",11,2026-10-06T23:09:20.826Z
st_sala-de-ensayo:12,ChIJH_GUqX4sQg0R6FUm1_unXKM,st_sala-de-ensayo.json,APIFY_GOOGLE_MAPS_SCRAPER,sala de ensayo,MUSIC_PRODUCTION,REHEARSAL_ROOM,Madrid,AREA_BOUNDING_BOX,"Madrid, Comunidad de Madrid, España",12,2026-10-06T23:09:20.826Z
st_sala-de-ensayo:13,ChIJPTpst8YpQg0RaigJjsW8658,st_sala-de-ensayo.json,APIFY_GOOGLE_MAPS_SCRAPER,sala de ensayo,MUSIC_PRODUCTION,REHEARSAL_ROOM,Madrid,AREA_BOUNDING_BOX,"Madrid, Comunidad de Madrid, España",13,2026-10-06T23:09:20.826Z
st_sala-de-ensayo:14,ChIJKelcxcr29WARXeNRtHUkTT4,st_sala-de-ensayo.json,APIFY_GOOGLE_MAPS_SCRAPER,sala de ensayo,MUSIC_PRODUCTION,REHEARSAL_ROOM,Madrid,AREA_BOUNDING_BOX,"Madrid, Comunidad de Madrid, España",14,2026-10-06T23:09:20.826Z
st_sala-de-ensayo:15,ChIJ8wXHUUQnQg0R2b3WAkt7Hc4,st_sala-de-ensayo.json,APIFY_GOOGLE_MAPS_SCRAPER,sala de ensayo,MUSIC_PRODUCTION,REHEARSAL_ROOM,Madrid,AREA_BOUNDING_BOX,"Madrid, Comunidad de Madrid, España",15,2026-10-06T23:09:20.826Z
st_sala-de-ensayo:16,ChIJizlqlTEmQg0ROL8HdvZvfY0,st_sala-de-ensayo.json,APIFY_GOOGLE_MAPS_SCRAPER,sala de ensayo,MUSIC_PRODUCTION,REHEARSAL_ROOM,Madrid,AREA_BOUNDING_BOX,"Madrid, Comunidad de Madrid, España",16,2026-10-06T23:09:20.826Z
st_sala-de-ensayo:17,ChIJ02CW3aAvQg0R5WEbhbkiz8M,st_sala-de-ensayo.json,APIFY_GOOGLE_MAPS_SCRAPER,sala de ensayo,MUSIC_PRODUCTION,REHEARSAL_ROOM,Madrid,AREA_BOUNDING_BOX,"Madrid, Comunidad de Madrid, España",17,2026-10-06T23:09:20.826Z
st_sala-de-ensayo:18,ChIJITjYnCUmQg0REYMM-GkEfh8,st_sala-de-ensayo.json,APIFY_GOOGLE_MAPS_SCRAPER,sala de ensayo,MUSIC_PRODUCTION,REHEARSAL_ROOM,Madrid,AREA_BOUNDING_BOX,"Madrid, Comunidad de Madrid, España",18,2026-10-06T23:09:20.826Z
st_sala-de-ensayo:19,ChIJjTnSG9YnQg0RnEBQI92qafc,st_sala-de-ensayo.json,APIFY_GOOGLE_MAPS_SCRAPER,sala de ensayo,MUSIC_PRODUCTION,REHEARSAL_ROOM,Madrid,AREA_BOUNDING_BOX,"Madrid, Comunidad de Madrid, España",19,2026-10-06T23:09:20.826Z
st_sala-de-ensayo:20,ChIJq_u1RWglQg0R56hZhPciXgo,st_sala-de-ensayo.json,APIFY_GOOGLE_MAPS_SCRAPER,sala de ensayo,MUSIC_PRODUCTION,REHEARSAL_ROOM,Madrid,AREA_BOUNDING_BOX,"Madrid, Comunidad de Madrid, España",20,2026-10-06T23:09:20.826Z
st_sala-de-ensayo:21,ChIJHQ3jUOYnQg0RtyHwlnx5d3A,st_sala-de-ensayo.json,APIFY_GOOGLE_MAPS_SCRAPER,sala de ensayo,MUSIC_PRODUCTION,REHEARSAL_ROOM,Madrid,AREA_BOUNDING_BOX,"Madrid, Comunidad de Madrid, España",21,2026-10-06T23:09:20.826Z
st_sala-de-ensayo:22,ChIJrW08L-0nQg0RJvTXEKaQEyI,st_sala-de-ensayo.json,APIFY_GOOGLE_MAPS_SCRAPER,sala de ensayo,MUSIC_PRODUCTION,REHEARSAL_ROOM,Madrid,AREA_BOUNDING_BOX,"Madrid, Comunidad de Madrid, España",22,2026-10-06T23:09:20.826Z
st_sala-de-ensayo:23,ChIJCZkSSEGPQQ0R-4tUPT6mg1M,st_sala-de-ensayo.json,APIFY_GOOGLE_MAPS_SCRAPER,sala de ensayo,MUSIC_PRODUCTION,REHEARSAL_ROOM,Madrid,AREA_BOUNDING_BOX,"Madrid, Comunidad de Madrid, España",23,2026-10-06T23:09:20.826Z
st_sala-de-ensayo:24,ChIJL_P1IOMsQg0RQo4uRgvjqTE,st_sala-de-ensayo.json,APIFY_GOOGLE_MAPS_SCRAPER,sala de ensayo,MUSIC_PRODUCTION,REHEARSAL_ROOM,Madrid,AREA_BOUNDING_BOX,"Madrid, Comunidad de Madrid, España",24,2026-10-06T23:09:20.826Z
st_sala-de-ensayo:25,ChIJwXZvrH0pQg0RD8tewl0EFU0,st_sala-de-ensayo.json,APIFY_GOOGLE_MAPS_SCRAPER,sala de ensayo,MUSIC_PRODUCTION,REHEARSAL_ROOM,Madrid,AREA_BOUNDING_BOX,"Madrid, Comunidad de Madrid, España",25,2026-10-06T23:09:20.826Z
st_sala-de-ensayo:26,ChIJW90MQXQmQg0RTfIXcVTTbig,st_sala-de-ensayo.json,APIFY_GOOGLE_MAPS_SCRAPER,sala de ensayo,MUSIC_PRODUCTION,REHEARSAL_ROOM,Madrid,AREA_BOUNDING_BOX,"Madrid, Comunidad de Madrid, España",26,2026-10-06T23:09:20.826Z
st_sala-de-ensayo:27,ChIJAQAwARomQg0RIavi1P2k6RU,st_sala-de-ensayo.json,APIFY_GOOGLE_MAPS_SCRAPER,sala de ensayo,MUSIC_PRODUCTION,REHEARSAL_ROOM,Madrid,AREA_BOUNDING_BOX,"Madrid, Comunidad de Madrid, España",27,2026-10-06T23:09:20.826Z
st_sala-de-ensayo:28,ChIJ2TFAU40nQg0R8lWHlMmaQ_g,st_sala-de-ensayo.json,APIFY_GOOGLE_MAPS_SCRAPER,sala de ensayo,MUSIC_PRODUCTION,REHEARSAL_ROOM,Madrid,AREA_BOUNDING_BOX,"Madrid, Comunidad de Madrid, España",28,2026-10-06T23:09:20.826Z
st_sala-de-ensayo:29,ChIJ0ZAcm6glQg0RHMPx9ptppBo,st_sala-de-ensayo.json,APIFY_GOOGLE_MAPS_SCRAPER,sala de ensayo,MUSIC_PRODUCTION,REHEARSAL_ROOM,Madrid,AREA_BOUNDING_BOX,"Madrid, Comunidad de Madrid, España",29,2026-10-06T23:09:20.826Z
st_sala-de-ensayo:30,ChIJ02CW3aAvQg0RZKtyfYBYQIM,st_sala-de-ensayo.json,APIFY_GOOGLE_MAPS_SCRAPER,sala de ensayo,MUSIC_PRODUCTION,REHEARSAL_ROOM,Madrid,AREA_BOUNDING_BOX,"Madrid, Comunidad de Madrid, España",30,2026-10-06T23:09:20.826Z
st_sala-de-ensayo:31,ChIJofdd-bolQg0RgWnBGTWjv2A,st_sala-de-ensayo.json,APIFY_GOOGLE_MAPS_SCRAPER,sala de ensayo,MUSIC_PRODUCTION,REHEARSAL_ROOM,Madrid,AREA_BOUNDING_BOX,"Madrid, Comunidad de Madrid, España",31,2026-10-06T23:09:20.826Z
st_sala-de-ensayo:32,ChIJ__yZ7i6IQQ0RQwAlKz7jr9o,st_sala-de-ensayo.json,APIFY_GOOGLE_MAPS_SCRAPER,sala de ensayo,MUSIC_PRODUCTION,REHEARSAL_ROOM,Madrid,AREA_BOUNDING_BOX,"Madrid, Comunidad de Madrid, España",32,2026-10-06T23:09:20.826Z
st_sala-de-ensayo:33,ChIJnweY2RyJQQ0RPKBxHrECjrs,st_sala-de-ensayo.json,APIFY_GOOGLE_MAPS_SCRAPER,sala de ensayo,MUSIC_PRODUCTION,REHEARSAL_ROOM,Madrid,AREA_BOUNDING_BOX,"Madrid, Comunidad de Madrid, España",33,2026-10-06T23:09:20.826Z
st_sala-de-ensayo:34,ChIJi4hl62ApQg0Rl68yRVzOaXs,st_sala-de-ensayo.json,APIFY_GOOGLE_MAPS_SCRAPER,sala de ensayo,MUSIC_PRODUCTION,REHEARSAL_ROOM,Madrid,AREA_BOUNDING_BOX,"Madrid, Comunidad de Madrid, España",34,2026-10-06T23:09:20.826Z
st_sala-de-ensayo:35,ChIJ2bLu8IkmQg0RjH-2Qeef8I8,st_sala-de-ensayo.json,APIFY_GOOGLE_MAPS_SCRAPER,sala de ensayo,MUSIC_PRODUCTION,REHEARSAL_ROOM,Madrid,AREA_BOUNDING_BOX,"Madrid, Comunidad de Madrid, España",35,2026-10-06T23:09:20.826Z
st_sala-de-ensayo:36,ChIJN2blglCJQQ0RnuVgkD6fKuk,st_sala-de-ensayo.json,APIFY_GOOGLE_MAPS_SCRAPER,sala de ensayo,MUSIC_PRODUCTION,REHEARSAL_ROOM,Madrid,AREA_BOUNDING_BOX,"Madrid, Comunidad de Madrid, España",36,2026-10-06T23:09:20.826Z
st_sala-de-ensayo:37,ChIJxeIYk5YnQg0R47jbNrWZ8N4,st_sala-de-ensayo.json,APIFY_GOOGLE_MAPS_SCRAPER,sala de ensayo,MUSIC_PRODUCTION,REHEARSAL_ROOM,Madrid,AREA_BOUNDING_BOX,"Madrid, Comunidad de Madrid, España",37,2026-10-06T23:09:20.826Z
st_sala-de-ensayo:38,ChIJsZu0VkwmQg0RDxiDjY2_6no,st_sala-de-ensayo.json,APIFY_GOOGLE_MAPS_SCRAPER,sala de ensayo,MUSIC_PRODUCTION,REHEARSAL_ROOM,Madrid,AREA_BOUNDING_BOX,"Madrid, Comunidad de Madrid, España",38,2026-10-06T23:09:20.826Z
st_sala-de-ensayo:39,ChIJTVa7egApQg0R1aqU39gPhdg,st_sala-de-ensayo.json,APIFY_GOOGLE_MAPS_SCRAPER,sala de ensayo,MUSIC_PRODUCTION,REHEARSAL_ROOM,Madrid,AREA_BOUNDING_BOX,"Madrid, Comunidad de Madrid, España",39,2026-10-06T23:09:20.826Z
st_sala-de-ensayo:40,ChIJUTWp0DGPQQ0RkKCg7-GHj-s,st_sala-de-ensayo.json,APIFY_GOOGLE_MAPS_SCRAPER,sala de ensayo,MUSIC_PRODUCTION,REHEARSAL_ROOM,Madrid,AREA_BOUNDING_BOX,"Madrid, Comunidad de Madrid, España",40,2026-10-06T23:09:20.827Z
st_sala-de-ensayo:41,ChIJL2t4X9SJQQ0R-cC9HWDeods,st_sala-de-ensayo.json,APIFY_GOOGLE_MAPS_SCRAPER,sala de ensayo,MUSIC_PRODUCTION,REHEARSAL_ROOM,Madrid,AREA_BOUNDING_BOX,"Madrid, Comunidad de Madrid, España",41,2026-10-06T23:09:20.827Z
st_sala-de-ensayo:42,ChIJp2zzGqolQg0R607bGX9bvWg,st_sala-de-ensayo.json,APIFY_GOOGLE_MAPS_SCRAPER,sala de ensayo,MUSIC_PRODUCTION,REHEARSAL_ROOM,Madrid,AREA_BOUNDING_BOX,"Madrid, Comunidad de Madrid, España",42,2026-10-06T23:09:20.827Z
st_sala-de-ensayo:43,ChIJvQUPL-0nQg0Rxn4qjf2RdX4,st_sala-de-ensayo.json,APIFY_GOOGLE_MAPS_SCRAPER,sala de ensayo,MUSIC_PRODUCTION,REHEARSAL_ROOM,Madrid,AREA_BOUNDING_BOX,"Madrid, Comunidad de Madrid, España",43,2026-10-06T23:09:20.827Z
st_sala-de-ensayo:44,ChIJPRPoSA8vQg0RxO43M450_do,st_sala-de-ensayo.json,APIFY_GOOGLE_MAPS_SCRAPER,sala de ensayo,MUSIC_PRODUCTION,REHEARSAL_ROOM,Madrid,AREA_BOUNDING_BOX,"Madrid, Comunidad de Madrid, España",44,2026-10-06T23:09:20.827Z
st_sala-de-ensayo:45,ChIJn2NrUxUoQg0R_IIszr1dfGU,st_sala-de-ensayo.json,APIFY_GOOGLE_MAPS_SCRAPER,sala de ensayo,MUSIC_PRODUCTION,REHEARSAL_ROOM,Madrid,AREA_BOUNDING_BOX,"Madrid, Comunidad de Madrid, España",45,2026-10-06T23:09:20.827Z
st_sala-de-ensayo:46,ChIJKWcXKmiJQQ0R2XmjBrWdV8I,st_sala-de-ensayo.json,APIFY_GOOGLE_MAPS_SCRAPER,sala de ensayo,MUSIC_PRODUCTION,REHEARSAL_ROOM,Madrid,AREA_BOUNDING_BOX,"Madrid, Comunidad de Madrid, España",46,2026-10-06T23:09:20.827Z
st_sala-de-ensayo:47,ChIJu5dsg6glQg0RjNltPzn70rA,st_sala-de-ensayo.json,APIFY_GOOGLE_MAPS_SCRAPER,sala de ensayo,MUSIC_PRODUCTION,REHEARSAL_ROOM,Madrid,AREA_BOUNDING_BOX,"Madrid, Comunidad de Madrid, España",47,2026-10-06T23:09:20.827Z
st_sala-de-ensayo:48,ChIJM0DfmdGDQQ0RkKxpJ8bp-Yw,st_sala-de-ensayo.json,APIFY_GOOGLE_MAPS_SCRAPER,sala de ensayo,MUSIC_PRODUCTION,REHEARSAL_ROOM,Madrid,AREA_BOUNDING_BOX,"Madrid, Comunidad de Madrid, España",48,2026-10-06T23:09:20.827Z
st_sala-de-ensayo:49,ChIJ_zfUc82JQQ0RSd5GDP0YCpQ,st_sala-de-ensayo.json,APIFY_GOOGLE_MAPS_SCRAPER,sala de ensayo,MUSIC_PRODUCTION,REHEARSAL_ROOM,Madrid,AREA_BOUNDING_BOX,"Madrid, Comunidad de Madrid, España",49,2026-10-06T23:09:20.827Z
st_sala-de-ensayo:50,ChIJ4beITO0nQg0RqjnOaId-2jU,st_sala-de-ensayo.json,APIFY_GOOGLE_MAPS_SCRAPER,sala de ensayo,MUSIC_PRODUCTION,REHEARSAL_ROOM,Madrid,AREA_BOUNDING_BOX,"Madrid, Comunidad de Madrid, España",50,2026-10-06T23:09:20.827Z
st_academia-de-musica:1,ChIJD_diA78pQg0RbEysDzNBnOc,st_academia-de-musica.json,APIFY_GOOGLE_MAPS_SCRAPER,academia de música,EDUCATION,MUSIC_ACADEMY,Madrid,AREA_BOUNDING_BOX,"Madrid, Comunidad de Madrid, España",1,2026-10-07T09:39:00.076Z
st_academia-de-musica:2,ChIJLdVjCVcpQg0RGMwy5Eyni0M,st_academia-de-musica.json,APIFY_GOOGLE_MAPS_SCRAPER,academia de música,EDUCATION,MUSIC_ACADEMY,Madrid,AREA_BOUNDING_BOX,"Madrid, Comunidad de Madrid, España",2,2026-10-07T09:39:00.077Z
st_academia-de-musica:3,ChIJGf_NF5EpQg0RzNBelNLmA7k,st_academia-de-musica.json,APIFY_GOOGLE_MAPS_SCRAPER,academia de música,EDUCATION,MUSIC_ACADEMY,Madrid,AREA_BOUNDING_BOX,"Madrid, Comunidad de Madrid, España",3,2026-10-07T09:39:00.077Z
st_academia-de-musica:4,ChIJv7NT_3gpQg0Rvh1ehykUPWc,st_academia-de-musica.json,APIFY_GOOGLE_MAPS_SCRAPER,academia de música,EDUCATION,MUSIC_ACADEMY,Madrid,AREA_BOUNDING_BOX,"Madrid, Comunidad de Madrid, España",4,2026-10-07T09:39:00.077Z
st_academia-de-musica:5,ChIJV6RufpopQg0RqLcawmUIj1I,st_academia-de-musica.json,APIFY_GOOGLE_MAPS_SCRAPER,academia de música,EDUCATION,MUSIC_ACADEMY,Madrid,AREA_BOUNDING_BOX,"Madrid, Comunidad de Madrid, España",5,2026-10-07T09:39:00.077Z
st_academia-de-musica:6,ChIJdz4hpJwpQg0RuD4GbcjN7l4,st_academia-de-musica.json,APIFY_GOOGLE_MAPS_SCRAPER,academia de música,EDUCATION,MUSIC_ACADEMY,Madrid,AREA_BOUNDING_BOX,"Madrid, Comunidad de Madrid, España",6,2026-10-07T09:39:00.077Z
st_academia-de-musica:7,ChIJCSbsW3QpQg0RcjqldrixUUo,st_academia-de-musica.json,APIFY_GOOGLE_MAPS_SCRAPER,academia de música,EDUCATION,MUSIC_ACADEMY,Madrid,AREA_BOUNDING_BOX,"Madrid, Comunidad de Madrid, España",7,2026-10-07T09:39:00.077Z
st_academia-de-musica:8,ChIJD5-JTL8pQg0RZv3WVW2PlCE,st_academia-de-musica.json,APIFY_GOOGLE_MAPS_SCRAPER,academia de música,EDUCATION,MUSIC_ACADEMY,Madrid,AREA_BOUNDING_BOX,"Madrid, Comunidad de Madrid, España",8,2026-10-07T09:39:00.077Z
st_academia-de-musica:9,ChIJ2weGN7goQg0R8OkKdOkQZSU,st_academia-de-musica.json,APIFY_GOOGLE_MAPS_SCRAPER,academia de música,EDUCATION,MUSIC_ACADEMY,Madrid,AREA_BOUNDING_BOX,"Madrid, Comunidad de Madrid, España",9,2026-10-07T09:39:00.077Z
st_academia-de-musica:10,ChIJaZM_ciApQg0RBFuR-YveNiQ,st_academia-de-musica.json,APIFY_GOOGLE_MAPS_SCRAPER,academia de música,EDUCATION,MUSIC_ACADEMY,Madrid,AREA_BOUNDING_BOX,"Madrid, Comunidad de Madrid, España",10,2026-10-07T09:39:00.077Z
st_academia-de-musica:11,ChIJaQeIn1EpQg0RjKaJAwIqQkY,st_academia-de-musica.json,APIFY_GOOGLE_MAPS_SCRAPER,academia de música,EDUCATION,MUSIC_ACADEMY,Madrid,AREA_BOUNDING_BOX,"Madrid, Comunidad de Madrid, España",11,2026-10-07T09:39:00.077Z
st_academia-de-musica:12,ChIJo0P8v64pQg0Ryk_N0SZr4L0,st_academia-de-musica.json,APIFY_GOOGLE_MAPS_SCRAPER,academia de música,EDUCATION,MUSIC_ACADEMY,Madrid,AREA_BOUNDING_BOX,"Madrid, Comunidad de Madrid, España",12,2026-10-07T09:39:00.077Z
st_academia-de-musica:13,ChIJIb332c0pQg0RU8xZt1AwgIc,st_academia-de-musica.json,APIFY_GOOGLE_MAPS_SCRAPER,academia de música,EDUCATION,MUSIC_ACADEMY,Madrid,AREA_BOUNDING_BOX,"Madrid, Comunidad de Madrid, España",13,2026-10-07T09:39:00.077Z
st_academia-de-musica:14,ChIJoRbFmcgoQg0RFMk6FdKErPw,st_academia-de-musica.json,APIFY_GOOGLE_MAPS_SCRAPER,academia de música,EDUCATION,MUSIC_ACADEMY,Madrid,AREA_BOUNDING_BOX,"Madrid, Comunidad de Madrid, España",14,2026-10-07T09:39:00.077Z
st_academia-de-musica:15,ChIJa64dr6UpQg0RbK8s-3nPBvg,st_academia-de-musica.json,APIFY_GOOGLE_MAPS_SCRAPER,academia de música,EDUCATION,MUSIC_ACADEMY,Madrid,AREA_BOUNDING_BOX,"Madrid, Comunidad de Madrid, España",15,2026-10-07T09:39:00.077Z
st_academia-de-musica:16,ChIJAziHcrIpQg0Rr8OHWUhl2QU,st_academia-de-musica.json,APIFY_GOOGLE_MAPS_SCRAPER,academia de música,EDUCATION,MUSIC_ACADEMY,Madrid,AREA_BOUNDING_BOX,"Madrid, Comunidad de Madrid, España",16,2026-10-07T09:39:00.077Z
st_academia-de-musica:17,ChIJy6hK3KAvQg0R0-0NnJEBBLc,st_academia-de-musica.json,APIFY_GOOGLE_MAPS_SCRAPER,academia de música,EDUCATION,MUSIC_ACADEMY,Madrid,AREA_BOUNDING_BOX,"Madrid, Comunidad de Madrid, España",17,2026-10-07T09:39:00.077Z
st_academia-de-musica:18,ChIJBX5-jzwpQg0RM-7KKl-EV6w,st_academia-de-musica.json,APIFY_GOOGLE_MAPS_SCRAPER,academia de música,EDUCATION,MUSIC_ACADEMY,Madrid,AREA_BOUNDING_BOX,"Madrid, Comunidad de Madrid, España",18,2026-10-07T09:39:00.077Z
st_academia-de-musica:19,ChIJVxQlNskrQg0R4P-xBeoihhE,st_academia-de-musica.json,APIFY_GOOGLE_MAPS_SCRAPER,academia de música,EDUCATION,MUSIC_ACADEMY,Madrid,AREA_BOUNDING_BOX,"Madrid, Comunidad de Madrid, España",19,2026-10-07T09:39:00.077Z
st_academia-de-musica:20,ChIJ5V-7_bsoQg0RHmNyVwNMuB4,st_academia-de-musica.json,APIFY_GOOGLE_MAPS_SCRAPER,academia de música,EDUCATION,MUSIC_ACADEMY,Madrid,AREA_BOUNDING_BOX,"Madrid, Comunidad de Madrid, España",20,2026-10-07T09:39:00.077Z
st_academia-de-musica:21,ChIJaUG1RDspQg0RV2njIJfAHy8,st_academia-de-musica.json,APIFY_GOOGLE_MAPS_SCRAPER,academia de música,EDUCATION,MUSIC_ACADEMY,Madrid,AREA_BOUNDING_BOX,"Madrid, Comunidad de Madrid, España",21,2026-10-07T09:39:00.077Z
st_academia-de-musica:22,ChIJL1drEWcpQg0RmZmYLakSxjk,st_academia-de-musica.json,APIFY_GOOGLE_MAPS_SCRAPER,academia de música,EDUCATION,MUSIC_ACADEMY,Madrid,AREA_BOUNDING_BOX,"Madrid, Comunidad de Madrid, España",22,2026-10-07T09:39:00.077Z
st_academia-de-musica:23,ChIJc95BBwYvQg0RFzfgk8tWmAI,st_academia-de-musica.json,APIFY_GOOGLE_MAPS_SCRAPER,academia de música,EDUCATION,MUSIC_ACADEMY,Madrid,AREA_BOUNDING_BOX,"Madrid, Comunidad de Madrid, España",23,2026-10-07T09:39:00.077Z
st_academia-de-musica:24,ChIJ7el16DovQg0Rw-3gw_uhlPI,st_academia-de-musica.json,APIFY_GOOGLE_MAPS_SCRAPER,academia de música,EDUCATION,MUSIC_ACADEMY,Madrid,AREA_BOUNDING_BOX,"Madrid, Comunidad de Madrid, España",24,2026-10-07T09:39:00.077Z
st_academia-de-musica:25,ChIJVcgmRCIpQg0READyiFC8ZwE,st_academia-de-musica.json,APIFY_GOOGLE_MAPS_SCRAPER,academia de música,EDUCATION,MUSIC_ACADEMY,Madrid,AREA_BOUNDING_BOX,"Madrid, Comunidad de Madrid, España",25,2026-10-07T09:39:00.077Z
st_academia-de-musica:26,ChIJ_R759WAoQg0RWGB-xYxMRhk,st_academia-de-musica.json,APIFY_GOOGLE_MAPS_SCRAPER,academia de música,EDUCATION,MUSIC_ACADEMY,Madrid,AREA_BOUNDING_BOX,"Madrid, Comunidad de Madrid, España",26,2026-10-07T09:39:00.077Z
st_academia-de-musica:27,ChIJsxE8-kUpQg0Rxz4SjGRPxO0,st_academia-de-musica.json,APIFY_GOOGLE_MAPS_SCRAPER,academia de música,EDUCATION,MUSIC_ACADEMY,Madrid,AREA_BOUNDING_BOX,"Madrid, Comunidad de Madrid, España",27,2026-10-07T09:39:00.077Z
st_academia-de-musica:28,ChIJM8neSeApQg0RnXzkz_8H0kg,st_academia-de-musica.json,APIFY_GOOGLE_MAPS_SCRAPER,academia de música,EDUCATION,MUSIC_ACADEMY,Madrid,AREA_BOUNDING_BOX,"Madrid, Comunidad de Madrid, España",28,2026-10-07T09:39:00.077Z
st_academia-de-musica:29,ChIJY14WKlgoQg0R6I_DpDZTUD4,st_academia-de-musica.json,APIFY_GOOGLE_MAPS_SCRAPER,academia de música,EDUCATION,MUSIC_ACADEMY,Madrid,AREA_BOUNDING_BOX,"Madrid, Comunidad de Madrid, España",29,2026-10-07T09:39:00.077Z
st_academia-de-musica:30,ChIJB18NR7QoQg0R5eKYfw-gCsM,st_academia-de-musica.json,APIFY_GOOGLE_MAPS_SCRAPER,academia de música,EDUCATION,MUSIC_ACADEMY,Madrid,AREA_BOUNDING_BOX,"Madrid, Comunidad de Madrid, España",30,2026-10-07T09:39:00.077Z
st_academia-de-musica:31,ChIJrY1omuEnQg0RRUg9yo8Mw3E,st_academia-de-musica.json,APIFY_GOOGLE_MAPS_SCRAPER,academia de música,EDUCATION,MUSIC_ACADEMY,Madrid,AREA_BOUNDING_BOX,"Madrid, Comunidad de Madrid, España",31,2026-10-07T09:39:00.077Z
st_academia-de-musica:32,ChIJ51GIJkwmQg0Rn1HXt99xc5w,st_academia-de-musica.json,APIFY_GOOGLE_MAPS_SCRAPER,academia de música,EDUCATION,MUSIC_ACADEMY,Madrid,AREA_BOUNDING_BOX,"Madrid, Comunidad de Madrid, España",32,2026-10-07T09:39:00.077Z
st_academia-de-musica:33,ChIJkzqszK0pQg0RPK8gNuCjkXw,st_academia-de-musica.json,APIFY_GOOGLE_MAPS_SCRAPER,academia de música,EDUCATION,MUSIC_ACADEMY,Madrid,AREA_BOUNDING_BOX,"Madrid, Comunidad de Madrid, España",33,2026-10-07T09:39:00.077Z
st_academia-de-musica:34,ChIJ1_9o7SgpQg0Re1wIltI6JhA,st_academia-de-musica.json,APIFY_GOOGLE_MAPS_SCRAPER,academia de música,EDUCATION,MUSIC_ACADEMY,Madrid,AREA_BOUNDING_BOX,"Madrid, Comunidad de Madrid, España",34,2026-10-07T09:39:00.077Z
st_academia-de-musica:35,ChIJrcE9TmEoQg0RYeqjkJxgQZM,st_academia-de-musica.json,APIFY_GOOGLE_MAPS_SCRAPER,academia de música,EDUCATION,MUSIC_ACADEMY,Madrid,AREA_BOUNDING_BOX,"Madrid, Comunidad de Madrid, España",35,2026-10-07T09:39:00.077Z
st_academia-de-musica:36,ChIJbx4z7kspQg0Roag3ptkxV_A,st_academia-de-musica.json,APIFY_GOOGLE_MAPS_SCRAPER,academia de música,EDUCATION,MUSIC_ACADEMY,Madrid,AREA_BOUNDING_BOX,"Madrid, Comunidad de Madrid, España",36,2026-10-07T09:39:00.077Z
st_academia-de-musica:37,ChIJB8UQ-FMoQg0RZ18yVdnv-UY,st_academia-de-musica.json,APIFY_GOOGLE_MAPS_SCRAPER,academia de música,EDUCATION,MUSIC_ACADEMY,Madrid,AREA_BOUNDING_BOX,"Madrid, Comunidad de Madrid, España",37,2026-10-07T09:39:00.077Z
st_academia-de-musica:38,ChIJ39BEfwwpQg0RSiHQOAEtqwY,st_academia-de-musica.json,APIFY_GOOGLE_MAPS_SCRAPER,academia de música,EDUCATION,MUSIC_ACADEMY,Madrid,AREA_BOUNDING_BOX,"Madrid, Comunidad de Madrid, España",38,2026-10-07T09:39:00.077Z
st_academia-de-musica:39,ChIJNVvU9VYoQg0RVph3--qcm24,st_academia-de-musica.json,APIFY_GOOGLE_MAPS_SCRAPER,academia de música,EDUCATION,MUSIC_ACADEMY,Madrid,AREA_BOUNDING_BOX,"Madrid, Comunidad de Madrid, España",39,2026-10-07T09:39:00.077Z
st_academia-de-musica:40,ChIJ7TcJYV8oQg0RAwYkMn9VMwI,st_academia-de-musica.json,APIFY_GOOGLE_MAPS_SCRAPER,academia de música,EDUCATION,MUSIC_ACADEMY,Madrid,AREA_BOUNDING_BOX,"Madrid, Comunidad de Madrid, España",40,2026-10-07T09:39:00.077Z
st_academia-de-musica:41,ChIJGZPciCcpQg0RMWtieuzbaZ0,st_academia-de-musica.json,APIFY_GOOGLE_MAPS_SCRAPER,academia de música,EDUCATION,MUSIC_ACADEMY,Madrid,AREA_BOUNDING_BOX,"Madrid, Comunidad de Madrid, España",41,2026-10-07T09:39:00.077Z
st_academia-de-musica:42,ChIJ3fIGFR8pQg0RyXIVcAmrRvc,st_academia-de-musica.json,APIFY_GOOGLE_MAPS_SCRAPER,academia de música,EDUCATION,MUSIC_ACADEMY,Madrid,AREA_BOUNDING_BOX,"Madrid, Comunidad de Madrid, España",42,2026-10-07T09:39:00.077Z
st_academia-de-musica:43,ChIJLyhwKn4pQg0Rx2JrKl8gvwM,st_academia-de-musica.json,APIFY_GOOGLE_MAPS_SCRAPER,academia de música,EDUCATION,MUSIC_ACADEMY,Madrid,AREA_BOUNDING_BOX,"Madrid, Comunidad de Madrid, España",43,2026-10-07T09:39:00.077Z
st_academia-de-musica:44,ChIJ8448JZcpQg0RWNi7PV7VASw,st_academia-de-musica.json,APIFY_GOOGLE_MAPS_SCRAPER,academia de música,EDUCATION,MUSIC_ACADEMY,Madrid,AREA_BOUNDING_BOX,"Madrid, Comunidad de Madrid, España",44,2026-10-07T09:39:00.077Z
st_academia-de-musica:45,ChIJfQ1zQ2IoQg0RCrfn-zQHarU,st_academia-de-musica.json,APIFY_GOOGLE_MAPS_SCRAPER,academia de música,EDUCATION,MUSIC_ACADEMY,Madrid,AREA_BOUNDING_BOX,"Madrid, Comunidad de Madrid, España",45,2026-10-07T09:39:00.077Z
st_academia-de-musica:46,ChIJLY7CBHQpQg0RMZVALYaO5g4,st_academia-de-musica.json,APIFY_GOOGLE_MAPS_SCRAPER,academia de música,EDUCATION,MUSIC_ACADEMY,Madrid,AREA_BOUNDING_BOX,"Madrid, Comunidad de Madrid, España",46,2026-10-07T09:39:00.077Z
st_academia-de-musica:47,ChIJVTTp1FMoQg0RLsCrapU-NMo,st_academia-de-musica.json,APIFY_GOOGLE_MAPS_SCRAPER,academia de música,EDUCATION,MUSIC_ACADEMY,Madrid,AREA_BOUNDING_BOX,"Madrid, Comunidad de Madrid, España",47,2026-10-07T09:39:00.077Z
st_academia-de-musica:48,ChIJ51jGgjAnQg0RtrGEmmbQV20,st_academia-de-musica.json,APIFY_GOOGLE_MAPS_SCRAPER,academia de música,EDUCATION,MUSIC_ACADEMY,Madrid,AREA_BOUNDING_BOX,"Madrid, Comunidad de Madrid, España",48,2026-10-07T09:39:00.077Z
st_academia-de-musica:49,ChIJe8y4CKAuQg0RGqVbXddhjDM,st_academia-de-musica.json,APIFY_GOOGLE_MAPS_SCRAPER,academia de música,EDUCATION,MUSIC_ACADEMY,Madrid,AREA_BOUNDING_BOX,"Madrid, Comunidad de Madrid, España",49,2026-10-07T09:39:00.077Z
st_academia-de-musica:50,ChIJ0z4eMqAvQg0Ro0BlVKbJLa4,st_academia-de-musica.json,APIFY_GOOGLE_MAPS_SCRAPER,academia de música,EDUCATION,MUSIC_ACADEMY,Madrid,AREA_BOUNDING_BOX,"Madrid, Comunidad de Madrid, España",50,2026-10-07T09:39:00.077Z
st_afinador-de-pianos:1,ChIJIQtmOpQoQg0RoUwAbT6AdVc,st_afinador-de-pianos.json,APIFY_GOOGLE_MAPS_SCRAPER,afinador de pianos,CRAFT_AND_REPAIR,PIANO_TECHNICIAN,Madrid,AREA_BOUNDING_BOX,"Madrid, Comunidad de Madrid, España",1,2026-10-07T09:40:20.825Z
st_afinador-de-pianos:2,ChIJQd1tWAT1QQ0RBxiM9BQrFGg,st_afinador-de-pianos.json,APIFY_GOOGLE_MAPS_SCRAPER,afinador de pianos,CRAFT_AND_REPAIR,PIANO_TECHNICIAN,Madrid,AREA_BOUNDING_BOX,"Madrid, Comunidad de Madrid, España",2,2026-10-07T09:40:20.825Z
st_afinador-de-pianos:3,ChIJe0Sjsy2HQQ0RvgRnhM87QZ8,st_afinador-de-pianos.json,APIFY_GOOGLE_MAPS_SCRAPER,afinador de pianos,CRAFT_AND_REPAIR,PIANO_TECHNICIAN,Madrid,AREA_BOUNDING_BOX,"Madrid, Comunidad de Madrid, España",3,2026-10-07T09:40:20.825Z
st_afinador-de-pianos:4,ChIJS3kvqY0oQg0R-m4yH1rBEKs,st_afinador-de-pianos.json,APIFY_GOOGLE_MAPS_SCRAPER,afinador de pianos,CRAFT_AND_REPAIR,PIANO_TECHNICIAN,Madrid,AREA_BOUNDING_BOX,"Madrid, Comunidad de Madrid, España",4,2026-10-07T09:40:20.825Z
st_afinador-de-pianos:5,ChIJz7G-DPolQg0RpHZocrhb5Hs,st_afinador-de-pianos.json,APIFY_GOOGLE_MAPS_SCRAPER,afinador de pianos,CRAFT_AND_REPAIR,PIANO_TECHNICIAN,Madrid,AREA_BOUNDING_BOX,"Madrid, Comunidad de Madrid, España",5,2026-10-07T09:40:20.825Z
st_afinador-de-pianos:6,ChIJWRfxl48oQg0RCmEER8_X0Y4,st_afinador-de-pianos.json,APIFY_GOOGLE_MAPS_SCRAPER,afinador de pianos,CRAFT_AND_REPAIR,PIANO_TECHNICIAN,Madrid,AREA_BOUNDING_BOX,"Madrid, Comunidad de Madrid, España",6,2026-10-07T09:40:20.825Z
st_afinador-de-pianos:7,ChIJj0-f3K38cQ0RIDyailccG-Y,st_afinador-de-pianos.json,APIFY_GOOGLE_MAPS_SCRAPER,afinador de pianos,CRAFT_AND_REPAIR,PIANO_TECHNICIAN,Madrid,AREA_BOUNDING_BOX,"Madrid, Comunidad de Madrid, España",7,2026-10-07T09:40:20.825Z
st_afinador-de-pianos:8,ChIJ-f9vyBstQg0RbjBzaX9PQv8,st_afinador-de-pianos.json,APIFY_GOOGLE_MAPS_SCRAPER,afinador de pianos,CRAFT_AND_REPAIR,PIANO_TECHNICIAN,Madrid,AREA_BOUNDING_BOX,"Madrid, Comunidad de Madrid, España",8,2026-10-07T09:40:20.825Z
st_afinador-de-pianos:9,ChIJb9dRXT8vQg0R9L5iLu9A8fc,st_afinador-de-pianos.json,APIFY_GOOGLE_MAPS_SCRAPER,afinador de pianos,CRAFT_AND_REPAIR,PIANO_TECHNICIAN,Madrid,AREA_BOUNDING_BOX,"Madrid, Comunidad de Madrid, España",9,2026-10-07T09:40:20.825Z
st_afinador-de-pianos:10,ChIJQRfVp4onQg0RXs7P1evGpWo,st_afinador-de-pianos.json,APIFY_GOOGLE_MAPS_SCRAPER,afinador de pianos,CRAFT_AND_REPAIR,PIANO_TECHNICIAN,Madrid,AREA_BOUNDING_BOX,"Madrid, Comunidad de Madrid, España",10,2026-10-07T09:40:20.825Z
st_afinador-de-pianos:11,ChIJgY7cmo1lFEcRAPccnPFYvRs,st_afinador-de-pianos.json,APIFY_GOOGLE_MAPS_SCRAPER,afinador de pianos,CRAFT_AND_REPAIR,PIANO_TECHNICIAN,Madrid,AREA_BOUNDING_BOX,"Madrid, Comunidad de Madrid, España",11,2026-10-07T09:40:20.825Z
st_afinador-de-pianos:12,ChIJtQglXNQuQg0RRu6VAkGjuoY,st_afinador-de-pianos.json,APIFY_GOOGLE_MAPS_SCRAPER,afinador de pianos,CRAFT_AND_REPAIR,PIANO_TECHNICIAN,Madrid,AREA_BOUNDING_BOX,"Madrid, Comunidad de Madrid, España",12,2026-10-07T09:40:20.825Z
st_afinador-de-pianos:13,ChIJjczgRqwlQg0RQUvSXXdMr3M,st_afinador-de-pianos.json,APIFY_GOOGLE_MAPS_SCRAPER,afinador de pianos,CRAFT_AND_REPAIR,PIANO_TECHNICIAN,Madrid,AREA_BOUNDING_BOX,"Madrid, Comunidad de Madrid, España",13,2026-10-07T09:40:20.825Z
st_afinador-de-pianos:14,ChIJL2_PKa6JQQ0R4Xi-WRd5hNE,st_afinador-de-pianos.json,APIFY_GOOGLE_MAPS_SCRAPER,afinador de pianos,CRAFT_AND_REPAIR,PIANO_TECHNICIAN,Madrid,AREA_BOUNDING_BOX,"Madrid, Comunidad de Madrid, España",14,2026-10-07T09:40:20.825Z
st_afinador-de-pianos:15,ChIJlbMs4ikmQg0RjwPA5Ta1NbU,st_afinador-de-pianos.json,APIFY_GOOGLE_MAPS_SCRAPER,afinador de pianos,CRAFT_AND_REPAIR,PIANO_TECHNICIAN,Madrid,AREA_BOUNDING_BOX,"Madrid, Comunidad de Madrid, España",15,2026-10-07T09:40:20.825Z
st_afinador-de-pianos:16,ChIJ3zLVGBktQg0RROo_Y-qYatA,st_afinador-de-pianos.json,APIFY_GOOGLE_MAPS_SCRAPER,afinador de pianos,CRAFT_AND_REPAIR,PIANO_TECHNICIAN,Madrid,AREA_BOUNDING_BOX,"Madrid, Comunidad de Madrid, España",16,2026-10-07T09:40:20.825Z
st_afinador-de-pianos:17,ChIJTxIJv6kpQg0RsW4-MuM-8_U,st_afinador-de-pianos.json,APIFY_GOOGLE_MAPS_SCRAPER,afinador de pianos,CRAFT_AND_REPAIR,PIANO_TECHNICIAN,Madrid,AREA_BOUNDING_BOX,"Madrid, Comunidad de Madrid, España",17,2026-10-07T09:40:20.825Z
st_afinador-de-pianos:18,ChIJc8-sqCkmQg0Rm-dFjDZytJg,st_afinador-de-pianos.json,APIFY_GOOGLE_MAPS_SCRAPER,afinador de pianos,CRAFT_AND_REPAIR,PIANO_TECHNICIAN,Madrid,AREA_BOUNDING_BOX,"Madrid, Comunidad de Madrid, España",18,2026-10-07T09:40:20.825Z
st_afinador-de-pianos:19,ChIJgweIWdAnQg0RNSngvXZMM_0,st_afinador-de-pianos.json,APIFY_GOOGLE_MAPS_SCRAPER,afinador de pianos,CRAFT_AND_REPAIR,PIANO_TECHNICIAN,Madrid,AREA_BOUNDING_BOX,"Madrid, Comunidad de Madrid, España",19,2026-10-07T09:40:20.825Z
st_alquiler-de-instrumentos-musicales:1,ChIJOVdELb8lQg0RNoqghcFZI1c,st_alquiler-de-instrumentos-musicales.json,APIFY_GOOGLE_MAPS_SCRAPER,alquiler de instrumentos musicales,INSTRUMENTS,RENTAL,Madrid,AREA_BOUNDING_BOX,"Madrid, Comunidad de Madrid, España",1,2026-10-07T09:39:47.718Z
st_alquiler-de-instrumentos-musicales:2,ChIJMUJoejEnQg0RrQnHvWicVAc,st_alquiler-de-instrumentos-musicales.json,APIFY_GOOGLE_MAPS_SCRAPER,alquiler de instrumentos musicales,INSTRUMENTS,RENTAL,Madrid,AREA_BOUNDING_BOX,"Madrid, Comunidad de Madrid, España",2,2026-10-07T09:39:47.719Z
st_alquiler-de-instrumentos-musicales:3,ChIJW3Bh2kUlQg0RAHu4Nsjv0n8,st_alquiler-de-instrumentos-musicales.json,APIFY_GOOGLE_MAPS_SCRAPER,alquiler de instrumentos musicales,INSTRUMENTS,RENTAL,Madrid,AREA_BOUNDING_BOX,"Madrid, Comunidad de Madrid, España",3,2026-10-07T09:39:47.719Z
st_alquiler-de-instrumentos-musicales:4,ChIJWRfxl48oQg0RCmEER8_X0Y4,st_alquiler-de-instrumentos-musicales.json,APIFY_GOOGLE_MAPS_SCRAPER,alquiler de instrumentos musicales,INSTRUMENTS,RENTAL,Madrid,AREA_BOUNDING_BOX,"Madrid, Comunidad de Madrid, España",4,2026-10-07T09:39:47.719Z
st_alquiler-de-instrumentos-musicales:5,ChIJFcQjbAcpQg0RZL5mnU434Nc,st_alquiler-de-instrumentos-musicales.json,APIFY_GOOGLE_MAPS_SCRAPER,alquiler de instrumentos musicales,INSTRUMENTS,RENTAL,Madrid,AREA_BOUNDING_BOX,"Madrid, Comunidad de Madrid, España",5,2026-10-07T09:39:47.719Z
st_alquiler-de-instrumentos-musicales:6,ChIJfx6cEaYnQg0RFm-YmXVXy4g,st_alquiler-de-instrumentos-musicales.json,APIFY_GOOGLE_MAPS_SCRAPER,alquiler de instrumentos musicales,INSTRUMENTS,RENTAL,Madrid,AREA_BOUNDING_BOX,"Madrid, Comunidad de Madrid, España",6,2026-10-07T09:39:47.719Z
st_alquiler-de-instrumentos-musicales:7,ChIJo0bP9-QoQg0RTqWyE8faJWI,st_alquiler-de-instrumentos-musicales.json,APIFY_GOOGLE_MAPS_SCRAPER,alquiler de instrumentos musicales,INSTRUMENTS,RENTAL,Madrid,AREA_BOUNDING_BOX,"Madrid, Comunidad de Madrid, España",7,2026-10-07T09:39:47.719Z
st_alquiler-de-instrumentos-musicales:8,ChIJyU-fxrYpQg0RDq72Lku2crA,st_alquiler-de-instrumentos-musicales.json,APIFY_GOOGLE_MAPS_SCRAPER,alquiler de instrumentos musicales,INSTRUMENTS,RENTAL,Madrid,AREA_BOUNDING_BOX,"Madrid, Comunidad de Madrid, España",8,2026-10-07T09:39:47.719Z
st_alquiler-de-instrumentos-musicales:9,ChIJcY4x9_EoQg0RkYF0L3dCLdw,st_alquiler-de-instrumentos-musicales.json,APIFY_GOOGLE_MAPS_SCRAPER,alquiler de instrumentos musicales,INSTRUMENTS,RENTAL,Madrid,AREA_BOUNDING_BOX,"Madrid, Comunidad de Madrid, España",9,2026-10-07T09:39:47.719Z
st_alquiler-de-instrumentos-musicales:10,ChIJzbWd8OYpQg0RLXr-WB8Kneg,st_alquiler-de-instrumentos-musicales.json,APIFY_GOOGLE_MAPS_SCRAPER,alquiler de instrumentos musicales,INSTRUMENTS,RENTAL,Madrid,AREA_BOUNDING_BOX,"Madrid, Comunidad de Madrid, España",10,2026-10-07T09:39:47.719Z
st_alquiler-de-instrumentos-musicales:11,ChIJ78EU_w0pQg0RbotQq2J2lwc,st_alquiler-de-instrumentos-musicales.json,APIFY_GOOGLE_MAPS_SCRAPER,alquiler de instrumentos musicales,INSTRUMENTS,RENTAL,Madrid,AREA_BOUNDING_BOX,"Madrid, Comunidad de Madrid, España",11,2026-10-07T09:39:47.719Z
st_alquiler-de-instrumentos-musicales:12,ChIJS3kvqY0oQg0R-m4yH1rBEKs,st_alquiler-de-instrumentos-musicales.json,APIFY_GOOGLE_MAPS_SCRAPER,alquiler de instrumentos musicales,INSTRUMENTS,RENTAL,Madrid,AREA_BOUNDING_BOX,"Madrid, Comunidad de Madrid, España",12,2026-10-07T09:39:47.719Z
st_alquiler-de-instrumentos-musicales:13,ChIJXSqZjvcoQg0RRxCPQGioUmA,st_alquiler-de-instrumentos-musicales.json,APIFY_GOOGLE_MAPS_SCRAPER,alquiler de instrumentos musicales,INSTRUMENTS,RENTAL,Madrid,AREA_BOUNDING_BOX,"Madrid, Comunidad de Madrid, España",13,2026-10-07T09:39:47.719Z
st_alquiler-de-instrumentos-musicales:14,ChIJ98GfcuwuQg0R-7SwuEnca-c,st_alquiler-de-instrumentos-musicales.json,APIFY_GOOGLE_MAPS_SCRAPER,alquiler de instrumentos musicales,INSTRUMENTS,RENTAL,Madrid,AREA_BOUNDING_BOX,"Madrid, Comunidad de Madrid, España",14,2026-10-07T09:39:47.719Z
st_alquiler-de-instrumentos-musicales:15,ChIJB67y9H0sQg0ROTKx1b0QFS8,st_alquiler-de-instrumentos-musicales.json,APIFY_GOOGLE_MAPS_SCRAPER,alquiler de instrumentos musicales,INSTRUMENTS,RENTAL,Madrid,AREA_BOUNDING_BOX,"Madrid, Comunidad de Madrid, España",15,2026-10-07T09:39:47.719Z
st_alquiler-de-instrumentos-musicales:16,ChIJpdBKa_YnQg0R4n7Jfvrjwa8,st_alquiler-de-instrumentos-musicales.json,APIFY_GOOGLE_MAPS_SCRAPER,alquiler de instrumentos musicales,INSTRUMENTS,RENTAL,Madrid,AREA_BOUNDING_BOX,"Madrid, Comunidad de Madrid, España",16,2026-10-07T09:39:47.719Z
st_alquiler-de-instrumentos-musicales:17,ChIJiefdynsoQg0RSIx9mnYXHUo,st_alquiler-de-instrumentos-musicales.json,APIFY_GOOGLE_MAPS_SCRAPER,alquiler de instrumentos musicales,INSTRUMENTS,RENTAL,Madrid,AREA_BOUNDING_BOX,"Madrid, Comunidad de Madrid, España",17,2026-10-07T09:39:47.719Z
st_alquiler-de-instrumentos-musicales:18,ChIJYR3yfHkoQg0RZHP17EToW9g,st_alquiler-de-instrumentos-musicales.json,APIFY_GOOGLE_MAPS_SCRAPER,alquiler de instrumentos musicales,INSTRUMENTS,RENTAL,Madrid,AREA_BOUNDING_BOX,"Madrid, Comunidad de Madrid, España",18,2026-10-07T09:39:47.719Z
st_alquiler-de-instrumentos-musicales:19,ChIJQRfVp4onQg0RXs7P1evGpWo,st_alquiler-de-instrumentos-musicales.json,APIFY_GOOGLE_MAPS_SCRAPER,alquiler de instrumentos musicales,INSTRUMENTS,RENTAL,Madrid,AREA_BOUNDING_BOX,"Madrid, Comunidad de Madrid, España",19,2026-10-07T09:39:47.719Z
st_alquiler-de-instrumentos-musicales:20,ChIJb9dRXT8vQg0R9L5iLu9A8fc,st_alquiler-de-instrumentos-musicales.json,APIFY_GOOGLE_MAPS_SCRAPER,alquiler de instrumentos musicales,INSTRUMENTS,RENTAL,Madrid,AREA_BOUNDING_BOX,"Madrid, Comunidad de Madrid, España",20,2026-10-07T09:39:47.719Z
st_alquiler-de-instrumentos-musicales:21,ChIJncWMskWDQQ0RtluG4RpMhDQ,st_alquiler-de-instrumentos-musicales.json,APIFY_GOOGLE_MAPS_SCRAPER,alquiler de instrumentos musicales,INSTRUMENTS,RENTAL,Madrid,AREA_BOUNDING_BOX,"Madrid, Comunidad de Madrid, España",21,2026-10-07T09:39:47.719Z
st_alquiler-de-instrumentos-musicales:22,ChIJlbMs4ikmQg0RjwPA5Ta1NbU,st_alquiler-de-instrumentos-musicales.json,APIFY_GOOGLE_MAPS_SCRAPER,alquiler de instrumentos musicales,INSTRUMENTS,RENTAL,Madrid,AREA_BOUNDING_BOX,"Madrid, Comunidad de Madrid, España",22,2026-10-07T09:39:47.719Z
st_alquiler-de-instrumentos-musicales:23,ChIJ7exXzXUvQg0Rty6wSvsSAu0,st_alquiler-de-instrumentos-musicales.json,APIFY_GOOGLE_MAPS_SCRAPER,alquiler de instrumentos musicales,INSTRUMENTS,RENTAL,Madrid,AREA_BOUNDING_BOX,"Madrid, Comunidad de Madrid, España",23,2026-10-07T09:39:47.719Z
st_alquiler-de-instrumentos-musicales:24,ChIJU1A6_MAnQg0Ru5ydJO8m118,st_alquiler-de-instrumentos-musicales.json,APIFY_GOOGLE_MAPS_SCRAPER,alquiler de instrumentos musicales,INSTRUMENTS,RENTAL,Madrid,AREA_BOUNDING_BOX,"Madrid, Comunidad de Madrid, España",24,2026-10-07T09:39:47.719Z
st_alquiler-de-instrumentos-musicales:25,ChIJR5v4Q9knQg0Rd7FEyparmTU,st_alquiler-de-instrumentos-musicales.json,APIFY_GOOGLE_MAPS_SCRAPER,alquiler de instrumentos musicales,INSTRUMENTS,RENTAL,Madrid,AREA_BOUNDING_BOX,"Madrid, Comunidad de Madrid, España",25,2026-10-07T09:39:47.719Z
st_alquiler-de-instrumentos-musicales:26,ChIJw3ng6LcoQg0R5FQUaOBPCS4,st_alquiler-de-instrumentos-musicales.json,APIFY_GOOGLE_MAPS_SCRAPER,alquiler de instrumentos musicales,INSTRUMENTS,RENTAL,Madrid,AREA_BOUNDING_BOX,"Madrid, Comunidad de Madrid, España",26,2026-10-07T09:39:47.719Z
st_alquiler-de-instrumentos-musicales:27,ChIJITjYnCUmQg0REYMM-GkEfh8,st_alquiler-de-instrumentos-musicales.json,APIFY_GOOGLE_MAPS_SCRAPER,alquiler de instrumentos musicales,INSTRUMENTS,RENTAL,Madrid,AREA_BOUNDING_BOX,"Madrid, Comunidad de Madrid, España",27,2026-10-07T09:39:47.719Z
st_alquiler-de-instrumentos-musicales:28,ChIJD_hJStwlQg0RkY8gmJU-YAU,st_alquiler-de-instrumentos-musicales.json,APIFY_GOOGLE_MAPS_SCRAPER,alquiler de instrumentos musicales,INSTRUMENTS,RENTAL,Madrid,AREA_BOUNDING_BOX,"Madrid, Comunidad de Madrid, España",28,2026-10-07T09:39:47.719Z
st_alquiler-de-instrumentos-musicales:29,ChIJH_GUqX4sQg0R6FUm1_unXKM,st_alquiler-de-instrumentos-musicales.json,APIFY_GOOGLE_MAPS_SCRAPER,alquiler de instrumentos musicales,INSTRUMENTS,RENTAL,Madrid,AREA_BOUNDING_BOX,"Madrid, Comunidad de Madrid, España",29,2026-10-07T09:39:47.719Z
st_alquiler-de-instrumentos-musicales:30,ChIJKelcxcr29WARXeNRtHUkTT4,st_alquiler-de-instrumentos-musicales.json,APIFY_GOOGLE_MAPS_SCRAPER,alquiler de instrumentos musicales,INSTRUMENTS,RENTAL,Madrid,AREA_BOUNDING_BOX,"Madrid, Comunidad de Madrid, España",30,2026-10-07T09:39:47.719Z
st_alquiler-de-instrumentos-musicales:31,ChIJ3zLVGBktQg0RROo_Y-qYatA,st_alquiler-de-instrumentos-musicales.json,APIFY_GOOGLE_MAPS_SCRAPER,alquiler de instrumentos musicales,INSTRUMENTS,RENTAL,Madrid,AREA_BOUNDING_BOX,"Madrid, Comunidad de Madrid, España",31,2026-10-07T09:39:47.719Z
st_alquiler-de-instrumentos-musicales:32,ChIJrRdqp0IoQg0Rux8dUVn0ll4,st_alquiler-de-instrumentos-musicales.json,APIFY_GOOGLE_MAPS_SCRAPER,alquiler de instrumentos musicales,INSTRUMENTS,RENTAL,Madrid,AREA_BOUNDING_BOX,"Madrid, Comunidad de Madrid, España",32,2026-10-07T09:39:47.719Z
st_alquiler-de-instrumentos-musicales:33,ChIJkT7CHMkoQg0RH33BpGNJy1g,st_alquiler-de-instrumentos-musicales.json,APIFY_GOOGLE_MAPS_SCRAPER,alquiler de instrumentos musicales,INSTRUMENTS,RENTAL,Madrid,AREA_BOUNDING_BOX,"Madrid, Comunidad de Madrid, España",33,2026-10-07T09:39:47.719Z
st_alquiler-de-instrumentos-musicales:34,ChIJiTV_rIUtQg0Rar7DBLhvtzA,st_alquiler-de-instrumentos-musicales.json,APIFY_GOOGLE_MAPS_SCRAPER,alquiler de instrumentos musicales,INSTRUMENTS,RENTAL,Madrid,AREA_BOUNDING_BOX,"Madrid, Comunidad de Madrid, España",34,2026-10-07T09:39:47.719Z
st_alquiler-de-instrumentos-musicales:35,ChIJxczXnegmQg0RqrTIB73_F1k,st_alquiler-de-instrumentos-musicales.json,APIFY_GOOGLE_MAPS_SCRAPER,alquiler de instrumentos musicales,INSTRUMENTS,RENTAL,Madrid,AREA_BOUNDING_BOX,"Madrid, Comunidad de Madrid, España",35,2026-10-07T09:39:47.719Z
st_alquiler-de-instrumentos-musicales:36,ChIJW9quJBglQg0Rr5HWTnh_FgA,st_alquiler-de-instrumentos-musicales.json,APIFY_GOOGLE_MAPS_SCRAPER,alquiler de instrumentos musicales,INSTRUMENTS,RENTAL,Madrid,AREA_BOUNDING_BOX,"Madrid, Comunidad de Madrid, España",36,2026-10-07T09:39:47.719Z
st_alquiler-de-instrumentos-musicales:37,ChIJUyCs90aPQQ0R_HX7iTkVUnw,st_alquiler-de-instrumentos-musicales.json,APIFY_GOOGLE_MAPS_SCRAPER,alquiler de instrumentos musicales,INSTRUMENTS,RENTAL,Madrid,AREA_BOUNDING_BOX,"Madrid, Comunidad de Madrid, España",37,2026-10-07T09:39:47.719Z
st_alquiler-de-instrumentos-musicales:38,ChIJj0-f3K38cQ0RIDyailccG-Y,st_alquiler-de-instrumentos-musicales.json,APIFY_GOOGLE_MAPS_SCRAPER,alquiler de instrumentos musicales,INSTRUMENTS,RENTAL,Madrid,AREA_BOUNDING_BOX,"Madrid, Comunidad de Madrid, España",38,2026-10-07T09:39:47.719Z
st_alquiler-de-instrumentos-musicales:39,ChIJ5V-7_bsoQg0RHmNyVwNMuB4,st_alquiler-de-instrumentos-musicales.json,APIFY_GOOGLE_MAPS_SCRAPER,alquiler de instrumentos musicales,INSTRUMENTS,RENTAL,Madrid,AREA_BOUNDING_BOX,"Madrid, Comunidad de Madrid, España",39,2026-10-07T09:39:47.719Z
st_alquiler-de-instrumentos-musicales:40,ChIJd-CHFfEpQg0RqWra8hwhwLg,st_alquiler-de-instrumentos-musicales.json,APIFY_GOOGLE_MAPS_SCRAPER,alquiler de instrumentos musicales,INSTRUMENTS,RENTAL,Madrid,AREA_BOUNDING_BOX,"Madrid, Comunidad de Madrid, España",40,2026-10-07T09:39:47.719Z
st_alquiler-de-instrumentos-musicales:41,ChIJrQJFX44oQg0RqOnpf8QnYPk,st_alquiler-de-instrumentos-musicales.json,APIFY_GOOGLE_MAPS_SCRAPER,alquiler de instrumentos musicales,INSTRUMENTS,RENTAL,Madrid,AREA_BOUNDING_BOX,"Madrid, Comunidad de Madrid, España",41,2026-10-07T09:39:47.719Z
st_alquiler-de-instrumentos-musicales:42,ChIJEYN12CsvQg0R46jXSPw9NLE,st_alquiler-de-instrumentos-musicales.json,APIFY_GOOGLE_MAPS_SCRAPER,alquiler de instrumentos musicales,INSTRUMENTS,RENTAL,Madrid,AREA_BOUNDING_BOX,"Madrid, Comunidad de Madrid, España",42,2026-10-07T09:39:47.719Z
st_alquiler-de-instrumentos-musicales:43,ChIJPTpst8YpQg0RaigJjsW8658,st_alquiler-de-instrumentos-musicales.json,APIFY_GOOGLE_MAPS_SCRAPER,alquiler de instrumentos musicales,INSTRUMENTS,RENTAL,Madrid,AREA_BOUNDING_BOX,"Madrid, Comunidad de Madrid, España",43,2026-10-07T09:39:47.719Z
st_alquiler-de-instrumentos-musicales:44,ChIJhYmj0X8oQg0R2SGuogcSBEY,st_alquiler-de-instrumentos-musicales.json,APIFY_GOOGLE_MAPS_SCRAPER,alquiler de instrumentos musicales,INSTRUMENTS,RENTAL,Madrid,AREA_BOUNDING_BOX,"Madrid, Comunidad de Madrid, España",44,2026-10-07T09:39:47.719Z
st_alquiler-de-instrumentos-musicales:45,ChIJmwVqZwYpQg0R2Ulo34BUCeo,st_alquiler-de-instrumentos-musicales.json,APIFY_GOOGLE_MAPS_SCRAPER,alquiler de instrumentos musicales,INSTRUMENTS,RENTAL,Madrid,AREA_BOUNDING_BOX,"Madrid, Comunidad de Madrid, España",45,2026-10-07T09:39:47.719Z
st_alquiler-de-instrumentos-musicales:46,ChIJ8wXHUUQnQg0R2b3WAkt7Hc4,st_alquiler-de-instrumentos-musicales.json,APIFY_GOOGLE_MAPS_SCRAPER,alquiler de instrumentos musicales,INSTRUMENTS,RENTAL,Madrid,AREA_BOUNDING_BOX,"Madrid, Comunidad de Madrid, España",46,2026-10-07T09:39:47.719Z
st_alquiler-de-instrumentos-musicales:47,ChIJyeWvZKMvQg0RSxwbQcxslQo,st_alquiler-de-instrumentos-musicales.json,APIFY_GOOGLE_MAPS_SCRAPER,alquiler de instrumentos musicales,INSTRUMENTS,RENTAL,Madrid,AREA_BOUNDING_BOX,"Madrid, Comunidad de Madrid, España",47,2026-10-07T09:39:47.719Z
st_alquiler-de-instrumentos-musicales:48,ChIJ66pR6ofoAAkRAjMbGkAU0ls,st_alquiler-de-instrumentos-musicales.json,APIFY_GOOGLE_MAPS_SCRAPER,alquiler de instrumentos musicales,INSTRUMENTS,RENTAL,Madrid,AREA_BOUNDING_BOX,"Madrid, Comunidad de Madrid, España",48,2026-10-07T09:39:47.719Z
st_alquiler-de-instrumentos-musicales:49,ChIJc95BBwYvQg0RFzfgk8tWmAI,st_alquiler-de-instrumentos-musicales.json,APIFY_GOOGLE_MAPS_SCRAPER,alquiler de instrumentos musicales,INSTRUMENTS,RENTAL,Madrid,AREA_BOUNDING_BOX,"Madrid, Comunidad de Madrid, España",49,2026-10-07T09:39:47.719Z
st_asociacion-musical:1,ChIJqZcWTcspQg0RR1vWpmSH5ZM,st_asociacion-musical.json,APIFY_GOOGLE_MAPS_SCRAPER,asociación musical,PERFORMING,CULTURAL_ASSOCIATION,Madrid,AREA_BOUNDING_BOX,"Madrid, Comunidad de Madrid, España",1,2026-10-07T09:39:33.382Z
st_asociacion-musical:2,ChIJu8zCDoMpQg0RRlTGrTrmk_s,st_asociacion-musical.json,APIFY_GOOGLE_MAPS_SCRAPER,asociación musical,PERFORMING,CULTURAL_ASSOCIATION,Madrid,AREA_BOUNDING_BOX,"Madrid, Comunidad de Madrid, España",2,2026-10-07T09:39:33.382Z
st_asociacion-musical:3,ChIJVVXFRVgoQg0Rnm8jk9SAAkU,st_asociacion-musical.json,APIFY_GOOGLE_MAPS_SCRAPER,asociación musical,PERFORMING,CULTURAL_ASSOCIATION,Madrid,AREA_BOUNDING_BOX,"Madrid, Comunidad de Madrid, España",3,2026-10-07T09:39:33.382Z
st_asociacion-musical:4,ChIJJYktXy4pQg0ROZlvCdyGIFg,st_asociacion-musical.json,APIFY_GOOGLE_MAPS_SCRAPER,asociación musical,PERFORMING,CULTURAL_ASSOCIATION,Madrid,AREA_BOUNDING_BOX,"Madrid, Comunidad de Madrid, España",4,2026-10-07T09:39:33.382Z
st_asociacion-musical:5,ChIJy3GkRQ8pQg0RG-38Xavvp1E,st_asociacion-musical.json,APIFY_GOOGLE_MAPS_SCRAPER,asociación musical,PERFORMING,CULTURAL_ASSOCIATION,Madrid,AREA_BOUNDING_BOX,"Madrid, Comunidad de Madrid, España",5,2026-10-07T09:39:33.382Z
st_asociacion-musical:6,ChIJ7VlkvKspQg0RaIgDTnm1jF8,st_asociacion-musical.json,APIFY_GOOGLE_MAPS_SCRAPER,asociación musical,PERFORMING,CULTURAL_ASSOCIATION,Madrid,AREA_BOUNDING_BOX,"Madrid, Comunidad de Madrid, España",6,2026-10-07T09:39:33.382Z
st_asociacion-musical:7,ChIJb5zrKaMoQg0RPTtSeCWVfNE,st_asociacion-musical.json,APIFY_GOOGLE_MAPS_SCRAPER,asociación musical,PERFORMING,CULTURAL_ASSOCIATION,Madrid,AREA_BOUNDING_BOX,"Madrid, Comunidad de Madrid, España",7,2026-10-07T09:39:33.382Z
st_asociacion-musical:8,ChIJxzkl58qHQQ0Ru8iaSdotiYI,st_asociacion-musical.json,APIFY_GOOGLE_MAPS_SCRAPER,asociación musical,PERFORMING,CULTURAL_ASSOCIATION,Madrid,AREA_BOUNDING_BOX,"Madrid, Comunidad de Madrid, España",8,2026-10-07T09:39:33.383Z
st_asociacion-musical:9,ChIJK4-pXh8pQg0R5IgFTJnTc3M,st_asociacion-musical.json,APIFY_GOOGLE_MAPS_SCRAPER,asociación musical,PERFORMING,CULTURAL_ASSOCIATION,Madrid,AREA_BOUNDING_BOX,"Madrid, Comunidad de Madrid, España",9,2026-10-07T09:39:33.383Z
st_asociacion-musical:10,ChIJgSoxApAoQg0RZScSJF-OK2U,st_asociacion-musical.json,APIFY_GOOGLE_MAPS_SCRAPER,asociación musical,PERFORMING,CULTURAL_ASSOCIATION,Madrid,AREA_BOUNDING_BOX,"Madrid, Comunidad de Madrid, España",10,2026-10-07T09:39:33.383Z
st_asociacion-musical:11,ChIJGSqOQ9cpQg0RnyPqU66ME9o,st_asociacion-musical.json,APIFY_GOOGLE_MAPS_SCRAPER,asociación musical,PERFORMING,CULTURAL_ASSOCIATION,Madrid,AREA_BOUNDING_BOX,"Madrid, Comunidad de Madrid, España",11,2026-10-07T09:39:33.383Z
st_asociacion-musical:12,ChIJbczLUeCipBIRCWgAgYRra88,st_asociacion-musical.json,APIFY_GOOGLE_MAPS_SCRAPER,asociación musical,PERFORMING,CULTURAL_ASSOCIATION,Madrid,AREA_BOUNDING_BOX,"Madrid, Comunidad de Madrid, España",12,2026-10-07T09:39:33.383Z
st_asociacion-musical:13,ChIJJ5w9dRspQg0R_4DEAlow9Us,st_asociacion-musical.json,APIFY_GOOGLE_MAPS_SCRAPER,asociación musical,PERFORMING,CULTURAL_ASSOCIATION,Madrid,AREA_BOUNDING_BOX,"Madrid, Comunidad de Madrid, España",13,2026-10-07T09:39:33.383Z
st_asociacion-musical:14,ChIJq9kJj9UuQg0RNlY-G9q56Bc,st_asociacion-musical.json,APIFY_GOOGLE_MAPS_SCRAPER,asociación musical,PERFORMING,CULTURAL_ASSOCIATION,Madrid,AREA_BOUNDING_BOX,"Madrid, Comunidad de Madrid, España",14,2026-10-07T09:39:33.383Z
st_asociacion-musical:15,ChIJa4HOFN4oQg0RNv9GmM9x70E,st_asociacion-musical.json,APIFY_GOOGLE_MAPS_SCRAPER,asociación musical,PERFORMING,CULTURAL_ASSOCIATION,Madrid,AREA_BOUNDING_BOX,"Madrid, Comunidad de Madrid, España",15,2026-10-07T09:39:33.383Z
st_asociacion-musical:16,ChIJ34UzQBKPQQ0RR9PBwUvsvu0,st_asociacion-musical.json,APIFY_GOOGLE_MAPS_SCRAPER,asociación musical,PERFORMING,CULTURAL_ASSOCIATION,Madrid,AREA_BOUNDING_BOX,"Madrid, Comunidad de Madrid, España",16,2026-10-07T09:39:33.383Z
st_asociacion-musical:17,ChIJf14DnCMpQg0RL22hYFB8sbY,st_asociacion-musical.json,APIFY_GOOGLE_MAPS_SCRAPER,asociación musical,PERFORMING,CULTURAL_ASSOCIATION,Madrid,AREA_BOUNDING_BOX,"Madrid, Comunidad de Madrid, España",17,2026-10-07T09:39:33.383Z
st_asociacion-musical:18,ChIJC_x_BzgnQg0R4ZaAcMzrth8,st_asociacion-musical.json,APIFY_GOOGLE_MAPS_SCRAPER,asociación musical,PERFORMING,CULTURAL_ASSOCIATION,Madrid,AREA_BOUNDING_BOX,"Madrid, Comunidad de Madrid, España",18,2026-10-07T09:39:33.383Z
st_asociacion-musical:19,ChIJicJlKFgoQg0RH2_l8TmfB0w,st_asociacion-musical.json,APIFY_GOOGLE_MAPS_SCRAPER,asociación musical,PERFORMING,CULTURAL_ASSOCIATION,Madrid,AREA_BOUNDING_BOX,"Madrid, Comunidad de Madrid, España",19,2026-10-07T09:39:33.383Z
st_asociacion-musical:20,ChIJZxJkFxIpQg0R6RzedRlSi00,st_asociacion-musical.json,APIFY_GOOGLE_MAPS_SCRAPER,asociación musical,PERFORMING,CULTURAL_ASSOCIATION,Madrid,AREA_BOUNDING_BOX,"Madrid, Comunidad de Madrid, España",20,2026-10-07T09:39:33.383Z
st_asociacion-musical:21,ChIJsZQb8mwpQg0R5DpldByl79I,st_asociacion-musical.json,APIFY_GOOGLE_MAPS_SCRAPER,asociación musical,PERFORMING,CULTURAL_ASSOCIATION,Madrid,AREA_BOUNDING_BOX,"Madrid, Comunidad de Madrid, España",21,2026-10-07T09:39:33.383Z
st_asociacion-musical:22,ChIJPTOeYrCOQQ0RfaUhpOmPRUU,st_asociacion-musical.json,APIFY_GOOGLE_MAPS_SCRAPER,asociación musical,PERFORMING,CULTURAL_ASSOCIATION,Madrid,AREA_BOUNDING_BOX,"Madrid, Comunidad de Madrid, España",22,2026-10-07T09:39:33.383Z
st_asociacion-musical:23,ChIJx_aw1CIpQg0R0H9eJo4gh_I,st_asociacion-musical.json,APIFY_GOOGLE_MAPS_SCRAPER,asociación musical,PERFORMING,CULTURAL_ASSOCIATION,Madrid,AREA_BOUNDING_BOX,"Madrid, Comunidad de Madrid, España",23,2026-10-07T09:39:33.383Z
st_asociacion-musical:24,ChIJu2ykg26IQQ0RCjnzmdFMTYM,st_asociacion-musical.json,APIFY_GOOGLE_MAPS_SCRAPER,asociación musical,PERFORMING,CULTURAL_ASSOCIATION,Madrid,AREA_BOUNDING_BOX,"Madrid, Comunidad de Madrid, España",24,2026-10-07T09:39:33.383Z
st_asociacion-musical:25,ChIJkT7CHMkoQg0RH33BpGNJy1g,st_asociacion-musical.json,APIFY_GOOGLE_MAPS_SCRAPER,asociación musical,PERFORMING,CULTURAL_ASSOCIATION,Madrid,AREA_BOUNDING_BOX,"Madrid, Comunidad de Madrid, España",25,2026-10-07T09:39:33.383Z
st_asociacion-musical:26,ChIJi4hl62ApQg0Rl68yRVzOaXs,st_asociacion-musical.json,APIFY_GOOGLE_MAPS_SCRAPER,asociación musical,PERFORMING,CULTURAL_ASSOCIATION,Madrid,AREA_BOUNDING_BOX,"Madrid, Comunidad de Madrid, España",26,2026-10-07T09:39:33.383Z
st_asociacion-musical:27,ChIJh5Em348vQg0Rs-gg_neCzPI,st_asociacion-musical.json,APIFY_GOOGLE_MAPS_SCRAPER,asociación musical,PERFORMING,CULTURAL_ASSOCIATION,Madrid,AREA_BOUNDING_BOX,"Madrid, Comunidad de Madrid, España",27,2026-10-07T09:39:33.383Z
st_asociacion-musical:28,ChIJ7_V8iGMoQg0RlAX4y0TeBLk,st_asociacion-musical.json,APIFY_GOOGLE_MAPS_SCRAPER,asociación musical,PERFORMING,CULTURAL_ASSOCIATION,Madrid,AREA_BOUNDING_BOX,"Madrid, Comunidad de Madrid, España",28,2026-10-07T09:39:33.383Z
st_asociacion-musical:29,ChIJ3wsrIlYoQg0RvuPGNivtwv8,st_asociacion-musical.json,APIFY_GOOGLE_MAPS_SCRAPER,asociación musical,PERFORMING,CULTURAL_ASSOCIATION,Madrid,AREA_BOUNDING_BOX,"Madrid, Comunidad de Madrid, España",29,2026-10-07T09:39:33.383Z
st_asociacion-musical:30,ChIJ7_2XAzowQg0R3jLklNQUNpM,st_asociacion-musical.json,APIFY_GOOGLE_MAPS_SCRAPER,asociación musical,PERFORMING,CULTURAL_ASSOCIATION,Madrid,AREA_BOUNDING_BOX,"Madrid, Comunidad de Madrid, España",30,2026-10-07T09:39:33.383Z
st_asociacion-musical:31,ChIJ7el16DovQg0Rw-3gw_uhlPI,st_asociacion-musical.json,APIFY_GOOGLE_MAPS_SCRAPER,asociación musical,PERFORMING,CULTURAL_ASSOCIATION,Madrid,AREA_BOUNDING_BOX,"Madrid, Comunidad de Madrid, España",31,2026-10-07T09:39:33.383Z
st_asociacion-musical:32,ChIJg35BIgApQg0RaUwl614JEsE,st_asociacion-musical.json,APIFY_GOOGLE_MAPS_SCRAPER,asociación musical,PERFORMING,CULTURAL_ASSOCIATION,Madrid,AREA_BOUNDING_BOX,"Madrid, Comunidad de Madrid, España",32,2026-10-07T09:39:33.383Z
st_asociacion-musical:33,ChIJQytL2nGGQQ0R2SwlmOWocls,st_asociacion-musical.json,APIFY_GOOGLE_MAPS_SCRAPER,asociación musical,PERFORMING,CULTURAL_ASSOCIATION,Madrid,AREA_BOUNDING_BOX,"Madrid, Comunidad de Madrid, España",33,2026-10-07T09:39:33.383Z
st_asociacion-musical:34,ChIJr7yUeykmQg0R1S3rJ2oR8Kc,st_asociacion-musical.json,APIFY_GOOGLE_MAPS_SCRAPER,asociación musical,PERFORMING,CULTURAL_ASSOCIATION,Madrid,AREA_BOUNDING_BOX,"Madrid, Comunidad de Madrid, España",34,2026-10-07T09:39:33.383Z
st_asociacion-musical:35,ChIJfbrWxYwnQg0RKyB1HkFCWss,st_asociacion-musical.json,APIFY_GOOGLE_MAPS_SCRAPER,asociación musical,PERFORMING,CULTURAL_ASSOCIATION,Madrid,AREA_BOUNDING_BOX,"Madrid, Comunidad de Madrid, España",35,2026-10-07T09:39:33.383Z
st_asociacion-musical:36,ChIJk28zPZspQg0RsLPRWgrLaHE,st_asociacion-musical.json,APIFY_GOOGLE_MAPS_SCRAPER,asociación musical,PERFORMING,CULTURAL_ASSOCIATION,Madrid,AREA_BOUNDING_BOX,"Madrid, Comunidad de Madrid, España",36,2026-10-07T09:39:33.383Z
st_asociacion-musical:37,ChIJYyrO7k0pQg0RwdPxOIti2aA,st_asociacion-musical.json,APIFY_GOOGLE_MAPS_SCRAPER,asociación musical,PERFORMING,CULTURAL_ASSOCIATION,Madrid,AREA_BOUNDING_BOX,"Madrid, Comunidad de Madrid, España",37,2026-10-07T09:39:33.383Z
st_asociacion-musical:38,ChIJz_GxbFkpQg0RAXekdcIew94,st_asociacion-musical.json,APIFY_GOOGLE_MAPS_SCRAPER,asociación musical,PERFORMING,CULTURAL_ASSOCIATION,Madrid,AREA_BOUNDING_BOX,"Madrid, Comunidad de Madrid, España",38,2026-10-07T09:39:33.383Z
st_asociacion-musical:39,ChIJyfpvN5ApQg0RTPhLUnKMIVI,st_asociacion-musical.json,APIFY_GOOGLE_MAPS_SCRAPER,asociación musical,PERFORMING,CULTURAL_ASSOCIATION,Madrid,AREA_BOUNDING_BOX,"Madrid, Comunidad de Madrid, España",39,2026-10-07T09:39:33.383Z
st_asociacion-musical:40,ChIJdwbjv9UnQg0RH0Vm90kjp_Y,st_asociacion-musical.json,APIFY_GOOGLE_MAPS_SCRAPER,asociación musical,PERFORMING,CULTURAL_ASSOCIATION,Madrid,AREA_BOUNDING_BOX,"Madrid, Comunidad de Madrid, España",40,2026-10-07T09:39:33.383Z
st_asociacion-musical:41,ChIJy0Hh83ooQg0RU0Ib3P-yYQg,st_asociacion-musical.json,APIFY_GOOGLE_MAPS_SCRAPER,asociación musical,PERFORMING,CULTURAL_ASSOCIATION,Madrid,AREA_BOUNDING_BOX,"Madrid, Comunidad de Madrid, España",41,2026-10-07T09:39:33.383Z
st_asociacion-musical:42,ChIJ1X-JWOQpQg0R9Cw9A32aVLs,st_asociacion-musical.json,APIFY_GOOGLE_MAPS_SCRAPER,asociación musical,PERFORMING,CULTURAL_ASSOCIATION,Madrid,AREA_BOUNDING_BOX,"Madrid, Comunidad de Madrid, España",42,2026-10-07T09:39:33.383Z
st_asociacion-musical:43,ChIJMfEFihApQg0RPsN3wRa4llY,st_asociacion-musical.json,APIFY_GOOGLE_MAPS_SCRAPER,asociación musical,PERFORMING,CULTURAL_ASSOCIATION,Madrid,AREA_BOUNDING_BOX,"Madrid, Comunidad de Madrid, España",43,2026-10-07T09:39:33.383Z
st_asociacion-musical:44,ChIJ0TIZ5hopQg0RFJMRTU2M32A,st_asociacion-musical.json,APIFY_GOOGLE_MAPS_SCRAPER,asociación musical,PERFORMING,CULTURAL_ASSOCIATION,Madrid,AREA_BOUNDING_BOX,"Madrid, Comunidad de Madrid, España",44,2026-10-07T09:39:33.383Z
st_asociacion-musical:45,ChIJ1R1_6oAoQg0RuBUQuElLpfY,st_asociacion-musical.json,APIFY_GOOGLE_MAPS_SCRAPER,asociación musical,PERFORMING,CULTURAL_ASSOCIATION,Madrid,AREA_BOUNDING_BOX,"Madrid, Comunidad de Madrid, España",45,2026-10-07T09:39:33.383Z
st_asociacion-musical:46,ChIJ51jGgjAnQg0RtrGEmmbQV20,st_asociacion-musical.json,APIFY_GOOGLE_MAPS_SCRAPER,asociación musical,PERFORMING,CULTURAL_ASSOCIATION,Madrid,AREA_BOUNDING_BOX,"Madrid, Comunidad de Madrid, España",46,2026-10-07T09:39:33.383Z
st_asociacion-musical:47,ChIJJVgcEukpQg0RkCkYTB6a528,st_asociacion-musical.json,APIFY_GOOGLE_MAPS_SCRAPER,asociación musical,PERFORMING,CULTURAL_ASSOCIATION,Madrid,AREA_BOUNDING_BOX,"Madrid, Comunidad de Madrid, España",47,2026-10-07T09:39:33.383Z
st_asociacion-musical:48,ChIJK89vw6FlUycRbpWXBfG8EGQ,st_asociacion-musical.json,APIFY_GOOGLE_MAPS_SCRAPER,asociación musical,PERFORMING,CULTURAL_ASSOCIATION,Madrid,AREA_BOUNDING_BOX,"Madrid, Comunidad de Madrid, España",48,2026-10-07T09:39:33.383Z
st_asociacion-musical:49,ChIJ8zBuMf0nQg0R0rWIPYi9DgA,st_asociacion-musical.json,APIFY_GOOGLE_MAPS_SCRAPER,asociación musical,PERFORMING,CULTURAL_ASSOCIATION,Madrid,AREA_BOUNDING_BOX,"Madrid, Comunidad de Madrid, España",49,2026-10-07T09:39:33.383Z
st_banda-de-musica:1,ChIJCcuXleEpQg0RR6WGZnOkzw4,st_banda-de-musica.json,APIFY_GOOGLE_MAPS_SCRAPER,banda de música,PERFORMING,BAND,Madrid,AREA_BOUNDING_BOX,"Madrid, Comunidad de Madrid, España",1,2026-10-07T09:39:12.281Z
st_banda-de-musica:2,ChIJWTeH1hmukGAR0LkZhkWERGc,st_banda-de-musica.json,APIFY_GOOGLE_MAPS_SCRAPER,banda de música,PERFORMING,BAND,Madrid,AREA_BOUNDING_BOX,"Madrid, Comunidad de Madrid, España",2,2026-10-07T09:39:12.281Z
st_banda-de-musica:3,ChIJ8f2oW9WycGYRt_J-G24SeLI,st_banda-de-musica.json,APIFY_GOOGLE_MAPS_SCRAPER,banda de música,PERFORMING,BAND,Madrid,AREA_BOUNDING_BOX,"Madrid, Comunidad de Madrid, España",3,2026-10-07T09:39:12.281Z
st_banda-de-musica:4,ChIJpaGWEMMgQg0R7fWoEEzLmPI,st_banda-de-musica.json,APIFY_GOOGLE_MAPS_SCRAPER,banda de música,PERFORMING,BAND,Madrid,AREA_BOUNDING_BOX,"Madrid, Comunidad de Madrid, España",4,2026-10-07T09:39:12.281Z
st_banda-de-musica:5,ChIJxwJAQsAuQg0RhXYynaHSWEM,st_banda-de-musica.json,APIFY_GOOGLE_MAPS_SCRAPER,banda de música,PERFORMING,BAND,Madrid,AREA_BOUNDING_BOX,"Madrid, Comunidad de Madrid, España",5,2026-10-07T09:39:12.281Z
st_banda-de-musica:6,ChIJ0VmxeukvQg0R31wd6NwsOyc,st_banda-de-musica.json,APIFY_GOOGLE_MAPS_SCRAPER,banda de música,PERFORMING,BAND,Madrid,AREA_BOUNDING_BOX,"Madrid, Comunidad de Madrid, España",6,2026-10-07T09:39:12.281Z
st_banda-de-musica:7,ChIJk7z3WQApQg0R6fjkw16VdVU,st_banda-de-musica.json,APIFY_GOOGLE_MAPS_SCRAPER,banda de música,PERFORMING,BAND,Madrid,AREA_BOUNDING_BOX,"Madrid, Comunidad de Madrid, España",7,2026-10-07T09:39:12.281Z
st_banda-de-musica:8,ChIJAbtJTAApQg0RPz9oOxJksfU,st_banda-de-musica.json,APIFY_GOOGLE_MAPS_SCRAPER,banda de música,PERFORMING,BAND,Madrid,AREA_BOUNDING_BOX,"Madrid, Comunidad de Madrid, España",8,2026-10-07T09:39:12.281Z
st_banda-de-musica:9,ChIJBZkAXt_VQw0Rzwc42MLCfJ4,st_banda-de-musica.json,APIFY_GOOGLE_MAPS_SCRAPER,banda de música,PERFORMING,BAND,Madrid,AREA_BOUNDING_BOX,"Madrid, Comunidad de Madrid, España",9,2026-10-07T09:39:12.281Z
st_banda-de-musica:10,ChIJm3DgYpYpQg0R_Y6dj-i8NB8,st_banda-de-musica.json,APIFY_GOOGLE_MAPS_SCRAPER,banda de música,PERFORMING,BAND,Madrid,AREA_BOUNDING_BOX,"Madrid, Comunidad de Madrid, España",10,2026-10-07T09:39:12.281Z
st_banda-de-musica:11,ChIJa4HOFN4oQg0RNv9GmM9x70E,st_banda-de-musica.json,APIFY_GOOGLE_MAPS_SCRAPER,banda de música,PERFORMING,BAND,Madrid,AREA_BOUNDING_BOX,"Madrid, Comunidad de Madrid, España",11,2026-10-07T09:39:12.281Z
st_banda-de-musica:12,ChIJmRG0VkJII2wRyOIcZtcyEt0,st_banda-de-musica.json,APIFY_GOOGLE_MAPS_SCRAPER,banda de música,PERFORMING,BAND,Madrid,AREA_BOUNDING_BOX,"Madrid, Comunidad de Madrid, España",12,2026-10-07T09:39:12.281Z
st_banda-de-musica:13,ChIJ5S9QwBspQg0R0NRVvgKA3Vk,st_banda-de-musica.json,APIFY_GOOGLE_MAPS_SCRAPER,banda de música,PERFORMING,BAND,Madrid,AREA_BOUNDING_BOX,"Madrid, Comunidad de Madrid, España",13,2026-10-07T09:39:12.281Z
st_banda-de-musica:14,ChIJJ7M5BGAnQg0RA-DFY8-ZJXw,st_banda-de-musica.json,APIFY_GOOGLE_MAPS_SCRAPER,banda de música,PERFORMING,BAND,Madrid,AREA_BOUNDING_BOX,"Madrid, Comunidad de Madrid, España",14,2026-10-07T09:39:12.281Z
st_banda-de-musica:15,ChIJDxg15e0uQg0RW6KtyoQsFdw,st_banda-de-musica.json,APIFY_GOOGLE_MAPS_SCRAPER,banda de música,PERFORMING,BAND,Madrid,AREA_BOUNDING_BOX,"Madrid, Comunidad de Madrid, España",15,2026-10-07T09:39:12.281Z
st_banda-de-musica:16,ChIJbVUBeowoQg0R7RCcpGLLva0,st_banda-de-musica.json,APIFY_GOOGLE_MAPS_SCRAPER,banda de música,PERFORMING,BAND,Madrid,AREA_BOUNDING_BOX,"Madrid, Comunidad de Madrid, España",16,2026-10-07T09:39:12.281Z
st_banda-de-musica:17,ChIJf738apwvQg0RTKA-lcWI5qc,st_banda-de-musica.json,APIFY_GOOGLE_MAPS_SCRAPER,banda de música,PERFORMING,BAND,Madrid,AREA_BOUNDING_BOX,"Madrid, Comunidad de Madrid, España",17,2026-10-07T09:39:12.281Z
st_banda-de-musica:18,ChIJm-HykgWIQQ0RNjNGciRkq_c,st_banda-de-musica.json,APIFY_GOOGLE_MAPS_SCRAPER,banda de música,PERFORMING,BAND,Madrid,AREA_BOUNDING_BOX,"Madrid, Comunidad de Madrid, España",18,2026-10-07T09:39:12.281Z
st_banda-de-musica:19,ChIJFTZsvmgnQg0R4Jt6cSCvJcU,st_banda-de-musica.json,APIFY_GOOGLE_MAPS_SCRAPER,banda de música,PERFORMING,BAND,Madrid,AREA_BOUNDING_BOX,"Madrid, Comunidad de Madrid, España",19,2026-10-07T09:39:12.281Z
st_banda-de-musica:20,ChIJc4nowoSOQQ0RXoZCXcVPWCw,st_banda-de-musica.json,APIFY_GOOGLE_MAPS_SCRAPER,banda de música,PERFORMING,BAND,Madrid,AREA_BOUNDING_BOX,"Madrid, Comunidad de Madrid, España",20,2026-10-07T09:39:12.281Z
st_banda-de-musica:21,ChIJdyt9YO0pQg0RIAI4r5803lo,st_banda-de-musica.json,APIFY_GOOGLE_MAPS_SCRAPER,banda de música,PERFORMING,BAND,Madrid,AREA_BOUNDING_BOX,"Madrid, Comunidad de Madrid, España",21,2026-10-07T09:39:12.281Z
st_banda-de-musica:22,ChIJsbC1t_mNQQ0Rys88JktnXJo,st_banda-de-musica.json,APIFY_GOOGLE_MAPS_SCRAPER,banda de música,PERFORMING,BAND,Madrid,AREA_BOUNDING_BOX,"Madrid, Comunidad de Madrid, España",22,2026-10-07T09:39:12.281Z
st_banda-de-musica:23,ChIJq6petPwnQg0RFA5DjUe_BTs,st_banda-de-musica.json,APIFY_GOOGLE_MAPS_SCRAPER,banda de música,PERFORMING,BAND,Madrid,AREA_BOUNDING_BOX,"Madrid, Comunidad de Madrid, España",23,2026-10-07T09:39:12.281Z
st_banda-de-musica:24,ChIJfwKmQu8pQg0R4Mg8Wo576tw,st_banda-de-musica.json,APIFY_GOOGLE_MAPS_SCRAPER,banda de música,PERFORMING,BAND,Madrid,AREA_BOUNDING_BOX,"Madrid, Comunidad de Madrid, España",24,2026-10-07T09:39:12.281Z
st_banda-de-musica:25,ChIJs6j9AQWHQQ0RpIZHeUAn50g,st_banda-de-musica.json,APIFY_GOOGLE_MAPS_SCRAPER,banda de música,PERFORMING,BAND,Madrid,AREA_BOUNDING_BOX,"Madrid, Comunidad de Madrid, España",25,2026-10-07T09:39:12.281Z
st_banda-de-musica:26,ChIJqZcWTcspQg0RR1vWpmSH5ZM,st_banda-de-musica.json,APIFY_GOOGLE_MAPS_SCRAPER,banda de música,PERFORMING,BAND,Madrid,AREA_BOUNDING_BOX,"Madrid, Comunidad de Madrid, España",26,2026-10-07T09:39:12.281Z
st_banda-de-musica:27,ChIJM4tTzn8oQg0RDweyAbJl8R4,st_banda-de-musica.json,APIFY_GOOGLE_MAPS_SCRAPER,banda de música,PERFORMING,BAND,Madrid,AREA_BOUNDING_BOX,"Madrid, Comunidad de Madrid, España",27,2026-10-07T09:39:12.281Z
st_banda-de-musica:28,ChIJ0wDafZGNQQ0RUXFdJTLW8Cs,st_banda-de-musica.json,APIFY_GOOGLE_MAPS_SCRAPER,banda de música,PERFORMING,BAND,Madrid,AREA_BOUNDING_BOX,"Madrid, Comunidad de Madrid, España",28,2026-10-07T09:39:12.281Z
st_banda-de-musica:29,ChIJ59InMKovQg0RAcCRTiemHBo,st_banda-de-musica.json,APIFY_GOOGLE_MAPS_SCRAPER,banda de música,PERFORMING,BAND,Madrid,AREA_BOUNDING_BOX,"Madrid, Comunidad de Madrid, España",29,2026-10-07T09:39:12.281Z
st_banda-de-musica:30,ChIJf14DnCMpQg0RL22hYFB8sbY,st_banda-de-musica.json,APIFY_GOOGLE_MAPS_SCRAPER,banda de música,PERFORMING,BAND,Madrid,AREA_BOUNDING_BOX,"Madrid, Comunidad de Madrid, España",30,2026-10-07T09:39:12.281Z
st_banda-de-musica:31,ChIJ5c7SPjsrQg0RlOSBsFAh2fE,st_banda-de-musica.json,APIFY_GOOGLE_MAPS_SCRAPER,banda de música,PERFORMING,BAND,Madrid,AREA_BOUNDING_BOX,"Madrid, Comunidad de Madrid, España",31,2026-10-07T09:39:12.281Z
st_banda-de-musica:32,ChIJTXTeCQApQg0R4_naGVdCUFM,st_banda-de-musica.json,APIFY_GOOGLE_MAPS_SCRAPER,banda de música,PERFORMING,BAND,Madrid,AREA_BOUNDING_BOX,"Madrid, Comunidad de Madrid, España",32,2026-10-07T09:39:12.281Z
st_banda-de-musica:33,ChIJ6YPZAQwpQg0RhH5qTyc_dpE,st_banda-de-musica.json,APIFY_GOOGLE_MAPS_SCRAPER,banda de música,PERFORMING,BAND,Madrid,AREA_BOUNDING_BOX,"Madrid, Comunidad de Madrid, España",33,2026-10-07T09:39:12.281Z
st_banda-de-musica:34,ChIJCQAslvrfS0kRH6dfm9x8JH0,st_banda-de-musica.json,APIFY_GOOGLE_MAPS_SCRAPER,banda de música,PERFORMING,BAND,Madrid,AREA_BOUNDING_BOX,"Madrid, Comunidad de Madrid, España",34,2026-10-07T09:39:12.281Z
st_banda-de-musica:35,ChIJPUYLLgYpQg0RQVfbrkZofl8,st_banda-de-musica.json,APIFY_GOOGLE_MAPS_SCRAPER,banda de música,PERFORMING,BAND,Madrid,AREA_BOUNDING_BOX,"Madrid, Comunidad de Madrid, España",35,2026-10-07T09:39:12.281Z
st_banda-de-musica:36,ChIJD4LODxFz8iMRHoF4IRneF_U,st_banda-de-musica.json,APIFY_GOOGLE_MAPS_SCRAPER,banda de música,PERFORMING,BAND,Madrid,AREA_BOUNDING_BOX,"Madrid, Comunidad de Madrid, España",36,2026-10-07T09:39:12.281Z
st_banda-de-musica:37,ChIJhy0JOpspQg0R7b6xe9urVcc,st_banda-de-musica.json,APIFY_GOOGLE_MAPS_SCRAPER,banda de música,PERFORMING,BAND,Madrid,AREA_BOUNDING_BOX,"Madrid, Comunidad de Madrid, España",37,2026-10-07T09:39:12.281Z
st_banda-de-musica:38,ChIJ0SW7swEpQg0RBR2lusCUfqo,st_banda-de-musica.json,APIFY_GOOGLE_MAPS_SCRAPER,banda de música,PERFORMING,BAND,Madrid,AREA_BOUNDING_BOX,"Madrid, Comunidad de Madrid, España",38,2026-10-07T09:39:12.281Z
st_banda-de-musica:39,ChIJh4fab8goQg0RjBrHzfui4BA,st_banda-de-musica.json,APIFY_GOOGLE_MAPS_SCRAPER,banda de música,PERFORMING,BAND,Madrid,AREA_BOUNDING_BOX,"Madrid, Comunidad de Madrid, España",39,2026-10-07T09:39:12.281Z
st_banda-de-musica:40,ChIJQytL2nGGQQ0R2SwlmOWocls,st_banda-de-musica.json,APIFY_GOOGLE_MAPS_SCRAPER,banda de música,PERFORMING,BAND,Madrid,AREA_BOUNDING_BOX,"Madrid, Comunidad de Madrid, España",40,2026-10-07T09:39:12.281Z
st_banda-de-musica:41,ChIJp2zzGqolQg0R607bGX9bvWg,st_banda-de-musica.json,APIFY_GOOGLE_MAPS_SCRAPER,banda de música,PERFORMING,BAND,Madrid,AREA_BOUNDING_BOX,"Madrid, Comunidad de Madrid, España",41,2026-10-07T09:39:12.281Z
st_banda-de-musica:42,ChIJv7LctDgpQg0R_oiqN5L35Ds,st_banda-de-musica.json,APIFY_GOOGLE_MAPS_SCRAPER,banda de música,PERFORMING,BAND,Madrid,AREA_BOUNDING_BOX,"Madrid, Comunidad de Madrid, España",42,2026-10-07T09:39:12.281Z
st_banda-de-musica:43,ChIJ3VoG1IAvQg0R9LxBHE9P9OQ,st_banda-de-musica.json,APIFY_GOOGLE_MAPS_SCRAPER,banda de música,PERFORMING,BAND,Madrid,AREA_BOUNDING_BOX,"Madrid, Comunidad de Madrid, España",43,2026-10-07T09:39:12.281Z
st_banda-de-musica:44,ChIJe672dzQpQg0RDX-ac1Y6dh4,st_banda-de-musica.json,APIFY_GOOGLE_MAPS_SCRAPER,banda de música,PERFORMING,BAND,Madrid,AREA_BOUNDING_BOX,"Madrid, Comunidad de Madrid, España",44,2026-10-07T09:39:12.281Z
st_banda-de-musica:45,ChIJvRJon5spQg0RLWCOGDBMI7c,st_banda-de-musica.json,APIFY_GOOGLE_MAPS_SCRAPER,banda de música,PERFORMING,BAND,Madrid,AREA_BOUNDING_BOX,"Madrid, Comunidad de Madrid, España",45,2026-10-07T09:39:12.281Z
st_banda-de-musica:46,ChIJAQCwyN4uQg0RR1TWMHh4Bp4,st_banda-de-musica.json,APIFY_GOOGLE_MAPS_SCRAPER,banda de música,PERFORMING,BAND,Madrid,AREA_BOUNDING_BOX,"Madrid, Comunidad de Madrid, España",46,2026-10-07T09:39:12.281Z
st_conservatorio:1,ChIJmwVqZwYpQg0R2Ulo34BUCeo,st_conservatorio.json,APIFY_GOOGLE_MAPS_SCRAPER,conservatorio,EDUCATION,CONSERVATORY,Madrid,AREA_BOUNDING_BOX,"Madrid, Comunidad de Madrid, España",1,2026-10-07T09:38:49.885Z
st_conservatorio:2,ChIJD2ZXmSgvQg0R6tYKMeChbdM,st_conservatorio.json,APIFY_GOOGLE_MAPS_SCRAPER,conservatorio,EDUCATION,CONSERVATORY,Madrid,AREA_BOUNDING_BOX,"Madrid, Comunidad de Madrid, España",2,2026-10-07T09:38:49.885Z
st_conservatorio:3,ChIJ6zuOjGQoQg0RWFBPemkTD-g,st_conservatorio.json,APIFY_GOOGLE_MAPS_SCRAPER,conservatorio,EDUCATION,CONSERVATORY,Madrid,AREA_BOUNDING_BOX,"Madrid, Comunidad de Madrid, España",3,2026-10-07T09:38:49.885Z
st_conservatorio:4,ChIJ7w432ygmQg0RKQ4uUCT65ko,st_conservatorio.json,APIFY_GOOGLE_MAPS_SCRAPER,conservatorio,EDUCATION,CONSERVATORY,Madrid,AREA_BOUNDING_BOX,"Madrid, Comunidad de Madrid, España",4,2026-10-07T09:38:49.885Z
st_conservatorio:5,ChIJI_zz8-4mQg0RuFuLrj4oFkU,st_conservatorio.json,APIFY_GOOGLE_MAPS_SCRAPER,conservatorio,EDUCATION,CONSERVATORY,Madrid,AREA_BOUNDING_BOX,"Madrid, Comunidad de Madrid, España",5,2026-10-07T09:38:49.885Z
st_conservatorio:6,ChIJgzdx8WsoQg0RbNcpaIE6cl4,st_conservatorio.json,APIFY_GOOGLE_MAPS_SCRAPER,conservatorio,EDUCATION,CONSERVATORY,Madrid,AREA_BOUNDING_BOX,"Madrid, Comunidad de Madrid, España",6,2026-10-07T09:38:49.885Z
st_conservatorio:7,ChIJS7lD8wKIQQ0Rg6gD6by0DHE,st_conservatorio.json,APIFY_GOOGLE_MAPS_SCRAPER,conservatorio,EDUCATION,CONSERVATORY,Madrid,AREA_BOUNDING_BOX,"Madrid, Comunidad de Madrid, España",7,2026-10-07T09:38:49.885Z
st_conservatorio:8,ChIJdz4hpJwpQg0RuD4GbcjN7l4,st_conservatorio.json,APIFY_GOOGLE_MAPS_SCRAPER,conservatorio,EDUCATION,CONSERVATORY,Madrid,AREA_BOUNDING_BOX,"Madrid, Comunidad de Madrid, España",8,2026-10-07T09:38:49.885Z
st_conservatorio:9,ChIJVTTp1FMoQg0RLsCrapU-NMo,st_conservatorio.json,APIFY_GOOGLE_MAPS_SCRAPER,conservatorio,EDUCATION,CONSERVATORY,Madrid,AREA_BOUNDING_BOX,"Madrid, Comunidad de Madrid, España",9,2026-10-07T09:38:49.885Z
st_conservatorio:10,ChIJJ0qem4yEQQ0Rq10C32dcWs0,st_conservatorio.json,APIFY_GOOGLE_MAPS_SCRAPER,conservatorio,EDUCATION,CONSERVATORY,Madrid,AREA_BOUNDING_BOX,"Madrid, Comunidad de Madrid, España",10,2026-10-07T09:38:49.885Z
st_conservatorio:11,ChIJT35oMlYoQg0RrQAb8YM6lFc,st_conservatorio.json,APIFY_GOOGLE_MAPS_SCRAPER,conservatorio,EDUCATION,CONSERVATORY,Madrid,AREA_BOUNDING_BOX,"Madrid, Comunidad de Madrid, España",11,2026-10-07T09:38:49.885Z
st_conservatorio:12,ChIJ0UhLGCSKQQ0RC3_oScpbN0g,st_conservatorio.json,APIFY_GOOGLE_MAPS_SCRAPER,conservatorio,EDUCATION,CONSERVATORY,Madrid,AREA_BOUNDING_BOX,"Madrid, Comunidad de Madrid, España",12,2026-10-07T09:38:49.885Z
st_conservatorio:13,ChIJNYt5kjmJQQ0ROwo31p1p0_Q,st_conservatorio.json,APIFY_GOOGLE_MAPS_SCRAPER,conservatorio,EDUCATION,CONSERVATORY,Madrid,AREA_BOUNDING_BOX,"Madrid, Comunidad de Madrid, España",13,2026-10-07T09:38:49.885Z
st_conservatorio:14,ChIJL1drEWcpQg0RmZmYLakSxjk,st_conservatorio.json,APIFY_GOOGLE_MAPS_SCRAPER,conservatorio,EDUCATION,CONSERVATORY,Madrid,AREA_BOUNDING_BOX,"Madrid, Comunidad de Madrid, España",14,2026-10-07T09:38:49.885Z
st_conservatorio:15,ChIJncGxaGMoQg0RMRCTJoF2bjo,st_conservatorio.json,APIFY_GOOGLE_MAPS_SCRAPER,conservatorio,EDUCATION,CONSERVATORY,Madrid,AREA_BOUNDING_BOX,"Madrid, Comunidad de Madrid, España",15,2026-10-07T09:38:49.885Z
st_conservatorio:16,ChIJv7NT_3gpQg0Rvh1ehykUPWc,st_conservatorio.json,APIFY_GOOGLE_MAPS_SCRAPER,conservatorio,EDUCATION,CONSERVATORY,Madrid,AREA_BOUNDING_BOX,"Madrid, Comunidad de Madrid, España",16,2026-10-07T09:38:49.885Z
st_conservatorio:17,ChIJg3erThcoQg0Rm1rvlrpCvGU,st_conservatorio.json,APIFY_GOOGLE_MAPS_SCRAPER,conservatorio,EDUCATION,CONSERVATORY,Madrid,AREA_BOUNDING_BOX,"Madrid, Comunidad de Madrid, España",17,2026-10-07T09:38:49.885Z
st_conservatorio:18,ChIJlTM0jI4nQg0RwSQGocNlAtA,st_conservatorio.json,APIFY_GOOGLE_MAPS_SCRAPER,conservatorio,EDUCATION,CONSERVATORY,Madrid,AREA_BOUNDING_BOX,"Madrid, Comunidad de Madrid, España",18,2026-10-07T09:38:49.885Z
st_conservatorio:19,ChIJpTCBLyqMQQ0ROWN7Nt4KspE,st_conservatorio.json,APIFY_GOOGLE_MAPS_SCRAPER,conservatorio,EDUCATION,CONSERVATORY,Madrid,AREA_BOUNDING_BOX,"Madrid, Comunidad de Madrid, España",19,2026-10-07T09:38:49.885Z
st_conservatorio:20,ChIJO1fiZwAvQg0RAXidXv2_NWE,st_conservatorio.json,APIFY_GOOGLE_MAPS_SCRAPER,conservatorio,EDUCATION,CONSERVATORY,Madrid,AREA_BOUNDING_BOX,"Madrid, Comunidad de Madrid, España",20,2026-10-07T09:38:49.885Z
st_conservatorio:21,ChIJaUG1RDspQg0RV2njIJfAHy8,st_conservatorio.json,APIFY_GOOGLE_MAPS_SCRAPER,conservatorio,EDUCATION,CONSERVATORY,Madrid,AREA_BOUNDING_BOX,"Madrid, Comunidad de Madrid, España",21,2026-10-07T09:38:49.885Z
st_conservatorio:22,ChIJI_zz8-4mQg0Rf-TCwbjiJKI,st_conservatorio.json,APIFY_GOOGLE_MAPS_SCRAPER,conservatorio,EDUCATION,CONSERVATORY,Madrid,AREA_BOUNDING_BOX,"Madrid, Comunidad de Madrid, España",22,2026-10-07T09:38:49.886Z
st_conservatorio:23,ChIJiUBukigvQg0RLKld20j3Hpw,st_conservatorio.json,APIFY_GOOGLE_MAPS_SCRAPER,conservatorio,EDUCATION,CONSERVATORY,Madrid,AREA_BOUNDING_BOX,"Madrid, Comunidad de Madrid, España",23,2026-10-07T09:38:49.886Z
st_conservatorio:24,ChIJkzqszK0pQg0RPK8gNuCjkXw,st_conservatorio.json,APIFY_GOOGLE_MAPS_SCRAPER,conservatorio,EDUCATION,CONSERVATORY,Madrid,AREA_BOUNDING_BOX,"Madrid, Comunidad de Madrid, España",24,2026-10-07T09:38:49.886Z
st_conservatorio:25,ChIJ3fIGFR8pQg0RyXIVcAmrRvc,st_conservatorio.json,APIFY_GOOGLE_MAPS_SCRAPER,conservatorio,EDUCATION,CONSERVATORY,Madrid,AREA_BOUNDING_BOX,"Madrid, Comunidad de Madrid, España",25,2026-10-07T09:38:49.886Z
st_conservatorio:26,ChIJj6KwKk0vQg0RILSEQnIqBNY,st_conservatorio.json,APIFY_GOOGLE_MAPS_SCRAPER,conservatorio,EDUCATION,CONSERVATORY,Madrid,AREA_BOUNDING_BOX,"Madrid, Comunidad de Madrid, España",26,2026-10-07T09:38:49.886Z
st_conservatorio:27,ChIJPzRSq9EoQg0RNlYPLmtrZ7E,st_conservatorio.json,APIFY_GOOGLE_MAPS_SCRAPER,conservatorio,EDUCATION,CONSERVATORY,Madrid,AREA_BOUNDING_BOX,"Madrid, Comunidad de Madrid, España",27,2026-10-07T09:38:49.886Z
st_conservatorio:28,ChIJV6RufpopQg0RqLcawmUIj1I,st_conservatorio.json,APIFY_GOOGLE_MAPS_SCRAPER,conservatorio,EDUCATION,CONSERVATORY,Madrid,AREA_BOUNDING_BOX,"Madrid, Comunidad de Madrid, España",28,2026-10-07T09:38:49.886Z
st_conservatorio:29,ChIJLdVjCVcpQg0RGMwy5Eyni0M,st_conservatorio.json,APIFY_GOOGLE_MAPS_SCRAPER,conservatorio,EDUCATION,CONSERVATORY,Madrid,AREA_BOUNDING_BOX,"Madrid, Comunidad de Madrid, España",29,2026-10-07T09:38:49.886Z
st_conservatorio:30,ChIJUSq3iGkoQg0RNwlG8ONB9cc,st_conservatorio.json,APIFY_GOOGLE_MAPS_SCRAPER,conservatorio,EDUCATION,CONSERVATORY,Madrid,AREA_BOUNDING_BOX,"Madrid, Comunidad de Madrid, España",30,2026-10-07T09:38:49.886Z
st_conservatorio:31,ChIJaZM_ciApQg0RBFuR-YveNiQ,st_conservatorio.json,APIFY_GOOGLE_MAPS_SCRAPER,conservatorio,EDUCATION,CONSERVATORY,Madrid,AREA_BOUNDING_BOX,"Madrid, Comunidad de Madrid, España",31,2026-10-07T09:38:49.886Z
st_conservatorio:32,ChIJfQ1zQ2IoQg0RCrfn-zQHarU,st_conservatorio.json,APIFY_GOOGLE_MAPS_SCRAPER,conservatorio,EDUCATION,CONSERVATORY,Madrid,AREA_BOUNDING_BOX,"Madrid, Comunidad de Madrid, España",32,2026-10-07T09:38:49.886Z
st_conservatorio:33,ChIJn1Wb2N0oQg0Rtg8cd-XeRvM,st_conservatorio.json,APIFY_GOOGLE_MAPS_SCRAPER,conservatorio,EDUCATION,CONSERVATORY,Madrid,AREA_BOUNDING_BOX,"Madrid, Comunidad de Madrid, España",33,2026-10-07T09:38:49.886Z
st_conservatorio:34,ChIJY14WKlgoQg0R6I_DpDZTUD4,st_conservatorio.json,APIFY_GOOGLE_MAPS_SCRAPER,conservatorio,EDUCATION,CONSERVATORY,Madrid,AREA_BOUNDING_BOX,"Madrid, Comunidad de Madrid, España",34,2026-10-07T09:38:49.886Z
st_conservatorio:35,ChIJ7TcJYV8oQg0RAwYkMn9VMwI,st_conservatorio.json,APIFY_GOOGLE_MAPS_SCRAPER,conservatorio,EDUCATION,CONSERVATORY,Madrid,AREA_BOUNDING_BOX,"Madrid, Comunidad de Madrid, España",35,2026-10-07T09:38:49.886Z
st_conservatorio:36,ChIJQfVbrNMnQg0Rtt6RkKmHCuo,st_conservatorio.json,APIFY_GOOGLE_MAPS_SCRAPER,conservatorio,EDUCATION,CONSERVATORY,Madrid,AREA_BOUNDING_BOX,"Madrid, Comunidad de Madrid, España",36,2026-10-07T09:38:49.886Z
st_conservatorio:37,ChIJ7_2XAzowQg0R3jLklNQUNpM,st_conservatorio.json,APIFY_GOOGLE_MAPS_SCRAPER,conservatorio,EDUCATION,CONSERVATORY,Madrid,AREA_BOUNDING_BOX,"Madrid, Comunidad de Madrid, España",37,2026-10-07T09:38:49.886Z
st_conservatorio:38,ChIJyT-KAQAvQg0RyrYYRNxd7EQ,st_conservatorio.json,APIFY_GOOGLE_MAPS_SCRAPER,conservatorio,EDUCATION,CONSERVATORY,Madrid,AREA_BOUNDING_BOX,"Madrid, Comunidad de Madrid, España",38,2026-10-07T09:38:49.886Z
st_conservatorio:39,ChIJc95BBwYvQg0RFzfgk8tWmAI,st_conservatorio.json,APIFY_GOOGLE_MAPS_SCRAPER,conservatorio,EDUCATION,CONSERVATORY,Madrid,AREA_BOUNDING_BOX,"Madrid, Comunidad de Madrid, España",39,2026-10-07T09:38:49.886Z
st_conservatorio:40,ChIJsbNQydouQg0R5qCXHvHiijk,st_conservatorio.json,APIFY_GOOGLE_MAPS_SCRAPER,conservatorio,EDUCATION,CONSERVATORY,Madrid,AREA_BOUNDING_BOX,"Madrid, Comunidad de Madrid, España",40,2026-10-07T09:38:49.886Z
st_conservatorio:41,ChIJAziHcrIpQg0Rr8OHWUhl2QU,st_conservatorio.json,APIFY_GOOGLE_MAPS_SCRAPER,conservatorio,EDUCATION,CONSERVATORY,Madrid,AREA_BOUNDING_BOX,"Madrid, Comunidad de Madrid, España",41,2026-10-07T09:38:49.886Z
st_conservatorio:42,ChIJOwQcscQoQg0RkXwH5HhOTr0,st_conservatorio.json,APIFY_GOOGLE_MAPS_SCRAPER,conservatorio,EDUCATION,CONSERVATORY,Madrid,AREA_BOUNDING_BOX,"Madrid, Comunidad de Madrid, España",42,2026-10-07T09:38:49.886Z
st_conservatorio:43,ChIJ76R6jY4nQg0RU1JZhRicWg4,st_conservatorio.json,APIFY_GOOGLE_MAPS_SCRAPER,conservatorio,EDUCATION,CONSERVATORY,Madrid,AREA_BOUNDING_BOX,"Madrid, Comunidad de Madrid, España",43,2026-10-07T09:38:49.886Z
st_conservatorio:44,ChIJCZ5PXAEpQg0REWvKsv4a16M,st_conservatorio.json,APIFY_GOOGLE_MAPS_SCRAPER,conservatorio,EDUCATION,CONSERVATORY,Madrid,AREA_BOUNDING_BOX,"Madrid, Comunidad de Madrid, España",44,2026-10-07T09:38:49.886Z
st_conservatorio:45,ChIJRVb7JbooQg0Rb13AZQvDyog,st_conservatorio.json,APIFY_GOOGLE_MAPS_SCRAPER,conservatorio,EDUCATION,CONSERVATORY,Madrid,AREA_BOUNDING_BOX,"Madrid, Comunidad de Madrid, España",45,2026-10-07T09:38:49.886Z
st_conservatorio:46,ChIJyS1_ko4nQg0R1bEa8kHX6To,st_conservatorio.json,APIFY_GOOGLE_MAPS_SCRAPER,conservatorio,EDUCATION,CONSERVATORY,Madrid,AREA_BOUNDING_BOX,"Madrid, Comunidad de Madrid, España",46,2026-10-07T09:38:49.886Z
st_conservatorio:47,ChIJ3wT5lR8rQg0Rgt17K0Vg9EE,st_conservatorio.json,APIFY_GOOGLE_MAPS_SCRAPER,conservatorio,EDUCATION,CONSERVATORY,Madrid,AREA_BOUNDING_BOX,"Madrid, Comunidad de Madrid, España",47,2026-10-07T09:38:49.886Z
st_conservatorio:48,ChIJoRbFmcgoQg0RFMk6FdKErPw,st_conservatorio.json,APIFY_GOOGLE_MAPS_SCRAPER,conservatorio,EDUCATION,CONSERVATORY,Madrid,AREA_BOUNDING_BOX,"Madrid, Comunidad de Madrid, España",48,2026-10-07T09:38:49.886Z
st_coro:1,ChIJdz4hpJwpQg0R_Wkm4uOZcYc,st_coro.json,APIFY_GOOGLE_MAPS_SCRAPER,coro,PERFORMING,CHOIR,Madrid,AREA_BOUNDING_BOX,"Madrid, Comunidad de Madrid, España",1,2026-10-07T09:39:23.600Z
st_coro:2,ChIJHwV1cBYpQg0R1fXMhDbj3e4,st_coro.json,APIFY_GOOGLE_MAPS_SCRAPER,coro,PERFORMING,CHOIR,Madrid,AREA_BOUNDING_BOX,"Madrid, Comunidad de Madrid, España",2,2026-10-07T09:39:23.600Z
st_coro:3,ChIJ6YPZAQwpQg0RhH5qTyc_dpE,st_coro.json,APIFY_GOOGLE_MAPS_SCRAPER,coro,PERFORMING,CHOIR,Madrid,AREA_BOUNDING_BOX,"Madrid, Comunidad de Madrid, España",3,2026-10-07T09:39:23.600Z
st_coro:4,ChIJkYNcsuMpQg0RFw3aClL5Tzs,st_coro.json,APIFY_GOOGLE_MAPS_SCRAPER,coro,PERFORMING,CHOIR,Madrid,AREA_BOUNDING_BOX,"Madrid, Comunidad de Madrid, España",4,2026-10-07T09:39:23.600Z
st_coro:5,ChIJE43p2sAuQg0Rl34np4OCQ-E,st_coro.json,APIFY_GOOGLE_MAPS_SCRAPER,coro,PERFORMING,CHOIR,Madrid,AREA_BOUNDING_BOX,"Madrid, Comunidad de Madrid, España",5,2026-10-07T09:39:23.600Z
st_coro:6,ChIJ7_2XAzowQg0R3jLklNQUNpM,st_coro.json,APIFY_GOOGLE_MAPS_SCRAPER,coro,PERFORMING,CHOIR,Madrid,AREA_BOUNDING_BOX,"Madrid, Comunidad de Madrid, España",6,2026-10-07T09:39:23.600Z
st_coro:7,ChIJnS0zJcwpQg0RpMl05-ZSaSM,st_coro.json,APIFY_GOOGLE_MAPS_SCRAPER,coro,PERFORMING,CHOIR,Madrid,AREA_BOUNDING_BOX,"Madrid, Comunidad de Madrid, España",7,2026-10-07T09:39:23.600Z
st_coro:8,ChIJ7R_aY2EoQg0RPRCqPhMe6Ro,st_coro.json,APIFY_GOOGLE_MAPS_SCRAPER,coro,PERFORMING,CHOIR,Madrid,AREA_BOUNDING_BOX,"Madrid, Comunidad de Madrid, España",8,2026-10-07T09:39:23.600Z
st_coro:9,ChIJU7IVnHsvQg0RyVOGRE2vjlU,st_coro.json,APIFY_GOOGLE_MAPS_SCRAPER,coro,PERFORMING,CHOIR,Madrid,AREA_BOUNDING_BOX,"Madrid, Comunidad de Madrid, España",9,2026-10-07T09:39:23.600Z
st_coro:10,ChIJpyYT0NYpQg0R-h7aiIyc9us,st_coro.json,APIFY_GOOGLE_MAPS_SCRAPER,coro,PERFORMING,CHOIR,Madrid,AREA_BOUNDING_BOX,"Madrid, Comunidad de Madrid, España",10,2026-10-07T09:39:23.600Z
st_coro:11,ChIJBUScLZEoQg0RPyu2pjIzksA,st_coro.json,APIFY_GOOGLE_MAPS_SCRAPER,coro,PERFORMING,CHOIR,Madrid,AREA_BOUNDING_BOX,"Madrid, Comunidad de Madrid, España",11,2026-10-07T09:39:23.600Z
st_coro:12,ChIJ5V-7_bsoQg0Rpcx3gwnYd3c,st_coro.json,APIFY_GOOGLE_MAPS_SCRAPER,coro,PERFORMING,CHOIR,Madrid,AREA_BOUNDING_BOX,"Madrid, Comunidad de Madrid, España",12,2026-10-07T09:39:23.600Z
st_coro:13,ChIJE8R0PTcpQg0Rp0GGy-3kG5U,st_coro.json,APIFY_GOOGLE_MAPS_SCRAPER,coro,PERFORMING,CHOIR,Madrid,AREA_BOUNDING_BOX,"Madrid, Comunidad de Madrid, España",13,2026-10-07T09:39:23.600Z
st_coro:14,ChIJMymoWgAnQg0R7vW9xhIpgAY,st_coro.json,APIFY_GOOGLE_MAPS_SCRAPER,coro,PERFORMING,CHOIR,Madrid,AREA_BOUNDING_BOX,"Madrid, Comunidad de Madrid, España",14,2026-10-07T09:39:23.600Z
st_coro:15,ChIJZ6phnV0oQg0RzQaDT1s-LJs,st_coro.json,APIFY_GOOGLE_MAPS_SCRAPER,coro,PERFORMING,CHOIR,Madrid,AREA_BOUNDING_BOX,"Madrid, Comunidad de Madrid, España",15,2026-10-07T09:39:23.600Z
st_coro:16,ChIJh8ubrBIoQg0RAYnNUXgbAR0,st_coro.json,APIFY_GOOGLE_MAPS_SCRAPER,coro,PERFORMING,CHOIR,Madrid,AREA_BOUNDING_BOX,"Madrid, Comunidad de Madrid, España",16,2026-10-07T09:39:23.600Z
st_coro:17,ChIJVVVp3pQoQg0Ru1W2IFGdYWY,st_coro.json,APIFY_GOOGLE_MAPS_SCRAPER,coro,PERFORMING,CHOIR,Madrid,AREA_BOUNDING_BOX,"Madrid, Comunidad de Madrid, España",17,2026-10-07T09:39:23.600Z
st_coro:18,ChIJ7zGlYComQg0R2p0ONIgkySU,st_coro.json,APIFY_GOOGLE_MAPS_SCRAPER,coro,PERFORMING,CHOIR,Madrid,AREA_BOUNDING_BOX,"Madrid, Comunidad de Madrid, España",18,2026-10-07T09:39:23.600Z
st_coro:19,ChIJb6ZeZAApQg0RcQnpBhYA4-c,st_coro.json,APIFY_GOOGLE_MAPS_SCRAPER,coro,PERFORMING,CHOIR,Madrid,AREA_BOUNDING_BOX,"Madrid, Comunidad de Madrid, España",19,2026-10-07T09:39:23.600Z
st_coro:20,ChIJ84UMMRQnQg0RWZOIBsMmoy8,st_coro.json,APIFY_GOOGLE_MAPS_SCRAPER,coro,PERFORMING,CHOIR,Madrid,AREA_BOUNDING_BOX,"Madrid, Comunidad de Madrid, España",20,2026-10-07T09:39:23.600Z
st_coro:21,ChIJWwje4ygmQg0Rpd3a0UGttsw,st_coro.json,APIFY_GOOGLE_MAPS_SCRAPER,coro,PERFORMING,CHOIR,Madrid,AREA_BOUNDING_BOX,"Madrid, Comunidad de Madrid, España",21,2026-10-07T09:39:23.600Z
st_coro:22,ChIJbUPXwH4oQg0R6tVWcKSzLY8,st_coro.json,APIFY_GOOGLE_MAPS_SCRAPER,coro,PERFORMING,CHOIR,Madrid,AREA_BOUNDING_BOX,"Madrid, Comunidad de Madrid, España",22,2026-10-07T09:39:23.600Z
st_coro:23,ChIJ-2hAITQmQg0RFiLNpFvDQMg,st_coro.json,APIFY_GOOGLE_MAPS_SCRAPER,coro,PERFORMING,CHOIR,Madrid,AREA_BOUNDING_BOX,"Madrid, Comunidad de Madrid, España",23,2026-10-07T09:39:23.600Z
st_coro:24,ChIJh7SiR8cpQg0R-dDcTQFiRw8,st_coro.json,APIFY_GOOGLE_MAPS_SCRAPER,coro,PERFORMING,CHOIR,Madrid,AREA_BOUNDING_BOX,"Madrid, Comunidad de Madrid, España",24,2026-10-07T09:39:23.600Z
st_coro:25,ChIJP29ICCiIQQ0RBC1LNdXCB9A,st_coro.json,APIFY_GOOGLE_MAPS_SCRAPER,coro,PERFORMING,CHOIR,Madrid,AREA_BOUNDING_BOX,"Madrid, Comunidad de Madrid, España",25,2026-10-07T09:39:23.600Z
st_coro:26,ChIJu8zCDoMpQg0RRlTGrTrmk_s,st_coro.json,APIFY_GOOGLE_MAPS_SCRAPER,coro,PERFORMING,CHOIR,Madrid,AREA_BOUNDING_BOX,"Madrid, Comunidad de Madrid, España",26,2026-10-07T09:39:23.600Z
st_coro:27,ChIJw_SIDSoyQg0RhNSfZAjVRZk,st_coro.json,APIFY_GOOGLE_MAPS_SCRAPER,coro,PERFORMING,CHOIR,Madrid,AREA_BOUNDING_BOX,"Madrid, Comunidad de Madrid, España",27,2026-10-07T09:39:23.600Z
st_coro:28,ChIJL1Neb8slQg0RDM3GYRvOVL8,st_coro.json,APIFY_GOOGLE_MAPS_SCRAPER,coro,PERFORMING,CHOIR,Madrid,AREA_BOUNDING_BOX,"Madrid, Comunidad de Madrid, España",28,2026-10-07T09:39:23.600Z
st_coro:29,ChIJ49YtsMKDQQ0Rn9NjbVUM-Fg,st_coro.json,APIFY_GOOGLE_MAPS_SCRAPER,coro,PERFORMING,CHOIR,Madrid,AREA_BOUNDING_BOX,"Madrid, Comunidad de Madrid, España",29,2026-10-07T09:39:23.600Z
st_coro:30,ChIJJa0WDg6HQQ0Rtdw4phf1p_4,st_coro.json,APIFY_GOOGLE_MAPS_SCRAPER,coro,PERFORMING,CHOIR,Madrid,AREA_BOUNDING_BOX,"Madrid, Comunidad de Madrid, España",30,2026-10-07T09:39:23.600Z
st_coro:31,ChIJ4y7zJ3Z2QQ0RlkOWgJ9oAGY,st_coro.json,APIFY_GOOGLE_MAPS_SCRAPER,coro,PERFORMING,CHOIR,Madrid,AREA_BOUNDING_BOX,"Madrid, Comunidad de Madrid, España",31,2026-10-07T09:39:23.600Z
st_coro:32,ChIJ43BiZoQvQg0RJbEavko3td0,st_coro.json,APIFY_GOOGLE_MAPS_SCRAPER,coro,PERFORMING,CHOIR,Madrid,AREA_BOUNDING_BOX,"Madrid, Comunidad de Madrid, España",32,2026-10-07T09:39:23.600Z
st_coro:33,ChIJ85f5uvMpQg0RnvQ2rwYos-w,st_coro.json,APIFY_GOOGLE_MAPS_SCRAPER,coro,PERFORMING,CHOIR,Madrid,AREA_BOUNDING_BOX,"Madrid, Comunidad de Madrid, España",33,2026-10-07T09:39:23.600Z
st_coro:34,ChIJ2ROefAAnQg0RCLMEf0PGJnk,st_coro.json,APIFY_GOOGLE_MAPS_SCRAPER,coro,PERFORMING,CHOIR,Madrid,AREA_BOUNDING_BOX,"Madrid, Comunidad de Madrid, España",34,2026-10-07T09:39:23.600Z
st_coro:35,ChIJ-yGryZIsQg0RCViE6iHSlrk,st_coro.json,APIFY_GOOGLE_MAPS_SCRAPER,coro,PERFORMING,CHOIR,Madrid,AREA_BOUNDING_BOX,"Madrid, Comunidad de Madrid, España",35,2026-10-07T09:39:23.600Z
st_coro:36,ChIJyVf1tukpQg0R1Lc97Se61a8,st_coro.json,APIFY_GOOGLE_MAPS_SCRAPER,coro,PERFORMING,CHOIR,Madrid,AREA_BOUNDING_BOX,"Madrid, Comunidad de Madrid, España",36,2026-10-07T09:39:23.600Z
st_coro:37,ChIJtwiRxs0nQg0R_nxldyhgs58,st_coro.json,APIFY_GOOGLE_MAPS_SCRAPER,coro,PERFORMING,CHOIR,Madrid,AREA_BOUNDING_BOX,"Madrid, Comunidad de Madrid, España",37,2026-10-07T09:39:23.600Z
st_coro:38,ChIJ64WVzqQpQg0RbQbtas3eXHg,st_coro.json,APIFY_GOOGLE_MAPS_SCRAPER,coro,PERFORMING,CHOIR,Madrid,AREA_BOUNDING_BOX,"Madrid, Comunidad de Madrid, España",38,2026-10-07T09:39:23.600Z
st_coro:39,ChIJo0P8v64pQg0Ryk_N0SZr4L0,st_coro.json,APIFY_GOOGLE_MAPS_SCRAPER,coro,PERFORMING,CHOIR,Madrid,AREA_BOUNDING_BOX,"Madrid, Comunidad de Madrid, España",39,2026-10-07T09:39:23.600Z
st_coro:40,ChIJI8atHsclQg0RIAkpMCAKrbE,st_coro.json,APIFY_GOOGLE_MAPS_SCRAPER,coro,PERFORMING,CHOIR,Madrid,AREA_BOUNDING_BOX,"Madrid, Comunidad de Madrid, España",40,2026-10-07T09:39:23.600Z
st_coro:41,ChIJu2nDsU4oQg0RUBtGnqnTdDE,st_coro.json,APIFY_GOOGLE_MAPS_SCRAPER,coro,PERFORMING,CHOIR,Madrid,AREA_BOUNDING_BOX,"Madrid, Comunidad de Madrid, España",41,2026-10-07T09:39:23.600Z
st_coro:42,ChIJY-BwHXIpQg0RCG-atj8uv54,st_coro.json,APIFY_GOOGLE_MAPS_SCRAPER,coro,PERFORMING,CHOIR,Madrid,AREA_BOUNDING_BOX,"Madrid, Comunidad de Madrid, España",42,2026-10-07T09:39:23.600Z
st_coro:43,ChIJjfgZ1e8oQg0RPSTWGJefa7Q,st_coro.json,APIFY_GOOGLE_MAPS_SCRAPER,coro,PERFORMING,CHOIR,Madrid,AREA_BOUNDING_BOX,"Madrid, Comunidad de Madrid, España",43,2026-10-07T09:39:23.600Z
st_coro:44,ChIJn8MTVM4hb04RJwYEEk9plFY,st_coro.json,APIFY_GOOGLE_MAPS_SCRAPER,coro,PERFORMING,CHOIR,Madrid,AREA_BOUNDING_BOX,"Madrid, Comunidad de Madrid, España",44,2026-10-07T09:39:23.600Z
st_coro:45,ChIJ__9r8HQoQg0RRuoYQIp44DE,st_coro.json,APIFY_GOOGLE_MAPS_SCRAPER,coro,PERFORMING,CHOIR,Madrid,AREA_BOUNDING_BOX,"Madrid, Comunidad de Madrid, España",45,2026-10-07T09:39:23.600Z
st_coro:46,ChIJaxP3w507Qg0RWgFQwLsYUfw,st_coro.json,APIFY_GOOGLE_MAPS_SCRAPER,coro,PERFORMING,CHOIR,Madrid,AREA_BOUNDING_BOX,"Madrid, Comunidad de Madrid, España",46,2026-10-07T09:39:23.600Z
st_coro:47,ChIJVVUpTNooQg0RnLuvj5fiH6A,st_coro.json,APIFY_GOOGLE_MAPS_SCRAPER,coro,PERFORMING,CHOIR,Madrid,AREA_BOUNDING_BOX,"Madrid, Comunidad de Madrid, España",47,2026-10-07T09:39:23.600Z
st_distribuidor-de-instrumentos-musicales:1,ChIJcY4x9_EoQg0RkYF0L3dCLdw,st_distribuidor-de-instrumentos-musicales.json,APIFY_GOOGLE_MAPS_SCRAPER,distribuidor de instrumentos musicales,INSTRUMENTS,DISTRIBUTION,Madrid,AREA_BOUNDING_BOX,"Madrid, Comunidad de Madrid, España",1,2026-10-07T09:39:52.371Z
st_distribuidor-de-instrumentos-musicales:2,ChIJYR3yfHkoQg0RZHP17EToW9g,st_distribuidor-de-instrumentos-musicales.json,APIFY_GOOGLE_MAPS_SCRAPER,distribuidor de instrumentos musicales,INSTRUMENTS,DISTRIBUTION,Madrid,AREA_BOUNDING_BOX,"Madrid, Comunidad de Madrid, España",2,2026-10-07T09:39:52.371Z
st_distribuidor-de-instrumentos-musicales:3,ChIJQRfVp4onQg0RXs7P1evGpWo,st_distribuidor-de-instrumentos-musicales.json,APIFY_GOOGLE_MAPS_SCRAPER,distribuidor de instrumentos musicales,INSTRUMENTS,DISTRIBUTION,Madrid,AREA_BOUNDING_BOX,"Madrid, Comunidad de Madrid, España",3,2026-10-07T09:39:52.371Z
st_distribuidor-de-instrumentos-musicales:4,ChIJXSqZjvcoQg0RRxCPQGioUmA,st_distribuidor-de-instrumentos-musicales.json,APIFY_GOOGLE_MAPS_SCRAPER,distribuidor de instrumentos musicales,INSTRUMENTS,DISTRIBUTION,Madrid,AREA_BOUNDING_BOX,"Madrid, Comunidad de Madrid, España",4,2026-10-07T09:39:52.371Z
st_distribuidor-de-instrumentos-musicales:5,ChIJiefdynsoQg0RSIx9mnYXHUo,st_distribuidor-de-instrumentos-musicales.json,APIFY_GOOGLE_MAPS_SCRAPER,distribuidor de instrumentos musicales,INSTRUMENTS,DISTRIBUTION,Madrid,AREA_BOUNDING_BOX,"Madrid, Comunidad de Madrid, España",5,2026-10-07T09:39:52.371Z
st_distribuidor-de-instrumentos-musicales:6,ChIJe_tfWokoQg0RoK7NVTtYLxE,st_distribuidor-de-instrumentos-musicales.json,APIFY_GOOGLE_MAPS_SCRAPER,distribuidor de instrumentos musicales,INSTRUMENTS,DISTRIBUTION,Madrid,AREA_BOUNDING_BOX,"Madrid, Comunidad de Madrid, España",6,2026-10-07T09:39:52.371Z
st_distribuidor-de-instrumentos-musicales:7,ChIJgRYdgyYmQg0RYJ9OOyfBGOE,st_distribuidor-de-instrumentos-musicales.json,APIFY_GOOGLE_MAPS_SCRAPER,distribuidor de instrumentos musicales,INSTRUMENTS,DISTRIBUTION,Madrid,AREA_BOUNDING_BOX,"Madrid, Comunidad de Madrid, España",7,2026-10-07T09:39:52.371Z
st_distribuidor-de-instrumentos-musicales:8,ChIJw3ng6LcoQg0R5FQUaOBPCS4,st_distribuidor-de-instrumentos-musicales.json,APIFY_GOOGLE_MAPS_SCRAPER,distribuidor de instrumentos musicales,INSTRUMENTS,DISTRIBUTION,Madrid,AREA_BOUNDING_BOX,"Madrid, Comunidad de Madrid, España",8,2026-10-07T09:39:52.371Z
st_distribuidor-de-instrumentos-musicales:9,ChIJWRfxl48oQg0RCmEER8_X0Y4,st_distribuidor-de-instrumentos-musicales.json,APIFY_GOOGLE_MAPS_SCRAPER,distribuidor de instrumentos musicales,INSTRUMENTS,DISTRIBUTION,Madrid,AREA_BOUNDING_BOX,"Madrid, Comunidad de Madrid, España",9,2026-10-07T09:39:52.371Z
st_distribuidor-de-instrumentos-musicales:10,ChIJlbMs4ikmQg0RjwPA5Ta1NbU,st_distribuidor-de-instrumentos-musicales.json,APIFY_GOOGLE_MAPS_SCRAPER,distribuidor de instrumentos musicales,INSTRUMENTS,DISTRIBUTION,Madrid,AREA_BOUNDING_BOX,"Madrid, Comunidad de Madrid, España",10,2026-10-07T09:39:52.371Z
st_distribuidor-de-instrumentos-musicales:11,ChIJ3zLVGBktQg0RROo_Y-qYatA,st_distribuidor-de-instrumentos-musicales.json,APIFY_GOOGLE_MAPS_SCRAPER,distribuidor de instrumentos musicales,INSTRUMENTS,DISTRIBUTION,Madrid,AREA_BOUNDING_BOX,"Madrid, Comunidad de Madrid, España",11,2026-10-07T09:39:52.371Z
st_distribuidor-de-instrumentos-musicales:12,ChIJb9dRXT8vQg0R9L5iLu9A8fc,st_distribuidor-de-instrumentos-musicales.json,APIFY_GOOGLE_MAPS_SCRAPER,distribuidor de instrumentos musicales,INSTRUMENTS,DISTRIBUTION,Madrid,AREA_BOUNDING_BOX,"Madrid, Comunidad de Madrid, España",12,2026-10-07T09:39:52.371Z
st_distribuidor-de-instrumentos-musicales:13,ChIJrQJFX44oQg0RqOnpf8QnYPk,st_distribuidor-de-instrumentos-musicales.json,APIFY_GOOGLE_MAPS_SCRAPER,distribuidor de instrumentos musicales,INSTRUMENTS,DISTRIBUTION,Madrid,AREA_BOUNDING_BOX,"Madrid, Comunidad de Madrid, España",13,2026-10-07T09:39:52.371Z
st_distribuidor-de-instrumentos-musicales:14,ChIJF3Htg4UoQg0RuYd9SMLn-Ng,st_distribuidor-de-instrumentos-musicales.json,APIFY_GOOGLE_MAPS_SCRAPER,distribuidor de instrumentos musicales,INSTRUMENTS,DISTRIBUTION,Madrid,AREA_BOUNDING_BOX,"Madrid, Comunidad de Madrid, España",14,2026-10-07T09:39:52.371Z
st_distribuidor-de-instrumentos-musicales:15,ChIJDXxXm58pQg0RxehCnQF3OdQ,st_distribuidor-de-instrumentos-musicales.json,APIFY_GOOGLE_MAPS_SCRAPER,distribuidor de instrumentos musicales,INSTRUMENTS,DISTRIBUTION,Madrid,AREA_BOUNDING_BOX,"Madrid, Comunidad de Madrid, España",15,2026-10-07T09:39:52.371Z
st_distribuidor-de-instrumentos-musicales:16,ChIJg1mI_LAoQg0RYkkeBiuFUmo,st_distribuidor-de-instrumentos-musicales.json,APIFY_GOOGLE_MAPS_SCRAPER,distribuidor de instrumentos musicales,INSTRUMENTS,DISTRIBUTION,Madrid,AREA_BOUNDING_BOX,"Madrid, Comunidad de Madrid, España",16,2026-10-07T09:39:52.371Z
st_distribuidor-de-instrumentos-musicales:17,ChIJtQglXNQuQg0RRu6VAkGjuoY,st_distribuidor-de-instrumentos-musicales.json,APIFY_GOOGLE_MAPS_SCRAPER,distribuidor de instrumentos musicales,INSTRUMENTS,DISTRIBUTION,Madrid,AREA_BOUNDING_BOX,"Madrid, Comunidad de Madrid, España",17,2026-10-07T09:39:52.371Z
st_distribuidor-de-instrumentos-musicales:18,ChIJ9ZGs8ygmQg0REJEO1oYjQGQ,st_distribuidor-de-instrumentos-musicales.json,APIFY_GOOGLE_MAPS_SCRAPER,distribuidor de instrumentos musicales,INSTRUMENTS,DISTRIBUTION,Madrid,AREA_BOUNDING_BOX,"Madrid, Comunidad de Madrid, España",18,2026-10-07T09:39:52.371Z
st_distribuidor-de-instrumentos-musicales:19,ChIJg1mI_LAoQg0RfboZZp8ZDfw,st_distribuidor-de-instrumentos-musicales.json,APIFY_GOOGLE_MAPS_SCRAPER,distribuidor de instrumentos musicales,INSTRUMENTS,DISTRIBUTION,Madrid,AREA_BOUNDING_BOX,"Madrid, Comunidad de Madrid, España",19,2026-10-07T09:39:52.371Z
st_distribuidor-de-instrumentos-musicales:20,ChIJQcvrC5QvQg0RogW1bYzk8gg,st_distribuidor-de-instrumentos-musicales.json,APIFY_GOOGLE_MAPS_SCRAPER,distribuidor de instrumentos musicales,INSTRUMENTS,DISTRIBUTION,Madrid,AREA_BOUNDING_BOX,"Madrid, Comunidad de Madrid, España",20,2026-10-07T09:39:52.371Z
st_distribuidor-de-instrumentos-musicales:21,ChIJ98GfcuwuQg0R-7SwuEnca-c,st_distribuidor-de-instrumentos-musicales.json,APIFY_GOOGLE_MAPS_SCRAPER,distribuidor de instrumentos musicales,INSTRUMENTS,DISTRIBUTION,Madrid,AREA_BOUNDING_BOX,"Madrid, Comunidad de Madrid, España",21,2026-10-07T09:39:52.371Z
st_distribuidor-de-instrumentos-musicales:22,ChIJOz5Odo4oQg0RDDWQNr1RfvU,st_distribuidor-de-instrumentos-musicales.json,APIFY_GOOGLE_MAPS_SCRAPER,distribuidor de instrumentos musicales,INSTRUMENTS,DISTRIBUTION,Madrid,AREA_BOUNDING_BOX,"Madrid, Comunidad de Madrid, España",22,2026-10-07T09:39:52.371Z
st_distribuidor-de-instrumentos-musicales:23,ChIJJWnufpYpQg0RBGCEMO6scmU,st_distribuidor-de-instrumentos-musicales.json,APIFY_GOOGLE_MAPS_SCRAPER,distribuidor de instrumentos musicales,INSTRUMENTS,DISTRIBUTION,Madrid,AREA_BOUNDING_BOX,"Madrid, Comunidad de Madrid, España",23,2026-10-07T09:39:52.371Z
st_distribuidor-de-instrumentos-musicales:24,ChIJS3kvqY0oQg0R-m4yH1rBEKs,st_distribuidor-de-instrumentos-musicales.json,APIFY_GOOGLE_MAPS_SCRAPER,distribuidor de instrumentos musicales,INSTRUMENTS,DISTRIBUTION,Madrid,AREA_BOUNDING_BOX,"Madrid, Comunidad de Madrid, España",24,2026-10-07T09:39:52.371Z
st_distribuidor-de-instrumentos-musicales:25,ChIJuclz7SomQg0RIAIefh8a2kY,st_distribuidor-de-instrumentos-musicales.json,APIFY_GOOGLE_MAPS_SCRAPER,distribuidor de instrumentos musicales,INSTRUMENTS,DISTRIBUTION,Madrid,AREA_BOUNDING_BOX,"Madrid, Comunidad de Madrid, España",25,2026-10-07T09:39:52.371Z
st_distribuidor-de-instrumentos-musicales:26,ChIJZ-BiLgkpQg0RnR55ykCDPN4,st_distribuidor-de-instrumentos-musicales.json,APIFY_GOOGLE_MAPS_SCRAPER,distribuidor de instrumentos musicales,INSTRUMENTS,DISTRIBUTION,Madrid,AREA_BOUNDING_BOX,"Madrid, Comunidad de Madrid, España",26,2026-10-07T09:39:52.371Z
st_distribuidor-de-instrumentos-musicales:27,ChIJU55Y1zWJQQ0RNG5H2gxstBI,st_distribuidor-de-instrumentos-musicales.json,APIFY_GOOGLE_MAPS_SCRAPER,distribuidor de instrumentos musicales,INSTRUMENTS,DISTRIBUTION,Madrid,AREA_BOUNDING_BOX,"Madrid, Comunidad de Madrid, España",27,2026-10-07T09:39:52.371Z
st_distribuidor-de-instrumentos-musicales:28,ChIJB1tgsHmJQQ0Rzfzy9OUBF7U,st_distribuidor-de-instrumentos-musicales.json,APIFY_GOOGLE_MAPS_SCRAPER,distribuidor de instrumentos musicales,INSTRUMENTS,DISTRIBUTION,Madrid,AREA_BOUNDING_BOX,"Madrid, Comunidad de Madrid, España",28,2026-10-07T09:39:52.371Z
st_distribuidor-de-instrumentos-musicales:29,ChIJhVV7Qo6EQQ0RwP8zdcJ4AxY,st_distribuidor-de-instrumentos-musicales.json,APIFY_GOOGLE_MAPS_SCRAPER,distribuidor de instrumentos musicales,INSTRUMENTS,DISTRIBUTION,Madrid,AREA_BOUNDING_BOX,"Madrid, Comunidad de Madrid, España",29,2026-10-07T09:39:52.371Z
st_distribuidor-de-instrumentos-musicales:30,ChIJOVdELb8lQg0RNoqghcFZI1c,st_distribuidor-de-instrumentos-musicales.json,APIFY_GOOGLE_MAPS_SCRAPER,distribuidor de instrumentos musicales,INSTRUMENTS,DISTRIBUTION,Madrid,AREA_BOUNDING_BOX,"Madrid, Comunidad de Madrid, España",30,2026-10-07T09:39:52.372Z
st_distribuidor-de-instrumentos-musicales:31,ChIJXf6XnNUpQg0R88rR-oToOWQ,st_distribuidor-de-instrumentos-musicales.json,APIFY_GOOGLE_MAPS_SCRAPER,distribuidor de instrumentos musicales,INSTRUMENTS,DISTRIBUTION,Madrid,AREA_BOUNDING_BOX,"Madrid, Comunidad de Madrid, España",31,2026-10-07T09:39:52.372Z
st_distribuidor-de-instrumentos-musicales:32,ChIJHyV7-rcoQg0RSfgDxWTyZSs,st_distribuidor-de-instrumentos-musicales.json,APIFY_GOOGLE_MAPS_SCRAPER,distribuidor de instrumentos musicales,INSTRUMENTS,DISTRIBUTION,Madrid,AREA_BOUNDING_BOX,"Madrid, Comunidad de Madrid, España",32,2026-10-07T09:39:52.372Z
st_distribuidor-de-instrumentos-musicales:33,ChIJe45uIWgnQg0RZHRGlvW79WI,st_distribuidor-de-instrumentos-musicales.json,APIFY_GOOGLE_MAPS_SCRAPER,distribuidor de instrumentos musicales,INSTRUMENTS,DISTRIBUTION,Madrid,AREA_BOUNDING_BOX,"Madrid, Comunidad de Madrid, España",33,2026-10-07T09:39:52.372Z
st_distribuidor-de-instrumentos-musicales:34,ChIJ5-m-e3koQg0RisVyNk-i9Go,st_distribuidor-de-instrumentos-musicales.json,APIFY_GOOGLE_MAPS_SCRAPER,distribuidor de instrumentos musicales,INSTRUMENTS,DISTRIBUTION,Madrid,AREA_BOUNDING_BOX,"Madrid, Comunidad de Madrid, España",34,2026-10-07T09:39:52.372Z
st_distribuidor-de-instrumentos-musicales:35,ChIJUbq8EHcsQg0RL70VFhD5Rkw,st_distribuidor-de-instrumentos-musicales.json,APIFY_GOOGLE_MAPS_SCRAPER,distribuidor de instrumentos musicales,INSTRUMENTS,DISTRIBUTION,Madrid,AREA_BOUNDING_BOX,"Madrid, Comunidad de Madrid, España",35,2026-10-07T09:39:52.372Z
st_distribuidor-de-instrumentos-musicales:36,ChIJI9DEw-8nQg0RVZgy-h8Buec,st_distribuidor-de-instrumentos-musicales.json,APIFY_GOOGLE_MAPS_SCRAPER,distribuidor de instrumentos musicales,INSTRUMENTS,DISTRIBUTION,Madrid,AREA_BOUNDING_BOX,"Madrid, Comunidad de Madrid, España",36,2026-10-07T09:39:52.372Z
st_distribuidor-de-instrumentos-musicales:37,ChIJG-XFOtUmQg0RfZOdOg50hzE,st_distribuidor-de-instrumentos-musicales.json,APIFY_GOOGLE_MAPS_SCRAPER,distribuidor de instrumentos musicales,INSTRUMENTS,DISTRIBUTION,Madrid,AREA_BOUNDING_BOX,"Madrid, Comunidad de Madrid, España",37,2026-10-07T09:39:52.372Z
st_distribuidor-de-instrumentos-musicales:38,ChIJ9b4IRIqJQQ0RnuvuuIedZLM,st_distribuidor-de-instrumentos-musicales.json,APIFY_GOOGLE_MAPS_SCRAPER,distribuidor de instrumentos musicales,INSTRUMENTS,DISTRIBUTION,Madrid,AREA_BOUNDING_BOX,"Madrid, Comunidad de Madrid, España",38,2026-10-07T09:39:52.372Z
st_distribuidor-de-instrumentos-musicales:39,ChIJj0-f3K38cQ0RIDyailccG-Y,st_distribuidor-de-instrumentos-musicales.json,APIFY_GOOGLE_MAPS_SCRAPER,distribuidor de instrumentos musicales,INSTRUMENTS,DISTRIBUTION,Madrid,AREA_BOUNDING_BOX,"Madrid, Comunidad de Madrid, España",39,2026-10-07T09:39:52.372Z
st_distribuidor-de-instrumentos-musicales:40,ChIJeWOU5VcoQg0RQXmapjsoiaU,st_distribuidor-de-instrumentos-musicales.json,APIFY_GOOGLE_MAPS_SCRAPER,distribuidor de instrumentos musicales,INSTRUMENTS,DISTRIBUTION,Madrid,AREA_BOUNDING_BOX,"Madrid, Comunidad de Madrid, España",40,2026-10-07T09:39:52.372Z
st_distribuidor-de-instrumentos-musicales:41,ChIJB67y9H0sQg0ROTKx1b0QFS8,st_distribuidor-de-instrumentos-musicales.json,APIFY_GOOGLE_MAPS_SCRAPER,distribuidor de instrumentos musicales,INSTRUMENTS,DISTRIBUTION,Madrid,AREA_BOUNDING_BOX,"Madrid, Comunidad de Madrid, España",41,2026-10-07T09:39:52.372Z
st_distribuidor-de-instrumentos-musicales:42,ChIJU1A6_MAnQg0Ru5ydJO8m118,st_distribuidor-de-instrumentos-musicales.json,APIFY_GOOGLE_MAPS_SCRAPER,distribuidor de instrumentos musicales,INSTRUMENTS,DISTRIBUTION,Madrid,AREA_BOUNDING_BOX,"Madrid, Comunidad de Madrid, España",42,2026-10-07T09:39:52.372Z
st_distribuidor-de-instrumentos-musicales:43,ChIJrTwbzdMpQg0R6J8fOkVBvgc,st_distribuidor-de-instrumentos-musicales.json,APIFY_GOOGLE_MAPS_SCRAPER,distribuidor de instrumentos musicales,INSTRUMENTS,DISTRIBUTION,Madrid,AREA_BOUNDING_BOX,"Madrid, Comunidad de Madrid, España",43,2026-10-07T09:39:52.372Z
st_distribuidor-de-instrumentos-musicales:44,ChIJpezqIQQpQg0RqNRSkRXoiPE,st_distribuidor-de-instrumentos-musicales.json,APIFY_GOOGLE_MAPS_SCRAPER,distribuidor de instrumentos musicales,INSTRUMENTS,DISTRIBUTION,Madrid,AREA_BOUNDING_BOX,"Madrid, Comunidad de Madrid, España",44,2026-10-07T09:39:52.372Z
st_distribuidor-de-instrumentos-musicales:45,ChIJcSY7A_aJQQ0RgWRk5u_-vKo,st_distribuidor-de-instrumentos-musicales.json,APIFY_GOOGLE_MAPS_SCRAPER,distribuidor de instrumentos musicales,INSTRUMENTS,DISTRIBUTION,Madrid,AREA_BOUNDING_BOX,"Madrid, Comunidad de Madrid, España",45,2026-10-07T09:39:52.372Z
st_distribuidor-de-instrumentos-musicales:46,ChIJFzqO-TUvQg0RWYoAUa8k_C0,st_distribuidor-de-instrumentos-musicales.json,APIFY_GOOGLE_MAPS_SCRAPER,distribuidor de instrumentos musicales,INSTRUMENTS,DISTRIBUTION,Madrid,AREA_BOUNDING_BOX,"Madrid, Comunidad de Madrid, España",46,2026-10-07T09:39:52.372Z
st_distribuidor-de-instrumentos-musicales:47,ChIJo1xf0N6CQQ0RtCQHgf1czw8,st_distribuidor-de-instrumentos-musicales.json,APIFY_GOOGLE_MAPS_SCRAPER,distribuidor de instrumentos musicales,INSTRUMENTS,DISTRIBUTION,Madrid,AREA_BOUNDING_BOX,"Madrid, Comunidad de Madrid, España",47,2026-10-07T09:39:52.372Z
st_distribuidor-de-instrumentos-musicales:48,ChIJmRG0VkJII2wRyOIcZtcyEt0,st_distribuidor-de-instrumentos-musicales.json,APIFY_GOOGLE_MAPS_SCRAPER,distribuidor de instrumentos musicales,INSTRUMENTS,DISTRIBUTION,Madrid,AREA_BOUNDING_BOX,"Madrid, Comunidad de Madrid, España",48,2026-10-07T09:39:52.372Z
st_distribuidor-de-instrumentos-musicales:49,ChIJRWBYMhrVQw0Ra2PETYVzzeM,st_distribuidor-de-instrumentos-musicales.json,APIFY_GOOGLE_MAPS_SCRAPER,distribuidor de instrumentos musicales,INSTRUMENTS,DISTRIBUTION,Madrid,AREA_BOUNDING_BOX,"Madrid, Comunidad de Madrid, España",49,2026-10-07T09:39:52.372Z
st_editorial-musical:1,ChIJOY3PHe0pQg0RKjtgmuXL4L4,st_editorial-musical.json,APIFY_GOOGLE_MAPS_SCRAPER,editorial musical,MUSIC_PRODUCTION,PUBLISHER,Madrid,AREA_BOUNDING_BOX,"Madrid, Comunidad de Madrid, España",1,2026-10-07T09:40:46.249Z
st_editorial-musical:2,ChIJgSoxApAoQg0RZScSJF-OK2U,st_editorial-musical.json,APIFY_GOOGLE_MAPS_SCRAPER,editorial musical,MUSIC_PRODUCTION,PUBLISHER,Madrid,AREA_BOUNDING_BOX,"Madrid, Comunidad de Madrid, España",2,2026-10-07T09:40:46.249Z
st_editorial-musical:3,ChIJhy0JOpspQg0R7b6xe9urVcc,st_editorial-musical.json,APIFY_GOOGLE_MAPS_SCRAPER,editorial musical,MUSIC_PRODUCTION,PUBLISHER,Madrid,AREA_BOUNDING_BOX,"Madrid, Comunidad de Madrid, España",3,2026-10-07T09:40:46.249Z
st_editorial-musical:4,ChIJc1lNHg4pQg0RBH-v0-ICeq4,st_editorial-musical.json,APIFY_GOOGLE_MAPS_SCRAPER,editorial musical,MUSIC_PRODUCTION,PUBLISHER,Madrid,AREA_BOUNDING_BOX,"Madrid, Comunidad de Madrid, España",4,2026-10-07T09:40:46.249Z
st_editorial-musical:5,ChIJ_3OIcIApQg0RblhXiVZ_s7k,st_editorial-musical.json,APIFY_GOOGLE_MAPS_SCRAPER,editorial musical,MUSIC_PRODUCTION,PUBLISHER,Madrid,AREA_BOUNDING_BOX,"Madrid, Comunidad de Madrid, España",5,2026-10-07T09:40:46.249Z
st_editorial-musical:6,ChIJfbrWxYwnQg0RKyB1HkFCWss,st_editorial-musical.json,APIFY_GOOGLE_MAPS_SCRAPER,editorial musical,MUSIC_PRODUCTION,PUBLISHER,Madrid,AREA_BOUNDING_BOX,"Madrid, Comunidad de Madrid, España",6,2026-10-07T09:40:46.249Z
st_editorial-musical:7,ChIJy91dl-MnQg0R6GlZmfggdew,st_editorial-musical.json,APIFY_GOOGLE_MAPS_SCRAPER,editorial musical,MUSIC_PRODUCTION,PUBLISHER,Madrid,AREA_BOUNDING_BOX,"Madrid, Comunidad de Madrid, España",7,2026-10-07T09:40:46.249Z
st_editorial-musical:8,ChIJ364jFtkvQg0RxKv5iPRIUe4,st_editorial-musical.json,APIFY_GOOGLE_MAPS_SCRAPER,editorial musical,MUSIC_PRODUCTION,PUBLISHER,Madrid,AREA_BOUNDING_BOX,"Madrid, Comunidad de Madrid, España",8,2026-10-07T09:40:46.249Z
st_editorial-musical:9,ChIJPYa_Fq2QD2ARouuqN-fvRbI,st_editorial-musical.json,APIFY_GOOGLE_MAPS_SCRAPER,editorial musical,MUSIC_PRODUCTION,PUBLISHER,Madrid,AREA_BOUNDING_BOX,"Madrid, Comunidad de Madrid, España",9,2026-10-07T09:40:46.249Z
st_editorial-musical:10,ChIJvaZ5rH0oQg0RqyzB8e7DSxw,st_editorial-musical.json,APIFY_GOOGLE_MAPS_SCRAPER,editorial musical,MUSIC_PRODUCTION,PUBLISHER,Madrid,AREA_BOUNDING_BOX,"Madrid, Comunidad de Madrid, España",10,2026-10-07T09:40:46.249Z
st_editorial-musical:11,ChIJXe80ql0oQg0R-uNPP_dRVxU,st_editorial-musical.json,APIFY_GOOGLE_MAPS_SCRAPER,editorial musical,MUSIC_PRODUCTION,PUBLISHER,Madrid,AREA_BOUNDING_BOX,"Madrid, Comunidad de Madrid, España",11,2026-10-07T09:40:46.249Z
st_editorial-musical:12,ChIJj28XyuEpQg0RPzbJIZ164dw,st_editorial-musical.json,APIFY_GOOGLE_MAPS_SCRAPER,editorial musical,MUSIC_PRODUCTION,PUBLISHER,Madrid,AREA_BOUNDING_BOX,"Madrid, Comunidad de Madrid, España",12,2026-10-07T09:40:46.249Z
st_editorial-musical:13,ChIJeWGlhF4oQg0RNwg-P9pYo4I,st_editorial-musical.json,APIFY_GOOGLE_MAPS_SCRAPER,editorial musical,MUSIC_PRODUCTION,PUBLISHER,Madrid,AREA_BOUNDING_BOX,"Madrid, Comunidad de Madrid, España",13,2026-10-07T09:40:46.249Z
st_editorial-musical:14,ChIJuzEXfzYpQg0Rq1haKLaljZg,st_editorial-musical.json,APIFY_GOOGLE_MAPS_SCRAPER,editorial musical,MUSIC_PRODUCTION,PUBLISHER,Madrid,AREA_BOUNDING_BOX,"Madrid, Comunidad de Madrid, España",14,2026-10-07T09:40:46.249Z
st_editorial-musical:15,ChIJFZc-UFkpQg0RzrbqZTM8fEk,st_editorial-musical.json,APIFY_GOOGLE_MAPS_SCRAPER,editorial musical,MUSIC_PRODUCTION,PUBLISHER,Madrid,AREA_BOUNDING_BOX,"Madrid, Comunidad de Madrid, España",15,2026-10-07T09:40:46.249Z
st_editorial-musical:16,ChIJAQAAAFDXcrQR_W4va_-wW4w,st_editorial-musical.json,APIFY_GOOGLE_MAPS_SCRAPER,editorial musical,MUSIC_PRODUCTION,PUBLISHER,Madrid,AREA_BOUNDING_BOX,"Madrid, Comunidad de Madrid, España",16,2026-10-07T09:40:46.249Z
st_editorial-musical:17,ChIJgdsETUyJQQ0RG29H77PP-xg,st_editorial-musical.json,APIFY_GOOGLE_MAPS_SCRAPER,editorial musical,MUSIC_PRODUCTION,PUBLISHER,Madrid,AREA_BOUNDING_BOX,"Madrid, Comunidad de Madrid, España",17,2026-10-07T09:40:46.249Z
st_editorial-musical:18,ChIJKchOhkEoQg0RfbSoXchOuJE,st_editorial-musical.json,APIFY_GOOGLE_MAPS_SCRAPER,editorial musical,MUSIC_PRODUCTION,PUBLISHER,Madrid,AREA_BOUNDING_BOX,"Madrid, Comunidad de Madrid, España",18,2026-10-07T09:40:46.249Z
st_editorial-musical:19,ChIJqz4wI5knQg0R4GobYdOkaAU,st_editorial-musical.json,APIFY_GOOGLE_MAPS_SCRAPER,editorial musical,MUSIC_PRODUCTION,PUBLISHER,Madrid,AREA_BOUNDING_BOX,"Madrid, Comunidad de Madrid, España",19,2026-10-07T09:40:46.249Z
st_editorial-musical:20,ChIJp7vkkoEpQg0RJUcdZq--e6I,st_editorial-musical.json,APIFY_GOOGLE_MAPS_SCRAPER,editorial musical,MUSIC_PRODUCTION,PUBLISHER,Madrid,AREA_BOUNDING_BOX,"Madrid, Comunidad de Madrid, España",20,2026-10-07T09:40:46.249Z
st_editorial-musical:21,ChIJL-bq7XsoQg0R0cj96fIZPBU,st_editorial-musical.json,APIFY_GOOGLE_MAPS_SCRAPER,editorial musical,MUSIC_PRODUCTION,PUBLISHER,Madrid,AREA_BOUNDING_BOX,"Madrid, Comunidad de Madrid, España",21,2026-10-07T09:40:46.249Z
st_editorial-musical:22,ChIJyYp-82ooQg0Rlc5kXo5ldqg,st_editorial-musical.json,APIFY_GOOGLE_MAPS_SCRAPER,editorial musical,MUSIC_PRODUCTION,PUBLISHER,Madrid,AREA_BOUNDING_BOX,"Madrid, Comunidad de Madrid, España",22,2026-10-07T09:40:46.249Z
st_editorial-musical:23,ChIJb6wWbIQoQg0RSOkdguk8S2g,st_editorial-musical.json,APIFY_GOOGLE_MAPS_SCRAPER,editorial musical,MUSIC_PRODUCTION,PUBLISHER,Madrid,AREA_BOUNDING_BOX,"Madrid, Comunidad de Madrid, España",23,2026-10-07T09:40:46.249Z
st_editorial-musical:24,ChIJE_OzTwApQg0RbN3m34NszPM,st_editorial-musical.json,APIFY_GOOGLE_MAPS_SCRAPER,editorial musical,MUSIC_PRODUCTION,PUBLISHER,Madrid,AREA_BOUNDING_BOX,"Madrid, Comunidad de Madrid, España",24,2026-10-07T09:40:46.249Z
st_editorial-musical:25,ChIJlxkc7cQoQg0R4xC8k14TZnw,st_editorial-musical.json,APIFY_GOOGLE_MAPS_SCRAPER,editorial musical,MUSIC_PRODUCTION,PUBLISHER,Madrid,AREA_BOUNDING_BOX,"Madrid, Comunidad de Madrid, España",25,2026-10-07T09:40:46.250Z
st_editorial-musical:26,ChIJO3rvwBspQg0R2zcGwcFj3Ek,st_editorial-musical.json,APIFY_GOOGLE_MAPS_SCRAPER,editorial musical,MUSIC_PRODUCTION,PUBLISHER,Madrid,AREA_BOUNDING_BOX,"Madrid, Comunidad de Madrid, España",26,2026-10-07T09:40:46.250Z
st_editorial-musical:27,ChIJP1Q8BrgpQg0RVwNUO6wnQKI,st_editorial-musical.json,APIFY_GOOGLE_MAPS_SCRAPER,editorial musical,MUSIC_PRODUCTION,PUBLISHER,Madrid,AREA_BOUNDING_BOX,"Madrid, Comunidad de Madrid, España",27,2026-10-07T09:40:46.250Z
st_editorial-musical:28,ChIJURSs7nwpQg0RBgGCDVw-D40,st_editorial-musical.json,APIFY_GOOGLE_MAPS_SCRAPER,editorial musical,MUSIC_PRODUCTION,PUBLISHER,Madrid,AREA_BOUNDING_BOX,"Madrid, Comunidad de Madrid, España",28,2026-10-07T09:40:46.250Z
st_editorial-musical:29,ChIJxRQvnC4vQg0R8YUcKuDDqeo,st_editorial-musical.json,APIFY_GOOGLE_MAPS_SCRAPER,editorial musical,MUSIC_PRODUCTION,PUBLISHER,Madrid,AREA_BOUNDING_BOX,"Madrid, Comunidad de Madrid, España",29,2026-10-07T09:40:46.250Z
st_editorial-musical:30,ChIJk0tFrUyJQQ0RusMGgOQbplc,st_editorial-musical.json,APIFY_GOOGLE_MAPS_SCRAPER,editorial musical,MUSIC_PRODUCTION,PUBLISHER,Madrid,AREA_BOUNDING_BOX,"Madrid, Comunidad de Madrid, España",30,2026-10-07T09:40:46.250Z
st_editorial-musical:31,ChIJz7jnpfgoQg0RM58mQ7XnyO4,st_editorial-musical.json,APIFY_GOOGLE_MAPS_SCRAPER,editorial musical,MUSIC_PRODUCTION,PUBLISHER,Madrid,AREA_BOUNDING_BOX,"Madrid, Comunidad de Madrid, España",31,2026-10-07T09:40:46.250Z
st_editorial-musical:32,ChIJ3a9FpNUoQg0RS8em-K5oUKY,st_editorial-musical.json,APIFY_GOOGLE_MAPS_SCRAPER,editorial musical,MUSIC_PRODUCTION,PUBLISHER,Madrid,AREA_BOUNDING_BOX,"Madrid, Comunidad de Madrid, España",32,2026-10-07T09:40:46.250Z
st_editorial-musical:33,ChIJK--mYPAlQg0RQxwAIKqYFrY,st_editorial-musical.json,APIFY_GOOGLE_MAPS_SCRAPER,editorial musical,MUSIC_PRODUCTION,PUBLISHER,Madrid,AREA_BOUNDING_BOX,"Madrid, Comunidad de Madrid, España",33,2026-10-07T09:40:46.250Z
st_editorial-musical:34,ChIJ33hVCYkpQg0RKABk7mhwpRg,st_editorial-musical.json,APIFY_GOOGLE_MAPS_SCRAPER,editorial musical,MUSIC_PRODUCTION,PUBLISHER,Madrid,AREA_BOUNDING_BOX,"Madrid, Comunidad de Madrid, España",34,2026-10-07T09:40:46.250Z
st_editorial-musical:35,ChIJW7dg6KIoQg0RLhRVgHgrYP0,st_editorial-musical.json,APIFY_GOOGLE_MAPS_SCRAPER,editorial musical,MUSIC_PRODUCTION,PUBLISHER,Madrid,AREA_BOUNDING_BOX,"Madrid, Comunidad de Madrid, España",35,2026-10-07T09:40:46.250Z
st_editorial-musical:36,ChIJZ_ZV6NUnQg0RFPSsNbDs12E,st_editorial-musical.json,APIFY_GOOGLE_MAPS_SCRAPER,editorial musical,MUSIC_PRODUCTION,PUBLISHER,Madrid,AREA_BOUNDING_BOX,"Madrid, Comunidad de Madrid, España",36,2026-10-07T09:40:46.250Z
st_editorial-musical:37,ChIJrWpIL5YnQg0RKsKl6ec5CzU,st_editorial-musical.json,APIFY_GOOGLE_MAPS_SCRAPER,editorial musical,MUSIC_PRODUCTION,PUBLISHER,Madrid,AREA_BOUNDING_BOX,"Madrid, Comunidad de Madrid, España",37,2026-10-07T09:40:46.250Z
st_editorial-musical:38,ChIJtSvVSCgmQg0RM7AzheY1-s4,st_editorial-musical.json,APIFY_GOOGLE_MAPS_SCRAPER,editorial musical,MUSIC_PRODUCTION,PUBLISHER,Madrid,AREA_BOUNDING_BOX,"Madrid, Comunidad de Madrid, España",38,2026-10-07T09:40:46.250Z
st_editorial-musical:39,ChIJiQYrD_4nQg0Riyh7phzG4aY,st_editorial-musical.json,APIFY_GOOGLE_MAPS_SCRAPER,editorial musical,MUSIC_PRODUCTION,PUBLISHER,Madrid,AREA_BOUNDING_BOX,"Madrid, Comunidad de Madrid, España",39,2026-10-07T09:40:46.250Z
st_editorial-musical:40,ChIJaUrDT_YpQg0RvCF1uuQq01o,st_editorial-musical.json,APIFY_GOOGLE_MAPS_SCRAPER,editorial musical,MUSIC_PRODUCTION,PUBLISHER,Madrid,AREA_BOUNDING_BOX,"Madrid, Comunidad de Madrid, España",40,2026-10-07T09:40:46.250Z
st_editorial-musical:41,ChIJCSGezkcvQg0Rr7FqZSxacp4,st_editorial-musical.json,APIFY_GOOGLE_MAPS_SCRAPER,editorial musical,MUSIC_PRODUCTION,PUBLISHER,Madrid,AREA_BOUNDING_BOX,"Madrid, Comunidad de Madrid, España",41,2026-10-07T09:40:46.250Z
st_editorial-musical:42,ChIJubvdd-eJQQ0R2v_1gdp_PVw,st_editorial-musical.json,APIFY_GOOGLE_MAPS_SCRAPER,editorial musical,MUSIC_PRODUCTION,PUBLISHER,Madrid,AREA_BOUNDING_BOX,"Madrid, Comunidad de Madrid, España",42,2026-10-07T09:40:46.250Z
st_editorial-musical:43,ChIJf02Ln4YoQg0RQ4lBqT_f3gs,st_editorial-musical.json,APIFY_GOOGLE_MAPS_SCRAPER,editorial musical,MUSIC_PRODUCTION,PUBLISHER,Madrid,AREA_BOUNDING_BOX,"Madrid, Comunidad de Madrid, España",43,2026-10-07T09:40:46.250Z
st_editorial-musical:44,ChIJvUbP9-QoQg0RgwgxMwOBEYQ,st_editorial-musical.json,APIFY_GOOGLE_MAPS_SCRAPER,editorial musical,MUSIC_PRODUCTION,PUBLISHER,Madrid,AREA_BOUNDING_BOX,"Madrid, Comunidad de Madrid, España",44,2026-10-07T09:40:46.250Z
st_editorial-musical:45,ChIJve4usBYpQg0RC4Rm55vmNWc,st_editorial-musical.json,APIFY_GOOGLE_MAPS_SCRAPER,editorial musical,MUSIC_PRODUCTION,PUBLISHER,Madrid,AREA_BOUNDING_BOX,"Madrid, Comunidad de Madrid, España",45,2026-10-07T09:40:46.250Z
st_editorial-musical:46,ChIJhYmj0X8oQg0R2SGuogcSBEY,st_editorial-musical.json,APIFY_GOOGLE_MAPS_SCRAPER,editorial musical,MUSIC_PRODUCTION,PUBLISHER,Madrid,AREA_BOUNDING_BOX,"Madrid, Comunidad de Madrid, España",46,2026-10-07T09:40:46.250Z
st_editorial-musical:47,ChIJ4UbKyM0pQg0RtEjYPHo6AWA,st_editorial-musical.json,APIFY_GOOGLE_MAPS_SCRAPER,editorial musical,MUSIC_PRODUCTION,PUBLISHER,Madrid,AREA_BOUNDING_BOX,"Madrid, Comunidad de Madrid, España",47,2026-10-07T09:40:46.250Z
st_ensemble:1,ChIJ00B58dYnQg0R_qNrpoAbw_4,st_ensemble.json,APIFY_GOOGLE_MAPS_SCRAPER,ensemble,PERFORMING,ENSEMBLE,Madrid,AREA_BOUNDING_BOX,"Madrid, Comunidad de Madrid, España",1,2026-10-07T09:39:27.462Z
st_ensemble:2,ChIJqVYZMKcoQg0R8Nd9e_RFLvA,st_ensemble.json,APIFY_GOOGLE_MAPS_SCRAPER,ensemble,PERFORMING,ENSEMBLE,Madrid,AREA_BOUNDING_BOX,"Madrid, Comunidad de Madrid, España",2,2026-10-07T09:39:27.463Z
st_ensemble:3,ChIJDyohh_IoQg0RSYyMKAiQdYc,st_ensemble.json,APIFY_GOOGLE_MAPS_SCRAPER,ensemble,PERFORMING,ENSEMBLE,Madrid,AREA_BOUNDING_BOX,"Madrid, Comunidad de Madrid, España",3,2026-10-07T09:39:27.463Z
st_escuela-de-musica:1,ChIJk7z3WQApQg0R6fjkw16VdVU,st_escuela-de-musica.json,APIFY_GOOGLE_MAPS_SCRAPER,escuela de música,EDUCATION,MUSIC_SCHOOL,Madrid,AREA_BOUNDING_BOX,"Madrid, Comunidad de Madrid, España",1,2026-10-07T09:38:54.690Z
st_escuela-de-musica:2,ChIJMz4bh54pQg0RXUSTVAZ12o4,st_escuela-de-musica.json,APIFY_GOOGLE_MAPS_SCRAPER,escuela de música,EDUCATION,MUSIC_SCHOOL,Madrid,AREA_BOUNDING_BOX,"Madrid, Comunidad de Madrid, España",2,2026-10-07T09:38:54.690Z
st_escuela-de-musica:3,ChIJLdVjCVcpQg0RGMwy5Eyni0M,st_escuela-de-musica.json,APIFY_GOOGLE_MAPS_SCRAPER,escuela de música,EDUCATION,MUSIC_SCHOOL,Madrid,AREA_BOUNDING_BOX,"Madrid, Comunidad de Madrid, España",3,2026-10-07T09:38:54.691Z
st_escuela-de-musica:4,ChIJdz4hpJwpQg0RuD4GbcjN7l4,st_escuela-de-musica.json,APIFY_GOOGLE_MAPS_SCRAPER,escuela de música,EDUCATION,MUSIC_SCHOOL,Madrid,AREA_BOUNDING_BOX,"Madrid, Comunidad de Madrid, España",4,2026-10-07T09:38:54.691Z
st_escuela-de-musica:5,ChIJV6RufpopQg0RqLcawmUIj1I,st_escuela-de-musica.json,APIFY_GOOGLE_MAPS_SCRAPER,escuela de música,EDUCATION,MUSIC_SCHOOL,Madrid,AREA_BOUNDING_BOX,"Madrid, Comunidad de Madrid, España",5,2026-10-07T09:38:54.691Z
st_escuela-de-musica:6,ChIJGf_NF5EpQg0RzNBelNLmA7k,st_escuela-de-musica.json,APIFY_GOOGLE_MAPS_SCRAPER,escuela de música,EDUCATION,MUSIC_SCHOOL,Madrid,AREA_BOUNDING_BOX,"Madrid, Comunidad de Madrid, España",6,2026-10-07T09:38:54.691Z
st_escuela-de-musica:7,ChIJv7NT_3gpQg0Rvh1ehykUPWc,st_escuela-de-musica.json,APIFY_GOOGLE_MAPS_SCRAPER,escuela de música,EDUCATION,MUSIC_SCHOOL,Madrid,AREA_BOUNDING_BOX,"Madrid, Comunidad de Madrid, España",7,2026-10-07T09:38:54.691Z
st_escuela-de-musica:8,ChIJD_diA78pQg0RbEysDzNBnOc,st_escuela-de-musica.json,APIFY_GOOGLE_MAPS_SCRAPER,escuela de música,EDUCATION,MUSIC_SCHOOL,Madrid,AREA_BOUNDING_BOX,"Madrid, Comunidad de Madrid, España",8,2026-10-07T09:38:54.691Z
st_escuela-de-musica:9,ChIJCSbsW3QpQg0RcjqldrixUUo,st_escuela-de-musica.json,APIFY_GOOGLE_MAPS_SCRAPER,escuela de música,EDUCATION,MUSIC_SCHOOL,Madrid,AREA_BOUNDING_BOX,"Madrid, Comunidad de Madrid, España",9,2026-10-07T09:38:54.691Z
st_escuela-de-musica:10,ChIJL1drEWcpQg0RmZmYLakSxjk,st_escuela-de-musica.json,APIFY_GOOGLE_MAPS_SCRAPER,escuela de música,EDUCATION,MUSIC_SCHOOL,Madrid,AREA_BOUNDING_BOX,"Madrid, Comunidad de Madrid, España",10,2026-10-07T09:38:54.691Z
st_escuela-de-musica:11,ChIJiULnXGMpQg0RDqEbCo1CsR8,st_escuela-de-musica.json,APIFY_GOOGLE_MAPS_SCRAPER,escuela de música,EDUCATION,MUSIC_SCHOOL,Madrid,AREA_BOUNDING_BOX,"Madrid, Comunidad de Madrid, España",11,2026-10-07T09:38:54.691Z
st_escuela-de-musica:12,ChIJkzqszK0pQg0RPK8gNuCjkXw,st_escuela-de-musica.json,APIFY_GOOGLE_MAPS_SCRAPER,escuela de música,EDUCATION,MUSIC_SCHOOL,Madrid,AREA_BOUNDING_BOX,"Madrid, Comunidad de Madrid, España",12,2026-10-07T09:38:54.691Z
st_escuela-de-musica:13,ChIJBX5-jzwpQg0RM-7KKl-EV6w,st_escuela-de-musica.json,APIFY_GOOGLE_MAPS_SCRAPER,escuela de música,EDUCATION,MUSIC_SCHOOL,Madrid,AREA_BOUNDING_BOX,"Madrid, Comunidad de Madrid, España",13,2026-10-07T09:38:54.691Z
st_escuela-de-musica:14,ChIJD5-JTL8pQg0RZv3WVW2PlCE,st_escuela-de-musica.json,APIFY_GOOGLE_MAPS_SCRAPER,escuela de música,EDUCATION,MUSIC_SCHOOL,Madrid,AREA_BOUNDING_BOX,"Madrid, Comunidad de Madrid, España",14,2026-10-07T09:38:54.691Z
st_escuela-de-musica:15,ChIJX9azBnIpQg0Re2zrqV5GbFA,st_escuela-de-musica.json,APIFY_GOOGLE_MAPS_SCRAPER,escuela de música,EDUCATION,MUSIC_SCHOOL,Madrid,AREA_BOUNDING_BOX,"Madrid, Comunidad de Madrid, España",15,2026-10-07T09:38:54.691Z
st_escuela-de-musica:16,ChIJsxE8-kUpQg0Rxz4SjGRPxO0,st_escuela-de-musica.json,APIFY_GOOGLE_MAPS_SCRAPER,escuela de música,EDUCATION,MUSIC_SCHOOL,Madrid,AREA_BOUNDING_BOX,"Madrid, Comunidad de Madrid, España",16,2026-10-07T09:38:54.691Z
st_escuela-de-musica:17,ChIJN47xjEQpQg0R9eAIR_1cxTI,st_escuela-de-musica.json,APIFY_GOOGLE_MAPS_SCRAPER,escuela de música,EDUCATION,MUSIC_SCHOOL,Madrid,AREA_BOUNDING_BOX,"Madrid, Comunidad de Madrid, España",17,2026-10-07T09:38:54.691Z
st_escuela-de-musica:18,ChIJq5bk5y4pQg0RgmF2wAspn74,st_escuela-de-musica.json,APIFY_GOOGLE_MAPS_SCRAPER,escuela de música,EDUCATION,MUSIC_SCHOOL,Madrid,AREA_BOUNDING_BOX,"Madrid, Comunidad de Madrid, España",18,2026-10-07T09:38:54.691Z
st_escuela-de-musica:19,ChIJoRbFmcgoQg0RFMk6FdKErPw,st_escuela-de-musica.json,APIFY_GOOGLE_MAPS_SCRAPER,escuela de música,EDUCATION,MUSIC_SCHOOL,Madrid,AREA_BOUNDING_BOX,"Madrid, Comunidad de Madrid, España",19,2026-10-07T09:38:54.691Z
st_escuela-de-musica:20,ChIJf9Vvd3YpQg0RZq5NP0Q4Pj4,st_escuela-de-musica.json,APIFY_GOOGLE_MAPS_SCRAPER,escuela de música,EDUCATION,MUSIC_SCHOOL,Madrid,AREA_BOUNDING_BOX,"Madrid, Comunidad de Madrid, España",20,2026-10-07T09:38:54.691Z
st_escuela-de-musica:21,ChIJo0P8v64pQg0Ryk_N0SZr4L0,st_escuela-de-musica.json,APIFY_GOOGLE_MAPS_SCRAPER,escuela de música,EDUCATION,MUSIC_SCHOOL,Madrid,AREA_BOUNDING_BOX,"Madrid, Comunidad de Madrid, España",21,2026-10-07T09:38:54.691Z
st_escuela-de-musica:22,ChIJsbNQydouQg0R5qCXHvHiijk,st_escuela-de-musica.json,APIFY_GOOGLE_MAPS_SCRAPER,escuela de música,EDUCATION,MUSIC_SCHOOL,Madrid,AREA_BOUNDING_BOX,"Madrid, Comunidad de Madrid, España",22,2026-10-07T09:38:54.691Z
st_escuela-de-musica:23,ChIJ47t9lXkpQg0R4JPutiRZMSk,st_escuela-de-musica.json,APIFY_GOOGLE_MAPS_SCRAPER,escuela de música,EDUCATION,MUSIC_SCHOOL,Madrid,AREA_BOUNDING_BOX,"Madrid, Comunidad de Madrid, España",23,2026-10-07T09:38:54.691Z
st_escuela-de-musica:24,ChIJaQeIn1EpQg0RjKaJAwIqQkY,st_escuela-de-musica.json,APIFY_GOOGLE_MAPS_SCRAPER,escuela de música,EDUCATION,MUSIC_SCHOOL,Madrid,AREA_BOUNDING_BOX,"Madrid, Comunidad de Madrid, España",24,2026-10-07T09:38:54.691Z
st_escuela-de-musica:25,ChIJB9B7jUwpQg0RESzdEGgmcHQ,st_escuela-de-musica.json,APIFY_GOOGLE_MAPS_SCRAPER,escuela de música,EDUCATION,MUSIC_SCHOOL,Madrid,AREA_BOUNDING_BOX,"Madrid, Comunidad de Madrid, España",25,2026-10-07T09:38:54.691Z
st_escuela-de-musica:26,ChIJa64dr6UpQg0RbK8s-3nPBvg,st_escuela-de-musica.json,APIFY_GOOGLE_MAPS_SCRAPER,escuela de música,EDUCATION,MUSIC_SCHOOL,Madrid,AREA_BOUNDING_BOX,"Madrid, Comunidad de Madrid, España",26,2026-10-07T09:38:54.691Z
st_escuela-de-musica:27,ChIJAziHcrIpQg0Rr8OHWUhl2QU,st_escuela-de-musica.json,APIFY_GOOGLE_MAPS_SCRAPER,escuela de música,EDUCATION,MUSIC_SCHOOL,Madrid,AREA_BOUNDING_BOX,"Madrid, Comunidad de Madrid, España",27,2026-10-07T09:38:54.691Z
st_escuela-de-musica:28,ChIJ3fIGFR8pQg0RyXIVcAmrRvc,st_escuela-de-musica.json,APIFY_GOOGLE_MAPS_SCRAPER,escuela de música,EDUCATION,MUSIC_SCHOOL,Madrid,AREA_BOUNDING_BOX,"Madrid, Comunidad de Madrid, España",28,2026-10-07T09:38:54.691Z
st_escuela-de-musica:29,ChIJy6hK3KAvQg0R0-0NnJEBBLc,st_escuela-de-musica.json,APIFY_GOOGLE_MAPS_SCRAPER,escuela de música,EDUCATION,MUSIC_SCHOOL,Madrid,AREA_BOUNDING_BOX,"Madrid, Comunidad de Madrid, España",29,2026-10-07T09:38:54.691Z
st_escuela-de-musica:30,ChIJIb332c0pQg0RU8xZt1AwgIc,st_escuela-de-musica.json,APIFY_GOOGLE_MAPS_SCRAPER,escuela de música,EDUCATION,MUSIC_SCHOOL,Madrid,AREA_BOUNDING_BOX,"Madrid, Comunidad de Madrid, España",30,2026-10-07T09:38:54.691Z
st_escuela-de-musica:31,ChIJaZM_ciApQg0RBFuR-YveNiQ,st_escuela-de-musica.json,APIFY_GOOGLE_MAPS_SCRAPER,escuela de música,EDUCATION,MUSIC_SCHOOL,Madrid,AREA_BOUNDING_BOX,"Madrid, Comunidad de Madrid, España",31,2026-10-07T09:38:54.691Z
st_escuela-de-musica:32,ChIJ7_2XAzowQg0R3jLklNQUNpM,st_escuela-de-musica.json,APIFY_GOOGLE_MAPS_SCRAPER,escuela de música,EDUCATION,MUSIC_SCHOOL,Madrid,AREA_BOUNDING_BOX,"Madrid, Comunidad de Madrid, España",32,2026-10-07T09:38:54.691Z
st_escuela-de-musica:33,ChIJ_R759WAoQg0RWGB-xYxMRhk,st_escuela-de-musica.json,APIFY_GOOGLE_MAPS_SCRAPER,escuela de música,EDUCATION,MUSIC_SCHOOL,Madrid,AREA_BOUNDING_BOX,"Madrid, Comunidad de Madrid, España",33,2026-10-07T09:38:54.691Z
st_escuela-de-musica:34,ChIJ7TcJYV8oQg0RAwYkMn9VMwI,st_escuela-de-musica.json,APIFY_GOOGLE_MAPS_SCRAPER,escuela de música,EDUCATION,MUSIC_SCHOOL,Madrid,AREA_BOUNDING_BOX,"Madrid, Comunidad de Madrid, España",34,2026-10-07T09:38:54.691Z
st_escuela-de-musica:35,ChIJVxQlNskrQg0R4P-xBeoihhE,st_escuela-de-musica.json,APIFY_GOOGLE_MAPS_SCRAPER,escuela de música,EDUCATION,MUSIC_SCHOOL,Madrid,AREA_BOUNDING_BOX,"Madrid, Comunidad de Madrid, España",35,2026-10-07T09:38:54.691Z
st_escuela-de-musica:36,ChIJ2weGN7goQg0R8OkKdOkQZSU,st_escuela-de-musica.json,APIFY_GOOGLE_MAPS_SCRAPER,escuela de música,EDUCATION,MUSIC_SCHOOL,Madrid,AREA_BOUNDING_BOX,"Madrid, Comunidad de Madrid, España",36,2026-10-07T09:38:54.691Z
st_escuela-de-musica:37,ChIJ7el16DovQg0Rw-3gw_uhlPI,st_escuela-de-musica.json,APIFY_GOOGLE_MAPS_SCRAPER,escuela de música,EDUCATION,MUSIC_SCHOOL,Madrid,AREA_BOUNDING_BOX,"Madrid, Comunidad de Madrid, España",37,2026-10-07T09:38:54.691Z
st_escuela-de-musica:38,ChIJncGxaGMoQg0RMRCTJoF2bjo,st_escuela-de-musica.json,APIFY_GOOGLE_MAPS_SCRAPER,escuela de música,EDUCATION,MUSIC_SCHOOL,Madrid,AREA_BOUNDING_BOX,"Madrid, Comunidad de Madrid, España",38,2026-10-07T09:38:54.691Z
st_escuela-de-musica:39,ChIJmwVqZwYpQg0R2Ulo34BUCeo,st_escuela-de-musica.json,APIFY_GOOGLE_MAPS_SCRAPER,escuela de música,EDUCATION,MUSIC_SCHOOL,Madrid,AREA_BOUNDING_BOX,"Madrid, Comunidad de Madrid, España",39,2026-10-07T09:38:54.691Z
st_escuela-de-musica:40,ChIJc95BBwYvQg0RFzfgk8tWmAI,st_escuela-de-musica.json,APIFY_GOOGLE_MAPS_SCRAPER,escuela de música,EDUCATION,MUSIC_SCHOOL,Madrid,AREA_BOUNDING_BOX,"Madrid, Comunidad de Madrid, España",40,2026-10-07T09:38:54.691Z
st_escuela-de-musica:41,ChIJrcE9TmEoQg0RYeqjkJxgQZM,st_escuela-de-musica.json,APIFY_GOOGLE_MAPS_SCRAPER,escuela de música,EDUCATION,MUSIC_SCHOOL,Madrid,AREA_BOUNDING_BOX,"Madrid, Comunidad de Madrid, España",41,2026-10-07T09:38:54.691Z
st_escuela-de-musica:42,ChIJVcgmRCIpQg0READyiFC8ZwE,st_escuela-de-musica.json,APIFY_GOOGLE_MAPS_SCRAPER,escuela de música,EDUCATION,MUSIC_SCHOOL,Madrid,AREA_BOUNDING_BOX,"Madrid, Comunidad de Madrid, España",42,2026-10-07T09:38:54.691Z
st_escuela-de-musica:43,ChIJ8448JZcpQg0RWNi7PV7VASw,st_escuela-de-musica.json,APIFY_GOOGLE_MAPS_SCRAPER,escuela de música,EDUCATION,MUSIC_SCHOOL,Madrid,AREA_BOUNDING_BOX,"Madrid, Comunidad de Madrid, España",43,2026-10-07T09:38:54.691Z
st_escuela-de-musica:44,ChIJY14WKlgoQg0R6I_DpDZTUD4,st_escuela-de-musica.json,APIFY_GOOGLE_MAPS_SCRAPER,escuela de música,EDUCATION,MUSIC_SCHOOL,Madrid,AREA_BOUNDING_BOX,"Madrid, Comunidad de Madrid, España",44,2026-10-07T09:38:54.691Z
st_escuela-de-musica:45,ChIJ4QwyEtsoQg0Rr7nBjirB76w,st_escuela-de-musica.json,APIFY_GOOGLE_MAPS_SCRAPER,escuela de música,EDUCATION,MUSIC_SCHOOL,Madrid,AREA_BOUNDING_BOX,"Madrid, Comunidad de Madrid, España",45,2026-10-07T09:38:54.691Z
st_escuela-de-musica:46,ChIJy6NuDpEpQg0RX6SWKDKFRH4,st_escuela-de-musica.json,APIFY_GOOGLE_MAPS_SCRAPER,escuela de música,EDUCATION,MUSIC_SCHOOL,Madrid,AREA_BOUNDING_BOX,"Madrid, Comunidad de Madrid, España",46,2026-10-07T09:38:54.691Z
st_escuela-de-musica:47,ChIJM7gPwNsoQg0RustgHF85aeM,st_escuela-de-musica.json,APIFY_GOOGLE_MAPS_SCRAPER,escuela de música,EDUCATION,MUSIC_SCHOOL,Madrid,AREA_BOUNDING_BOX,"Madrid, Comunidad de Madrid, España",47,2026-10-07T09:38:54.691Z
st_escuela-de-musica:48,ChIJVTTp1FMoQg0RLsCrapU-NMo,st_escuela-de-musica.json,APIFY_GOOGLE_MAPS_SCRAPER,escuela de música,EDUCATION,MUSIC_SCHOOL,Madrid,AREA_BOUNDING_BOX,"Madrid, Comunidad de Madrid, España",48,2026-10-07T09:38:54.691Z
st_escuela-de-musica:49,ChIJUSq3iGkoQg0RNwlG8ONB9cc,st_escuela-de-musica.json,APIFY_GOOGLE_MAPS_SCRAPER,escuela de música,EDUCATION,MUSIC_SCHOOL,Madrid,AREA_BOUNDING_BOX,"Madrid, Comunidad de Madrid, España",49,2026-10-07T09:38:54.691Z
st_escuela-de-musica:50,ChIJfQ1zQ2IoQg0RCrfn-zQHarU,st_escuela-de-musica.json,APIFY_GOOGLE_MAPS_SCRAPER,escuela de música,EDUCATION,MUSIC_SCHOOL,Madrid,AREA_BOUNDING_BOX,"Madrid, Comunidad de Madrid, España",50,2026-10-07T09:38:54.691Z
st_estudio-de-grabacion:1,ChIJPbkab4wpQg0RLFwAhmpe2S4,st_estudio-de-grabacion.json,APIFY_GOOGLE_MAPS_SCRAPER,estudio de grabación,MUSIC_PRODUCTION,RECORDING_STUDIO,Madrid,AREA_BOUNDING_BOX,"Madrid, Comunidad de Madrid, España",1,2026-10-07T09:40:30.382Z
st_estudio-de-grabacion:2,ChIJE2w0GnUpQg0R3uvPNYNt9tI,st_estudio-de-grabacion.json,APIFY_GOOGLE_MAPS_SCRAPER,estudio de grabación,MUSIC_PRODUCTION,RECORDING_STUDIO,Madrid,AREA_BOUNDING_BOX,"Madrid, Comunidad de Madrid, España",2,2026-10-07T09:40:30.383Z
st_estudio-de-grabacion:3,ChIJq5bk5y4pQg0RgmF2wAspn74,st_estudio-de-grabacion.json,APIFY_GOOGLE_MAPS_SCRAPER,estudio de grabación,MUSIC_PRODUCTION,RECORDING_STUDIO,Madrid,AREA_BOUNDING_BOX,"Madrid, Comunidad de Madrid, España",3,2026-10-07T09:40:30.383Z
st_estudio-de-grabacion:4,ChIJQydQlHkpQg0RagliVTCJFi0,st_estudio-de-grabacion.json,APIFY_GOOGLE_MAPS_SCRAPER,estudio de grabación,MUSIC_PRODUCTION,RECORDING_STUDIO,Madrid,AREA_BOUNDING_BOX,"Madrid, Comunidad de Madrid, España",4,2026-10-07T09:40:30.383Z
st_estudio-de-grabacion:5,ChIJMXFNdBIpQg0R_IhPb7KwRKA,st_estudio-de-grabacion.json,APIFY_GOOGLE_MAPS_SCRAPER,estudio de grabación,MUSIC_PRODUCTION,RECORDING_STUDIO,Madrid,AREA_BOUNDING_BOX,"Madrid, Comunidad de Madrid, España",5,2026-10-07T09:40:30.383Z
st_estudio-de-grabacion:6,ChIJ__-vW3QpQg0RezpsOUclcgs,st_estudio-de-grabacion.json,APIFY_GOOGLE_MAPS_SCRAPER,estudio de grabación,MUSIC_PRODUCTION,RECORDING_STUDIO,Madrid,AREA_BOUNDING_BOX,"Madrid, Comunidad de Madrid, España",6,2026-10-07T09:40:30.383Z
st_estudio-de-grabacion:7,ChIJFZc-UFkpQg0RzrbqZTM8fEk,st_estudio-de-grabacion.json,APIFY_GOOGLE_MAPS_SCRAPER,estudio de grabación,MUSIC_PRODUCTION,RECORDING_STUDIO,Madrid,AREA_BOUNDING_BOX,"Madrid, Comunidad de Madrid, España",7,2026-10-07T09:40:30.383Z
st_estudio-de-grabacion:8,ChIJm-MjmYopQg0RcF0rXrIRxMw,st_estudio-de-grabacion.json,APIFY_GOOGLE_MAPS_SCRAPER,estudio de grabación,MUSIC_PRODUCTION,RECORDING_STUDIO,Madrid,AREA_BOUNDING_BOX,"Madrid, Comunidad de Madrid, España",8,2026-10-07T09:40:30.383Z
st_estudio-de-grabacion:9,ChIJ4-5EznooQg0RyaOLpHTNpsA,st_estudio-de-grabacion.json,APIFY_GOOGLE_MAPS_SCRAPER,estudio de grabación,MUSIC_PRODUCTION,RECORDING_STUDIO,Madrid,AREA_BOUNDING_BOX,"Madrid, Comunidad de Madrid, España",9,2026-10-07T09:40:30.383Z
st_estudio-de-grabacion:10,ChIJV1lblTEmQg0RpOA0Oi_mdMI,st_estudio-de-grabacion.json,APIFY_GOOGLE_MAPS_SCRAPER,estudio de grabación,MUSIC_PRODUCTION,RECORDING_STUDIO,Madrid,AREA_BOUNDING_BOX,"Madrid, Comunidad de Madrid, España",10,2026-10-07T09:40:30.383Z
st_estudio-de-grabacion:11,ChIJh69KCiYpQg0R2-JUtAkmCOE,st_estudio-de-grabacion.json,APIFY_GOOGLE_MAPS_SCRAPER,estudio de grabación,MUSIC_PRODUCTION,RECORDING_STUDIO,Madrid,AREA_BOUNDING_BOX,"Madrid, Comunidad de Madrid, España",11,2026-10-07T09:40:30.383Z
st_estudio-de-grabacion:12,ChIJuyKJb1cpQg0RYZv6cg98ju0,st_estudio-de-grabacion.json,APIFY_GOOGLE_MAPS_SCRAPER,estudio de grabación,MUSIC_PRODUCTION,RECORDING_STUDIO,Madrid,AREA_BOUNDING_BOX,"Madrid, Comunidad de Madrid, España",12,2026-10-07T09:40:30.383Z
st_estudio-de-grabacion:13,ChIJ7dDpVnQpQg0R3bWxG5iI2Hw,st_estudio-de-grabacion.json,APIFY_GOOGLE_MAPS_SCRAPER,estudio de grabación,MUSIC_PRODUCTION,RECORDING_STUDIO,Madrid,AREA_BOUNDING_BOX,"Madrid, Comunidad de Madrid, España",13,2026-10-07T09:40:30.383Z
st_estudio-de-grabacion:14,ChIJ8Ycc16UpQg0Rg55-14pQR-4,st_estudio-de-grabacion.json,APIFY_GOOGLE_MAPS_SCRAPER,estudio de grabación,MUSIC_PRODUCTION,RECORDING_STUDIO,Madrid,AREA_BOUNDING_BOX,"Madrid, Comunidad de Madrid, España",14,2026-10-07T09:40:30.383Z
st_estudio-de-grabacion:15,ChIJ0T4ydbspQg0R6IV2PpVPVD0,st_estudio-de-grabacion.json,APIFY_GOOGLE_MAPS_SCRAPER,estudio de grabación,MUSIC_PRODUCTION,RECORDING_STUDIO,Madrid,AREA_BOUNDING_BOX,"Madrid, Comunidad de Madrid, España",15,2026-10-07T09:40:30.383Z
st_estudio-de-grabacion:16,ChIJU6MaBFMoQg0RymAZvUD3a-I,st_estudio-de-grabacion.json,APIFY_GOOGLE_MAPS_SCRAPER,estudio de grabación,MUSIC_PRODUCTION,RECORDING_STUDIO,Madrid,AREA_BOUNDING_BOX,"Madrid, Comunidad de Madrid, España",16,2026-10-07T09:40:30.383Z
st_estudio-de-grabacion:17,ChIJcaHqiCYpQg0R7xRTs4q-vPk,st_estudio-de-grabacion.json,APIFY_GOOGLE_MAPS_SCRAPER,estudio de grabación,MUSIC_PRODUCTION,RECORDING_STUDIO,Madrid,AREA_BOUNDING_BOX,"Madrid, Comunidad de Madrid, España",17,2026-10-07T09:40:30.383Z
st_estudio-de-grabacion:18,ChIJYwc93_QpQg0RcnbXfOCkzcc,st_estudio-de-grabacion.json,APIFY_GOOGLE_MAPS_SCRAPER,estudio de grabación,MUSIC_PRODUCTION,RECORDING_STUDIO,Madrid,AREA_BOUNDING_BOX,"Madrid, Comunidad de Madrid, España",18,2026-10-07T09:40:30.383Z
st_estudio-de-grabacion:19,ChIJJXfzsPIpQg0ROkJrO5jWv_8,st_estudio-de-grabacion.json,APIFY_GOOGLE_MAPS_SCRAPER,estudio de grabación,MUSIC_PRODUCTION,RECORDING_STUDIO,Madrid,AREA_BOUNDING_BOX,"Madrid, Comunidad de Madrid, España",19,2026-10-07T09:40:30.383Z
st_estudio-de-grabacion:20,ChIJaeKosQ0pQg0ROLPU6B7mQTg,st_estudio-de-grabacion.json,APIFY_GOOGLE_MAPS_SCRAPER,estudio de grabación,MUSIC_PRODUCTION,RECORDING_STUDIO,Madrid,AREA_BOUNDING_BOX,"Madrid, Comunidad de Madrid, España",20,2026-10-07T09:40:30.383Z
st_estudio-de-grabacion:21,ChIJ8eb4cd4pQg0RwksF7qS5850,st_estudio-de-grabacion.json,APIFY_GOOGLE_MAPS_SCRAPER,estudio de grabación,MUSIC_PRODUCTION,RECORDING_STUDIO,Madrid,AREA_BOUNDING_BOX,"Madrid, Comunidad de Madrid, España",21,2026-10-07T09:40:30.383Z
st_estudio-de-grabacion:22,ChIJaarDjdBJQg0RswsdjfIKVRE,st_estudio-de-grabacion.json,APIFY_GOOGLE_MAPS_SCRAPER,estudio de grabación,MUSIC_PRODUCTION,RECORDING_STUDIO,Madrid,AREA_BOUNDING_BOX,"Madrid, Comunidad de Madrid, España",22,2026-10-07T09:40:30.383Z
st_estudio-de-grabacion:23,ChIJ2VDFHJIpQg0RmNdMWohaOyU,st_estudio-de-grabacion.json,APIFY_GOOGLE_MAPS_SCRAPER,estudio de grabación,MUSIC_PRODUCTION,RECORDING_STUDIO,Madrid,AREA_BOUNDING_BOX,"Madrid, Comunidad de Madrid, España",23,2026-10-07T09:40:30.383Z
st_estudio-de-grabacion:24,ChIJga38rZknQg0RywH3hnIlOB8,st_estudio-de-grabacion.json,APIFY_GOOGLE_MAPS_SCRAPER,estudio de grabación,MUSIC_PRODUCTION,RECORDING_STUDIO,Madrid,AREA_BOUNDING_BOX,"Madrid, Comunidad de Madrid, España",24,2026-10-07T09:40:30.383Z
st_estudio-de-grabacion:25,ChIJASeWbMkoQg0RpEAEzuXzjPg,st_estudio-de-grabacion.json,APIFY_GOOGLE_MAPS_SCRAPER,estudio de grabación,MUSIC_PRODUCTION,RECORDING_STUDIO,Madrid,AREA_BOUNDING_BOX,"Madrid, Comunidad de Madrid, España",25,2026-10-07T09:40:30.383Z
st_estudio-de-grabacion:26,ChIJxyskQRwpQg0RuCfM4tUfjkU,st_estudio-de-grabacion.json,APIFY_GOOGLE_MAPS_SCRAPER,estudio de grabación,MUSIC_PRODUCTION,RECORDING_STUDIO,Madrid,AREA_BOUNDING_BOX,"Madrid, Comunidad de Madrid, España",26,2026-10-07T09:40:30.383Z
st_estudio-de-grabacion:27,ChIJPRPoSA8vQg0RxO43M450_do,st_estudio-de-grabacion.json,APIFY_GOOGLE_MAPS_SCRAPER,estudio de grabación,MUSIC_PRODUCTION,RECORDING_STUDIO,Madrid,AREA_BOUNDING_BOX,"Madrid, Comunidad de Madrid, España",27,2026-10-07T09:40:30.383Z
st_estudio-de-grabacion:28,ChIJr5dULXMnQg0R_c_qShe7QFY,st_estudio-de-grabacion.json,APIFY_GOOGLE_MAPS_SCRAPER,estudio de grabación,MUSIC_PRODUCTION,RECORDING_STUDIO,Madrid,AREA_BOUNDING_BOX,"Madrid, Comunidad de Madrid, España",28,2026-10-07T09:40:30.383Z
st_estudio-de-grabacion:29,ChIJM0RKQaspQg0RrFLvP1IIVE8,st_estudio-de-grabacion.json,APIFY_GOOGLE_MAPS_SCRAPER,estudio de grabación,MUSIC_PRODUCTION,RECORDING_STUDIO,Madrid,AREA_BOUNDING_BOX,"Madrid, Comunidad de Madrid, España",29,2026-10-07T09:40:30.383Z
st_estudio-de-grabacion:30,ChIJfaOxfWIoQg0RE7vonVxMgnA,st_estudio-de-grabacion.json,APIFY_GOOGLE_MAPS_SCRAPER,estudio de grabación,MUSIC_PRODUCTION,RECORDING_STUDIO,Madrid,AREA_BOUNDING_BOX,"Madrid, Comunidad de Madrid, España",30,2026-10-07T09:40:30.383Z
st_estudio-de-grabacion:31,ChIJU0FQ2kIpQg0RwX_rLSWBzxE,st_estudio-de-grabacion.json,APIFY_GOOGLE_MAPS_SCRAPER,estudio de grabación,MUSIC_PRODUCTION,RECORDING_STUDIO,Madrid,AREA_BOUNDING_BOX,"Madrid, Comunidad de Madrid, España",31,2026-10-07T09:40:30.383Z
st_estudio-de-grabacion:32,ChIJAQAwARomQg0RIavi1P2k6RU,st_estudio-de-grabacion.json,APIFY_GOOGLE_MAPS_SCRAPER,estudio de grabación,MUSIC_PRODUCTION,RECORDING_STUDIO,Madrid,AREA_BOUNDING_BOX,"Madrid, Comunidad de Madrid, España",32,2026-10-07T09:40:30.383Z
st_estudio-de-grabacion:33,ChIJV0_ZyogpQg0R2B2fz7KG2po,st_estudio-de-grabacion.json,APIFY_GOOGLE_MAPS_SCRAPER,estudio de grabación,MUSIC_PRODUCTION,RECORDING_STUDIO,Madrid,AREA_BOUNDING_BOX,"Madrid, Comunidad de Madrid, España",33,2026-10-07T09:40:30.383Z
st_estudio-de-grabacion:34,ChIJIQ2cynEpQg0RI2Ad3JGK330,st_estudio-de-grabacion.json,APIFY_GOOGLE_MAPS_SCRAPER,estudio de grabación,MUSIC_PRODUCTION,RECORDING_STUDIO,Madrid,AREA_BOUNDING_BOX,"Madrid, Comunidad de Madrid, España",34,2026-10-07T09:40:30.383Z
st_estudio-de-grabacion:35,ChIJA9W1HlcoQg0Rft_E_xg5Pyw,st_estudio-de-grabacion.json,APIFY_GOOGLE_MAPS_SCRAPER,estudio de grabación,MUSIC_PRODUCTION,RECORDING_STUDIO,Madrid,AREA_BOUNDING_BOX,"Madrid, Comunidad de Madrid, España",35,2026-10-07T09:40:30.383Z
st_estudio-de-grabacion:36,ChIJpSuEJwOIQQ0RgMtE_YiS7Xc,st_estudio-de-grabacion.json,APIFY_GOOGLE_MAPS_SCRAPER,estudio de grabación,MUSIC_PRODUCTION,RECORDING_STUDIO,Madrid,AREA_BOUNDING_BOX,"Madrid, Comunidad de Madrid, España",36,2026-10-07T09:40:30.383Z
st_estudio-de-grabacion:37,ChIJu0fcIv4pQg0RCjkNT8m3PYQ,st_estudio-de-grabacion.json,APIFY_GOOGLE_MAPS_SCRAPER,estudio de grabación,MUSIC_PRODUCTION,RECORDING_STUDIO,Madrid,AREA_BOUNDING_BOX,"Madrid, Comunidad de Madrid, España",37,2026-10-07T09:40:30.383Z
st_estudio-de-grabacion:38,ChIJB5BXq3woQg0RKgl5g_gwH48,st_estudio-de-grabacion.json,APIFY_GOOGLE_MAPS_SCRAPER,estudio de grabación,MUSIC_PRODUCTION,RECORDING_STUDIO,Madrid,AREA_BOUNDING_BOX,"Madrid, Comunidad de Madrid, España",38,2026-10-07T09:40:30.383Z
st_estudio-de-grabacion:39,ChIJoUN48C0rQg0RG56SQrEHuws,st_estudio-de-grabacion.json,APIFY_GOOGLE_MAPS_SCRAPER,estudio de grabación,MUSIC_PRODUCTION,RECORDING_STUDIO,Madrid,AREA_BOUNDING_BOX,"Madrid, Comunidad de Madrid, España",39,2026-10-07T09:40:30.383Z
st_estudio-de-grabacion:40,ChIJDWoGaqcpQg0RexRMfDKK8GU,st_estudio-de-grabacion.json,APIFY_GOOGLE_MAPS_SCRAPER,estudio de grabación,MUSIC_PRODUCTION,RECORDING_STUDIO,Madrid,AREA_BOUNDING_BOX,"Madrid, Comunidad de Madrid, España",40,2026-10-07T09:40:30.383Z
st_estudio-de-grabacion:41,ChIJ526wRN0pQg0RwmWQ2cr4t6Y,st_estudio-de-grabacion.json,APIFY_GOOGLE_MAPS_SCRAPER,estudio de grabación,MUSIC_PRODUCTION,RECORDING_STUDIO,Madrid,AREA_BOUNDING_BOX,"Madrid, Comunidad de Madrid, España",41,2026-10-07T09:40:30.383Z
st_estudio-de-grabacion:42,ChIJhYmj0X8oQg0R2SGuogcSBEY,st_estudio-de-grabacion.json,APIFY_GOOGLE_MAPS_SCRAPER,estudio de grabación,MUSIC_PRODUCTION,RECORDING_STUDIO,Madrid,AREA_BOUNDING_BOX,"Madrid, Comunidad de Madrid, España",42,2026-10-07T09:40:30.383Z
st_estudio-de-grabacion:43,ChIJW_KMjGkvQg0RbCn-svZaLlE,st_estudio-de-grabacion.json,APIFY_GOOGLE_MAPS_SCRAPER,estudio de grabación,MUSIC_PRODUCTION,RECORDING_STUDIO,Madrid,AREA_BOUNDING_BOX,"Madrid, Comunidad de Madrid, España",43,2026-10-07T09:40:30.383Z
st_estudio-de-grabacion:44,ChIJ02oEItEoQg0R52J_an5fAK0,st_estudio-de-grabacion.json,APIFY_GOOGLE_MAPS_SCRAPER,estudio de grabación,MUSIC_PRODUCTION,RECORDING_STUDIO,Madrid,AREA_BOUNDING_BOX,"Madrid, Comunidad de Madrid, España",44,2026-10-07T09:40:30.383Z
st_estudio-de-grabacion:45,ChIJU2Xwb7MnQg0RFzTkca7GwJU,st_estudio-de-grabacion.json,APIFY_GOOGLE_MAPS_SCRAPER,estudio de grabación,MUSIC_PRODUCTION,RECORDING_STUDIO,Madrid,AREA_BOUNDING_BOX,"Madrid, Comunidad de Madrid, España",45,2026-10-07T09:40:30.383Z
st_estudio-de-grabacion:46,ChIJy3yk07glQg0RAOHQQqnXjIo,st_estudio-de-grabacion.json,APIFY_GOOGLE_MAPS_SCRAPER,estudio de grabación,MUSIC_PRODUCTION,RECORDING_STUDIO,Madrid,AREA_BOUNDING_BOX,"Madrid, Comunidad de Madrid, España",46,2026-10-07T09:40:30.383Z
st_estudio-de-grabacion:47,ChIJB0ChfggpQg0RfdAvBZvfBvU,st_estudio-de-grabacion.json,APIFY_GOOGLE_MAPS_SCRAPER,estudio de grabación,MUSIC_PRODUCTION,RECORDING_STUDIO,Madrid,AREA_BOUNDING_BOX,"Madrid, Comunidad de Madrid, España",47,2026-10-07T09:40:30.383Z
st_estudio-de-grabacion:48,ChIJ__8L0d4nQg0RtjsVqFxSc08,st_estudio-de-grabacion.json,APIFY_GOOGLE_MAPS_SCRAPER,estudio de grabación,MUSIC_PRODUCTION,RECORDING_STUDIO,Madrid,AREA_BOUNDING_BOX,"Madrid, Comunidad de Madrid, España",48,2026-10-07T09:40:30.383Z
st_estudio-de-grabacion:49,ChIJDSerjPQpQg0RGpbRM3IHGO0,st_estudio-de-grabacion.json,APIFY_GOOGLE_MAPS_SCRAPER,estudio de grabación,MUSIC_PRODUCTION,RECORDING_STUDIO,Madrid,AREA_BOUNDING_BOX,"Madrid, Comunidad de Madrid, España",49,2026-10-07T09:40:30.383Z
st_estudio-de-grabacion:50,ChIJ1dzNMfIpQg0RVAV8tBsFDMQ,st_estudio-de-grabacion.json,APIFY_GOOGLE_MAPS_SCRAPER,estudio de grabación,MUSIC_PRODUCTION,RECORDING_STUDIO,Madrid,AREA_BOUNDING_BOX,"Madrid, Comunidad de Madrid, España",50,2026-10-07T09:40:30.383Z
st_instrumentos-musicales-de-segunda-mano:1,ChIJQRfVp4onQg0RXs7P1evGpWo,st_instrumentos-musicales-de-segunda-mano.json,APIFY_GOOGLE_MAPS_SCRAPER,instrumentos musicales de segunda mano,INSTRUMENTS,SECOND_HAND,Madrid,AREA_BOUNDING_BOX,"Madrid, Comunidad de Madrid, España",1,2026-10-07T09:39:43.685Z
st_instrumentos-musicales-de-segunda-mano:2,ChIJcY4x9_EoQg0RkYF0L3dCLdw,st_instrumentos-musicales-de-segunda-mano.json,APIFY_GOOGLE_MAPS_SCRAPER,instrumentos musicales de segunda mano,INSTRUMENTS,SECOND_HAND,Madrid,AREA_BOUNDING_BOX,"Madrid, Comunidad de Madrid, España",2,2026-10-07T09:39:43.685Z
st_instrumentos-musicales-de-segunda-mano:3,ChIJWRfxl48oQg0RCmEER8_X0Y4,st_instrumentos-musicales-de-segunda-mano.json,APIFY_GOOGLE_MAPS_SCRAPER,instrumentos musicales de segunda mano,INSTRUMENTS,SECOND_HAND,Madrid,AREA_BOUNDING_BOX,"Madrid, Comunidad de Madrid, España",3,2026-10-07T09:39:43.685Z
st_instrumentos-musicales-de-segunda-mano:4,ChIJYR3yfHkoQg0RZHP17EToW9g,st_instrumentos-musicales-de-segunda-mano.json,APIFY_GOOGLE_MAPS_SCRAPER,instrumentos musicales de segunda mano,INSTRUMENTS,SECOND_HAND,Madrid,AREA_BOUNDING_BOX,"Madrid, Comunidad de Madrid, España",4,2026-10-07T09:39:43.685Z
st_instrumentos-musicales-de-segunda-mano:5,ChIJ9b4IRIqJQQ0RnuvuuIedZLM,st_instrumentos-musicales-de-segunda-mano.json,APIFY_GOOGLE_MAPS_SCRAPER,instrumentos musicales de segunda mano,INSTRUMENTS,SECOND_HAND,Madrid,AREA_BOUNDING_BOX,"Madrid, Comunidad de Madrid, España",5,2026-10-07T09:39:43.685Z
st_instrumentos-musicales-de-segunda-mano:6,ChIJlbMs4ikmQg0RjwPA5Ta1NbU,st_instrumentos-musicales-de-segunda-mano.json,APIFY_GOOGLE_MAPS_SCRAPER,instrumentos musicales de segunda mano,INSTRUMENTS,SECOND_HAND,Madrid,AREA_BOUNDING_BOX,"Madrid, Comunidad de Madrid, España",6,2026-10-07T09:39:43.685Z
st_instrumentos-musicales-de-segunda-mano:7,ChIJe_tfWokoQg0RoK7NVTtYLxE,st_instrumentos-musicales-de-segunda-mano.json,APIFY_GOOGLE_MAPS_SCRAPER,instrumentos musicales de segunda mano,INSTRUMENTS,SECOND_HAND,Madrid,AREA_BOUNDING_BOX,"Madrid, Comunidad de Madrid, España",7,2026-10-07T09:39:43.685Z
st_instrumentos-musicales-de-segunda-mano:8,ChIJXSqZjvcoQg0RRxCPQGioUmA,st_instrumentos-musicales-de-segunda-mano.json,APIFY_GOOGLE_MAPS_SCRAPER,instrumentos musicales de segunda mano,INSTRUMENTS,SECOND_HAND,Madrid,AREA_BOUNDING_BOX,"Madrid, Comunidad de Madrid, España",8,2026-10-07T09:39:43.685Z
st_instrumentos-musicales-de-segunda-mano:9,ChIJtQglXNQuQg0RRu6VAkGjuoY,st_instrumentos-musicales-de-segunda-mano.json,APIFY_GOOGLE_MAPS_SCRAPER,instrumentos musicales de segunda mano,INSTRUMENTS,SECOND_HAND,Madrid,AREA_BOUNDING_BOX,"Madrid, Comunidad de Madrid, España",9,2026-10-07T09:39:43.685Z
st_instrumentos-musicales-de-segunda-mano:10,ChIJpezqIQQpQg0RqNRSkRXoiPE,st_instrumentos-musicales-de-segunda-mano.json,APIFY_GOOGLE_MAPS_SCRAPER,instrumentos musicales de segunda mano,INSTRUMENTS,SECOND_HAND,Madrid,AREA_BOUNDING_BOX,"Madrid, Comunidad de Madrid, España",10,2026-10-07T09:39:43.685Z
st_instrumentos-musicales-de-segunda-mano:11,ChIJb9dRXT8vQg0R9L5iLu9A8fc,st_instrumentos-musicales-de-segunda-mano.json,APIFY_GOOGLE_MAPS_SCRAPER,instrumentos musicales de segunda mano,INSTRUMENTS,SECOND_HAND,Madrid,AREA_BOUNDING_BOX,"Madrid, Comunidad de Madrid, España",11,2026-10-07T09:39:43.685Z
st_instrumentos-musicales-de-segunda-mano:12,ChIJ94h0oO6JQQ0Roqn8HFvz7Ds,st_instrumentos-musicales-de-segunda-mano.json,APIFY_GOOGLE_MAPS_SCRAPER,instrumentos musicales de segunda mano,INSTRUMENTS,SECOND_HAND,Madrid,AREA_BOUNDING_BOX,"Madrid, Comunidad de Madrid, España",12,2026-10-07T09:39:43.685Z
st_instrumentos-musicales-de-segunda-mano:13,ChIJ3zLVGBktQg0RROo_Y-qYatA,st_instrumentos-musicales-de-segunda-mano.json,APIFY_GOOGLE_MAPS_SCRAPER,instrumentos musicales de segunda mano,INSTRUMENTS,SECOND_HAND,Madrid,AREA_BOUNDING_BOX,"Madrid, Comunidad de Madrid, España",13,2026-10-07T09:39:43.685Z
st_instrumentos-musicales-de-segunda-mano:14,ChIJ9ZGs8ygmQg0REJEO1oYjQGQ,st_instrumentos-musicales-de-segunda-mano.json,APIFY_GOOGLE_MAPS_SCRAPER,instrumentos musicales de segunda mano,INSTRUMENTS,SECOND_HAND,Madrid,AREA_BOUNDING_BOX,"Madrid, Comunidad de Madrid, España",14,2026-10-07T09:39:43.685Z
st_instrumentos-musicales-de-segunda-mano:15,ChIJgRYdgyYmQg0RYJ9OOyfBGOE,st_instrumentos-musicales-de-segunda-mano.json,APIFY_GOOGLE_MAPS_SCRAPER,instrumentos musicales de segunda mano,INSTRUMENTS,SECOND_HAND,Madrid,AREA_BOUNDING_BOX,"Madrid, Comunidad de Madrid, España",15,2026-10-07T09:39:43.685Z
st_instrumentos-musicales-de-segunda-mano:16,ChIJQcvrC5QvQg0RogW1bYzk8gg,st_instrumentos-musicales-de-segunda-mano.json,APIFY_GOOGLE_MAPS_SCRAPER,instrumentos musicales de segunda mano,INSTRUMENTS,SECOND_HAND,Madrid,AREA_BOUNDING_BOX,"Madrid, Comunidad de Madrid, España",16,2026-10-07T09:39:43.685Z
st_instrumentos-musicales-de-segunda-mano:17,ChIJ-WYHzgYpQg0Ryv52SXPnHZQ,st_instrumentos-musicales-de-segunda-mano.json,APIFY_GOOGLE_MAPS_SCRAPER,instrumentos musicales de segunda mano,INSTRUMENTS,SECOND_HAND,Madrid,AREA_BOUNDING_BOX,"Madrid, Comunidad de Madrid, España",17,2026-10-07T09:39:43.685Z
st_instrumentos-musicales-de-segunda-mano:18,ChIJw3ng6LcoQg0R5FQUaOBPCS4,st_instrumentos-musicales-de-segunda-mano.json,APIFY_GOOGLE_MAPS_SCRAPER,instrumentos musicales de segunda mano,INSTRUMENTS,SECOND_HAND,Madrid,AREA_BOUNDING_BOX,"Madrid, Comunidad de Madrid, España",18,2026-10-07T09:39:43.685Z
st_instrumentos-musicales-de-segunda-mano:19,ChIJF3Htg4UoQg0RuYd9SMLn-Ng,st_instrumentos-musicales-de-segunda-mano.json,APIFY_GOOGLE_MAPS_SCRAPER,instrumentos musicales de segunda mano,INSTRUMENTS,SECOND_HAND,Madrid,AREA_BOUNDING_BOX,"Madrid, Comunidad de Madrid, España",19,2026-10-07T09:39:43.685Z
st_instrumentos-musicales-de-segunda-mano:20,ChIJiefdynsoQg0RSIx9mnYXHUo,st_instrumentos-musicales-de-segunda-mano.json,APIFY_GOOGLE_MAPS_SCRAPER,instrumentos musicales de segunda mano,INSTRUMENTS,SECOND_HAND,Madrid,AREA_BOUNDING_BOX,"Madrid, Comunidad de Madrid, España",20,2026-10-07T09:39:43.685Z
st_instrumentos-musicales-de-segunda-mano:21,ChIJg1mI_LAoQg0RYkkeBiuFUmo,st_instrumentos-musicales-de-segunda-mano.json,APIFY_GOOGLE_MAPS_SCRAPER,instrumentos musicales de segunda mano,INSTRUMENTS,SECOND_HAND,Madrid,AREA_BOUNDING_BOX,"Madrid, Comunidad de Madrid, España",21,2026-10-07T09:39:43.685Z
st_instrumentos-musicales-de-segunda-mano:22,ChIJme3ti16GQQ0R3TP4JVELE1g,st_instrumentos-musicales-de-segunda-mano.json,APIFY_GOOGLE_MAPS_SCRAPER,instrumentos musicales de segunda mano,INSTRUMENTS,SECOND_HAND,Madrid,AREA_BOUNDING_BOX,"Madrid, Comunidad de Madrid, España",22,2026-10-07T09:39:43.685Z
st_instrumentos-musicales-de-segunda-mano:23,ChIJS3kvqY0oQg0R-m4yH1rBEKs,st_instrumentos-musicales-de-segunda-mano.json,APIFY_GOOGLE_MAPS_SCRAPER,instrumentos musicales de segunda mano,INSTRUMENTS,SECOND_HAND,Madrid,AREA_BOUNDING_BOX,"Madrid, Comunidad de Madrid, España",23,2026-10-07T09:39:43.685Z
st_instrumentos-musicales-de-segunda-mano:24,ChIJOz5Odo4oQg0RDDWQNr1RfvU,st_instrumentos-musicales-de-segunda-mano.json,APIFY_GOOGLE_MAPS_SCRAPER,instrumentos musicales de segunda mano,INSTRUMENTS,SECOND_HAND,Madrid,AREA_BOUNDING_BOX,"Madrid, Comunidad de Madrid, España",24,2026-10-07T09:39:43.685Z
st_instrumentos-musicales-de-segunda-mano:25,ChIJjTvATnQvQg0RNtfHg_KY70U,st_instrumentos-musicales-de-segunda-mano.json,APIFY_GOOGLE_MAPS_SCRAPER,instrumentos musicales de segunda mano,INSTRUMENTS,SECOND_HAND,Madrid,AREA_BOUNDING_BOX,"Madrid, Comunidad de Madrid, España",25,2026-10-07T09:39:43.685Z
st_instrumentos-musicales-de-segunda-mano:26,ChIJO0JTRYcoQg0RO6JTkYv8yKI,st_instrumentos-musicales-de-segunda-mano.json,APIFY_GOOGLE_MAPS_SCRAPER,instrumentos musicales de segunda mano,INSTRUMENTS,SECOND_HAND,Madrid,AREA_BOUNDING_BOX,"Madrid, Comunidad de Madrid, España",26,2026-10-07T09:39:43.685Z
st_instrumentos-musicales-de-segunda-mano:27,ChIJ98GfcuwuQg0R-7SwuEnca-c,st_instrumentos-musicales-de-segunda-mano.json,APIFY_GOOGLE_MAPS_SCRAPER,instrumentos musicales de segunda mano,INSTRUMENTS,SECOND_HAND,Madrid,AREA_BOUNDING_BOX,"Madrid, Comunidad de Madrid, España",27,2026-10-07T09:39:43.685Z
st_instrumentos-musicales-de-segunda-mano:28,ChIJ14rkstUnQg0RdHTm3H37oew,st_instrumentos-musicales-de-segunda-mano.json,APIFY_GOOGLE_MAPS_SCRAPER,instrumentos musicales de segunda mano,INSTRUMENTS,SECOND_HAND,Madrid,AREA_BOUNDING_BOX,"Madrid, Comunidad de Madrid, España",28,2026-10-07T09:39:43.685Z
st_instrumentos-musicales-de-segunda-mano:29,ChIJc8-sqCkmQg0Rm-dFjDZytJg,st_instrumentos-musicales-de-segunda-mano.json,APIFY_GOOGLE_MAPS_SCRAPER,instrumentos musicales de segunda mano,INSTRUMENTS,SECOND_HAND,Madrid,AREA_BOUNDING_BOX,"Madrid, Comunidad de Madrid, España",29,2026-10-07T09:39:43.685Z
st_instrumentos-musicales-de-segunda-mano:30,ChIJOQzrNtIoQg0Rsy6UsXHF3vg,st_instrumentos-musicales-de-segunda-mano.json,APIFY_GOOGLE_MAPS_SCRAPER,instrumentos musicales de segunda mano,INSTRUMENTS,SECOND_HAND,Madrid,AREA_BOUNDING_BOX,"Madrid, Comunidad de Madrid, España",30,2026-10-07T09:39:43.685Z
st_instrumentos-musicales-de-segunda-mano:31,ChIJH4LTEIcpQg0RVzPsJmOtbEw,st_instrumentos-musicales-de-segunda-mano.json,APIFY_GOOGLE_MAPS_SCRAPER,instrumentos musicales de segunda mano,INSTRUMENTS,SECOND_HAND,Madrid,AREA_BOUNDING_BOX,"Madrid, Comunidad de Madrid, España",31,2026-10-07T09:39:43.685Z
st_instrumentos-musicales-de-segunda-mano:32,ChIJT9-y-7ApQg0RdLE1wmJYib0,st_instrumentos-musicales-de-segunda-mano.json,APIFY_GOOGLE_MAPS_SCRAPER,instrumentos musicales de segunda mano,INSTRUMENTS,SECOND_HAND,Madrid,AREA_BOUNDING_BOX,"Madrid, Comunidad de Madrid, España",32,2026-10-07T09:39:43.685Z
st_instrumentos-musicales-de-segunda-mano:33,ChIJ-4Uq_mAoQg0R05r5vY3Boso,st_instrumentos-musicales-de-segunda-mano.json,APIFY_GOOGLE_MAPS_SCRAPER,instrumentos musicales de segunda mano,INSTRUMENTS,SECOND_HAND,Madrid,AREA_BOUNDING_BOX,"Madrid, Comunidad de Madrid, España",33,2026-10-07T09:39:43.685Z
st_instrumentos-musicales-de-segunda-mano:34,ChIJVU08PqQnQg0RYgHa3TCAOaI,st_instrumentos-musicales-de-segunda-mano.json,APIFY_GOOGLE_MAPS_SCRAPER,instrumentos musicales de segunda mano,INSTRUMENTS,SECOND_HAND,Madrid,AREA_BOUNDING_BOX,"Madrid, Comunidad de Madrid, España",34,2026-10-07T09:39:43.685Z
st_instrumentos-musicales-de-segunda-mano:35,ChIJD_hJStwlQg0RkY8gmJU-YAU,st_instrumentos-musicales-de-segunda-mano.json,APIFY_GOOGLE_MAPS_SCRAPER,instrumentos musicales de segunda mano,INSTRUMENTS,SECOND_HAND,Madrid,AREA_BOUNDING_BOX,"Madrid, Comunidad de Madrid, España",35,2026-10-07T09:39:43.685Z
st_instrumentos-musicales-de-segunda-mano:36,ChIJXf6XnNUpQg0R88rR-oToOWQ,st_instrumentos-musicales-de-segunda-mano.json,APIFY_GOOGLE_MAPS_SCRAPER,instrumentos musicales de segunda mano,INSTRUMENTS,SECOND_HAND,Madrid,AREA_BOUNDING_BOX,"Madrid, Comunidad de Madrid, España",36,2026-10-07T09:39:43.685Z
st_instrumentos-musicales-de-segunda-mano:37,ChIJj0-f3K38cQ0RIDyailccG-Y,st_instrumentos-musicales-de-segunda-mano.json,APIFY_GOOGLE_MAPS_SCRAPER,instrumentos musicales de segunda mano,INSTRUMENTS,SECOND_HAND,Madrid,AREA_BOUNDING_BOX,"Madrid, Comunidad de Madrid, España",37,2026-10-07T09:39:43.685Z
st_instrumentos-musicales-de-segunda-mano:38,ChIJxa7diLQoQg0RddBFUbmEsb4,st_instrumentos-musicales-de-segunda-mano.json,APIFY_GOOGLE_MAPS_SCRAPER,instrumentos musicales de segunda mano,INSTRUMENTS,SECOND_HAND,Madrid,AREA_BOUNDING_BOX,"Madrid, Comunidad de Madrid, España",38,2026-10-07T09:39:43.685Z
st_instrumentos-musicales-de-segunda-mano:39,ChIJrQJFX44oQg0RqOnpf8QnYPk,st_instrumentos-musicales-de-segunda-mano.json,APIFY_GOOGLE_MAPS_SCRAPER,instrumentos musicales de segunda mano,INSTRUMENTS,SECOND_HAND,Madrid,AREA_BOUNDING_BOX,"Madrid, Comunidad de Madrid, España",39,2026-10-07T09:39:43.685Z
st_instrumentos-musicales-de-segunda-mano:40,ChIJuclz7SomQg0RIAIefh8a2kY,st_instrumentos-musicales-de-segunda-mano.json,APIFY_GOOGLE_MAPS_SCRAPER,instrumentos musicales de segunda mano,INSTRUMENTS,SECOND_HAND,Madrid,AREA_BOUNDING_BOX,"Madrid, Comunidad de Madrid, España",40,2026-10-07T09:39:43.685Z
st_instrumentos-musicales-de-segunda-mano:41,ChIJrRdqp0IoQg0Rux8dUVn0ll4,st_instrumentos-musicales-de-segunda-mano.json,APIFY_GOOGLE_MAPS_SCRAPER,instrumentos musicales de segunda mano,INSTRUMENTS,SECOND_HAND,Madrid,AREA_BOUNDING_BOX,"Madrid, Comunidad de Madrid, España",41,2026-10-07T09:39:43.685Z
st_instrumentos-musicales-de-segunda-mano:42,ChIJAVN8NhkmQg0R_S3q60XAaiw,st_instrumentos-musicales-de-segunda-mano.json,APIFY_GOOGLE_MAPS_SCRAPER,instrumentos musicales de segunda mano,INSTRUMENTS,SECOND_HAND,Madrid,AREA_BOUNDING_BOX,"Madrid, Comunidad de Madrid, España",42,2026-10-07T09:39:43.685Z
st_instrumentos-musicales-de-segunda-mano:43,ChIJAVqGBSomQg0Rm5tO9xzZ1Gc,st_instrumentos-musicales-de-segunda-mano.json,APIFY_GOOGLE_MAPS_SCRAPER,instrumentos musicales de segunda mano,INSTRUMENTS,SECOND_HAND,Madrid,AREA_BOUNDING_BOX,"Madrid, Comunidad de Madrid, España",43,2026-10-07T09:39:43.685Z
st_instrumentos-musicales-de-segunda-mano:44,ChIJt0z1DZcnQg0R9iyRuyCT-78,st_instrumentos-musicales-de-segunda-mano.json,APIFY_GOOGLE_MAPS_SCRAPER,instrumentos musicales de segunda mano,INSTRUMENTS,SECOND_HAND,Madrid,AREA_BOUNDING_BOX,"Madrid, Comunidad de Madrid, España",44,2026-10-07T09:39:43.685Z
st_instrumentos-musicales-de-segunda-mano:45,ChIJXe80ql0oQg0R-uNPP_dRVxU,st_instrumentos-musicales-de-segunda-mano.json,APIFY_GOOGLE_MAPS_SCRAPER,instrumentos musicales de segunda mano,INSTRUMENTS,SECOND_HAND,Madrid,AREA_BOUNDING_BOX,"Madrid, Comunidad de Madrid, España",45,2026-10-07T09:39:43.685Z
st_instrumentos-musicales-de-segunda-mano:46,ChIJOVdELb8lQg0RNoqghcFZI1c,st_instrumentos-musicales-de-segunda-mano.json,APIFY_GOOGLE_MAPS_SCRAPER,instrumentos musicales de segunda mano,INSTRUMENTS,SECOND_HAND,Madrid,AREA_BOUNDING_BOX,"Madrid, Comunidad de Madrid, España",46,2026-10-07T09:39:43.685Z
st_instrumentos-musicales-de-segunda-mano:47,ChIJ5-m-e3koQg0RisVyNk-i9Go,st_instrumentos-musicales-de-segunda-mano.json,APIFY_GOOGLE_MAPS_SCRAPER,instrumentos musicales de segunda mano,INSTRUMENTS,SECOND_HAND,Madrid,AREA_BOUNDING_BOX,"Madrid, Comunidad de Madrid, España",47,2026-10-07T09:39:43.685Z
st_instrumentos-musicales-de-segunda-mano:48,ChIJi-ruNygmQg0Rp_Jojq6thwo,st_instrumentos-musicales-de-segunda-mano.json,APIFY_GOOGLE_MAPS_SCRAPER,instrumentos musicales de segunda mano,INSTRUMENTS,SECOND_HAND,Madrid,AREA_BOUNDING_BOX,"Madrid, Comunidad de Madrid, España",48,2026-10-07T09:39:43.685Z
st_instrumentos-musicales-de-segunda-mano:49,ChIJD2j6MAQpQg0RGlS3VLNOeGc,st_instrumentos-musicales-de-segunda-mano.json,APIFY_GOOGLE_MAPS_SCRAPER,instrumentos musicales de segunda mano,INSTRUMENTS,SECOND_HAND,Madrid,AREA_BOUNDING_BOX,"Madrid, Comunidad de Madrid, España",49,2026-10-07T09:39:43.685Z
st_luthier:1,ChIJbZBBKJQpQg0R95YhmiKmZo4,st_luthier.json,APIFY_GOOGLE_MAPS_SCRAPER,luthier,CRAFT_AND_REPAIR,LUTHIER,Madrid,AREA_BOUNDING_BOX,"Madrid, Comunidad de Madrid, España",1,2026-10-07T09:39:56.473Z
st_luthier:2,ChIJjTvATnQvQg0RNtfHg_KY70U,st_luthier.json,APIFY_GOOGLE_MAPS_SCRAPER,luthier,CRAFT_AND_REPAIR,LUTHIER,Madrid,AREA_BOUNDING_BOX,"Madrid, Comunidad de Madrid, España",2,2026-10-07T09:39:56.473Z
st_luthier:3,ChIJ49uKZ1MoQg0R-Otjgu7HHaE,st_luthier.json,APIFY_GOOGLE_MAPS_SCRAPER,luthier,CRAFT_AND_REPAIR,LUTHIER,Madrid,AREA_BOUNDING_BOX,"Madrid, Comunidad de Madrid, España",3,2026-10-07T09:39:56.474Z
st_luthier:4,ChIJhyRyClIpQg0R1zaYX0KGnXM,st_luthier.json,APIFY_GOOGLE_MAPS_SCRAPER,luthier,CRAFT_AND_REPAIR,LUTHIER,Madrid,AREA_BOUNDING_BOX,"Madrid, Comunidad de Madrid, España",4,2026-10-07T09:39:56.474Z
st_luthier:5,ChIJsz-QkygmQg0R8Krj7TRUgKo,st_luthier.json,APIFY_GOOGLE_MAPS_SCRAPER,luthier,CRAFT_AND_REPAIR,LUTHIER,Madrid,AREA_BOUNDING_BOX,"Madrid, Comunidad de Madrid, España",5,2026-10-07T09:39:56.474Z
st_luthier:6,ChIJt0z1DZcnQg0R9iyRuyCT-78,st_luthier.json,APIFY_GOOGLE_MAPS_SCRAPER,luthier,CRAFT_AND_REPAIR,LUTHIER,Madrid,AREA_BOUNDING_BOX,"Madrid, Comunidad de Madrid, España",6,2026-10-07T09:39:56.474Z
st_luthier:7,ChIJQzEsZL4nQg0RhCXl9SlUXE8,st_luthier.json,APIFY_GOOGLE_MAPS_SCRAPER,luthier,CRAFT_AND_REPAIR,LUTHIER,Madrid,AREA_BOUNDING_BOX,"Madrid, Comunidad de Madrid, España",7,2026-10-07T09:39:56.474Z
st_luthier:8,ChIJiUYKG7UnQg0R507ey3OtEJM,st_luthier.json,APIFY_GOOGLE_MAPS_SCRAPER,luthier,CRAFT_AND_REPAIR,LUTHIER,Madrid,AREA_BOUNDING_BOX,"Madrid, Comunidad de Madrid, España",8,2026-10-07T09:39:56.474Z
st_luthier:9,ChIJb4TaP3QmQg0R1VgI9KlBdSo,st_luthier.json,APIFY_GOOGLE_MAPS_SCRAPER,luthier,CRAFT_AND_REPAIR,LUTHIER,Madrid,AREA_BOUNDING_BOX,"Madrid, Comunidad de Madrid, España",9,2026-10-07T09:39:56.474Z
st_luthier:10,ChIJtb5bWwAnQg0RThXSlXxd0BI,st_luthier.json,APIFY_GOOGLE_MAPS_SCRAPER,luthier,CRAFT_AND_REPAIR,LUTHIER,Madrid,AREA_BOUNDING_BOX,"Madrid, Comunidad de Madrid, España",10,2026-10-07T09:39:56.474Z
st_luthier:11,ChIJW6PPN3YnQg0RXNsySTaZtWo,st_luthier.json,APIFY_GOOGLE_MAPS_SCRAPER,luthier,CRAFT_AND_REPAIR,LUTHIER,Madrid,AREA_BOUNDING_BOX,"Madrid, Comunidad de Madrid, España",11,2026-10-07T09:39:56.474Z
st_luthier:12,ChIJI1Y7RIcoQg0ReLrv8ZinXlI,st_luthier.json,APIFY_GOOGLE_MAPS_SCRAPER,luthier,CRAFT_AND_REPAIR,LUTHIER,Madrid,AREA_BOUNDING_BOX,"Madrid, Comunidad de Madrid, España",12,2026-10-07T09:39:56.474Z
st_luthier:13,ChIJ-X6alvKFQQ0RJKV5xPtLmm0,st_luthier.json,APIFY_GOOGLE_MAPS_SCRAPER,luthier,CRAFT_AND_REPAIR,LUTHIER,Madrid,AREA_BOUNDING_BOX,"Madrid, Comunidad de Madrid, España",13,2026-10-07T09:39:56.474Z
st_luthier:14,ChIJZ68v19MnQg0R26joW3nGVbk,st_luthier.json,APIFY_GOOGLE_MAPS_SCRAPER,luthier,CRAFT_AND_REPAIR,LUTHIER,Madrid,AREA_BOUNDING_BOX,"Madrid, Comunidad de Madrid, España",14,2026-10-07T09:39:56.474Z
st_luthier:15,ChIJRRV_cPIpQg0R3s99M0bUHdc,st_luthier.json,APIFY_GOOGLE_MAPS_SCRAPER,luthier,CRAFT_AND_REPAIR,LUTHIER,Madrid,AREA_BOUNDING_BOX,"Madrid, Comunidad de Madrid, España",15,2026-10-07T09:39:56.474Z
st_luthier:16,ChIJD2j6MAQpQg0RJbaQhqCROFk,st_luthier.json,APIFY_GOOGLE_MAPS_SCRAPER,luthier,CRAFT_AND_REPAIR,LUTHIER,Madrid,AREA_BOUNDING_BOX,"Madrid, Comunidad de Madrid, España",16,2026-10-07T09:39:56.474Z
st_luthier:17,ChIJJ3DMksIoQg0RySagcqnFhI0,st_luthier.json,APIFY_GOOGLE_MAPS_SCRAPER,luthier,CRAFT_AND_REPAIR,LUTHIER,Madrid,AREA_BOUNDING_BOX,"Madrid, Comunidad de Madrid, España",17,2026-10-07T09:39:56.474Z
st_luthier:18,ChIJh6__4XooQg0RtTBpTNp3CdM,st_luthier.json,APIFY_GOOGLE_MAPS_SCRAPER,luthier,CRAFT_AND_REPAIR,LUTHIER,Madrid,AREA_BOUNDING_BOX,"Madrid, Comunidad de Madrid, España",18,2026-10-07T09:39:56.474Z
st_luthier:19,ChIJMUClTosoQg0RO9lnJz6Jzqc,st_luthier.json,APIFY_GOOGLE_MAPS_SCRAPER,luthier,CRAFT_AND_REPAIR,LUTHIER,Madrid,AREA_BOUNDING_BOX,"Madrid, Comunidad de Madrid, España",19,2026-10-07T09:39:56.474Z
st_luthier:20,ChIJa1FiH0YpQg0RIPH4NipCr9w,st_luthier.json,APIFY_GOOGLE_MAPS_SCRAPER,luthier,CRAFT_AND_REPAIR,LUTHIER,Madrid,AREA_BOUNDING_BOX,"Madrid, Comunidad de Madrid, España",20,2026-10-07T09:39:56.474Z
st_luthier:21,ChIJtTeLSEYpQg0RkxeTFTqORyw,st_luthier.json,APIFY_GOOGLE_MAPS_SCRAPER,luthier,CRAFT_AND_REPAIR,LUTHIER,Madrid,AREA_BOUNDING_BOX,"Madrid, Comunidad de Madrid, España",21,2026-10-07T09:39:56.474Z
st_luthier:22,ChIJVU08PqQnQg0RYgHa3TCAOaI,st_luthier.json,APIFY_GOOGLE_MAPS_SCRAPER,luthier,CRAFT_AND_REPAIR,LUTHIER,Madrid,AREA_BOUNDING_BOX,"Madrid, Comunidad de Madrid, España",22,2026-10-07T09:39:56.474Z
st_luthier:23,ChIJeafvUJQoQg0RNVjc8c5XZjI,st_luthier.json,APIFY_GOOGLE_MAPS_SCRAPER,luthier,CRAFT_AND_REPAIR,LUTHIER,Madrid,AREA_BOUNDING_BOX,"Madrid, Comunidad de Madrid, España",23,2026-10-07T09:39:56.474Z
st_luthier:24,ChIJKRwWsvInQg0RFq3u0lyqy5o,st_luthier.json,APIFY_GOOGLE_MAPS_SCRAPER,luthier,CRAFT_AND_REPAIR,LUTHIER,Madrid,AREA_BOUNDING_BOX,"Madrid, Comunidad de Madrid, España",24,2026-10-07T09:39:56.474Z
st_luthier:25,ChIJeXRdt3ooQg0R-21qVnzGTq8,st_luthier.json,APIFY_GOOGLE_MAPS_SCRAPER,luthier,CRAFT_AND_REPAIR,LUTHIER,Madrid,AREA_BOUNDING_BOX,"Madrid, Comunidad de Madrid, España",25,2026-10-07T09:39:56.474Z
st_luthier:26,ChIJVWD9KGIoQg0RY7zeyRUBzoQ,st_luthier.json,APIFY_GOOGLE_MAPS_SCRAPER,luthier,CRAFT_AND_REPAIR,LUTHIER,Madrid,AREA_BOUNDING_BOX,"Madrid, Comunidad de Madrid, España",26,2026-10-07T09:39:56.474Z
st_luthier:27,ChIJrRdqp0IoQg0Rux8dUVn0ll4,st_luthier.json,APIFY_GOOGLE_MAPS_SCRAPER,luthier,CRAFT_AND_REPAIR,LUTHIER,Madrid,AREA_BOUNDING_BOX,"Madrid, Comunidad de Madrid, España",27,2026-10-07T09:39:56.474Z
st_luthier:28,ChIJgW5mrikmQg0R4YxJhD9D15Y,st_luthier.json,APIFY_GOOGLE_MAPS_SCRAPER,luthier,CRAFT_AND_REPAIR,LUTHIER,Madrid,AREA_BOUNDING_BOX,"Madrid, Comunidad de Madrid, España",28,2026-10-07T09:39:56.474Z
st_luthier:29,ChIJXSqZjvcoQg0RRxCPQGioUmA,st_luthier.json,APIFY_GOOGLE_MAPS_SCRAPER,luthier,CRAFT_AND_REPAIR,LUTHIER,Madrid,AREA_BOUNDING_BOX,"Madrid, Comunidad de Madrid, España",29,2026-10-07T09:39:56.474Z
st_luthier:30,ChIJryI33iomQg0RM0nKGAux_BI,st_luthier.json,APIFY_GOOGLE_MAPS_SCRAPER,luthier,CRAFT_AND_REPAIR,LUTHIER,Madrid,AREA_BOUNDING_BOX,"Madrid, Comunidad de Madrid, España",30,2026-10-07T09:39:56.474Z
st_luthier:31,ChIJFz28znsoQg0RfwdYwYfXJbI,st_luthier.json,APIFY_GOOGLE_MAPS_SCRAPER,luthier,CRAFT_AND_REPAIR,LUTHIER,Madrid,AREA_BOUNDING_BOX,"Madrid, Comunidad de Madrid, España",31,2026-10-07T09:39:56.474Z
st_luthier:32,ChIJmYCsDXkoQg0Rp7dsXIVNbXA,st_luthier.json,APIFY_GOOGLE_MAPS_SCRAPER,luthier,CRAFT_AND_REPAIR,LUTHIER,Madrid,AREA_BOUNDING_BOX,"Madrid, Comunidad de Madrid, España",32,2026-10-07T09:39:56.474Z
st_luthier:33,ChIJcY4x9_EoQg0RkYF0L3dCLdw,st_luthier.json,APIFY_GOOGLE_MAPS_SCRAPER,luthier,CRAFT_AND_REPAIR,LUTHIER,Madrid,AREA_BOUNDING_BOX,"Madrid, Comunidad de Madrid, España",33,2026-10-07T09:39:56.474Z
st_luthier:34,ChIJuyKgK60nQg0R5Fio9Nu3uTU,st_luthier.json,APIFY_GOOGLE_MAPS_SCRAPER,luthier,CRAFT_AND_REPAIR,LUTHIER,Madrid,AREA_BOUNDING_BOX,"Madrid, Comunidad de Madrid, España",34,2026-10-07T09:39:56.474Z
st_luthier:35,ChIJIbvbny4pQg0RWdm2f60CGKU,st_luthier.json,APIFY_GOOGLE_MAPS_SCRAPER,luthier,CRAFT_AND_REPAIR,LUTHIER,Madrid,AREA_BOUNDING_BOX,"Madrid, Comunidad de Madrid, España",35,2026-10-07T09:39:56.474Z
st_luthier:36,ChIJ1zoDbKsjQg0Rb_633Nu3HYo,st_luthier.json,APIFY_GOOGLE_MAPS_SCRAPER,luthier,CRAFT_AND_REPAIR,LUTHIER,Madrid,AREA_BOUNDING_BOX,"Madrid, Comunidad de Madrid, España",36,2026-10-07T09:39:56.474Z
st_luthier:37,ChIJV2Yt2y0nQg0RQImVyezWiZs,st_luthier.json,APIFY_GOOGLE_MAPS_SCRAPER,luthier,CRAFT_AND_REPAIR,LUTHIER,Madrid,AREA_BOUNDING_BOX,"Madrid, Comunidad de Madrid, España",37,2026-10-07T09:39:56.474Z
st_luthier:38,ChIJRcVl3tQmQg0RkMzclLHvD3c,st_luthier.json,APIFY_GOOGLE_MAPS_SCRAPER,luthier,CRAFT_AND_REPAIR,LUTHIER,Madrid,AREA_BOUNDING_BOX,"Madrid, Comunidad de Madrid, España",38,2026-10-07T09:39:56.474Z
st_luthier:39,ChIJSx5-h_iDQQ0R6TGQxlEZ94E,st_luthier.json,APIFY_GOOGLE_MAPS_SCRAPER,luthier,CRAFT_AND_REPAIR,LUTHIER,Madrid,AREA_BOUNDING_BOX,"Madrid, Comunidad de Madrid, España",39,2026-10-07T09:39:56.474Z
st_luthier:40,ChIJc8-sqCkmQg0Rm-dFjDZytJg,st_luthier.json,APIFY_GOOGLE_MAPS_SCRAPER,luthier,CRAFT_AND_REPAIR,LUTHIER,Madrid,AREA_BOUNDING_BOX,"Madrid, Comunidad de Madrid, España",40,2026-10-07T09:39:56.474Z
st_luthier:41,ChIJDxNkA0SJQQ0RCh2nuc_bJkI,st_luthier.json,APIFY_GOOGLE_MAPS_SCRAPER,luthier,CRAFT_AND_REPAIR,LUTHIER,Madrid,AREA_BOUNDING_BOX,"Madrid, Comunidad de Madrid, España",41,2026-10-07T09:39:56.474Z
st_luthier:42,ChIJtQglXNQuQg0RRu6VAkGjuoY,st_luthier.json,APIFY_GOOGLE_MAPS_SCRAPER,luthier,CRAFT_AND_REPAIR,LUTHIER,Madrid,AREA_BOUNDING_BOX,"Madrid, Comunidad de Madrid, España",42,2026-10-07T09:39:56.474Z
st_luthier:43,ChIJEwRf5AwwQg0RUwb4P6JKcMA,st_luthier.json,APIFY_GOOGLE_MAPS_SCRAPER,luthier,CRAFT_AND_REPAIR,LUTHIER,Madrid,AREA_BOUNDING_BOX,"Madrid, Comunidad de Madrid, España",43,2026-10-07T09:39:56.474Z
st_luthier:44,ChIJtXQjed8lQg0RPdgT0EFMdY4,st_luthier.json,APIFY_GOOGLE_MAPS_SCRAPER,luthier,CRAFT_AND_REPAIR,LUTHIER,Madrid,AREA_BOUNDING_BOX,"Madrid, Comunidad de Madrid, España",44,2026-10-07T09:39:56.474Z
st_luthier:45,ChIJM5MyjZSJQQ0Rd257nmNFnBk,st_luthier.json,APIFY_GOOGLE_MAPS_SCRAPER,luthier,CRAFT_AND_REPAIR,LUTHIER,Madrid,AREA_BOUNDING_BOX,"Madrid, Comunidad de Madrid, España",45,2026-10-07T09:39:56.474Z
st_luthier:46,ChIJQ2VgEWWDQQ0RD-ZdMUNADdU,st_luthier.json,APIFY_GOOGLE_MAPS_SCRAPER,luthier,CRAFT_AND_REPAIR,LUTHIER,Madrid,AREA_BOUNDING_BOX,"Madrid, Comunidad de Madrid, España",46,2026-10-07T09:39:56.474Z
st_luthier:47,ChIJjxtv5CyLQQ0RSR_o3k287E4,st_luthier.json,APIFY_GOOGLE_MAPS_SCRAPER,luthier,CRAFT_AND_REPAIR,LUTHIER,Madrid,AREA_BOUNDING_BOX,"Madrid, Comunidad de Madrid, España",47,2026-10-07T09:39:56.474Z
st_luthier:48,ChIJoaJSd9cnQg0RRJng6mX5FHE,st_luthier.json,APIFY_GOOGLE_MAPS_SCRAPER,luthier,CRAFT_AND_REPAIR,LUTHIER,Madrid,AREA_BOUNDING_BOX,"Madrid, Comunidad de Madrid, España",48,2026-10-07T09:39:56.474Z
st_luthier:49,ChIJme3ti16GQQ0R3TP4JVELE1g,st_luthier.json,APIFY_GOOGLE_MAPS_SCRAPER,luthier,CRAFT_AND_REPAIR,LUTHIER,Madrid,AREA_BOUNDING_BOX,"Madrid, Comunidad de Madrid, España",49,2026-10-07T09:39:56.474Z
st_luthier:50,ChIJ9TKL-hcmQg0RhTcwn0DjkM8,st_luthier.json,APIFY_GOOGLE_MAPS_SCRAPER,luthier,CRAFT_AND_REPAIR,LUTHIER,Madrid,AREA_BOUNDING_BOX,"Madrid, Comunidad de Madrid, España",50,2026-10-07T09:39:56.474Z
st_orquesta:1,ChIJ6YPZAQwpQg0RhH5qTyc_dpE,st_orquesta.json,APIFY_GOOGLE_MAPS_SCRAPER,orquesta,PERFORMING,ORCHESTRA,Madrid,AREA_BOUNDING_BOX,"Madrid, Comunidad de Madrid, España",1,2026-10-07T09:39:18.133Z
st_orquesta:2,ChIJE43p2sAuQg0Rl34np4OCQ-E,st_orquesta.json,APIFY_GOOGLE_MAPS_SCRAPER,orquesta,PERFORMING,ORCHESTRA,Madrid,AREA_BOUNDING_BOX,"Madrid, Comunidad de Madrid, España",2,2026-10-07T09:39:18.134Z
st_orquesta:3,ChIJ7el16DovQg0Rw-3gw_uhlPI,st_orquesta.json,APIFY_GOOGLE_MAPS_SCRAPER,orquesta,PERFORMING,ORCHESTRA,Madrid,AREA_BOUNDING_BOX,"Madrid, Comunidad de Madrid, España",3,2026-10-07T09:39:18.134Z
st_orquesta:4,ChIJl-nSUIQoQg0Rz-lkHvPJVjo,st_orquesta.json,APIFY_GOOGLE_MAPS_SCRAPER,orquesta,PERFORMING,ORCHESTRA,Madrid,AREA_BOUNDING_BOX,"Madrid, Comunidad de Madrid, España",4,2026-10-07T09:39:18.134Z
st_orquesta:5,ChIJq9kJj9UuQg0RNlY-G9q56Bc,st_orquesta.json,APIFY_GOOGLE_MAPS_SCRAPER,orquesta,PERFORMING,ORCHESTRA,Madrid,AREA_BOUNDING_BOX,"Madrid, Comunidad de Madrid, España",5,2026-10-07T09:39:18.134Z
st_orquesta:6,ChIJjfgZ1e8oQg0RPSTWGJefa7Q,st_orquesta.json,APIFY_GOOGLE_MAPS_SCRAPER,orquesta,PERFORMING,ORCHESTRA,Madrid,AREA_BOUNDING_BOX,"Madrid, Comunidad de Madrid, España",6,2026-10-07T09:39:18.134Z
st_orquesta:7,ChIJE6ju60spQg0RAY6DAgixSw4,st_orquesta.json,APIFY_GOOGLE_MAPS_SCRAPER,orquesta,PERFORMING,ORCHESTRA,Madrid,AREA_BOUNDING_BOX,"Madrid, Comunidad de Madrid, España",7,2026-10-07T09:39:18.134Z
st_orquesta:8,ChIJC3JOOMkrQg0RwWwOabj2trg,st_orquesta.json,APIFY_GOOGLE_MAPS_SCRAPER,orquesta,PERFORMING,ORCHESTRA,Madrid,AREA_BOUNDING_BOX,"Madrid, Comunidad de Madrid, España",8,2026-10-07T09:39:18.134Z
st_orquesta:9,ChIJuS4EFGcoQg0Rmy9D7VVogio,st_orquesta.json,APIFY_GOOGLE_MAPS_SCRAPER,orquesta,PERFORMING,ORCHESTRA,Madrid,AREA_BOUNDING_BOX,"Madrid, Comunidad de Madrid, España",9,2026-10-07T09:39:18.134Z
st_orquesta:10,ChIJ_____0_DcrQRLeAX_1TGlsY,st_orquesta.json,APIFY_GOOGLE_MAPS_SCRAPER,orquesta,PERFORMING,ORCHESTRA,Madrid,AREA_BOUNDING_BOX,"Madrid, Comunidad de Madrid, España",10,2026-10-07T09:39:18.134Z
st_orquesta:11,ChIJE1cA9mAoQg0RjasnnHJ_GqY,st_orquesta.json,APIFY_GOOGLE_MAPS_SCRAPER,orquesta,PERFORMING,ORCHESTRA,Madrid,AREA_BOUNDING_BOX,"Madrid, Comunidad de Madrid, España",11,2026-10-07T09:39:18.134Z
st_orquesta:12,ChIJRUGqMzkpQg0RBd-ymFDiaU0,st_orquesta.json,APIFY_GOOGLE_MAPS_SCRAPER,orquesta,PERFORMING,ORCHESTRA,Madrid,AREA_BOUNDING_BOX,"Madrid, Comunidad de Madrid, España",12,2026-10-07T09:39:18.134Z
st_orquesta:13,ChIJ0YILBgApQg0Rhh3ybyLg9TI,st_orquesta.json,APIFY_GOOGLE_MAPS_SCRAPER,orquesta,PERFORMING,ORCHESTRA,Madrid,AREA_BOUNDING_BOX,"Madrid, Comunidad de Madrid, España",13,2026-10-07T09:39:18.134Z
st_orquesta:14,ChIJkyzF948pQg0RS9WcFjJubHc,st_orquesta.json,APIFY_GOOGLE_MAPS_SCRAPER,orquesta,PERFORMING,ORCHESTRA,Madrid,AREA_BOUNDING_BOX,"Madrid, Comunidad de Madrid, España",14,2026-10-07T09:39:18.134Z
st_orquesta:15,ChIJYVKloMchQg0RqUyu7BLXa3U,st_orquesta.json,APIFY_GOOGLE_MAPS_SCRAPER,orquesta,PERFORMING,ORCHESTRA,Madrid,AREA_BOUNDING_BOX,"Madrid, Comunidad de Madrid, España",15,2026-10-07T09:39:18.134Z
st_orquesta:16,ChIJWXy0HX4oQg0RPXqRuDWPSnk,st_orquesta.json,APIFY_GOOGLE_MAPS_SCRAPER,orquesta,PERFORMING,ORCHESTRA,Madrid,AREA_BOUNDING_BOX,"Madrid, Comunidad de Madrid, España",16,2026-10-07T09:39:18.134Z
st_orquesta:17,ChIJe4AzcYApQg0R_GF5hsbnhWo,st_orquesta.json,APIFY_GOOGLE_MAPS_SCRAPER,orquesta,PERFORMING,ORCHESTRA,Madrid,AREA_BOUNDING_BOX,"Madrid, Comunidad de Madrid, España",17,2026-10-07T09:39:18.134Z
st_orquesta:18,ChIJhahZZsYnQg0RKeCtX-dkmKY,st_orquesta.json,APIFY_GOOGLE_MAPS_SCRAPER,orquesta,PERFORMING,ORCHESTRA,Madrid,AREA_BOUNDING_BOX,"Madrid, Comunidad de Madrid, España",18,2026-10-07T09:39:18.134Z
st_orquesta:19,ChIJVVWlUkwoQg0RdmOx7qiJJ7U,st_orquesta.json,APIFY_GOOGLE_MAPS_SCRAPER,orquesta,PERFORMING,ORCHESTRA,Madrid,AREA_BOUNDING_BOX,"Madrid, Comunidad de Madrid, España",19,2026-10-07T09:39:18.134Z
st_orquesta:20,ChIJ6a70JLwpQg0RjqbSQggDmK8,st_orquesta.json,APIFY_GOOGLE_MAPS_SCRAPER,orquesta,PERFORMING,ORCHESTRA,Madrid,AREA_BOUNDING_BOX,"Madrid, Comunidad de Madrid, España",20,2026-10-07T09:39:18.134Z
st_orquesta:21,ChIJVVUF2McoQg0RwMh8eI4n9Po,st_orquesta.json,APIFY_GOOGLE_MAPS_SCRAPER,orquesta,PERFORMING,ORCHESTRA,Madrid,AREA_BOUNDING_BOX,"Madrid, Comunidad de Madrid, España",21,2026-10-07T09:39:18.134Z
st_orquesta:22,ChIJsb1hnzomQg0Rx4W4GyR8NQU,st_orquesta.json,APIFY_GOOGLE_MAPS_SCRAPER,orquesta,PERFORMING,ORCHESTRA,Madrid,AREA_BOUNDING_BOX,"Madrid, Comunidad de Madrid, España",22,2026-10-07T09:39:18.134Z
st_orquesta:23,ChIJBQDQeEaJQQ0RnA0cFtq4ZpU,st_orquesta.json,APIFY_GOOGLE_MAPS_SCRAPER,orquesta,PERFORMING,ORCHESTRA,Madrid,AREA_BOUNDING_BOX,"Madrid, Comunidad de Madrid, España",23,2026-10-07T09:39:18.134Z
st_orquesta:24,ChIJ4WLELEiJQQ0RH3M4j1mV2wg,st_orquesta.json,APIFY_GOOGLE_MAPS_SCRAPER,orquesta,PERFORMING,ORCHESTRA,Madrid,AREA_BOUNDING_BOX,"Madrid, Comunidad de Madrid, España",24,2026-10-07T09:39:18.134Z
st_orquesta:25,ChIJs24JgkApQg0ReUOCWOsBJhk,st_orquesta.json,APIFY_GOOGLE_MAPS_SCRAPER,orquesta,PERFORMING,ORCHESTRA,Madrid,AREA_BOUNDING_BOX,"Madrid, Comunidad de Madrid, España",25,2026-10-07T09:39:18.134Z
st_orquesta:26,ChIJq7xW0W4oQg0RntR517FtSMA,st_orquesta.json,APIFY_GOOGLE_MAPS_SCRAPER,orquesta,PERFORMING,ORCHESTRA,Madrid,AREA_BOUNDING_BOX,"Madrid, Comunidad de Madrid, España",26,2026-10-07T09:39:18.134Z
st_orquesta:27,ChIJJxD2EIwoQg0RSOzqWQKeG9g,st_orquesta.json,APIFY_GOOGLE_MAPS_SCRAPER,orquesta,PERFORMING,ORCHESTRA,Madrid,AREA_BOUNDING_BOX,"Madrid, Comunidad de Madrid, España",27,2026-10-07T09:39:18.134Z
st_orquesta:28,ChIJGZhyrpkoQg0RiOnY07WgDA0,st_orquesta.json,APIFY_GOOGLE_MAPS_SCRAPER,orquesta,PERFORMING,ORCHESTRA,Madrid,AREA_BOUNDING_BOX,"Madrid, Comunidad de Madrid, España",28,2026-10-07T09:39:18.134Z
st_orquesta:29,ChIJW3eVhbMlQg0RUYmQw0aTswo,st_orquesta.json,APIFY_GOOGLE_MAPS_SCRAPER,orquesta,PERFORMING,ORCHESTRA,Madrid,AREA_BOUNDING_BOX,"Madrid, Comunidad de Madrid, España",29,2026-10-07T09:39:18.134Z
st_orquesta:30,ChIJZRfxOouJQQ0R6Y5dpaZMWjc,st_orquesta.json,APIFY_GOOGLE_MAPS_SCRAPER,orquesta,PERFORMING,ORCHESTRA,Madrid,AREA_BOUNDING_BOX,"Madrid, Comunidad de Madrid, España",30,2026-10-07T09:39:18.134Z
st_orquesta:31,ChIJmRG0VkJII2wRyOIcZtcyEt0,st_orquesta.json,APIFY_GOOGLE_MAPS_SCRAPER,orquesta,PERFORMING,ORCHESTRA,Madrid,AREA_BOUNDING_BOX,"Madrid, Comunidad de Madrid, España",31,2026-10-07T09:39:18.134Z
st_orquesta:32,ChIJMQNq18UpQg0RHRIKnbDXalY,st_orquesta.json,APIFY_GOOGLE_MAPS_SCRAPER,orquesta,PERFORMING,ORCHESTRA,Madrid,AREA_BOUNDING_BOX,"Madrid, Comunidad de Madrid, España",32,2026-10-07T09:39:18.134Z
st_orquesta:33,ChIJb5zrKaMoQg0RPTtSeCWVfNE,st_orquesta.json,APIFY_GOOGLE_MAPS_SCRAPER,orquesta,PERFORMING,ORCHESTRA,Madrid,AREA_BOUNDING_BOX,"Madrid, Comunidad de Madrid, España",33,2026-10-07T09:39:18.134Z
st_orquesta:34,ChIJ069KwbOOQQ0REIyebFE4oCk,st_orquesta.json,APIFY_GOOGLE_MAPS_SCRAPER,orquesta,PERFORMING,ORCHESTRA,Madrid,AREA_BOUNDING_BOX,"Madrid, Comunidad de Madrid, España",34,2026-10-07T09:39:18.134Z
st_orquesta:35,ChIJVYjUxKseI2MRqfcClFQeDi0,st_orquesta.json,APIFY_GOOGLE_MAPS_SCRAPER,orquesta,PERFORMING,ORCHESTRA,Madrid,AREA_BOUNDING_BOX,"Madrid, Comunidad de Madrid, España",35,2026-10-07T09:39:18.134Z
st_orquesta:36,ChIJ577gzXqEQQ0R5GpsFZmyxUI,st_orquesta.json,APIFY_GOOGLE_MAPS_SCRAPER,orquesta,PERFORMING,ORCHESTRA,Madrid,AREA_BOUNDING_BOX,"Madrid, Comunidad de Madrid, España",36,2026-10-07T09:39:18.134Z
st_orquesta:37,ChIJmQu1eyGMQQ0RoHjYc9kVeWA,st_orquesta.json,APIFY_GOOGLE_MAPS_SCRAPER,orquesta,PERFORMING,ORCHESTRA,Madrid,AREA_BOUNDING_BOX,"Madrid, Comunidad de Madrid, España",37,2026-10-07T09:39:18.134Z
st_orquesta:38,ChIJw9Ka-j0nQg0RTf8VXVoFGgc,st_orquesta.json,APIFY_GOOGLE_MAPS_SCRAPER,orquesta,PERFORMING,ORCHESTRA,Madrid,AREA_BOUNDING_BOX,"Madrid, Comunidad de Madrid, España",38,2026-10-07T09:39:18.134Z
st_orquesta:39,ChIJrbR63MAuQg0RoWJOaTIvxJo,st_orquesta.json,APIFY_GOOGLE_MAPS_SCRAPER,orquesta,PERFORMING,ORCHESTRA,Madrid,AREA_BOUNDING_BOX,"Madrid, Comunidad de Madrid, España",39,2026-10-07T09:39:18.134Z
st_orquesta:40,ChIJb_N2fJopQg0RR2nhd-i3pW8,st_orquesta.json,APIFY_GOOGLE_MAPS_SCRAPER,orquesta,PERFORMING,ORCHESTRA,Madrid,AREA_BOUNDING_BOX,"Madrid, Comunidad de Madrid, España",40,2026-10-07T09:39:18.134Z
st_orquesta:41,ChIJf14DnCMpQg0RL22hYFB8sbY,st_orquesta.json,APIFY_GOOGLE_MAPS_SCRAPER,orquesta,PERFORMING,ORCHESTRA,Madrid,AREA_BOUNDING_BOX,"Madrid, Comunidad de Madrid, España",41,2026-10-07T09:39:18.134Z
st_orquesta:42,ChIJfbrWxYwnQg0RKyB1HkFCWss,st_orquesta.json,APIFY_GOOGLE_MAPS_SCRAPER,orquesta,PERFORMING,ORCHESTRA,Madrid,AREA_BOUNDING_BOX,"Madrid, Comunidad de Madrid, España",42,2026-10-07T09:39:18.134Z
st_orquesta:43,ChIJCUjWj-y6bkYRkJNl8MiFFTU,st_orquesta.json,APIFY_GOOGLE_MAPS_SCRAPER,orquesta,PERFORMING,ORCHESTRA,Madrid,AREA_BOUNDING_BOX,"Madrid, Comunidad de Madrid, España",43,2026-10-07T09:39:18.134Z
st_orquesta:44,ChIJK7WV2CApQg0RNNJuDSZvOng,st_orquesta.json,APIFY_GOOGLE_MAPS_SCRAPER,orquesta,PERFORMING,ORCHESTRA,Madrid,AREA_BOUNDING_BOX,"Madrid, Comunidad de Madrid, España",44,2026-10-07T09:39:18.134Z
st_orquesta:45,ChIJHwV1cBYpQg0R1fXMhDbj3e4,st_orquesta.json,APIFY_GOOGLE_MAPS_SCRAPER,orquesta,PERFORMING,ORCHESTRA,Madrid,AREA_BOUNDING_BOX,"Madrid, Comunidad de Madrid, España",45,2026-10-07T09:39:18.134Z
st_orquesta:46,ChIJ3fIGFR8pQg0RyXIVcAmrRvc,st_orquesta.json,APIFY_GOOGLE_MAPS_SCRAPER,orquesta,PERFORMING,ORCHESTRA,Madrid,AREA_BOUNDING_BOX,"Madrid, Comunidad de Madrid, España",46,2026-10-07T09:39:18.134Z
st_productor-musical:1,ChIJk7z3WQApQg0R6fjkw16VdVU,st_productor-musical.json,APIFY_GOOGLE_MAPS_SCRAPER,productor musical,MUSIC_PRODUCTION,PRODUCER,Madrid,AREA_BOUNDING_BOX,"Madrid, Comunidad de Madrid, España",1,2026-10-07T09:40:41.315Z
st_productor-musical:2,ChIJqz4wI5knQg0R4GobYdOkaAU,st_productor-musical.json,APIFY_GOOGLE_MAPS_SCRAPER,productor musical,MUSIC_PRODUCTION,PRODUCER,Madrid,AREA_BOUNDING_BOX,"Madrid, Comunidad de Madrid, España",2,2026-10-07T09:40:41.317Z
st_productor-musical:3,ChIJTQqP0FYnQg0RV9D71jb3KQ0,st_productor-musical.json,APIFY_GOOGLE_MAPS_SCRAPER,productor musical,MUSIC_PRODUCTION,PRODUCER,Madrid,AREA_BOUNDING_BOX,"Madrid, Comunidad de Madrid, España",3,2026-10-07T09:40:41.317Z
st_productor-musical:4,ChIJQydQlHkpQg0RagliVTCJFi0,st_productor-musical.json,APIFY_GOOGLE_MAPS_SCRAPER,productor musical,MUSIC_PRODUCTION,PRODUCER,Madrid,AREA_BOUNDING_BOX,"Madrid, Comunidad de Madrid, España",4,2026-10-07T09:40:41.317Z
st_productor-musical:5,ChIJ21l5rIcpQg0RAUG3D64Wx2I,st_productor-musical.json,APIFY_GOOGLE_MAPS_SCRAPER,productor musical,MUSIC_PRODUCTION,PRODUCER,Madrid,AREA_BOUNDING_BOX,"Madrid, Comunidad de Madrid, España",5,2026-10-07T09:40:41.317Z
st_productor-musical:6,ChIJaarDjdBJQg0RswsdjfIKVRE,st_productor-musical.json,APIFY_GOOGLE_MAPS_SCRAPER,productor musical,MUSIC_PRODUCTION,PRODUCER,Madrid,AREA_BOUNDING_BOX,"Madrid, Comunidad de Madrid, España",6,2026-10-07T09:40:41.317Z
st_productor-musical:7,ChIJE0PbgeEtQg0RKhvVeMURkgI,st_productor-musical.json,APIFY_GOOGLE_MAPS_SCRAPER,productor musical,MUSIC_PRODUCTION,PRODUCER,Madrid,AREA_BOUNDING_BOX,"Madrid, Comunidad de Madrid, España",7,2026-10-07T09:40:41.317Z
st_productor-musical:8,ChIJQ5zqW6onQg0R9XvsDk_xnqc,st_productor-musical.json,APIFY_GOOGLE_MAPS_SCRAPER,productor musical,MUSIC_PRODUCTION,PRODUCER,Madrid,AREA_BOUNDING_BOX,"Madrid, Comunidad de Madrid, España",8,2026-10-07T09:40:41.317Z
st_productor-musical:9,ChIJr5dULXMnQg0R_c_qShe7QFY,st_productor-musical.json,APIFY_GOOGLE_MAPS_SCRAPER,productor musical,MUSIC_PRODUCTION,PRODUCER,Madrid,AREA_BOUNDING_BOX,"Madrid, Comunidad de Madrid, España",9,2026-10-07T09:40:41.317Z
st_productor-musical:10,ChIJ29JoELwoQg0RmZHww4P6YZk,st_productor-musical.json,APIFY_GOOGLE_MAPS_SCRAPER,productor musical,MUSIC_PRODUCTION,PRODUCER,Madrid,AREA_BOUNDING_BOX,"Madrid, Comunidad de Madrid, España",10,2026-10-07T09:40:41.317Z
st_productor-musical:11,ChIJJfH2L1QoQg0R7M6GgAR_Npw,st_productor-musical.json,APIFY_GOOGLE_MAPS_SCRAPER,productor musical,MUSIC_PRODUCTION,PRODUCER,Madrid,AREA_BOUNDING_BOX,"Madrid, Comunidad de Madrid, España",11,2026-10-07T09:40:41.317Z
st_productor-musical:12,ChIJMXFNdBIpQg0R_IhPb7KwRKA,st_productor-musical.json,APIFY_GOOGLE_MAPS_SCRAPER,productor musical,MUSIC_PRODUCTION,PRODUCER,Madrid,AREA_BOUNDING_BOX,"Madrid, Comunidad de Madrid, España",12,2026-10-07T09:40:41.317Z
st_productor-musical:13,ChIJR_RbaSwnQg0R7Ak3aRVyHPM,st_productor-musical.json,APIFY_GOOGLE_MAPS_SCRAPER,productor musical,MUSIC_PRODUCTION,PRODUCER,Madrid,AREA_BOUNDING_BOX,"Madrid, Comunidad de Madrid, España",13,2026-10-07T09:40:41.317Z
st_productor-musical:14,ChIJDRA9uc8oQg0R37x9zynhpZ0,st_productor-musical.json,APIFY_GOOGLE_MAPS_SCRAPER,productor musical,MUSIC_PRODUCTION,PRODUCER,Madrid,AREA_BOUNDING_BOX,"Madrid, Comunidad de Madrid, España",14,2026-10-07T09:40:41.317Z
st_productor-musical:15,ChIJK--mYPAlQg0RQxwAIKqYFrY,st_productor-musical.json,APIFY_GOOGLE_MAPS_SCRAPER,productor musical,MUSIC_PRODUCTION,PRODUCER,Madrid,AREA_BOUNDING_BOX,"Madrid, Comunidad de Madrid, España",15,2026-10-07T09:40:41.317Z
st_productor-musical:16,ChIJV1lblTEmQg0RpOA0Oi_mdMI,st_productor-musical.json,APIFY_GOOGLE_MAPS_SCRAPER,productor musical,MUSIC_PRODUCTION,PRODUCER,Madrid,AREA_BOUNDING_BOX,"Madrid, Comunidad de Madrid, España",16,2026-10-07T09:40:41.317Z
st_productor-musical:17,ChIJGSGi46eHQQ0R8Q0q8YAP5bU,st_productor-musical.json,APIFY_GOOGLE_MAPS_SCRAPER,productor musical,MUSIC_PRODUCTION,PRODUCER,Madrid,AREA_BOUNDING_BOX,"Madrid, Comunidad de Madrid, España",17,2026-10-07T09:40:41.317Z
st_productor-musical:18,ChIJXZkmoK4nQg0Rt4D-HOeOmjQ,st_productor-musical.json,APIFY_GOOGLE_MAPS_SCRAPER,productor musical,MUSIC_PRODUCTION,PRODUCER,Madrid,AREA_BOUNDING_BOX,"Madrid, Comunidad de Madrid, España",18,2026-10-07T09:40:41.317Z
st_productor-musical:19,ChIJvaZ5rH0oQg0RqyzB8e7DSxw,st_productor-musical.json,APIFY_GOOGLE_MAPS_SCRAPER,productor musical,MUSIC_PRODUCTION,PRODUCER,Madrid,AREA_BOUNDING_BOX,"Madrid, Comunidad de Madrid, España",19,2026-10-07T09:40:41.317Z
st_productor-musical:20,ChIJs-hbnHspQg0Rd3BdQsAtU9I,st_productor-musical.json,APIFY_GOOGLE_MAPS_SCRAPER,productor musical,MUSIC_PRODUCTION,PRODUCER,Madrid,AREA_BOUNDING_BOX,"Madrid, Comunidad de Madrid, España",20,2026-10-07T09:40:41.317Z
st_productor-musical:21,ChIJSUUIaUwvQg0RR-Bkv85YPaU,st_productor-musical.json,APIFY_GOOGLE_MAPS_SCRAPER,productor musical,MUSIC_PRODUCTION,PRODUCER,Madrid,AREA_BOUNDING_BOX,"Madrid, Comunidad de Madrid, España",21,2026-10-07T09:40:41.317Z
st_productor-musical:22,ChIJg7svrsgpQg0R-thscMfWi9k,st_productor-musical.json,APIFY_GOOGLE_MAPS_SCRAPER,productor musical,MUSIC_PRODUCTION,PRODUCER,Madrid,AREA_BOUNDING_BOX,"Madrid, Comunidad de Madrid, España",22,2026-10-07T09:40:41.317Z
st_productor-musical:23,ChIJfbrWxYwnQg0RKyB1HkFCWss,st_productor-musical.json,APIFY_GOOGLE_MAPS_SCRAPER,productor musical,MUSIC_PRODUCTION,PRODUCER,Madrid,AREA_BOUNDING_BOX,"Madrid, Comunidad de Madrid, España",23,2026-10-07T09:40:41.317Z
st_productor-musical:24,ChIJASeWbMkoQg0RpEAEzuXzjPg,st_productor-musical.json,APIFY_GOOGLE_MAPS_SCRAPER,productor musical,MUSIC_PRODUCTION,PRODUCER,Madrid,AREA_BOUNDING_BOX,"Madrid, Comunidad de Madrid, España",24,2026-10-07T09:40:41.317Z
st_productor-musical:25,ChIJPRPoSA8vQg0RxO43M450_do,st_productor-musical.json,APIFY_GOOGLE_MAPS_SCRAPER,productor musical,MUSIC_PRODUCTION,PRODUCER,Madrid,AREA_BOUNDING_BOX,"Madrid, Comunidad de Madrid, España",25,2026-10-07T09:40:41.317Z
st_productor-musical:26,ChIJU0FQ2kIpQg0RwX_rLSWBzxE,st_productor-musical.json,APIFY_GOOGLE_MAPS_SCRAPER,productor musical,MUSIC_PRODUCTION,PRODUCER,Madrid,AREA_BOUNDING_BOX,"Madrid, Comunidad de Madrid, España",26,2026-10-07T09:40:41.317Z
st_productor-musical:27,ChIJK_Z3yfIoQg0Rz5CNm3PXCAk,st_productor-musical.json,APIFY_GOOGLE_MAPS_SCRAPER,productor musical,MUSIC_PRODUCTION,PRODUCER,Madrid,AREA_BOUNDING_BOX,"Madrid, Comunidad de Madrid, España",27,2026-10-07T09:40:41.317Z
st_productor-musical:28,ChIJFZc-UFkpQg0RzrbqZTM8fEk,st_productor-musical.json,APIFY_GOOGLE_MAPS_SCRAPER,productor musical,MUSIC_PRODUCTION,PRODUCER,Madrid,AREA_BOUNDING_BOX,"Madrid, Comunidad de Madrid, España",28,2026-10-07T09:40:41.317Z
st_productor-musical:29,ChIJhYmj0X8oQg0R2SGuogcSBEY,st_productor-musical.json,APIFY_GOOGLE_MAPS_SCRAPER,productor musical,MUSIC_PRODUCTION,PRODUCER,Madrid,AREA_BOUNDING_BOX,"Madrid, Comunidad de Madrid, España",29,2026-10-07T09:40:41.317Z
st_productor-musical:30,ChIJscfe_e8lQg0RyK8pJAiAHUs,st_productor-musical.json,APIFY_GOOGLE_MAPS_SCRAPER,productor musical,MUSIC_PRODUCTION,PRODUCER,Madrid,AREA_BOUNDING_BOX,"Madrid, Comunidad de Madrid, España",30,2026-10-07T09:40:41.317Z
st_productor-musical:31,ChIJJ-tFf9cnQg0RrdOqJYV0K44,st_productor-musical.json,APIFY_GOOGLE_MAPS_SCRAPER,productor musical,MUSIC_PRODUCTION,PRODUCER,Madrid,AREA_BOUNDING_BOX,"Madrid, Comunidad de Madrid, España",31,2026-10-07T09:40:41.317Z
st_productor-musical:32,ChIJH4LTEIcpQg0RVzPsJmOtbEw,st_productor-musical.json,APIFY_GOOGLE_MAPS_SCRAPER,productor musical,MUSIC_PRODUCTION,PRODUCER,Madrid,AREA_BOUNDING_BOX,"Madrid, Comunidad de Madrid, España",32,2026-10-07T09:40:41.317Z
st_productor-musical:33,ChIJuyKJb1cpQg0RYZv6cg98ju0,st_productor-musical.json,APIFY_GOOGLE_MAPS_SCRAPER,productor musical,MUSIC_PRODUCTION,PRODUCER,Madrid,AREA_BOUNDING_BOX,"Madrid, Comunidad de Madrid, España",33,2026-10-07T09:40:41.317Z
st_productor-musical:34,ChIJuzEXfzYpQg0Rq1haKLaljZg,st_productor-musical.json,APIFY_GOOGLE_MAPS_SCRAPER,productor musical,MUSIC_PRODUCTION,PRODUCER,Madrid,AREA_BOUNDING_BOX,"Madrid, Comunidad de Madrid, España",34,2026-10-07T09:40:41.317Z
st_productor-musical:35,ChIJAQAAAFDXcrQR_W4va_-wW4w,st_productor-musical.json,APIFY_GOOGLE_MAPS_SCRAPER,productor musical,MUSIC_PRODUCTION,PRODUCER,Madrid,AREA_BOUNDING_BOX,"Madrid, Comunidad de Madrid, España",35,2026-10-07T09:40:41.317Z
st_productor-musical:36,ChIJ-aTWPzgnQg0RhKV-YfPEhYY,st_productor-musical.json,APIFY_GOOGLE_MAPS_SCRAPER,productor musical,MUSIC_PRODUCTION,PRODUCER,Madrid,AREA_BOUNDING_BOX,"Madrid, Comunidad de Madrid, España",36,2026-10-07T09:40:41.317Z
st_productor-musical:37,ChIJ2SslJDwpQg0RQ_ObzcmkaKA,st_productor-musical.json,APIFY_GOOGLE_MAPS_SCRAPER,productor musical,MUSIC_PRODUCTION,PRODUCER,Madrid,AREA_BOUNDING_BOX,"Madrid, Comunidad de Madrid, España",37,2026-10-07T09:40:41.317Z
st_productor-musical:38,ChIJOUDItehSJWcRyks7PlEmXBw,st_productor-musical.json,APIFY_GOOGLE_MAPS_SCRAPER,productor musical,MUSIC_PRODUCTION,PRODUCER,Madrid,AREA_BOUNDING_BOX,"Madrid, Comunidad de Madrid, España",38,2026-10-07T09:40:41.317Z
st_productor-musical:39,ChIJgRsvKuQpQg0Re8cs9iyMQ3g,st_productor-musical.json,APIFY_GOOGLE_MAPS_SCRAPER,productor musical,MUSIC_PRODUCTION,PRODUCER,Madrid,AREA_BOUNDING_BOX,"Madrid, Comunidad de Madrid, España",39,2026-10-07T09:40:41.317Z
st_productor-musical:40,ChIJW_qSs28nQg0RbeJS8ltgcM4,st_productor-musical.json,APIFY_GOOGLE_MAPS_SCRAPER,productor musical,MUSIC_PRODUCTION,PRODUCER,Madrid,AREA_BOUNDING_BOX,"Madrid, Comunidad de Madrid, España",40,2026-10-07T09:40:41.317Z
st_productor-musical:41,ChIJPYa_Fq2QD2ARouuqN-fvRbI,st_productor-musical.json,APIFY_GOOGLE_MAPS_SCRAPER,productor musical,MUSIC_PRODUCTION,PRODUCER,Madrid,AREA_BOUNDING_BOX,"Madrid, Comunidad de Madrid, España",41,2026-10-07T09:40:41.317Z
st_productor-musical:42,ChIJB5j6zwUmQg0RJ4JCmxHVohg,st_productor-musical.json,APIFY_GOOGLE_MAPS_SCRAPER,productor musical,MUSIC_PRODUCTION,PRODUCER,Madrid,AREA_BOUNDING_BOX,"Madrid, Comunidad de Madrid, España",42,2026-10-07T09:40:41.317Z
st_productor-musical:43,ChIJT3j4FjMmQg0RDMEk2hKkVpw,st_productor-musical.json,APIFY_GOOGLE_MAPS_SCRAPER,productor musical,MUSIC_PRODUCTION,PRODUCER,Madrid,AREA_BOUNDING_BOX,"Madrid, Comunidad de Madrid, España",43,2026-10-07T09:40:41.317Z
st_productor-musical:44,ChIJDWoGaqcpQg0RexRMfDKK8GU,st_productor-musical.json,APIFY_GOOGLE_MAPS_SCRAPER,productor musical,MUSIC_PRODUCTION,PRODUCER,Madrid,AREA_BOUNDING_BOX,"Madrid, Comunidad de Madrid, España",44,2026-10-07T09:40:41.317Z
st_productor-musical:45,ChIJ7R5iNI4oQg0RZ1r5Voxi_pw,st_productor-musical.json,APIFY_GOOGLE_MAPS_SCRAPER,productor musical,MUSIC_PRODUCTION,PRODUCER,Madrid,AREA_BOUNDING_BOX,"Madrid, Comunidad de Madrid, España",45,2026-10-07T09:40:41.317Z
st_productor-musical:46,ChIJO-kfK5ApQg0Rdk3k-BvXhOw,st_productor-musical.json,APIFY_GOOGLE_MAPS_SCRAPER,productor musical,MUSIC_PRODUCTION,PRODUCER,Madrid,AREA_BOUNDING_BOX,"Madrid, Comunidad de Madrid, España",46,2026-10-07T09:40:41.317Z
st_productor-musical:47,ChIJ4ZO0dNkuQg0RQhI0ySze5L4,st_productor-musical.json,APIFY_GOOGLE_MAPS_SCRAPER,productor musical,MUSIC_PRODUCTION,PRODUCER,Madrid,AREA_BOUNDING_BOX,"Madrid, Comunidad de Madrid, España",47,2026-10-07T09:40:41.317Z
st_productor-musical:48,ChIJCRykWcyJQQ0RNgBOIauWk9M,st_productor-musical.json,APIFY_GOOGLE_MAPS_SCRAPER,productor musical,MUSIC_PRODUCTION,PRODUCER,Madrid,AREA_BOUNDING_BOX,"Madrid, Comunidad de Madrid, España",48,2026-10-07T09:40:41.317Z
st_productor-musical:49,ChIJu8wn2_spQg0RZCj9bUyGJ28,st_productor-musical.json,APIFY_GOOGLE_MAPS_SCRAPER,productor musical,MUSIC_PRODUCTION,PRODUCER,Madrid,AREA_BOUNDING_BOX,"Madrid, Comunidad de Madrid, España",49,2026-10-07T09:40:41.317Z
st_profesor-de-musica:1,ChIJiULnXGMpQg0RDqEbCo1CsR8,st_profesor-de-musica.json,APIFY_GOOGLE_MAPS_SCRAPER,profesor de música,EDUCATION,PRIVATE_TEACHER,Madrid,AREA_BOUNDING_BOX,"Madrid, Comunidad de Madrid, España",1,2026-10-07T09:39:05.475Z
st_profesor-de-musica:2,ChIJk7z3WQApQg0R6fjkw16VdVU,st_profesor-de-musica.json,APIFY_GOOGLE_MAPS_SCRAPER,profesor de música,EDUCATION,PRIVATE_TEACHER,Madrid,AREA_BOUNDING_BOX,"Madrid, Comunidad de Madrid, España",2,2026-10-07T09:39:05.475Z
st_profesor-de-musica:3,ChIJB9B7jUwpQg0RESzdEGgmcHQ,st_profesor-de-musica.json,APIFY_GOOGLE_MAPS_SCRAPER,profesor de música,EDUCATION,PRIVATE_TEACHER,Madrid,AREA_BOUNDING_BOX,"Madrid, Comunidad de Madrid, España",3,2026-10-07T09:39:05.475Z
st_profesor-de-musica:4,ChIJN47xjEQpQg0R9eAIR_1cxTI,st_profesor-de-musica.json,APIFY_GOOGLE_MAPS_SCRAPER,profesor de música,EDUCATION,PRIVATE_TEACHER,Madrid,AREA_BOUNDING_BOX,"Madrid, Comunidad de Madrid, España",4,2026-10-07T09:39:05.475Z
st_profesor-de-musica:5,ChIJMz4bh54pQg0RXUSTVAZ12o4,st_profesor-de-musica.json,APIFY_GOOGLE_MAPS_SCRAPER,profesor de música,EDUCATION,PRIVATE_TEACHER,Madrid,AREA_BOUNDING_BOX,"Madrid, Comunidad de Madrid, España",5,2026-10-07T09:39:05.475Z
st_profesor-de-musica:6,ChIJLdVjCVcpQg0RGMwy5Eyni0M,st_profesor-de-musica.json,APIFY_GOOGLE_MAPS_SCRAPER,profesor de música,EDUCATION,PRIVATE_TEACHER,Madrid,AREA_BOUNDING_BOX,"Madrid, Comunidad de Madrid, España",6,2026-10-07T09:39:05.475Z
st_profesor-de-musica:7,ChIJD_diA78pQg0RbEysDzNBnOc,st_profesor-de-musica.json,APIFY_GOOGLE_MAPS_SCRAPER,profesor de música,EDUCATION,PRIVATE_TEACHER,Madrid,AREA_BOUNDING_BOX,"Madrid, Comunidad de Madrid, España",7,2026-10-07T09:39:05.475Z
st_profesor-de-musica:8,ChIJGf_NF5EpQg0RzNBelNLmA7k,st_profesor-de-musica.json,APIFY_GOOGLE_MAPS_SCRAPER,profesor de música,EDUCATION,PRIVATE_TEACHER,Madrid,AREA_BOUNDING_BOX,"Madrid, Comunidad de Madrid, España",8,2026-10-07T09:39:05.475Z
st_profesor-de-musica:9,ChIJq5bk5y4pQg0RgmF2wAspn74,st_profesor-de-musica.json,APIFY_GOOGLE_MAPS_SCRAPER,profesor de música,EDUCATION,PRIVATE_TEACHER,Madrid,AREA_BOUNDING_BOX,"Madrid, Comunidad de Madrid, España",9,2026-10-07T09:39:05.475Z
st_profesor-de-musica:10,ChIJy6NuDpEpQg0RX6SWKDKFRH4,st_profesor-de-musica.json,APIFY_GOOGLE_MAPS_SCRAPER,profesor de música,EDUCATION,PRIVATE_TEACHER,Madrid,AREA_BOUNDING_BOX,"Madrid, Comunidad de Madrid, España",10,2026-10-07T09:39:05.475Z
st_profesor-de-musica:11,ChIJ47t9lXkpQg0R4JPutiRZMSk,st_profesor-de-musica.json,APIFY_GOOGLE_MAPS_SCRAPER,profesor de música,EDUCATION,PRIVATE_TEACHER,Madrid,AREA_BOUNDING_BOX,"Madrid, Comunidad de Madrid, España",11,2026-10-07T09:39:05.475Z
st_profesor-de-musica:12,ChIJMZN5t8QpQg0R_HQHMIZRBSE,st_profesor-de-musica.json,APIFY_GOOGLE_MAPS_SCRAPER,profesor de música,EDUCATION,PRIVATE_TEACHER,Madrid,AREA_BOUNDING_BOX,"Madrid, Comunidad de Madrid, España",12,2026-10-07T09:39:05.475Z
st_profesor-de-musica:13,ChIJf9Vvd3YpQg0RZq5NP0Q4Pj4,st_profesor-de-musica.json,APIFY_GOOGLE_MAPS_SCRAPER,profesor de música,EDUCATION,PRIVATE_TEACHER,Madrid,AREA_BOUNDING_BOX,"Madrid, Comunidad de Madrid, España",13,2026-10-07T09:39:05.475Z
st_profesor-de-musica:14,ChIJV6RufpopQg0RqLcawmUIj1I,st_profesor-de-musica.json,APIFY_GOOGLE_MAPS_SCRAPER,profesor de música,EDUCATION,PRIVATE_TEACHER,Madrid,AREA_BOUNDING_BOX,"Madrid, Comunidad de Madrid, España",14,2026-10-07T09:39:05.475Z
st_profesor-de-musica:15,ChIJaQeIn1EpQg0RjKaJAwIqQkY,st_profesor-de-musica.json,APIFY_GOOGLE_MAPS_SCRAPER,profesor de música,EDUCATION,PRIVATE_TEACHER,Madrid,AREA_BOUNDING_BOX,"Madrid, Comunidad de Madrid, España",15,2026-10-07T09:39:05.475Z
st_profesor-de-musica:16,ChIJa64dr6UpQg0RbK8s-3nPBvg,st_profesor-de-musica.json,APIFY_GOOGLE_MAPS_SCRAPER,profesor de música,EDUCATION,PRIVATE_TEACHER,Madrid,AREA_BOUNDING_BOX,"Madrid, Comunidad de Madrid, España",16,2026-10-07T09:39:05.475Z
st_profesor-de-musica:17,ChIJ1_9o7SgpQg0Re1wIltI6JhA,st_profesor-de-musica.json,APIFY_GOOGLE_MAPS_SCRAPER,profesor de música,EDUCATION,PRIVATE_TEACHER,Madrid,AREA_BOUNDING_BOX,"Madrid, Comunidad de Madrid, España",17,2026-10-07T09:39:05.475Z
st_profesor-de-musica:18,ChIJrYH83gAvQg0RyzpNPgwIuCk,st_profesor-de-musica.json,APIFY_GOOGLE_MAPS_SCRAPER,profesor de música,EDUCATION,PRIVATE_TEACHER,Madrid,AREA_BOUNDING_BOX,"Madrid, Comunidad de Madrid, España",18,2026-10-07T09:39:05.475Z
st_profesor-de-musica:19,ChIJ2weGN7goQg0R8OkKdOkQZSU,st_profesor-de-musica.json,APIFY_GOOGLE_MAPS_SCRAPER,profesor de música,EDUCATION,PRIVATE_TEACHER,Madrid,AREA_BOUNDING_BOX,"Madrid, Comunidad de Madrid, España",19,2026-10-07T09:39:05.475Z
st_profesor-de-musica:20,ChIJNVvU9VYoQg0RVph3--qcm24,st_profesor-de-musica.json,APIFY_GOOGLE_MAPS_SCRAPER,profesor de música,EDUCATION,PRIVATE_TEACHER,Madrid,AREA_BOUNDING_BOX,"Madrid, Comunidad de Madrid, España",20,2026-10-07T09:39:05.475Z
st_profesor-de-musica:21,ChIJAziHcrIpQg0Rr8OHWUhl2QU,st_profesor-de-musica.json,APIFY_GOOGLE_MAPS_SCRAPER,profesor de música,EDUCATION,PRIVATE_TEACHER,Madrid,AREA_BOUNDING_BOX,"Madrid, Comunidad de Madrid, España",21,2026-10-07T09:39:05.475Z
st_profesor-de-musica:22,ChIJUSq3iGkoQg0RNwlG8ONB9cc,st_profesor-de-musica.json,APIFY_GOOGLE_MAPS_SCRAPER,profesor de música,EDUCATION,PRIVATE_TEACHER,Madrid,AREA_BOUNDING_BOX,"Madrid, Comunidad de Madrid, España",22,2026-10-07T09:39:05.475Z
st_profesor-de-musica:23,ChIJo0P8v64pQg0Ryk_N0SZr4L0,st_profesor-de-musica.json,APIFY_GOOGLE_MAPS_SCRAPER,profesor de música,EDUCATION,PRIVATE_TEACHER,Madrid,AREA_BOUNDING_BOX,"Madrid, Comunidad de Madrid, España",23,2026-10-07T09:39:05.475Z
st_profesor-de-musica:24,ChIJ3fIGFR8pQg0RyXIVcAmrRvc,st_profesor-de-musica.json,APIFY_GOOGLE_MAPS_SCRAPER,profesor de música,EDUCATION,PRIVATE_TEACHER,Madrid,AREA_BOUNDING_BOX,"Madrid, Comunidad de Madrid, España",24,2026-10-07T09:39:05.475Z
st_profesor-de-musica:25,ChIJoRbFmcgoQg0RFMk6FdKErPw,st_profesor-de-musica.json,APIFY_GOOGLE_MAPS_SCRAPER,profesor de música,EDUCATION,PRIVATE_TEACHER,Madrid,AREA_BOUNDING_BOX,"Madrid, Comunidad de Madrid, España",25,2026-10-07T09:39:05.475Z
st_profesor-de-musica:26,ChIJy6hK3KAvQg0R0-0NnJEBBLc,st_profesor-de-musica.json,APIFY_GOOGLE_MAPS_SCRAPER,profesor de música,EDUCATION,PRIVATE_TEACHER,Madrid,AREA_BOUNDING_BOX,"Madrid, Comunidad de Madrid, España",26,2026-10-07T09:39:05.475Z
st_profesor-de-musica:27,ChIJaZM_ciApQg0RBFuR-YveNiQ,st_profesor-de-musica.json,APIFY_GOOGLE_MAPS_SCRAPER,profesor de música,EDUCATION,PRIVATE_TEACHER,Madrid,AREA_BOUNDING_BOX,"Madrid, Comunidad de Madrid, España",27,2026-10-07T09:39:05.475Z
st_profesor-de-musica:28,ChIJIb332c0pQg0RU8xZt1AwgIc,st_profesor-de-musica.json,APIFY_GOOGLE_MAPS_SCRAPER,profesor de música,EDUCATION,PRIVATE_TEACHER,Madrid,AREA_BOUNDING_BOX,"Madrid, Comunidad de Madrid, España",28,2026-10-07T09:39:05.475Z
st_profesor-de-musica:29,ChIJD5-JTL8pQg0RZv3WVW2PlCE,st_profesor-de-musica.json,APIFY_GOOGLE_MAPS_SCRAPER,profesor de música,EDUCATION,PRIVATE_TEACHER,Madrid,AREA_BOUNDING_BOX,"Madrid, Comunidad de Madrid, España",29,2026-10-07T09:39:05.475Z
st_profesor-de-musica:30,ChIJD7UY9tMuQg0R1aWEm0alfGY,st_profesor-de-musica.json,APIFY_GOOGLE_MAPS_SCRAPER,profesor de música,EDUCATION,PRIVATE_TEACHER,Madrid,AREA_BOUNDING_BOX,"Madrid, Comunidad de Madrid, España",30,2026-10-07T09:39:05.475Z
st_profesor-de-musica:31,ChIJ7TcJYV8oQg0RAwYkMn9VMwI,st_profesor-de-musica.json,APIFY_GOOGLE_MAPS_SCRAPER,profesor de música,EDUCATION,PRIVATE_TEACHER,Madrid,AREA_BOUNDING_BOX,"Madrid, Comunidad de Madrid, España",31,2026-10-07T09:39:05.475Z
st_profesor-de-musica:32,ChIJVTTp1FMoQg0RLsCrapU-NMo,st_profesor-de-musica.json,APIFY_GOOGLE_MAPS_SCRAPER,profesor de música,EDUCATION,PRIVATE_TEACHER,Madrid,AREA_BOUNDING_BOX,"Madrid, Comunidad de Madrid, España",32,2026-10-07T09:39:05.475Z
st_profesor-de-musica:33,ChIJU9R8jf8nQg0RBmanmGA0hJA,st_profesor-de-musica.json,APIFY_GOOGLE_MAPS_SCRAPER,profesor de música,EDUCATION,PRIVATE_TEACHER,Madrid,AREA_BOUNDING_BOX,"Madrid, Comunidad de Madrid, España",33,2026-10-07T09:39:05.475Z
st_profesor-de-musica:34,ChIJLY7CBHQpQg0RMZVALYaO5g4,st_profesor-de-musica.json,APIFY_GOOGLE_MAPS_SCRAPER,profesor de música,EDUCATION,PRIVATE_TEACHER,Madrid,AREA_BOUNDING_BOX,"Madrid, Comunidad de Madrid, España",34,2026-10-07T09:39:05.475Z
st_profesor-de-musica:35,ChIJARZMpDkvQg0RlhTBDVQ596E,st_profesor-de-musica.json,APIFY_GOOGLE_MAPS_SCRAPER,profesor de música,EDUCATION,PRIVATE_TEACHER,Madrid,AREA_BOUNDING_BOX,"Madrid, Comunidad de Madrid, España",35,2026-10-07T09:39:05.475Z
st_profesor-de-musica:36,ChIJBX5-jzwpQg0RM-7KKl-EV6w,st_profesor-de-musica.json,APIFY_GOOGLE_MAPS_SCRAPER,profesor de música,EDUCATION,PRIVATE_TEACHER,Madrid,AREA_BOUNDING_BOX,"Madrid, Comunidad de Madrid, España",36,2026-10-07T09:39:05.475Z
st_profesor-de-musica:37,ChIJzSPBPEonQg0RIL6b4oxPoP8,st_profesor-de-musica.json,APIFY_GOOGLE_MAPS_SCRAPER,profesor de música,EDUCATION,PRIVATE_TEACHER,Madrid,AREA_BOUNDING_BOX,"Madrid, Comunidad de Madrid, España",37,2026-10-07T09:39:05.475Z
st_profesor-de-musica:38,ChIJfQ1zQ2IoQg0RCrfn-zQHarU,st_profesor-de-musica.json,APIFY_GOOGLE_MAPS_SCRAPER,profesor de música,EDUCATION,PRIVATE_TEACHER,Madrid,AREA_BOUNDING_BOX,"Madrid, Comunidad de Madrid, España",38,2026-10-07T09:39:05.475Z
st_profesor-de-musica:39,ChIJY14WKlgoQg0R6I_DpDZTUD4,st_profesor-de-musica.json,APIFY_GOOGLE_MAPS_SCRAPER,profesor de música,EDUCATION,PRIVATE_TEACHER,Madrid,AREA_BOUNDING_BOX,"Madrid, Comunidad de Madrid, España",39,2026-10-07T09:39:05.475Z
st_profesor-de-musica:40,ChIJCSbsW3QpQg0RcjqldrixUUo,st_profesor-de-musica.json,APIFY_GOOGLE_MAPS_SCRAPER,profesor de música,EDUCATION,PRIVATE_TEACHER,Madrid,AREA_BOUNDING_BOX,"Madrid, Comunidad de Madrid, España",40,2026-10-07T09:39:05.475Z
st_profesor-de-musica:41,ChIJB8UQ-FMoQg0RZ18yVdnv-UY,st_profesor-de-musica.json,APIFY_GOOGLE_MAPS_SCRAPER,profesor de música,EDUCATION,PRIVATE_TEACHER,Madrid,AREA_BOUNDING_BOX,"Madrid, Comunidad de Madrid, España",41,2026-10-07T09:39:05.475Z
st_profesor-de-musica:42,ChIJSUUIaUwvQg0RR-Bkv85YPaU,st_profesor-de-musica.json,APIFY_GOOGLE_MAPS_SCRAPER,profesor de música,EDUCATION,PRIVATE_TEACHER,Madrid,AREA_BOUNDING_BOX,"Madrid, Comunidad de Madrid, España",42,2026-10-07T09:39:05.476Z
st_profesor-de-musica:43,ChIJ7el16DovQg0Rw-3gw_uhlPI,st_profesor-de-musica.json,APIFY_GOOGLE_MAPS_SCRAPER,profesor de música,EDUCATION,PRIVATE_TEACHER,Madrid,AREA_BOUNDING_BOX,"Madrid, Comunidad de Madrid, España",43,2026-10-07T09:39:05.476Z
st_profesor-de-musica:44,ChIJzYxxycgpQg0RRYX6quho2Nw,st_profesor-de-musica.json,APIFY_GOOGLE_MAPS_SCRAPER,profesor de música,EDUCATION,PRIVATE_TEACHER,Madrid,AREA_BOUNDING_BOX,"Madrid, Comunidad de Madrid, España",44,2026-10-07T09:39:05.476Z
st_profesor-de-musica:45,ChIJ09jJdLIoQg0R1flS20BI2F4,st_profesor-de-musica.json,APIFY_GOOGLE_MAPS_SCRAPER,profesor de música,EDUCATION,PRIVATE_TEACHER,Madrid,AREA_BOUNDING_BOX,"Madrid, Comunidad de Madrid, España",45,2026-10-07T09:39:05.476Z
st_profesor-de-musica:46,ChIJOwQcscQoQg0RkXwH5HhOTr0,st_profesor-de-musica.json,APIFY_GOOGLE_MAPS_SCRAPER,profesor de música,EDUCATION,PRIVATE_TEACHER,Madrid,AREA_BOUNDING_BOX,"Madrid, Comunidad de Madrid, España",46,2026-10-07T09:39:05.476Z
st_profesor-de-musica:47,ChIJnelK-vUoQg0R6AW13u9428c,st_profesor-de-musica.json,APIFY_GOOGLE_MAPS_SCRAPER,profesor de música,EDUCATION,PRIVATE_TEACHER,Madrid,AREA_BOUNDING_BOX,"Madrid, Comunidad de Madrid, España",47,2026-10-07T09:39:05.476Z
st_profesor-de-musica:48,ChIJJfH2L1QoQg0R7M6GgAR_Npw,st_profesor-de-musica.json,APIFY_GOOGLE_MAPS_SCRAPER,profesor de música,EDUCATION,PRIVATE_TEACHER,Madrid,AREA_BOUNDING_BOX,"Madrid, Comunidad de Madrid, España",48,2026-10-07T09:39:05.476Z
st_profesor-de-musica:49,ChIJGZPciCcpQg0RMWtieuzbaZ0,st_profesor-de-musica.json,APIFY_GOOGLE_MAPS_SCRAPER,profesor de música,EDUCATION,PRIVATE_TEACHER,Madrid,AREA_BOUNDING_BOX,"Madrid, Comunidad de Madrid, España",49,2026-10-07T09:39:05.476Z
st_profesor-de-musica:50,ChIJz87sd2kpQg0RRDDFNSWsQ7I,st_profesor-de-musica.json,APIFY_GOOGLE_MAPS_SCRAPER,profesor de música,EDUCATION,PRIVATE_TEACHER,Madrid,AREA_BOUNDING_BOX,"Madrid, Comunidad de Madrid, España",50,2026-10-07T09:39:05.476Z
st_reparacion-de-instrumentos-musicales:1,ChIJbZBBKJQpQg0R95YhmiKmZo4,st_reparacion-de-instrumentos-musicales.json,APIFY_GOOGLE_MAPS_SCRAPER,reparación de instrumentos musicales,CRAFT_AND_REPAIR,INSTRUMENT_REPAIR,Madrid,AREA_BOUNDING_BOX,"Madrid, Comunidad de Madrid, España",1,2026-10-07T09:40:02.027Z
st_reparacion-de-instrumentos-musicales:2,ChIJ49uKZ1MoQg0R-Otjgu7HHaE,st_reparacion-de-instrumentos-musicales.json,APIFY_GOOGLE_MAPS_SCRAPER,reparación de instrumentos musicales,CRAFT_AND_REPAIR,INSTRUMENT_REPAIR,Madrid,AREA_BOUNDING_BOX,"Madrid, Comunidad de Madrid, España",2,2026-10-07T09:40:02.027Z
st_reparacion-de-instrumentos-musicales:3,ChIJrTcLpacpQg0RmYIYHspEp-0,st_reparacion-de-instrumentos-musicales.json,APIFY_GOOGLE_MAPS_SCRAPER,reparación de instrumentos musicales,CRAFT_AND_REPAIR,INSTRUMENT_REPAIR,Madrid,AREA_BOUNDING_BOX,"Madrid, Comunidad de Madrid, España",3,2026-10-07T09:40:02.027Z
st_reparacion-de-instrumentos-musicales:4,ChIJD2j6MAQpQg0RJbaQhqCROFk,st_reparacion-de-instrumentos-musicales.json,APIFY_GOOGLE_MAPS_SCRAPER,reparación de instrumentos musicales,CRAFT_AND_REPAIR,INSTRUMENT_REPAIR,Madrid,AREA_BOUNDING_BOX,"Madrid, Comunidad de Madrid, España",4,2026-10-07T09:40:02.027Z
st_reparacion-de-instrumentos-musicales:5,ChIJJWnufpYpQg0RBGCEMO6scmU,st_reparacion-de-instrumentos-musicales.json,APIFY_GOOGLE_MAPS_SCRAPER,reparación de instrumentos musicales,CRAFT_AND_REPAIR,INSTRUMENT_REPAIR,Madrid,AREA_BOUNDING_BOX,"Madrid, Comunidad de Madrid, España",5,2026-10-07T09:40:02.027Z
st_reparacion-de-instrumentos-musicales:6,ChIJtTeLSEYpQg0RkxeTFTqORyw,st_reparacion-de-instrumentos-musicales.json,APIFY_GOOGLE_MAPS_SCRAPER,reparación de instrumentos musicales,CRAFT_AND_REPAIR,INSTRUMENT_REPAIR,Madrid,AREA_BOUNDING_BOX,"Madrid, Comunidad de Madrid, España",6,2026-10-07T09:40:02.027Z
st_reparacion-de-instrumentos-musicales:7,ChIJjTvATnQvQg0RNtfHg_KY70U,st_reparacion-de-instrumentos-musicales.json,APIFY_GOOGLE_MAPS_SCRAPER,reparación de instrumentos musicales,CRAFT_AND_REPAIR,INSTRUMENT_REPAIR,Madrid,AREA_BOUNDING_BOX,"Madrid, Comunidad de Madrid, España",7,2026-10-07T09:40:02.027Z
st_reparacion-de-instrumentos-musicales:8,ChIJa1FiH0YpQg0RIPH4NipCr9w,st_reparacion-de-instrumentos-musicales.json,APIFY_GOOGLE_MAPS_SCRAPER,reparación de instrumentos musicales,CRAFT_AND_REPAIR,INSTRUMENT_REPAIR,Madrid,AREA_BOUNDING_BOX,"Madrid, Comunidad de Madrid, España",8,2026-10-07T09:40:02.027Z
st_reparacion-de-instrumentos-musicales:9,ChIJhyRyClIpQg0R1zaYX0KGnXM,st_reparacion-de-instrumentos-musicales.json,APIFY_GOOGLE_MAPS_SCRAPER,reparación de instrumentos musicales,CRAFT_AND_REPAIR,INSTRUMENT_REPAIR,Madrid,AREA_BOUNDING_BOX,"Madrid, Comunidad de Madrid, España",9,2026-10-07T09:40:02.027Z
st_reparacion-de-instrumentos-musicales:10,ChIJI6bXCfopQg0RpfaFveYz06Q,st_reparacion-de-instrumentos-musicales.json,APIFY_GOOGLE_MAPS_SCRAPER,reparación de instrumentos musicales,CRAFT_AND_REPAIR,INSTRUMENT_REPAIR,Madrid,AREA_BOUNDING_BOX,"Madrid, Comunidad de Madrid, España",10,2026-10-07T09:40:02.027Z
st_reparacion-de-instrumentos-musicales:11,ChIJmYCsDXkoQg0Rp7dsXIVNbXA,st_reparacion-de-instrumentos-musicales.json,APIFY_GOOGLE_MAPS_SCRAPER,reparación de instrumentos musicales,CRAFT_AND_REPAIR,INSTRUMENT_REPAIR,Madrid,AREA_BOUNDING_BOX,"Madrid, Comunidad de Madrid, España",11,2026-10-07T09:40:02.027Z
st_reparacion-de-instrumentos-musicales:12,ChIJI1Y7RIcoQg0ReLrv8ZinXlI,st_reparacion-de-instrumentos-musicales.json,APIFY_GOOGLE_MAPS_SCRAPER,reparación de instrumentos musicales,CRAFT_AND_REPAIR,INSTRUMENT_REPAIR,Madrid,AREA_BOUNDING_BOX,"Madrid, Comunidad de Madrid, España",12,2026-10-07T09:40:02.027Z
st_reparacion-de-instrumentos-musicales:13,ChIJt0z1DZcnQg0R9iyRuyCT-78,st_reparacion-de-instrumentos-musicales.json,APIFY_GOOGLE_MAPS_SCRAPER,reparación de instrumentos musicales,CRAFT_AND_REPAIR,INSTRUMENT_REPAIR,Madrid,AREA_BOUNDING_BOX,"Madrid, Comunidad de Madrid, España",13,2026-10-07T09:40:02.027Z
st_reparacion-de-instrumentos-musicales:14,ChIJW6PPN3YnQg0RXNsySTaZtWo,st_reparacion-de-instrumentos-musicales.json,APIFY_GOOGLE_MAPS_SCRAPER,reparación de instrumentos musicales,CRAFT_AND_REPAIR,INSTRUMENT_REPAIR,Madrid,AREA_BOUNDING_BOX,"Madrid, Comunidad de Madrid, España",14,2026-10-07T09:40:02.027Z
st_reparacion-de-instrumentos-musicales:15,ChIJXf6XnNUpQg0R88rR-oToOWQ,st_reparacion-de-instrumentos-musicales.json,APIFY_GOOGLE_MAPS_SCRAPER,reparación de instrumentos musicales,CRAFT_AND_REPAIR,INSTRUMENT_REPAIR,Madrid,AREA_BOUNDING_BOX,"Madrid, Comunidad de Madrid, España",15,2026-10-07T09:40:02.027Z
st_reparacion-de-instrumentos-musicales:16,ChIJrRdqp0IoQg0Rux8dUVn0ll4,st_reparacion-de-instrumentos-musicales.json,APIFY_GOOGLE_MAPS_SCRAPER,reparación de instrumentos musicales,CRAFT_AND_REPAIR,INSTRUMENT_REPAIR,Madrid,AREA_BOUNDING_BOX,"Madrid, Comunidad de Madrid, España",16,2026-10-07T09:40:02.027Z
st_reparacion-de-instrumentos-musicales:17,ChIJRRV_cPIpQg0R3s99M0bUHdc,st_reparacion-de-instrumentos-musicales.json,APIFY_GOOGLE_MAPS_SCRAPER,reparación de instrumentos musicales,CRAFT_AND_REPAIR,INSTRUMENT_REPAIR,Madrid,AREA_BOUNDING_BOX,"Madrid, Comunidad de Madrid, España",17,2026-10-07T09:40:02.027Z
st_reparacion-de-instrumentos-musicales:18,ChIJD_hJStwlQg0RkY8gmJU-YAU,st_reparacion-de-instrumentos-musicales.json,APIFY_GOOGLE_MAPS_SCRAPER,reparación de instrumentos musicales,CRAFT_AND_REPAIR,INSTRUMENT_REPAIR,Madrid,AREA_BOUNDING_BOX,"Madrid, Comunidad de Madrid, España",18,2026-10-07T09:40:02.028Z
st_reparacion-de-instrumentos-musicales:19,ChIJQzEsZL4nQg0RhCXl9SlUXE8,st_reparacion-de-instrumentos-musicales.json,APIFY_GOOGLE_MAPS_SCRAPER,reparación de instrumentos musicales,CRAFT_AND_REPAIR,INSTRUMENT_REPAIR,Madrid,AREA_BOUNDING_BOX,"Madrid, Comunidad de Madrid, España",19,2026-10-07T09:40:02.028Z
st_reparacion-de-instrumentos-musicales:20,ChIJe_tfWokoQg0RoK7NVTtYLxE,st_reparacion-de-instrumentos-musicales.json,APIFY_GOOGLE_MAPS_SCRAPER,reparación de instrumentos musicales,CRAFT_AND_REPAIR,INSTRUMENT_REPAIR,Madrid,AREA_BOUNDING_BOX,"Madrid, Comunidad de Madrid, España",20,2026-10-07T09:40:02.028Z
st_reparacion-de-instrumentos-musicales:21,ChIJ9W-ZHGUnQg0RitN-pbnEpj8,st_reparacion-de-instrumentos-musicales.json,APIFY_GOOGLE_MAPS_SCRAPER,reparación de instrumentos musicales,CRAFT_AND_REPAIR,INSTRUMENT_REPAIR,Madrid,AREA_BOUNDING_BOX,"Madrid, Comunidad de Madrid, España",21,2026-10-07T09:40:02.028Z
st_reparacion-de-instrumentos-musicales:22,ChIJXSqZjvcoQg0RRxCPQGioUmA,st_reparacion-de-instrumentos-musicales.json,APIFY_GOOGLE_MAPS_SCRAPER,reparación de instrumentos musicales,CRAFT_AND_REPAIR,INSTRUMENT_REPAIR,Madrid,AREA_BOUNDING_BOX,"Madrid, Comunidad de Madrid, España",22,2026-10-07T09:40:02.028Z
st_reparacion-de-instrumentos-musicales:23,ChIJtb5bWwAnQg0RThXSlXxd0BI,st_reparacion-de-instrumentos-musicales.json,APIFY_GOOGLE_MAPS_SCRAPER,reparación de instrumentos musicales,CRAFT_AND_REPAIR,INSTRUMENT_REPAIR,Madrid,AREA_BOUNDING_BOX,"Madrid, Comunidad de Madrid, España",23,2026-10-07T09:40:02.028Z
st_reparacion-de-instrumentos-musicales:24,ChIJuyKgK60nQg0R5Fio9Nu3uTU,st_reparacion-de-instrumentos-musicales.json,APIFY_GOOGLE_MAPS_SCRAPER,reparación de instrumentos musicales,CRAFT_AND_REPAIR,INSTRUMENT_REPAIR,Madrid,AREA_BOUNDING_BOX,"Madrid, Comunidad de Madrid, España",24,2026-10-07T09:40:02.028Z
st_reparacion-de-instrumentos-musicales:25,ChIJtQglXNQuQg0RRu6VAkGjuoY,st_reparacion-de-instrumentos-musicales.json,APIFY_GOOGLE_MAPS_SCRAPER,reparación de instrumentos musicales,CRAFT_AND_REPAIR,INSTRUMENT_REPAIR,Madrid,AREA_BOUNDING_BOX,"Madrid, Comunidad de Madrid, España",25,2026-10-07T09:40:02.028Z
st_reparacion-de-instrumentos-musicales:26,ChIJgRYdgyYmQg0RYJ9OOyfBGOE,st_reparacion-de-instrumentos-musicales.json,APIFY_GOOGLE_MAPS_SCRAPER,reparación de instrumentos musicales,CRAFT_AND_REPAIR,INSTRUMENT_REPAIR,Madrid,AREA_BOUNDING_BOX,"Madrid, Comunidad de Madrid, España",26,2026-10-07T09:40:02.028Z
st_reparacion-de-instrumentos-musicales:27,ChIJZ68v19MnQg0R26joW3nGVbk,st_reparacion-de-instrumentos-musicales.json,APIFY_GOOGLE_MAPS_SCRAPER,reparación de instrumentos musicales,CRAFT_AND_REPAIR,INSTRUMENT_REPAIR,Madrid,AREA_BOUNDING_BOX,"Madrid, Comunidad de Madrid, España",27,2026-10-07T09:40:02.028Z
st_reparacion-de-instrumentos-musicales:28,ChIJb4TaP3QmQg0R1VgI9KlBdSo,st_reparacion-de-instrumentos-musicales.json,APIFY_GOOGLE_MAPS_SCRAPER,reparación de instrumentos musicales,CRAFT_AND_REPAIR,INSTRUMENT_REPAIR,Madrid,AREA_BOUNDING_BOX,"Madrid, Comunidad de Madrid, España",28,2026-10-07T09:40:02.028Z
st_reparacion-de-instrumentos-musicales:29,ChIJiUYKG7UnQg0R507ey3OtEJM,st_reparacion-de-instrumentos-musicales.json,APIFY_GOOGLE_MAPS_SCRAPER,reparación de instrumentos musicales,CRAFT_AND_REPAIR,INSTRUMENT_REPAIR,Madrid,AREA_BOUNDING_BOX,"Madrid, Comunidad de Madrid, España",29,2026-10-07T09:40:02.028Z
st_reparacion-de-instrumentos-musicales:30,ChIJeXRdt3ooQg0R-21qVnzGTq8,st_reparacion-de-instrumentos-musicales.json,APIFY_GOOGLE_MAPS_SCRAPER,reparación de instrumentos musicales,CRAFT_AND_REPAIR,INSTRUMENT_REPAIR,Madrid,AREA_BOUNDING_BOX,"Madrid, Comunidad de Madrid, España",30,2026-10-07T09:40:02.028Z
st_reparacion-de-instrumentos-musicales:31,ChIJJ3DMksIoQg0RySagcqnFhI0,st_reparacion-de-instrumentos-musicales.json,APIFY_GOOGLE_MAPS_SCRAPER,reparación de instrumentos musicales,CRAFT_AND_REPAIR,INSTRUMENT_REPAIR,Madrid,AREA_BOUNDING_BOX,"Madrid, Comunidad de Madrid, España",31,2026-10-07T09:40:02.028Z
st_reparacion-de-instrumentos-musicales:32,ChIJWRfxl48oQg0RCmEER8_X0Y4,st_reparacion-de-instrumentos-musicales.json,APIFY_GOOGLE_MAPS_SCRAPER,reparación de instrumentos musicales,CRAFT_AND_REPAIR,INSTRUMENT_REPAIR,Madrid,AREA_BOUNDING_BOX,"Madrid, Comunidad de Madrid, España",32,2026-10-07T09:40:02.028Z
st_reparacion-de-instrumentos-musicales:33,ChIJryI33iomQg0RM0nKGAux_BI,st_reparacion-de-instrumentos-musicales.json,APIFY_GOOGLE_MAPS_SCRAPER,reparación de instrumentos musicales,CRAFT_AND_REPAIR,INSTRUMENT_REPAIR,Madrid,AREA_BOUNDING_BOX,"Madrid, Comunidad de Madrid, España",33,2026-10-07T09:40:02.028Z
st_reparacion-de-instrumentos-musicales:34,ChIJM5MyjZSJQQ0Rd257nmNFnBk,st_reparacion-de-instrumentos-musicales.json,APIFY_GOOGLE_MAPS_SCRAPER,reparación de instrumentos musicales,CRAFT_AND_REPAIR,INSTRUMENT_REPAIR,Madrid,AREA_BOUNDING_BOX,"Madrid, Comunidad de Madrid, España",34,2026-10-07T09:40:02.028Z
st_reparacion-de-instrumentos-musicales:35,ChIJg1mI_LAoQg0RfboZZp8ZDfw,st_reparacion-de-instrumentos-musicales.json,APIFY_GOOGLE_MAPS_SCRAPER,reparación de instrumentos musicales,CRAFT_AND_REPAIR,INSTRUMENT_REPAIR,Madrid,AREA_BOUNDING_BOX,"Madrid, Comunidad de Madrid, España",35,2026-10-07T09:40:02.028Z
st_reparacion-de-instrumentos-musicales:36,ChIJQd1tWAT1QQ0RBxiM9BQrFGg,st_reparacion-de-instrumentos-musicales.json,APIFY_GOOGLE_MAPS_SCRAPER,reparación de instrumentos musicales,CRAFT_AND_REPAIR,INSTRUMENT_REPAIR,Madrid,AREA_BOUNDING_BOX,"Madrid, Comunidad de Madrid, España",36,2026-10-07T09:40:02.028Z
st_reparacion-de-instrumentos-musicales:37,ChIJR5v4Q9knQg0Rd7FEyparmTU,st_reparacion-de-instrumentos-musicales.json,APIFY_GOOGLE_MAPS_SCRAPER,reparación de instrumentos musicales,CRAFT_AND_REPAIR,INSTRUMENT_REPAIR,Madrid,AREA_BOUNDING_BOX,"Madrid, Comunidad de Madrid, España",37,2026-10-07T09:40:02.028Z
st_reparacion-de-instrumentos-musicales:38,ChIJb9dRXT8vQg0R9L5iLu9A8fc,st_reparacion-de-instrumentos-musicales.json,APIFY_GOOGLE_MAPS_SCRAPER,reparación de instrumentos musicales,CRAFT_AND_REPAIR,INSTRUMENT_REPAIR,Madrid,AREA_BOUNDING_BOX,"Madrid, Comunidad de Madrid, España",38,2026-10-07T09:40:02.028Z
st_reparacion-de-instrumentos-musicales:39,ChIJVU08PqQnQg0RYgHa3TCAOaI,st_reparacion-de-instrumentos-musicales.json,APIFY_GOOGLE_MAPS_SCRAPER,reparación de instrumentos musicales,CRAFT_AND_REPAIR,INSTRUMENT_REPAIR,Madrid,AREA_BOUNDING_BOX,"Madrid, Comunidad de Madrid, España",39,2026-10-07T09:40:02.028Z
st_reparacion-de-instrumentos-musicales:40,ChIJqVVJKqYlQg0ROLhGb4R1opg,st_reparacion-de-instrumentos-musicales.json,APIFY_GOOGLE_MAPS_SCRAPER,reparación de instrumentos musicales,CRAFT_AND_REPAIR,INSTRUMENT_REPAIR,Madrid,AREA_BOUNDING_BOX,"Madrid, Comunidad de Madrid, España",40,2026-10-07T09:40:02.028Z
st_reparacion-de-instrumentos-musicales:41,ChIJS3kvqY0oQg0R-m4yH1rBEKs,st_reparacion-de-instrumentos-musicales.json,APIFY_GOOGLE_MAPS_SCRAPER,reparación de instrumentos musicales,CRAFT_AND_REPAIR,INSTRUMENT_REPAIR,Madrid,AREA_BOUNDING_BOX,"Madrid, Comunidad de Madrid, España",41,2026-10-07T09:40:02.028Z
st_reparacion-de-instrumentos-musicales:42,ChIJYR3yfHkoQg0RZHP17EToW9g,st_reparacion-de-instrumentos-musicales.json,APIFY_GOOGLE_MAPS_SCRAPER,reparación de instrumentos musicales,CRAFT_AND_REPAIR,INSTRUMENT_REPAIR,Madrid,AREA_BOUNDING_BOX,"Madrid, Comunidad de Madrid, España",42,2026-10-07T09:40:02.028Z
st_reparacion-de-instrumentos-musicales:43,ChIJIbvbny4pQg0RWdm2f60CGKU,st_reparacion-de-instrumentos-musicales.json,APIFY_GOOGLE_MAPS_SCRAPER,reparación de instrumentos musicales,CRAFT_AND_REPAIR,INSTRUMENT_REPAIR,Madrid,AREA_BOUNDING_BOX,"Madrid, Comunidad de Madrid, España",43,2026-10-07T09:40:02.028Z
st_reparacion-de-instrumentos-musicales:44,ChIJKRwWsvInQg0RFq3u0lyqy5o,st_reparacion-de-instrumentos-musicales.json,APIFY_GOOGLE_MAPS_SCRAPER,reparación de instrumentos musicales,CRAFT_AND_REPAIR,INSTRUMENT_REPAIR,Madrid,AREA_BOUNDING_BOX,"Madrid, Comunidad de Madrid, España",44,2026-10-07T09:40:02.028Z
st_reparacion-de-instrumentos-musicales:45,ChIJ7cGlI1InQg0RQL7seDPvS6U,st_reparacion-de-instrumentos-musicales.json,APIFY_GOOGLE_MAPS_SCRAPER,reparación de instrumentos musicales,CRAFT_AND_REPAIR,INSTRUMENT_REPAIR,Madrid,AREA_BOUNDING_BOX,"Madrid, Comunidad de Madrid, España",45,2026-10-07T09:40:02.028Z
st_reparacion-de-instrumentos-musicales:46,ChIJ94h0oO6JQQ0Roqn8HFvz7Ds,st_reparacion-de-instrumentos-musicales.json,APIFY_GOOGLE_MAPS_SCRAPER,reparación de instrumentos musicales,CRAFT_AND_REPAIR,INSTRUMENT_REPAIR,Madrid,AREA_BOUNDING_BOX,"Madrid, Comunidad de Madrid, España",46,2026-10-07T09:40:02.029Z
st_reparacion-de-instrumentos-musicales:47,ChIJeafvUJQoQg0RNVjc8c5XZjI,st_reparacion-de-instrumentos-musicales.json,APIFY_GOOGLE_MAPS_SCRAPER,reparación de instrumentos musicales,CRAFT_AND_REPAIR,INSTRUMENT_REPAIR,Madrid,AREA_BOUNDING_BOX,"Madrid, Comunidad de Madrid, España",47,2026-10-07T09:40:02.029Z
st_reparacion-de-instrumentos-musicales:48,ChIJme3ti16GQQ0R3TP4JVELE1g,st_reparacion-de-instrumentos-musicales.json,APIFY_GOOGLE_MAPS_SCRAPER,reparación de instrumentos musicales,CRAFT_AND_REPAIR,INSTRUMENT_REPAIR,Madrid,AREA_BOUNDING_BOX,"Madrid, Comunidad de Madrid, España",48,2026-10-07T09:40:02.029Z
st_reparacion-de-instrumentos-musicales:49,ChIJ1zoDbKsjQg0Rb_633Nu3HYo,st_reparacion-de-instrumentos-musicales.json,APIFY_GOOGLE_MAPS_SCRAPER,reparación de instrumentos musicales,CRAFT_AND_REPAIR,INSTRUMENT_REPAIR,Madrid,AREA_BOUNDING_BOX,"Madrid, Comunidad de Madrid, España",49,2026-10-07T09:40:02.029Z
st_reparacion-de-instrumentos-musicales:50,ChIJF3Htg4UoQg0RuYd9SMLn-Ng,st_reparacion-de-instrumentos-musicales.json,APIFY_GOOGLE_MAPS_SCRAPER,reparación de instrumentos musicales,CRAFT_AND_REPAIR,INSTRUMENT_REPAIR,Madrid,AREA_BOUNDING_BOX,"Madrid, Comunidad de Madrid, España",50,2026-10-07T09:40:02.029Z
st_reparacion-instrumentos-de-metal:1,ChIJJWnufpYpQg0RBGCEMO6scmU,st_reparacion-instrumentos-de-metal.json,APIFY_GOOGLE_MAPS_SCRAPER,reparación instrumentos de metal,CRAFT_AND_REPAIR,BRASS_REPAIR,Madrid,AREA_BOUNDING_BOX,"Madrid, Comunidad de Madrid, España",1,2026-10-07T09:40:16.357Z
st_reparacion-instrumentos-de-metal:2,ChIJ49uKZ1MoQg0R-Otjgu7HHaE,st_reparacion-instrumentos-de-metal.json,APIFY_GOOGLE_MAPS_SCRAPER,reparación instrumentos de metal,CRAFT_AND_REPAIR,BRASS_REPAIR,Madrid,AREA_BOUNDING_BOX,"Madrid, Comunidad de Madrid, España",2,2026-10-07T09:40:16.358Z
st_reparacion-instrumentos-de-metal:3,ChIJI6bXCfopQg0RpfaFveYz06Q,st_reparacion-instrumentos-de-metal.json,APIFY_GOOGLE_MAPS_SCRAPER,reparación instrumentos de metal,CRAFT_AND_REPAIR,BRASS_REPAIR,Madrid,AREA_BOUNDING_BOX,"Madrid, Comunidad de Madrid, España",3,2026-10-07T09:40:16.358Z
st_reparacion-instrumentos-de-metal:4,ChIJI1Y7RIcoQg0ReLrv8ZinXlI,st_reparacion-instrumentos-de-metal.json,APIFY_GOOGLE_MAPS_SCRAPER,reparación instrumentos de metal,CRAFT_AND_REPAIR,BRASS_REPAIR,Madrid,AREA_BOUNDING_BOX,"Madrid, Comunidad de Madrid, España",4,2026-10-07T09:40:16.358Z
st_reparacion-instrumentos-de-metal:5,ChIJrRdqp0IoQg0Rux8dUVn0ll4,st_reparacion-instrumentos-de-metal.json,APIFY_GOOGLE_MAPS_SCRAPER,reparación instrumentos de metal,CRAFT_AND_REPAIR,BRASS_REPAIR,Madrid,AREA_BOUNDING_BOX,"Madrid, Comunidad de Madrid, España",5,2026-10-07T09:40:16.358Z
st_reparacion-instrumentos-de-metal:6,ChIJa1FiH0YpQg0RIPH4NipCr9w,st_reparacion-instrumentos-de-metal.json,APIFY_GOOGLE_MAPS_SCRAPER,reparación instrumentos de metal,CRAFT_AND_REPAIR,BRASS_REPAIR,Madrid,AREA_BOUNDING_BOX,"Madrid, Comunidad de Madrid, España",6,2026-10-07T09:40:16.358Z
st_reparacion-instrumentos-de-metal:7,ChIJW6PPN3YnQg0RXNsySTaZtWo,st_reparacion-instrumentos-de-metal.json,APIFY_GOOGLE_MAPS_SCRAPER,reparación instrumentos de metal,CRAFT_AND_REPAIR,BRASS_REPAIR,Madrid,AREA_BOUNDING_BOX,"Madrid, Comunidad de Madrid, España",7,2026-10-07T09:40:16.358Z
st_reparacion-instrumentos-de-metal:8,ChIJjTvATnQvQg0RNtfHg_KY70U,st_reparacion-instrumentos-de-metal.json,APIFY_GOOGLE_MAPS_SCRAPER,reparación instrumentos de metal,CRAFT_AND_REPAIR,BRASS_REPAIR,Madrid,AREA_BOUNDING_BOX,"Madrid, Comunidad de Madrid, España",8,2026-10-07T09:40:16.358Z
st_reparacion-instrumentos-de-metal:9,ChIJhyRyClIpQg0R1zaYX0KGnXM,st_reparacion-instrumentos-de-metal.json,APIFY_GOOGLE_MAPS_SCRAPER,reparación instrumentos de metal,CRAFT_AND_REPAIR,BRASS_REPAIR,Madrid,AREA_BOUNDING_BOX,"Madrid, Comunidad de Madrid, España",9,2026-10-07T09:40:16.358Z
st_reparacion-instrumentos-de-metal:10,ChIJmYCsDXkoQg0Rp7dsXIVNbXA,st_reparacion-instrumentos-de-metal.json,APIFY_GOOGLE_MAPS_SCRAPER,reparación instrumentos de metal,CRAFT_AND_REPAIR,BRASS_REPAIR,Madrid,AREA_BOUNDING_BOX,"Madrid, Comunidad de Madrid, España",10,2026-10-07T09:40:16.358Z
st_reparacion-instrumentos-de-metal:11,ChIJQzEsZL4nQg0RhCXl9SlUXE8,st_reparacion-instrumentos-de-metal.json,APIFY_GOOGLE_MAPS_SCRAPER,reparación instrumentos de metal,CRAFT_AND_REPAIR,BRASS_REPAIR,Madrid,AREA_BOUNDING_BOX,"Madrid, Comunidad de Madrid, España",11,2026-10-07T09:40:16.358Z
st_reparacion-instrumentos-de-metal:12,ChIJD_hJStwlQg0RkY8gmJU-YAU,st_reparacion-instrumentos-de-metal.json,APIFY_GOOGLE_MAPS_SCRAPER,reparación instrumentos de metal,CRAFT_AND_REPAIR,BRASS_REPAIR,Madrid,AREA_BOUNDING_BOX,"Madrid, Comunidad de Madrid, España",12,2026-10-07T09:40:16.358Z
st_reparacion-instrumentos-de-metal:13,ChIJtb5bWwAnQg0RThXSlXxd0BI,st_reparacion-instrumentos-de-metal.json,APIFY_GOOGLE_MAPS_SCRAPER,reparación instrumentos de metal,CRAFT_AND_REPAIR,BRASS_REPAIR,Madrid,AREA_BOUNDING_BOX,"Madrid, Comunidad de Madrid, España",13,2026-10-07T09:40:16.358Z
st_reparacion-instrumentos-de-metal:14,ChIJt0z1DZcnQg0R9iyRuyCT-78,st_reparacion-instrumentos-de-metal.json,APIFY_GOOGLE_MAPS_SCRAPER,reparación instrumentos de metal,CRAFT_AND_REPAIR,BRASS_REPAIR,Madrid,AREA_BOUNDING_BOX,"Madrid, Comunidad de Madrid, España",14,2026-10-07T09:40:16.358Z
st_reparacion-instrumentos-de-metal:15,ChIJuyKgK60nQg0R5Fio9Nu3uTU,st_reparacion-instrumentos-de-metal.json,APIFY_GOOGLE_MAPS_SCRAPER,reparación instrumentos de metal,CRAFT_AND_REPAIR,BRASS_REPAIR,Madrid,AREA_BOUNDING_BOX,"Madrid, Comunidad de Madrid, España",15,2026-10-07T09:40:16.358Z
st_reparacion-instrumentos-de-metal:16,ChIJZ68v19MnQg0R26joW3nGVbk,st_reparacion-instrumentos-de-metal.json,APIFY_GOOGLE_MAPS_SCRAPER,reparación instrumentos de metal,CRAFT_AND_REPAIR,BRASS_REPAIR,Madrid,AREA_BOUNDING_BOX,"Madrid, Comunidad de Madrid, España",16,2026-10-07T09:40:16.358Z
st_reparacion-instrumentos-de-metal:17,ChIJe_tfWokoQg0RoK7NVTtYLxE,st_reparacion-instrumentos-de-metal.json,APIFY_GOOGLE_MAPS_SCRAPER,reparación instrumentos de metal,CRAFT_AND_REPAIR,BRASS_REPAIR,Madrid,AREA_BOUNDING_BOX,"Madrid, Comunidad de Madrid, España",17,2026-10-07T09:40:16.358Z
st_reparacion-instrumentos-de-metal:18,ChIJiUYKG7UnQg0R507ey3OtEJM,st_reparacion-instrumentos-de-metal.json,APIFY_GOOGLE_MAPS_SCRAPER,reparación instrumentos de metal,CRAFT_AND_REPAIR,BRASS_REPAIR,Madrid,AREA_BOUNDING_BOX,"Madrid, Comunidad de Madrid, España",18,2026-10-07T09:40:16.358Z
st_reparacion-instrumentos-de-metal:19,ChIJ9W-ZHGUnQg0RitN-pbnEpj8,st_reparacion-instrumentos-de-metal.json,APIFY_GOOGLE_MAPS_SCRAPER,reparación instrumentos de metal,CRAFT_AND_REPAIR,BRASS_REPAIR,Madrid,AREA_BOUNDING_BOX,"Madrid, Comunidad de Madrid, España",19,2026-10-07T09:40:16.359Z
st_reparacion-instrumentos-de-metal:20,ChIJb4TaP3QmQg0R1VgI9KlBdSo,st_reparacion-instrumentos-de-metal.json,APIFY_GOOGLE_MAPS_SCRAPER,reparación instrumentos de metal,CRAFT_AND_REPAIR,BRASS_REPAIR,Madrid,AREA_BOUNDING_BOX,"Madrid, Comunidad de Madrid, España",20,2026-10-07T09:40:16.359Z
st_reparacion-instrumentos-de-metal:21,ChIJQ2VgEWWDQQ0RD-ZdMUNADdU,st_reparacion-instrumentos-de-metal.json,APIFY_GOOGLE_MAPS_SCRAPER,reparación instrumentos de metal,CRAFT_AND_REPAIR,BRASS_REPAIR,Madrid,AREA_BOUNDING_BOX,"Madrid, Comunidad de Madrid, España",21,2026-10-07T09:40:16.359Z
st_reparacion-instrumentos-de-metal:22,ChIJqVVJKqYlQg0ROLhGb4R1opg,st_reparacion-instrumentos-de-metal.json,APIFY_GOOGLE_MAPS_SCRAPER,reparación instrumentos de metal,CRAFT_AND_REPAIR,BRASS_REPAIR,Madrid,AREA_BOUNDING_BOX,"Madrid, Comunidad de Madrid, España",22,2026-10-07T09:40:16.359Z
st_reparacion-instrumentos-de-metal:23,ChIJIbvbny4pQg0RWdm2f60CGKU,st_reparacion-instrumentos-de-metal.json,APIFY_GOOGLE_MAPS_SCRAPER,reparación instrumentos de metal,CRAFT_AND_REPAIR,BRASS_REPAIR,Madrid,AREA_BOUNDING_BOX,"Madrid, Comunidad de Madrid, España",23,2026-10-07T09:40:16.359Z
st_reparacion-instrumentos-de-metal:24,ChIJKRwWsvInQg0RFq3u0lyqy5o,st_reparacion-instrumentos-de-metal.json,APIFY_GOOGLE_MAPS_SCRAPER,reparación instrumentos de metal,CRAFT_AND_REPAIR,BRASS_REPAIR,Madrid,AREA_BOUNDING_BOX,"Madrid, Comunidad de Madrid, España",24,2026-10-07T09:40:16.359Z
st_reparacion-instrumentos-de-metal:25,ChIJeXRdt3ooQg0R-21qVnzGTq8,st_reparacion-instrumentos-de-metal.json,APIFY_GOOGLE_MAPS_SCRAPER,reparación instrumentos de metal,CRAFT_AND_REPAIR,BRASS_REPAIR,Madrid,AREA_BOUNDING_BOX,"Madrid, Comunidad de Madrid, España",25,2026-10-07T09:40:16.359Z
st_reparacion-instrumentos-de-metal:26,ChIJM5MyjZSJQQ0Rd257nmNFnBk,st_reparacion-instrumentos-de-metal.json,APIFY_GOOGLE_MAPS_SCRAPER,reparación instrumentos de metal,CRAFT_AND_REPAIR,BRASS_REPAIR,Madrid,AREA_BOUNDING_BOX,"Madrid, Comunidad de Madrid, España",26,2026-10-07T09:40:16.359Z
st_reparacion-instrumentos-de-metal:27,ChIJEwRf5AwwQg0RUwb4P6JKcMA,st_reparacion-instrumentos-de-metal.json,APIFY_GOOGLE_MAPS_SCRAPER,reparación instrumentos de metal,CRAFT_AND_REPAIR,BRASS_REPAIR,Madrid,AREA_BOUNDING_BOX,"Madrid, Comunidad de Madrid, España",27,2026-10-07T09:40:16.359Z
st_reparacion-instrumentos-de-metal:28,ChIJRcVl3tQmQg0RkMzclLHvD3c,st_reparacion-instrumentos-de-metal.json,APIFY_GOOGLE_MAPS_SCRAPER,reparación instrumentos de metal,CRAFT_AND_REPAIR,BRASS_REPAIR,Madrid,AREA_BOUNDING_BOX,"Madrid, Comunidad de Madrid, España",28,2026-10-07T09:40:16.359Z
st_reparacion-instrumentos-de-metal:29,ChIJAVqGBSomQg0Rm5tO9xzZ1Gc,st_reparacion-instrumentos-de-metal.json,APIFY_GOOGLE_MAPS_SCRAPER,reparación instrumentos de metal,CRAFT_AND_REPAIR,BRASS_REPAIR,Madrid,AREA_BOUNDING_BOX,"Madrid, Comunidad de Madrid, España",29,2026-10-07T09:40:16.359Z
st_reparacion-instrumentos-de-metal:30,ChIJ1zoDbKsjQg0Rb_633Nu3HYo,st_reparacion-instrumentos-de-metal.json,APIFY_GOOGLE_MAPS_SCRAPER,reparación instrumentos de metal,CRAFT_AND_REPAIR,BRASS_REPAIR,Madrid,AREA_BOUNDING_BOX,"Madrid, Comunidad de Madrid, España",30,2026-10-07T09:40:16.359Z
st_reparacion-instrumentos-de-metal:31,ChIJDxNkA0SJQQ0RCh2nuc_bJkI,st_reparacion-instrumentos-de-metal.json,APIFY_GOOGLE_MAPS_SCRAPER,reparación instrumentos de metal,CRAFT_AND_REPAIR,BRASS_REPAIR,Madrid,AREA_BOUNDING_BOX,"Madrid, Comunidad de Madrid, España",31,2026-10-07T09:40:16.359Z
st_reparacion-instrumentos-de-metal:32,ChIJAVN8NhkmQg0R_S3q60XAaiw,st_reparacion-instrumentos-de-metal.json,APIFY_GOOGLE_MAPS_SCRAPER,reparación instrumentos de metal,CRAFT_AND_REPAIR,BRASS_REPAIR,Madrid,AREA_BOUNDING_BOX,"Madrid, Comunidad de Madrid, España",32,2026-10-07T09:40:16.359Z
st_reparacion-instrumentos-de-metal:33,ChIJQRfVp4onQg0RXs7P1evGpWo,st_reparacion-instrumentos-de-metal.json,APIFY_GOOGLE_MAPS_SCRAPER,reparación instrumentos de metal,CRAFT_AND_REPAIR,BRASS_REPAIR,Madrid,AREA_BOUNDING_BOX,"Madrid, Comunidad de Madrid, España",33,2026-10-07T09:40:16.359Z
st_reparacion-instrumentos-de-metal:34,ChIJ2cGf0sYgQg0RsU_oWo2bDZo,st_reparacion-instrumentos-de-metal.json,APIFY_GOOGLE_MAPS_SCRAPER,reparación instrumentos de metal,CRAFT_AND_REPAIR,BRASS_REPAIR,Madrid,AREA_BOUNDING_BOX,"Madrid, Comunidad de Madrid, España",34,2026-10-07T09:40:16.359Z
st_reparacion-instrumentos-de-metal:35,ChIJW90MQXQmQg0RTfIXcVTTbig,st_reparacion-instrumentos-de-metal.json,APIFY_GOOGLE_MAPS_SCRAPER,reparación instrumentos de metal,CRAFT_AND_REPAIR,BRASS_REPAIR,Madrid,AREA_BOUNDING_BOX,"Madrid, Comunidad de Madrid, España",35,2026-10-07T09:40:16.359Z
st_reparacion-instrumentos-de-metal:36,ChIJCx1PohaPQQ0RIUWczmMdrGQ,st_reparacion-instrumentos-de-metal.json,APIFY_GOOGLE_MAPS_SCRAPER,reparación instrumentos de metal,CRAFT_AND_REPAIR,BRASS_REPAIR,Madrid,AREA_BOUNDING_BOX,"Madrid, Comunidad de Madrid, España",36,2026-10-07T09:40:16.359Z
st_reparacion-instrumentos-de-metal:37,ChIJJypypQYpQg0RAPAy-VfpJEs,st_reparacion-instrumentos-de-metal.json,APIFY_GOOGLE_MAPS_SCRAPER,reparación instrumentos de metal,CRAFT_AND_REPAIR,BRASS_REPAIR,Madrid,AREA_BOUNDING_BOX,"Madrid, Comunidad de Madrid, España",37,2026-10-07T09:40:16.359Z
st_reparacion-instrumentos-de-metal:38,ChIJ6XVN65ogQg0RM81ZfeSCk2o,st_reparacion-instrumentos-de-metal.json,APIFY_GOOGLE_MAPS_SCRAPER,reparación instrumentos de metal,CRAFT_AND_REPAIR,BRASS_REPAIR,Madrid,AREA_BOUNDING_BOX,"Madrid, Comunidad de Madrid, España",38,2026-10-07T09:40:16.359Z
st_reparacion-instrumentos-de-metal:39,ChIJc-dqZ2qJQQ0RWFkBVJTfI8Q,st_reparacion-instrumentos-de-metal.json,APIFY_GOOGLE_MAPS_SCRAPER,reparación instrumentos de metal,CRAFT_AND_REPAIR,BRASS_REPAIR,Madrid,AREA_BOUNDING_BOX,"Madrid, Comunidad de Madrid, España",39,2026-10-07T09:40:16.359Z
st_reparacion-instrumentos-de-metal:40,ChIJtQdpGHsoQg0RA9pjudhWoBE,st_reparacion-instrumentos-de-metal.json,APIFY_GOOGLE_MAPS_SCRAPER,reparación instrumentos de metal,CRAFT_AND_REPAIR,BRASS_REPAIR,Madrid,AREA_BOUNDING_BOX,"Madrid, Comunidad de Madrid, España",40,2026-10-07T09:40:16.359Z
st_reparacion-instrumentos-de-metal:41,ChIJqYZ2VuouQg0R_ESAbuOu_2o,st_reparacion-instrumentos-de-metal.json,APIFY_GOOGLE_MAPS_SCRAPER,reparación instrumentos de metal,CRAFT_AND_REPAIR,BRASS_REPAIR,Madrid,AREA_BOUNDING_BOX,"Madrid, Comunidad de Madrid, España",41,2026-10-07T09:40:16.359Z
st_reparacion-instrumentos-de-metal:42,ChIJOUkKUbWPQQ0REVkr8ndLxB4,st_reparacion-instrumentos-de-metal.json,APIFY_GOOGLE_MAPS_SCRAPER,reparación instrumentos de metal,CRAFT_AND_REPAIR,BRASS_REPAIR,Madrid,AREA_BOUNDING_BOX,"Madrid, Comunidad de Madrid, España",42,2026-10-07T09:40:16.359Z
st_reparacion-instrumentos-de-metal:43,ChIJd63gH7ooQg0RDfNRS8-MfLA,st_reparacion-instrumentos-de-metal.json,APIFY_GOOGLE_MAPS_SCRAPER,reparación instrumentos de metal,CRAFT_AND_REPAIR,BRASS_REPAIR,Madrid,AREA_BOUNDING_BOX,"Madrid, Comunidad de Madrid, España",43,2026-10-07T09:40:16.359Z
st_reparacion-instrumentos-de-metal:44,ChIJz58AvSSMQQ0R_brtWqLEsrg,st_reparacion-instrumentos-de-metal.json,APIFY_GOOGLE_MAPS_SCRAPER,reparación instrumentos de metal,CRAFT_AND_REPAIR,BRASS_REPAIR,Madrid,AREA_BOUNDING_BOX,"Madrid, Comunidad de Madrid, España",44,2026-10-07T09:40:16.359Z
st_reparacion-instrumentos-de-viento:1,ChIJbZBBKJQpQg0R95YhmiKmZo4,st_reparacion-instrumentos-de-viento.json,APIFY_GOOGLE_MAPS_SCRAPER,reparación instrumentos de viento,CRAFT_AND_REPAIR,WOODWIND_REPAIR,Madrid,AREA_BOUNDING_BOX,"Madrid, Comunidad de Madrid, España",1,2026-10-07T09:40:07.617Z
st_reparacion-instrumentos-de-viento:2,ChIJmYCsDXkoQg0Rp7dsXIVNbXA,st_reparacion-instrumentos-de-viento.json,APIFY_GOOGLE_MAPS_SCRAPER,reparación instrumentos de viento,CRAFT_AND_REPAIR,WOODWIND_REPAIR,Madrid,AREA_BOUNDING_BOX,"Madrid, Comunidad de Madrid, España",2,2026-10-07T09:40:07.618Z
st_reparacion-instrumentos-de-viento:3,ChIJJWnufpYpQg0RBGCEMO6scmU,st_reparacion-instrumentos-de-viento.json,APIFY_GOOGLE_MAPS_SCRAPER,reparación instrumentos de viento,CRAFT_AND_REPAIR,WOODWIND_REPAIR,Madrid,AREA_BOUNDING_BOX,"Madrid, Comunidad de Madrid, España",3,2026-10-07T09:40:07.618Z
st_reparacion-instrumentos-de-viento:4,ChIJI1Y7RIcoQg0ReLrv8ZinXlI,st_reparacion-instrumentos-de-viento.json,APIFY_GOOGLE_MAPS_SCRAPER,reparación instrumentos de viento,CRAFT_AND_REPAIR,WOODWIND_REPAIR,Madrid,AREA_BOUNDING_BOX,"Madrid, Comunidad de Madrid, España",4,2026-10-07T09:40:07.618Z
st_reparacion-instrumentos-de-viento:5,ChIJ49uKZ1MoQg0R-Otjgu7HHaE,st_reparacion-instrumentos-de-viento.json,APIFY_GOOGLE_MAPS_SCRAPER,reparación instrumentos de viento,CRAFT_AND_REPAIR,WOODWIND_REPAIR,Madrid,AREA_BOUNDING_BOX,"Madrid, Comunidad de Madrid, España",5,2026-10-07T09:40:07.619Z
st_reparacion-instrumentos-de-viento:6,ChIJI6bXCfopQg0RpfaFveYz06Q,st_reparacion-instrumentos-de-viento.json,APIFY_GOOGLE_MAPS_SCRAPER,reparación instrumentos de viento,CRAFT_AND_REPAIR,WOODWIND_REPAIR,Madrid,AREA_BOUNDING_BOX,"Madrid, Comunidad de Madrid, España",6,2026-10-07T09:40:07.619Z
st_reparacion-instrumentos-de-viento:7,ChIJhyRyClIpQg0R1zaYX0KGnXM,st_reparacion-instrumentos-de-viento.json,APIFY_GOOGLE_MAPS_SCRAPER,reparación instrumentos de viento,CRAFT_AND_REPAIR,WOODWIND_REPAIR,Madrid,AREA_BOUNDING_BOX,"Madrid, Comunidad de Madrid, España",7,2026-10-07T09:40:07.619Z
st_reparacion-instrumentos-de-viento:8,ChIJuyKgK60nQg0R5Fio9Nu3uTU,st_reparacion-instrumentos-de-viento.json,APIFY_GOOGLE_MAPS_SCRAPER,reparación instrumentos de viento,CRAFT_AND_REPAIR,WOODWIND_REPAIR,Madrid,AREA_BOUNDING_BOX,"Madrid, Comunidad de Madrid, España",8,2026-10-07T09:40:07.619Z
st_reparacion-instrumentos-de-viento:9,ChIJa1FiH0YpQg0RIPH4NipCr9w,st_reparacion-instrumentos-de-viento.json,APIFY_GOOGLE_MAPS_SCRAPER,reparación instrumentos de viento,CRAFT_AND_REPAIR,WOODWIND_REPAIR,Madrid,AREA_BOUNDING_BOX,"Madrid, Comunidad de Madrid, España",9,2026-10-07T09:40:07.619Z
st_reparacion-instrumentos-de-viento:10,ChIJjTvATnQvQg0RNtfHg_KY70U,st_reparacion-instrumentos-de-viento.json,APIFY_GOOGLE_MAPS_SCRAPER,reparación instrumentos de viento,CRAFT_AND_REPAIR,WOODWIND_REPAIR,Madrid,AREA_BOUNDING_BOX,"Madrid, Comunidad de Madrid, España",10,2026-10-07T09:40:07.619Z
st_reparacion-instrumentos-de-viento:11,ChIJrRdqp0IoQg0Rux8dUVn0ll4,st_reparacion-instrumentos-de-viento.json,APIFY_GOOGLE_MAPS_SCRAPER,reparación instrumentos de viento,CRAFT_AND_REPAIR,WOODWIND_REPAIR,Madrid,AREA_BOUNDING_BOX,"Madrid, Comunidad de Madrid, España",11,2026-10-07T09:40:07.619Z
st_reparacion-instrumentos-de-viento:12,ChIJW6PPN3YnQg0RXNsySTaZtWo,st_reparacion-instrumentos-de-viento.json,APIFY_GOOGLE_MAPS_SCRAPER,reparación instrumentos de viento,CRAFT_AND_REPAIR,WOODWIND_REPAIR,Madrid,AREA_BOUNDING_BOX,"Madrid, Comunidad de Madrid, España",12,2026-10-07T09:40:07.619Z
st_reparacion-instrumentos-de-viento:13,ChIJe_tfWokoQg0RoK7NVTtYLxE,st_reparacion-instrumentos-de-viento.json,APIFY_GOOGLE_MAPS_SCRAPER,reparación instrumentos de viento,CRAFT_AND_REPAIR,WOODWIND_REPAIR,Madrid,AREA_BOUNDING_BOX,"Madrid, Comunidad de Madrid, España",13,2026-10-07T09:40:07.619Z
st_reparacion-instrumentos-de-viento:14,ChIJQzEsZL4nQg0RhCXl9SlUXE8,st_reparacion-instrumentos-de-viento.json,APIFY_GOOGLE_MAPS_SCRAPER,reparación instrumentos de viento,CRAFT_AND_REPAIR,WOODWIND_REPAIR,Madrid,AREA_BOUNDING_BOX,"Madrid, Comunidad de Madrid, España",14,2026-10-07T09:40:07.619Z
st_reparacion-instrumentos-de-viento:15,ChIJD_hJStwlQg0RkY8gmJU-YAU,st_reparacion-instrumentos-de-viento.json,APIFY_GOOGLE_MAPS_SCRAPER,reparación instrumentos de viento,CRAFT_AND_REPAIR,WOODWIND_REPAIR,Madrid,AREA_BOUNDING_BOX,"Madrid, Comunidad de Madrid, España",15,2026-10-07T09:40:07.619Z
st_reparacion-instrumentos-de-viento:16,ChIJt0z1DZcnQg0R9iyRuyCT-78,st_reparacion-instrumentos-de-viento.json,APIFY_GOOGLE_MAPS_SCRAPER,reparación instrumentos de viento,CRAFT_AND_REPAIR,WOODWIND_REPAIR,Madrid,AREA_BOUNDING_BOX,"Madrid, Comunidad de Madrid, España",16,2026-10-07T09:40:07.619Z
st_reparacion-instrumentos-de-viento:17,ChIJ9W-ZHGUnQg0RitN-pbnEpj8,st_reparacion-instrumentos-de-viento.json,APIFY_GOOGLE_MAPS_SCRAPER,reparación instrumentos de viento,CRAFT_AND_REPAIR,WOODWIND_REPAIR,Madrid,AREA_BOUNDING_BOX,"Madrid, Comunidad de Madrid, España",17,2026-10-07T09:40:07.619Z
st_reparacion-instrumentos-de-viento:18,ChIJtb5bWwAnQg0RThXSlXxd0BI,st_reparacion-instrumentos-de-viento.json,APIFY_GOOGLE_MAPS_SCRAPER,reparación instrumentos de viento,CRAFT_AND_REPAIR,WOODWIND_REPAIR,Madrid,AREA_BOUNDING_BOX,"Madrid, Comunidad de Madrid, España",18,2026-10-07T09:40:07.619Z
st_reparacion-instrumentos-de-viento:19,ChIJZ68v19MnQg0R26joW3nGVbk,st_reparacion-instrumentos-de-viento.json,APIFY_GOOGLE_MAPS_SCRAPER,reparación instrumentos de viento,CRAFT_AND_REPAIR,WOODWIND_REPAIR,Madrid,AREA_BOUNDING_BOX,"Madrid, Comunidad de Madrid, España",19,2026-10-07T09:40:07.619Z
st_reparacion-instrumentos-de-viento:20,ChIJVWD9KGIoQg0RY7zeyRUBzoQ,st_reparacion-instrumentos-de-viento.json,APIFY_GOOGLE_MAPS_SCRAPER,reparación instrumentos de viento,CRAFT_AND_REPAIR,WOODWIND_REPAIR,Madrid,AREA_BOUNDING_BOX,"Madrid, Comunidad de Madrid, España",20,2026-10-07T09:40:07.619Z
st_reparacion-instrumentos-de-viento:21,ChIJQ2VgEWWDQQ0RD-ZdMUNADdU,st_reparacion-instrumentos-de-viento.json,APIFY_GOOGLE_MAPS_SCRAPER,reparación instrumentos de viento,CRAFT_AND_REPAIR,WOODWIND_REPAIR,Madrid,AREA_BOUNDING_BOX,"Madrid, Comunidad de Madrid, España",21,2026-10-07T09:40:07.619Z
st_reparacion-instrumentos-de-viento:22,ChIJb4TaP3QmQg0R1VgI9KlBdSo,st_reparacion-instrumentos-de-viento.json,APIFY_GOOGLE_MAPS_SCRAPER,reparación instrumentos de viento,CRAFT_AND_REPAIR,WOODWIND_REPAIR,Madrid,AREA_BOUNDING_BOX,"Madrid, Comunidad de Madrid, España",22,2026-10-07T09:40:07.619Z
st_reparacion-instrumentos-de-viento:23,ChIJeXRdt3ooQg0R-21qVnzGTq8,st_reparacion-instrumentos-de-viento.json,APIFY_GOOGLE_MAPS_SCRAPER,reparación instrumentos de viento,CRAFT_AND_REPAIR,WOODWIND_REPAIR,Madrid,AREA_BOUNDING_BOX,"Madrid, Comunidad de Madrid, España",23,2026-10-07T09:40:07.619Z
st_reparacion-instrumentos-de-viento:24,ChIJVU08PqQnQg0RYgHa3TCAOaI,st_reparacion-instrumentos-de-viento.json,APIFY_GOOGLE_MAPS_SCRAPER,reparación instrumentos de viento,CRAFT_AND_REPAIR,WOODWIND_REPAIR,Madrid,AREA_BOUNDING_BOX,"Madrid, Comunidad de Madrid, España",24,2026-10-07T09:40:07.619Z
st_reparacion-instrumentos-de-viento:25,ChIJgW5mrikmQg0R4YxJhD9D15Y,st_reparacion-instrumentos-de-viento.json,APIFY_GOOGLE_MAPS_SCRAPER,reparación instrumentos de viento,CRAFT_AND_REPAIR,WOODWIND_REPAIR,Madrid,AREA_BOUNDING_BOX,"Madrid, Comunidad de Madrid, España",25,2026-10-07T09:40:07.619Z
st_reparacion-instrumentos-de-viento:26,ChIJiUYKG7UnQg0R507ey3OtEJM,st_reparacion-instrumentos-de-viento.json,APIFY_GOOGLE_MAPS_SCRAPER,reparación instrumentos de viento,CRAFT_AND_REPAIR,WOODWIND_REPAIR,Madrid,AREA_BOUNDING_BOX,"Madrid, Comunidad de Madrid, España",26,2026-10-07T09:40:07.619Z
st_reparacion-instrumentos-de-viento:27,ChIJ2cGf0sYgQg0RsU_oWo2bDZo,st_reparacion-instrumentos-de-viento.json,APIFY_GOOGLE_MAPS_SCRAPER,reparación instrumentos de viento,CRAFT_AND_REPAIR,WOODWIND_REPAIR,Madrid,AREA_BOUNDING_BOX,"Madrid, Comunidad de Madrid, España",27,2026-10-07T09:40:07.619Z
st_reparacion-instrumentos-de-viento:28,ChIJiefdynsoQg0RSIx9mnYXHUo,st_reparacion-instrumentos-de-viento.json,APIFY_GOOGLE_MAPS_SCRAPER,reparación instrumentos de viento,CRAFT_AND_REPAIR,WOODWIND_REPAIR,Madrid,AREA_BOUNDING_BOX,"Madrid, Comunidad de Madrid, España",28,2026-10-07T09:40:07.619Z
st_reparacion-instrumentos-de-viento:29,ChIJsz-QkygmQg0R8Krj7TRUgKo,st_reparacion-instrumentos-de-viento.json,APIFY_GOOGLE_MAPS_SCRAPER,reparación instrumentos de viento,CRAFT_AND_REPAIR,WOODWIND_REPAIR,Madrid,AREA_BOUNDING_BOX,"Madrid, Comunidad de Madrid, España",29,2026-10-07T09:40:07.619Z
st_reparacion-instrumentos-de-viento:30,ChIJqVVJKqYlQg0ROLhGb4R1opg,st_reparacion-instrumentos-de-viento.json,APIFY_GOOGLE_MAPS_SCRAPER,reparación instrumentos de viento,CRAFT_AND_REPAIR,WOODWIND_REPAIR,Madrid,AREA_BOUNDING_BOX,"Madrid, Comunidad de Madrid, España",30,2026-10-07T09:40:07.619Z
st_reparacion-instrumentos-de-viento:31,ChIJM5MyjZSJQQ0Rd257nmNFnBk,st_reparacion-instrumentos-de-viento.json,APIFY_GOOGLE_MAPS_SCRAPER,reparación instrumentos de viento,CRAFT_AND_REPAIR,WOODWIND_REPAIR,Madrid,AREA_BOUNDING_BOX,"Madrid, Comunidad de Madrid, España",31,2026-10-07T09:40:07.619Z
st_reparacion-instrumentos-de-viento:32,ChIJKRwWsvInQg0RFq3u0lyqy5o,st_reparacion-instrumentos-de-viento.json,APIFY_GOOGLE_MAPS_SCRAPER,reparación instrumentos de viento,CRAFT_AND_REPAIR,WOODWIND_REPAIR,Madrid,AREA_BOUNDING_BOX,"Madrid, Comunidad de Madrid, España",32,2026-10-07T09:40:07.619Z
st_reparacion-instrumentos-de-viento:33,ChIJ1zoDbKsjQg0Rb_633Nu3HYo,st_reparacion-instrumentos-de-viento.json,APIFY_GOOGLE_MAPS_SCRAPER,reparación instrumentos de viento,CRAFT_AND_REPAIR,WOODWIND_REPAIR,Madrid,AREA_BOUNDING_BOX,"Madrid, Comunidad de Madrid, España",33,2026-10-07T09:40:07.619Z
st_reparacion-instrumentos-de-viento:34,ChIJUwMT4iDVQw0R6SAv0HmSYqA,st_reparacion-instrumentos-de-viento.json,APIFY_GOOGLE_MAPS_SCRAPER,reparación instrumentos de viento,CRAFT_AND_REPAIR,WOODWIND_REPAIR,Madrid,AREA_BOUNDING_BOX,"Madrid, Comunidad de Madrid, España",34,2026-10-07T09:40:07.619Z
st_reparacion-instrumentos-de-viento:35,ChIJAVN8NhkmQg0R_S3q60XAaiw,st_reparacion-instrumentos-de-viento.json,APIFY_GOOGLE_MAPS_SCRAPER,reparación instrumentos de viento,CRAFT_AND_REPAIR,WOODWIND_REPAIR,Madrid,AREA_BOUNDING_BOX,"Madrid, Comunidad de Madrid, España",35,2026-10-07T09:40:07.619Z
st_reparacion-instrumentos-de-viento:36,ChIJDxNkA0SJQQ0RCh2nuc_bJkI,st_reparacion-instrumentos-de-viento.json,APIFY_GOOGLE_MAPS_SCRAPER,reparación instrumentos de viento,CRAFT_AND_REPAIR,WOODWIND_REPAIR,Madrid,AREA_BOUNDING_BOX,"Madrid, Comunidad de Madrid, España",36,2026-10-07T09:40:07.619Z
st_reparacion-instrumentos-de-viento:37,ChIJEwRf5AwwQg0RUwb4P6JKcMA,st_reparacion-instrumentos-de-viento.json,APIFY_GOOGLE_MAPS_SCRAPER,reparación instrumentos de viento,CRAFT_AND_REPAIR,WOODWIND_REPAIR,Madrid,AREA_BOUNDING_BOX,"Madrid, Comunidad de Madrid, España",37,2026-10-07T09:40:07.619Z
st_reparacion-instrumentos-de-viento:38,ChIJRcVl3tQmQg0RkMzclLHvD3c,st_reparacion-instrumentos-de-viento.json,APIFY_GOOGLE_MAPS_SCRAPER,reparación instrumentos de viento,CRAFT_AND_REPAIR,WOODWIND_REPAIR,Madrid,AREA_BOUNDING_BOX,"Madrid, Comunidad de Madrid, España",38,2026-10-07T09:40:07.619Z
st_reparacion-instrumentos-de-viento:39,ChIJCx1PohaPQQ0RIUWczmMdrGQ,st_reparacion-instrumentos-de-viento.json,APIFY_GOOGLE_MAPS_SCRAPER,reparación instrumentos de viento,CRAFT_AND_REPAIR,WOODWIND_REPAIR,Madrid,AREA_BOUNDING_BOX,"Madrid, Comunidad de Madrid, España",39,2026-10-07T09:40:07.619Z
st_reparacion-instrumentos-de-viento:40,ChIJT176EmAoQg0RUdv7Ki3PL_0,st_reparacion-instrumentos-de-viento.json,APIFY_GOOGLE_MAPS_SCRAPER,reparación instrumentos de viento,CRAFT_AND_REPAIR,WOODWIND_REPAIR,Madrid,AREA_BOUNDING_BOX,"Madrid, Comunidad de Madrid, España",40,2026-10-07T09:40:07.619Z
st_reparacion-instrumentos-de-viento:41,ChIJoT9fXnWPQQ0R0F7lkllKH3E,st_reparacion-instrumentos-de-viento.json,APIFY_GOOGLE_MAPS_SCRAPER,reparación instrumentos de viento,CRAFT_AND_REPAIR,WOODWIND_REPAIR,Madrid,AREA_BOUNDING_BOX,"Madrid, Comunidad de Madrid, España",41,2026-10-07T09:40:07.619Z
st_reparacion-instrumentos-de-viento:42,ChIJJypypQYpQg0RAPAy-VfpJEs,st_reparacion-instrumentos-de-viento.json,APIFY_GOOGLE_MAPS_SCRAPER,reparación instrumentos de viento,CRAFT_AND_REPAIR,WOODWIND_REPAIR,Madrid,AREA_BOUNDING_BOX,"Madrid, Comunidad de Madrid, España",42,2026-10-07T09:40:07.619Z
st_reparacion-instrumentos-de-viento:43,ChIJsXresAEpQg0RpvwYIu8xwUQ,st_reparacion-instrumentos-de-viento.json,APIFY_GOOGLE_MAPS_SCRAPER,reparación instrumentos de viento,CRAFT_AND_REPAIR,WOODWIND_REPAIR,Madrid,AREA_BOUNDING_BOX,"Madrid, Comunidad de Madrid, España",43,2026-10-07T09:40:07.619Z
st_reparacion-instrumentos-de-viento:44,ChIJnf50x30oQg0R8oegAykHJC0,st_reparacion-instrumentos-de-viento.json,APIFY_GOOGLE_MAPS_SCRAPER,reparación instrumentos de viento,CRAFT_AND_REPAIR,WOODWIND_REPAIR,Madrid,AREA_BOUNDING_BOX,"Madrid, Comunidad de Madrid, España",44,2026-10-07T09:40:07.619Z
st_restauracion-de-instrumentos-musicales:1,ChIJ49uKZ1MoQg0R-Otjgu7HHaE,st_restauracion-de-instrumentos-musicales.json,APIFY_GOOGLE_MAPS_SCRAPER,restauración de instrumentos musicales,CRAFT_AND_REPAIR,RESTORATION,Madrid,AREA_BOUNDING_BOX,"Madrid, Comunidad de Madrid, España",1,2026-10-07T09:40:25.332Z
st_restauracion-de-instrumentos-musicales:2,ChIJjTvATnQvQg0RNtfHg_KY70U,st_restauracion-de-instrumentos-musicales.json,APIFY_GOOGLE_MAPS_SCRAPER,restauración de instrumentos musicales,CRAFT_AND_REPAIR,RESTORATION,Madrid,AREA_BOUNDING_BOX,"Madrid, Comunidad de Madrid, España",2,2026-10-07T09:40:25.332Z
st_restauracion-de-instrumentos-musicales:3,ChIJhyRyClIpQg0R1zaYX0KGnXM,st_restauracion-de-instrumentos-musicales.json,APIFY_GOOGLE_MAPS_SCRAPER,restauración de instrumentos musicales,CRAFT_AND_REPAIR,RESTORATION,Madrid,AREA_BOUNDING_BOX,"Madrid, Comunidad de Madrid, España",3,2026-10-07T09:40:25.332Z
st_restauracion-de-instrumentos-musicales:4,ChIJa1FiH0YpQg0RIPH4NipCr9w,st_restauracion-de-instrumentos-musicales.json,APIFY_GOOGLE_MAPS_SCRAPER,restauración de instrumentos musicales,CRAFT_AND_REPAIR,RESTORATION,Madrid,AREA_BOUNDING_BOX,"Madrid, Comunidad de Madrid, España",4,2026-10-07T09:40:25.332Z
st_restauracion-de-instrumentos-musicales:5,ChIJtTeLSEYpQg0RkxeTFTqORyw,st_restauracion-de-instrumentos-musicales.json,APIFY_GOOGLE_MAPS_SCRAPER,restauración de instrumentos musicales,CRAFT_AND_REPAIR,RESTORATION,Madrid,AREA_BOUNDING_BOX,"Madrid, Comunidad de Madrid, España",5,2026-10-07T09:40:25.332Z
st_restauracion-de-instrumentos-musicales:6,ChIJmYCsDXkoQg0Rp7dsXIVNbXA,st_restauracion-de-instrumentos-musicales.json,APIFY_GOOGLE_MAPS_SCRAPER,restauración de instrumentos musicales,CRAFT_AND_REPAIR,RESTORATION,Madrid,AREA_BOUNDING_BOX,"Madrid, Comunidad de Madrid, España",6,2026-10-07T09:40:25.332Z
st_restauracion-de-instrumentos-musicales:7,ChIJW6PPN3YnQg0RXNsySTaZtWo,st_restauracion-de-instrumentos-musicales.json,APIFY_GOOGLE_MAPS_SCRAPER,restauración de instrumentos musicales,CRAFT_AND_REPAIR,RESTORATION,Madrid,AREA_BOUNDING_BOX,"Madrid, Comunidad de Madrid, España",7,2026-10-07T09:40:25.333Z
st_restauracion-de-instrumentos-musicales:8,ChIJI1Y7RIcoQg0ReLrv8ZinXlI,st_restauracion-de-instrumentos-musicales.json,APIFY_GOOGLE_MAPS_SCRAPER,restauración de instrumentos musicales,CRAFT_AND_REPAIR,RESTORATION,Madrid,AREA_BOUNDING_BOX,"Madrid, Comunidad de Madrid, España",8,2026-10-07T09:40:25.333Z
st_restauracion-de-instrumentos-musicales:9,ChIJt0z1DZcnQg0R9iyRuyCT-78,st_restauracion-de-instrumentos-musicales.json,APIFY_GOOGLE_MAPS_SCRAPER,restauración de instrumentos musicales,CRAFT_AND_REPAIR,RESTORATION,Madrid,AREA_BOUNDING_BOX,"Madrid, Comunidad de Madrid, España",9,2026-10-07T09:40:25.333Z
st_restauracion-de-instrumentos-musicales:10,ChIJrRdqp0IoQg0Rux8dUVn0ll4,st_restauracion-de-instrumentos-musicales.json,APIFY_GOOGLE_MAPS_SCRAPER,restauración de instrumentos musicales,CRAFT_AND_REPAIR,RESTORATION,Madrid,AREA_BOUNDING_BOX,"Madrid, Comunidad de Madrid, España",10,2026-10-07T09:40:25.333Z
st_restauracion-de-instrumentos-musicales:11,ChIJD_hJStwlQg0RkY8gmJU-YAU,st_restauracion-de-instrumentos-musicales.json,APIFY_GOOGLE_MAPS_SCRAPER,restauración de instrumentos musicales,CRAFT_AND_REPAIR,RESTORATION,Madrid,AREA_BOUNDING_BOX,"Madrid, Comunidad de Madrid, España",11,2026-10-07T09:40:25.333Z
st_restauracion-de-instrumentos-musicales:12,ChIJJWnufpYpQg0RBGCEMO6scmU,st_restauracion-de-instrumentos-musicales.json,APIFY_GOOGLE_MAPS_SCRAPER,restauración de instrumentos musicales,CRAFT_AND_REPAIR,RESTORATION,Madrid,AREA_BOUNDING_BOX,"Madrid, Comunidad de Madrid, España",12,2026-10-07T09:40:25.333Z
st_restauracion-de-instrumentos-musicales:13,ChIJQzEsZL4nQg0RhCXl9SlUXE8,st_restauracion-de-instrumentos-musicales.json,APIFY_GOOGLE_MAPS_SCRAPER,restauración de instrumentos musicales,CRAFT_AND_REPAIR,RESTORATION,Madrid,AREA_BOUNDING_BOX,"Madrid, Comunidad de Madrid, España",13,2026-10-07T09:40:25.333Z
st_restauracion-de-instrumentos-musicales:14,ChIJtb5bWwAnQg0RThXSlXxd0BI,st_restauracion-de-instrumentos-musicales.json,APIFY_GOOGLE_MAPS_SCRAPER,restauración de instrumentos musicales,CRAFT_AND_REPAIR,RESTORATION,Madrid,AREA_BOUNDING_BOX,"Madrid, Comunidad de Madrid, España",14,2026-10-07T09:40:25.333Z
st_restauracion-de-instrumentos-musicales:15,ChIJiUYKG7UnQg0R507ey3OtEJM,st_restauracion-de-instrumentos-musicales.json,APIFY_GOOGLE_MAPS_SCRAPER,restauración de instrumentos musicales,CRAFT_AND_REPAIR,RESTORATION,Madrid,AREA_BOUNDING_BOX,"Madrid, Comunidad de Madrid, España",15,2026-10-07T09:40:25.333Z
st_restauracion-de-instrumentos-musicales:16,ChIJb4TaP3QmQg0R1VgI9KlBdSo,st_restauracion-de-instrumentos-musicales.json,APIFY_GOOGLE_MAPS_SCRAPER,restauración de instrumentos musicales,CRAFT_AND_REPAIR,RESTORATION,Madrid,AREA_BOUNDING_BOX,"Madrid, Comunidad de Madrid, España",16,2026-10-07T09:40:25.333Z
st_restauracion-de-instrumentos-musicales:17,ChIJuyKgK60nQg0R5Fio9Nu3uTU,st_restauracion-de-instrumentos-musicales.json,APIFY_GOOGLE_MAPS_SCRAPER,restauración de instrumentos musicales,CRAFT_AND_REPAIR,RESTORATION,Madrid,AREA_BOUNDING_BOX,"Madrid, Comunidad de Madrid, España",17,2026-10-07T09:40:25.333Z
st_restauracion-de-instrumentos-musicales:18,ChIJZ68v19MnQg0R26joW3nGVbk,st_restauracion-de-instrumentos-musicales.json,APIFY_GOOGLE_MAPS_SCRAPER,restauración de instrumentos musicales,CRAFT_AND_REPAIR,RESTORATION,Madrid,AREA_BOUNDING_BOX,"Madrid, Comunidad de Madrid, España",18,2026-10-07T09:40:25.333Z
st_restauracion-de-instrumentos-musicales:19,ChIJryI33iomQg0RM0nKGAux_BI,st_restauracion-de-instrumentos-musicales.json,APIFY_GOOGLE_MAPS_SCRAPER,restauración de instrumentos musicales,CRAFT_AND_REPAIR,RESTORATION,Madrid,AREA_BOUNDING_BOX,"Madrid, Comunidad de Madrid, España",19,2026-10-07T09:40:25.333Z
st_restauracion-de-instrumentos-musicales:20,ChIJeXRdt3ooQg0R-21qVnzGTq8,st_restauracion-de-instrumentos-musicales.json,APIFY_GOOGLE_MAPS_SCRAPER,restauración de instrumentos musicales,CRAFT_AND_REPAIR,RESTORATION,Madrid,AREA_BOUNDING_BOX,"Madrid, Comunidad de Madrid, España",20,2026-10-07T09:40:25.333Z
st_restauracion-de-instrumentos-musicales:21,ChIJ9W-ZHGUnQg0RitN-pbnEpj8,st_restauracion-de-instrumentos-musicales.json,APIFY_GOOGLE_MAPS_SCRAPER,restauración de instrumentos musicales,CRAFT_AND_REPAIR,RESTORATION,Madrid,AREA_BOUNDING_BOX,"Madrid, Comunidad de Madrid, España",21,2026-10-07T09:40:25.333Z
st_restauracion-de-instrumentos-musicales:22,ChIJJ3DMksIoQg0RySagcqnFhI0,st_restauracion-de-instrumentos-musicales.json,APIFY_GOOGLE_MAPS_SCRAPER,restauración de instrumentos musicales,CRAFT_AND_REPAIR,RESTORATION,Madrid,AREA_BOUNDING_BOX,"Madrid, Comunidad de Madrid, España",22,2026-10-07T09:40:25.333Z
st_restauracion-de-instrumentos-musicales:23,ChIJM5MyjZSJQQ0Rd257nmNFnBk,st_restauracion-de-instrumentos-musicales.json,APIFY_GOOGLE_MAPS_SCRAPER,restauración de instrumentos musicales,CRAFT_AND_REPAIR,RESTORATION,Madrid,AREA_BOUNDING_BOX,"Madrid, Comunidad de Madrid, España",23,2026-10-07T09:40:25.333Z
st_restauracion-de-instrumentos-musicales:24,ChIJVU08PqQnQg0RYgHa3TCAOaI,st_restauracion-de-instrumentos-musicales.json,APIFY_GOOGLE_MAPS_SCRAPER,restauración de instrumentos musicales,CRAFT_AND_REPAIR,RESTORATION,Madrid,AREA_BOUNDING_BOX,"Madrid, Comunidad de Madrid, España",24,2026-10-07T09:40:25.333Z
st_restauracion-de-instrumentos-musicales:25,ChIJKRwWsvInQg0RFq3u0lyqy5o,st_restauracion-de-instrumentos-musicales.json,APIFY_GOOGLE_MAPS_SCRAPER,restauración de instrumentos musicales,CRAFT_AND_REPAIR,RESTORATION,Madrid,AREA_BOUNDING_BOX,"Madrid, Comunidad de Madrid, España",25,2026-10-07T09:40:25.333Z
st_restauracion-de-instrumentos-musicales:26,ChIJV2Yt2y0nQg0RQImVyezWiZs,st_restauracion-de-instrumentos-musicales.json,APIFY_GOOGLE_MAPS_SCRAPER,restauración de instrumentos musicales,CRAFT_AND_REPAIR,RESTORATION,Madrid,AREA_BOUNDING_BOX,"Madrid, Comunidad de Madrid, España",26,2026-10-07T09:40:25.333Z
st_restauracion-de-instrumentos-musicales:27,ChIJWRfxl48oQg0RCmEER8_X0Y4,st_restauracion-de-instrumentos-musicales.json,APIFY_GOOGLE_MAPS_SCRAPER,restauración de instrumentos musicales,CRAFT_AND_REPAIR,RESTORATION,Madrid,AREA_BOUNDING_BOX,"Madrid, Comunidad de Madrid, España",27,2026-10-07T09:40:25.333Z
st_restauracion-de-instrumentos-musicales:28,ChIJqVVJKqYlQg0ROLhGb4R1opg,st_restauracion-de-instrumentos-musicales.json,APIFY_GOOGLE_MAPS_SCRAPER,restauración de instrumentos musicales,CRAFT_AND_REPAIR,RESTORATION,Madrid,AREA_BOUNDING_BOX,"Madrid, Comunidad de Madrid, España",28,2026-10-07T09:40:25.333Z
st_restauracion-de-instrumentos-musicales:29,ChIJQ2VgEWWDQQ0RD-ZdMUNADdU,st_restauracion-de-instrumentos-musicales.json,APIFY_GOOGLE_MAPS_SCRAPER,restauración de instrumentos musicales,CRAFT_AND_REPAIR,RESTORATION,Madrid,AREA_BOUNDING_BOX,"Madrid, Comunidad de Madrid, España",29,2026-10-07T09:40:25.333Z
st_restauracion-de-instrumentos-musicales:30,ChIJ5-m-e3koQg0RisVyNk-i9Go,st_restauracion-de-instrumentos-musicales.json,APIFY_GOOGLE_MAPS_SCRAPER,restauración de instrumentos musicales,CRAFT_AND_REPAIR,RESTORATION,Madrid,AREA_BOUNDING_BOX,"Madrid, Comunidad de Madrid, España",30,2026-10-07T09:40:25.333Z
st_restauracion-de-instrumentos-musicales:31,ChIJIbvbny4pQg0RWdm2f60CGKU,st_restauracion-de-instrumentos-musicales.json,APIFY_GOOGLE_MAPS_SCRAPER,restauración de instrumentos musicales,CRAFT_AND_REPAIR,RESTORATION,Madrid,AREA_BOUNDING_BOX,"Madrid, Comunidad de Madrid, España",31,2026-10-07T09:40:25.333Z
st_restauracion-de-instrumentos-musicales:32,ChIJRcVl3tQmQg0RkMzclLHvD3c,st_restauracion-de-instrumentos-musicales.json,APIFY_GOOGLE_MAPS_SCRAPER,restauración de instrumentos musicales,CRAFT_AND_REPAIR,RESTORATION,Madrid,AREA_BOUNDING_BOX,"Madrid, Comunidad de Madrid, España",32,2026-10-07T09:40:25.333Z
st_restauracion-de-instrumentos-musicales:33,ChIJAVqGBSomQg0Rm5tO9xzZ1Gc,st_restauracion-de-instrumentos-musicales.json,APIFY_GOOGLE_MAPS_SCRAPER,restauración de instrumentos musicales,CRAFT_AND_REPAIR,RESTORATION,Madrid,AREA_BOUNDING_BOX,"Madrid, Comunidad de Madrid, España",33,2026-10-07T09:40:25.333Z
st_restauracion-de-instrumentos-musicales:34,ChIJEwRf5AwwQg0RUwb4P6JKcMA,st_restauracion-de-instrumentos-musicales.json,APIFY_GOOGLE_MAPS_SCRAPER,restauración de instrumentos musicales,CRAFT_AND_REPAIR,RESTORATION,Madrid,AREA_BOUNDING_BOX,"Madrid, Comunidad de Madrid, España",34,2026-10-07T09:40:25.333Z
st_restauracion-de-instrumentos-musicales:35,ChIJQd1tWAT1QQ0RBxiM9BQrFGg,st_restauracion-de-instrumentos-musicales.json,APIFY_GOOGLE_MAPS_SCRAPER,restauración de instrumentos musicales,CRAFT_AND_REPAIR,RESTORATION,Madrid,AREA_BOUNDING_BOX,"Madrid, Comunidad de Madrid, España",35,2026-10-07T09:40:25.333Z
st_restauracion-de-instrumentos-musicales:36,ChIJkT7CHMkoQg0RH33BpGNJy1g,st_restauracion-de-instrumentos-musicales.json,APIFY_GOOGLE_MAPS_SCRAPER,restauración de instrumentos musicales,CRAFT_AND_REPAIR,RESTORATION,Madrid,AREA_BOUNDING_BOX,"Madrid, Comunidad de Madrid, España",36,2026-10-07T09:40:25.333Z
st_restauracion-de-instrumentos-musicales:37,ChIJhYmj0X8oQg0R2SGuogcSBEY,st_restauracion-de-instrumentos-musicales.json,APIFY_GOOGLE_MAPS_SCRAPER,restauración de instrumentos musicales,CRAFT_AND_REPAIR,RESTORATION,Madrid,AREA_BOUNDING_BOX,"Madrid, Comunidad de Madrid, España",37,2026-10-07T09:40:25.333Z
st_restauracion-de-instrumentos-musicales:38,ChIJj0-f3K38cQ0RIDyailccG-Y,st_restauracion-de-instrumentos-musicales.json,APIFY_GOOGLE_MAPS_SCRAPER,restauración de instrumentos musicales,CRAFT_AND_REPAIR,RESTORATION,Madrid,AREA_BOUNDING_BOX,"Madrid, Comunidad de Madrid, España",38,2026-10-07T09:40:25.333Z
st_restauracion-de-instrumentos-musicales:39,ChIJvXZ-q087Qg0RDSrEnzAPPdM,st_restauracion-de-instrumentos-musicales.json,APIFY_GOOGLE_MAPS_SCRAPER,restauración de instrumentos musicales,CRAFT_AND_REPAIR,RESTORATION,Madrid,AREA_BOUNDING_BOX,"Madrid, Comunidad de Madrid, España",39,2026-10-07T09:40:25.333Z
st_restauracion-de-instrumentos-musicales:40,ChIJ-f9vyBstQg0RbjBzaX9PQv8,st_restauracion-de-instrumentos-musicales.json,APIFY_GOOGLE_MAPS_SCRAPER,restauración de instrumentos musicales,CRAFT_AND_REPAIR,RESTORATION,Madrid,AREA_BOUNDING_BOX,"Madrid, Comunidad de Madrid, España",40,2026-10-07T09:40:25.333Z
st_restauracion-de-instrumentos-musicales:41,ChIJkXyw2COOQQ0RSmmaz8C14f0,st_restauracion-de-instrumentos-musicales.json,APIFY_GOOGLE_MAPS_SCRAPER,restauración de instrumentos musicales,CRAFT_AND_REPAIR,RESTORATION,Madrid,AREA_BOUNDING_BOX,"Madrid, Comunidad de Madrid, España",41,2026-10-07T09:40:25.333Z
st_restauracion-de-instrumentos-musicales:42,ChIJo7CriqQoQg0RSwFctVDViIY,st_restauracion-de-instrumentos-musicales.json,APIFY_GOOGLE_MAPS_SCRAPER,restauración de instrumentos musicales,CRAFT_AND_REPAIR,RESTORATION,Madrid,AREA_BOUNDING_BOX,"Madrid, Comunidad de Madrid, España",42,2026-10-07T09:40:25.333Z
st_restauracion-de-instrumentos-musicales:43,ChIJz9x-BHsoQg0R_q4TjmXphpU,st_restauracion-de-instrumentos-musicales.json,APIFY_GOOGLE_MAPS_SCRAPER,restauración de instrumentos musicales,CRAFT_AND_REPAIR,RESTORATION,Madrid,AREA_BOUNDING_BOX,"Madrid, Comunidad de Madrid, España",43,2026-10-07T09:40:25.333Z
st_restauracion-de-instrumentos-musicales:44,ChIJpVGLLXknQg0Rd8lASqqdF4o,st_restauracion-de-instrumentos-musicales.json,APIFY_GOOGLE_MAPS_SCRAPER,restauración de instrumentos musicales,CRAFT_AND_REPAIR,RESTORATION,Madrid,AREA_BOUNDING_BOX,"Madrid, Comunidad de Madrid, España",44,2026-10-07T09:40:25.333Z
st_restauracion-de-instrumentos-musicales:45,ChIJLcz9ocMoQg0RC3ldRYQ9AyU,st_restauracion-de-instrumentos-musicales.json,APIFY_GOOGLE_MAPS_SCRAPER,restauración de instrumentos musicales,CRAFT_AND_REPAIR,RESTORATION,Madrid,AREA_BOUNDING_BOX,"Madrid, Comunidad de Madrid, España",45,2026-10-07T09:40:25.333Z
st_restauracion-de-instrumentos-musicales:46,ChIJ6XVN65ogQg0RM81ZfeSCk2o,st_restauracion-de-instrumentos-musicales.json,APIFY_GOOGLE_MAPS_SCRAPER,restauración de instrumentos musicales,CRAFT_AND_REPAIR,RESTORATION,Madrid,AREA_BOUNDING_BOX,"Madrid, Comunidad de Madrid, España",46,2026-10-07T09:40:25.333Z
st_restauracion-de-instrumentos-musicales:47,ChIJJypypQYpQg0RAPAy-VfpJEs,st_restauracion-de-instrumentos-musicales.json,APIFY_GOOGLE_MAPS_SCRAPER,restauración de instrumentos musicales,CRAFT_AND_REPAIR,RESTORATION,Madrid,AREA_BOUNDING_BOX,"Madrid, Comunidad de Madrid, España",47,2026-10-07T09:40:25.333Z
st_sala-de-conciertos:1,ChIJ_2TSWlspQg0RX07pxk2QW_w,st_sala-de-conciertos.json,APIFY_GOOGLE_MAPS_SCRAPER,sala de conciertos,CULTURAL_INFRASTRUCTURE,CONCERT_HALL,Madrid,AREA_BOUNDING_BOX,"Madrid, Comunidad de Madrid, España",1,2026-10-07T09:40:50.937Z
st_sala-de-conciertos:2,ChIJo3VKaXUoQg0RsXJcR1wG6AE,st_sala-de-conciertos.json,APIFY_GOOGLE_MAPS_SCRAPER,sala de conciertos,CULTURAL_INFRASTRUCTURE,CONCERT_HALL,Madrid,AREA_BOUNDING_BOX,"Madrid, Comunidad de Madrid, España",2,2026-10-07T09:40:50.937Z
st_sala-de-conciertos:3,ChIJk28zPZspQg0RsLPRWgrLaHE,st_sala-de-conciertos.json,APIFY_GOOGLE_MAPS_SCRAPER,sala de conciertos,CULTURAL_INFRASTRUCTURE,CONCERT_HALL,Madrid,AREA_BOUNDING_BOX,"Madrid, Comunidad de Madrid, España",3,2026-10-07T09:40:50.937Z
st_sala-de-conciertos:4,ChIJ9dcDmAIpQg0RxtTaNF6NVgA,st_sala-de-conciertos.json,APIFY_GOOGLE_MAPS_SCRAPER,sala de conciertos,CULTURAL_INFRASTRUCTURE,CONCERT_HALL,Madrid,AREA_BOUNDING_BOX,"Madrid, Comunidad de Madrid, España",4,2026-10-07T09:40:50.937Z
st_sala-de-conciertos:5,ChIJIbFaj1soQg0R5SzkEW6BrH0,st_sala-de-conciertos.json,APIFY_GOOGLE_MAPS_SCRAPER,sala de conciertos,CULTURAL_INFRASTRUCTURE,CONCERT_HALL,Madrid,AREA_BOUNDING_BOX,"Madrid, Comunidad de Madrid, España",5,2026-10-07T09:40:50.937Z
st_sala-de-conciertos:6,ChIJg9trDnkpQg0R4REtF7GRsoQ,st_sala-de-conciertos.json,APIFY_GOOGLE_MAPS_SCRAPER,sala de conciertos,CULTURAL_INFRASTRUCTURE,CONCERT_HALL,Madrid,AREA_BOUNDING_BOX,"Madrid, Comunidad de Madrid, España",6,2026-10-07T09:40:50.937Z
st_sala-de-conciertos:7,ChIJA3qFIXgpQg0R6rSrriLxsdo,st_sala-de-conciertos.json,APIFY_GOOGLE_MAPS_SCRAPER,sala de conciertos,CULTURAL_INFRASTRUCTURE,CONCERT_HALL,Madrid,AREA_BOUNDING_BOX,"Madrid, Comunidad de Madrid, España",7,2026-10-07T09:40:50.937Z
st_sala-de-conciertos:8,ChIJz1k79GMoQg0RoiwM82BdZbU,st_sala-de-conciertos.json,APIFY_GOOGLE_MAPS_SCRAPER,sala de conciertos,CULTURAL_INFRASTRUCTURE,CONCERT_HALL,Madrid,AREA_BOUNDING_BOX,"Madrid, Comunidad de Madrid, España",8,2026-10-07T09:40:50.939Z
st_sala-de-conciertos:9,ChIJaTCAfHwnQg0RAyjRK5PLZU0,st_sala-de-conciertos.json,APIFY_GOOGLE_MAPS_SCRAPER,sala de conciertos,CULTURAL_INFRASTRUCTURE,CONCERT_HALL,Madrid,AREA_BOUNDING_BOX,"Madrid, Comunidad de Madrid, España",9,2026-10-07T09:40:50.939Z
st_sala-de-conciertos:10,ChIJIT3qXgApQg0ROEem5J5SuAQ,st_sala-de-conciertos.json,APIFY_GOOGLE_MAPS_SCRAPER,sala de conciertos,CULTURAL_INFRASTRUCTURE,CONCERT_HALL,Madrid,AREA_BOUNDING_BOX,"Madrid, Comunidad de Madrid, España",10,2026-10-07T09:40:50.939Z
st_sala-de-conciertos:11,ChIJK9Ew6GcpQg0RzQoCRqYxc3Y,st_sala-de-conciertos.json,APIFY_GOOGLE_MAPS_SCRAPER,sala de conciertos,CULTURAL_INFRASTRUCTURE,CONCERT_HALL,Madrid,AREA_BOUNDING_BOX,"Madrid, Comunidad de Madrid, España",11,2026-10-07T09:40:50.939Z
st_sala-de-conciertos:12,ChIJM7oDDnwpQg0RhzNWdCe48Cg,st_sala-de-conciertos.json,APIFY_GOOGLE_MAPS_SCRAPER,sala de conciertos,CULTURAL_INFRASTRUCTURE,CONCERT_HALL,Madrid,AREA_BOUNDING_BOX,"Madrid, Comunidad de Madrid, España",12,2026-10-07T09:40:50.939Z
st_sala-de-conciertos:13,ChIJLcz9ocMoQg0RC3ldRYQ9AyU,st_sala-de-conciertos.json,APIFY_GOOGLE_MAPS_SCRAPER,sala de conciertos,CULTURAL_INFRASTRUCTURE,CONCERT_HALL,Madrid,AREA_BOUNDING_BOX,"Madrid, Comunidad de Madrid, España",13,2026-10-07T09:40:50.939Z
st_sala-de-conciertos:14,ChIJ7QaeoUUlQg0R-1nhBGRpzyM,st_sala-de-conciertos.json,APIFY_GOOGLE_MAPS_SCRAPER,sala de conciertos,CULTURAL_INFRASTRUCTURE,CONCERT_HALL,Madrid,AREA_BOUNDING_BOX,"Madrid, Comunidad de Madrid, España",14,2026-10-07T09:40:50.939Z
st_sala-de-conciertos:15,ChIJfSyReGkpQg0RMgvuXkNVP08,st_sala-de-conciertos.json,APIFY_GOOGLE_MAPS_SCRAPER,sala de conciertos,CULTURAL_INFRASTRUCTURE,CONCERT_HALL,Madrid,AREA_BOUNDING_BOX,"Madrid, Comunidad de Madrid, España",15,2026-10-07T09:40:50.939Z
st_sala-de-conciertos:16,ChIJ8RYzeIwoQg0RXzcYXQjegjo,st_sala-de-conciertos.json,APIFY_GOOGLE_MAPS_SCRAPER,sala de conciertos,CULTURAL_INFRASTRUCTURE,CONCERT_HALL,Madrid,AREA_BOUNDING_BOX,"Madrid, Comunidad de Madrid, España",16,2026-10-07T09:40:50.939Z
st_sala-de-conciertos:17,ChIJq7GD-HwoQg0RTIwEaYIbzCY,st_sala-de-conciertos.json,APIFY_GOOGLE_MAPS_SCRAPER,sala de conciertos,CULTURAL_INFRASTRUCTURE,CONCERT_HALL,Madrid,AREA_BOUNDING_BOX,"Madrid, Comunidad de Madrid, España",17,2026-10-07T09:40:50.939Z
st_sala-de-conciertos:18,ChIJNSOliXwpQg0RsCok1rZBtvs,st_sala-de-conciertos.json,APIFY_GOOGLE_MAPS_SCRAPER,sala de conciertos,CULTURAL_INFRASTRUCTURE,CONCERT_HALL,Madrid,AREA_BOUNDING_BOX,"Madrid, Comunidad de Madrid, España",18,2026-10-07T09:40:50.939Z
st_sala-de-conciertos:19,ChIJt8d3-oooQg0RQ6s40-wvRY8,st_sala-de-conciertos.json,APIFY_GOOGLE_MAPS_SCRAPER,sala de conciertos,CULTURAL_INFRASTRUCTURE,CONCERT_HALL,Madrid,AREA_BOUNDING_BOX,"Madrid, Comunidad de Madrid, España",19,2026-10-07T09:40:50.939Z
st_sala-de-conciertos:20,ChIJB4ykFIkoQg0RjDw0on6Y6yQ,st_sala-de-conciertos.json,APIFY_GOOGLE_MAPS_SCRAPER,sala de conciertos,CULTURAL_INFRASTRUCTURE,CONCERT_HALL,Madrid,AREA_BOUNDING_BOX,"Madrid, Comunidad de Madrid, España",20,2026-10-07T09:40:50.939Z
st_sala-de-conciertos:21,ChIJyZd64ncoQg0RBmM5a2Upklo,st_sala-de-conciertos.json,APIFY_GOOGLE_MAPS_SCRAPER,sala de conciertos,CULTURAL_INFRASTRUCTURE,CONCERT_HALL,Madrid,AREA_BOUNDING_BOX,"Madrid, Comunidad de Madrid, España",21,2026-10-07T09:40:50.939Z
st_sala-de-conciertos:22,ChIJdz3TYSaIQQ0Rg08oOsBB-5o,st_sala-de-conciertos.json,APIFY_GOOGLE_MAPS_SCRAPER,sala de conciertos,CULTURAL_INFRASTRUCTURE,CONCERT_HALL,Madrid,AREA_BOUNDING_BOX,"Madrid, Comunidad de Madrid, España",22,2026-10-07T09:40:50.939Z
st_sala-de-conciertos:23,ChIJPUNhogIpQg0RmvM3iBbvP1c,st_sala-de-conciertos.json,APIFY_GOOGLE_MAPS_SCRAPER,sala de conciertos,CULTURAL_INFRASTRUCTURE,CONCERT_HALL,Madrid,AREA_BOUNDING_BOX,"Madrid, Comunidad de Madrid, España",23,2026-10-07T09:40:50.939Z
st_sala-de-conciertos:24,ChIJE87ggRAlQg0R-EwRtutmjpc,st_sala-de-conciertos.json,APIFY_GOOGLE_MAPS_SCRAPER,sala de conciertos,CULTURAL_INFRASTRUCTURE,CONCERT_HALL,Madrid,AREA_BOUNDING_BOX,"Madrid, Comunidad de Madrid, España",24,2026-10-07T09:40:50.939Z
st_sala-de-conciertos:25,ChIJ4beITO0nQg0RqjnOaId-2jU,st_sala-de-conciertos.json,APIFY_GOOGLE_MAPS_SCRAPER,sala de conciertos,CULTURAL_INFRASTRUCTURE,CONCERT_HALL,Madrid,AREA_BOUNDING_BOX,"Madrid, Comunidad de Madrid, España",25,2026-10-07T09:40:50.939Z
st_sala-de-conciertos:26,ChIJ1f83DgAtQg0REOZ_AH18n88,st_sala-de-conciertos.json,APIFY_GOOGLE_MAPS_SCRAPER,sala de conciertos,CULTURAL_INFRASTRUCTURE,CONCERT_HALL,Madrid,AREA_BOUNDING_BOX,"Madrid, Comunidad de Madrid, España",26,2026-10-07T09:40:50.939Z
st_sala-de-conciertos:27,ChIJrbWA-WQoQg0R2qgQ-us092U,st_sala-de-conciertos.json,APIFY_GOOGLE_MAPS_SCRAPER,sala de conciertos,CULTURAL_INFRASTRUCTURE,CONCERT_HALL,Madrid,AREA_BOUNDING_BOX,"Madrid, Comunidad de Madrid, España",27,2026-10-07T09:40:50.939Z
st_sala-de-conciertos:28,ChIJFwTeOIcoQg0RS-hPVCsHrhM,st_sala-de-conciertos.json,APIFY_GOOGLE_MAPS_SCRAPER,sala de conciertos,CULTURAL_INFRASTRUCTURE,CONCERT_HALL,Madrid,AREA_BOUNDING_BOX,"Madrid, Comunidad de Madrid, España",28,2026-10-07T09:40:50.939Z
st_sala-de-conciertos:29,ChIJexHId9YnQg0Rhp3uwrgWgZQ,st_sala-de-conciertos.json,APIFY_GOOGLE_MAPS_SCRAPER,sala de conciertos,CULTURAL_INFRASTRUCTURE,CONCERT_HALL,Madrid,AREA_BOUNDING_BOX,"Madrid, Comunidad de Madrid, España",29,2026-10-07T09:40:50.939Z
st_sala-de-conciertos:30,ChIJIwCTH34oQg0RIMVoUvO2tdw,st_sala-de-conciertos.json,APIFY_GOOGLE_MAPS_SCRAPER,sala de conciertos,CULTURAL_INFRASTRUCTURE,CONCERT_HALL,Madrid,AREA_BOUNDING_BOX,"Madrid, Comunidad de Madrid, España",30,2026-10-07T09:40:50.939Z
st_sala-de-conciertos:31,ChIJYyxCnigmQg0Rr4Fy2Wjj2jw,st_sala-de-conciertos.json,APIFY_GOOGLE_MAPS_SCRAPER,sala de conciertos,CULTURAL_INFRASTRUCTURE,CONCERT_HALL,Madrid,AREA_BOUNDING_BOX,"Madrid, Comunidad de Madrid, España",31,2026-10-07T09:40:50.939Z
st_sala-de-conciertos:32,ChIJ-WHtEywmQg0R7ofxWRValeU,st_sala-de-conciertos.json,APIFY_GOOGLE_MAPS_SCRAPER,sala de conciertos,CULTURAL_INFRASTRUCTURE,CONCERT_HALL,Madrid,AREA_BOUNDING_BOX,"Madrid, Comunidad de Madrid, España",32,2026-10-07T09:40:50.939Z
st_sala-de-conciertos:33,ChIJK4-pXh8pQg0R5IgFTJnTc3M,st_sala-de-conciertos.json,APIFY_GOOGLE_MAPS_SCRAPER,sala de conciertos,CULTURAL_INFRASTRUCTURE,CONCERT_HALL,Madrid,AREA_BOUNDING_BOX,"Madrid, Comunidad de Madrid, España",33,2026-10-07T09:40:50.939Z
st_sala-de-conciertos:34,ChIJh8kHY4soQg0RYKSCg2ZzC5A,st_sala-de-conciertos.json,APIFY_GOOGLE_MAPS_SCRAPER,sala de conciertos,CULTURAL_INFRASTRUCTURE,CONCERT_HALL,Madrid,AREA_BOUNDING_BOX,"Madrid, Comunidad de Madrid, España",34,2026-10-07T09:40:50.939Z
st_sala-de-conciertos:35,ChIJ526wRN0pQg0RwmWQ2cr4t6Y,st_sala-de-conciertos.json,APIFY_GOOGLE_MAPS_SCRAPER,sala de conciertos,CULTURAL_INFRASTRUCTURE,CONCERT_HALL,Madrid,AREA_BOUNDING_BOX,"Madrid, Comunidad de Madrid, España",35,2026-10-07T09:40:50.939Z
st_sala-de-conciertos:36,ChIJkypEYnwoQg0Rcv7cT2S2JKs,st_sala-de-conciertos.json,APIFY_GOOGLE_MAPS_SCRAPER,sala de conciertos,CULTURAL_INFRASTRUCTURE,CONCERT_HALL,Madrid,AREA_BOUNDING_BOX,"Madrid, Comunidad de Madrid, España",36,2026-10-07T09:40:50.939Z
st_sala-de-conciertos:37,ChIJK_d8Y4coQg0Rc-Nm0WkHcVc,st_sala-de-conciertos.json,APIFY_GOOGLE_MAPS_SCRAPER,sala de conciertos,CULTURAL_INFRASTRUCTURE,CONCERT_HALL,Madrid,AREA_BOUNDING_BOX,"Madrid, Comunidad de Madrid, España",37,2026-10-07T09:40:50.939Z
st_sala-de-conciertos:38,ChIJkaN10RApQg0RPWOyC5f3JkQ,st_sala-de-conciertos.json,APIFY_GOOGLE_MAPS_SCRAPER,sala de conciertos,CULTURAL_INFRASTRUCTURE,CONCERT_HALL,Madrid,AREA_BOUNDING_BOX,"Madrid, Comunidad de Madrid, España",38,2026-10-07T09:40:50.939Z
st_sala-de-conciertos:39,ChIJY1G0LzUvQg0RTbvqEk5_3kg,st_sala-de-conciertos.json,APIFY_GOOGLE_MAPS_SCRAPER,sala de conciertos,CULTURAL_INFRASTRUCTURE,CONCERT_HALL,Madrid,AREA_BOUNDING_BOX,"Madrid, Comunidad de Madrid, España",39,2026-10-07T09:40:50.939Z
st_sala-de-conciertos:40,ChIJKQLOFdgnQg0RrMVur0hvZkw,st_sala-de-conciertos.json,APIFY_GOOGLE_MAPS_SCRAPER,sala de conciertos,CULTURAL_INFRASTRUCTURE,CONCERT_HALL,Madrid,AREA_BOUNDING_BOX,"Madrid, Comunidad de Madrid, España",40,2026-10-07T09:40:50.939Z
st_sala-de-conciertos:41,ChIJuYvdP70xQg0RZ-9HXmi9_Qw,st_sala-de-conciertos.json,APIFY_GOOGLE_MAPS_SCRAPER,sala de conciertos,CULTURAL_INFRASTRUCTURE,CONCERT_HALL,Madrid,AREA_BOUNDING_BOX,"Madrid, Comunidad de Madrid, España",41,2026-10-07T09:40:50.939Z
st_sala-de-conciertos:42,ChIJiemwtWkpQg0R8NixJdbLYBc,st_sala-de-conciertos.json,APIFY_GOOGLE_MAPS_SCRAPER,sala de conciertos,CULTURAL_INFRASTRUCTURE,CONCERT_HALL,Madrid,AREA_BOUNDING_BOX,"Madrid, Comunidad de Madrid, España",42,2026-10-07T09:40:50.939Z
st_sala-de-conciertos:43,ChIJJ8LzMLcvQg0RUNerHVePanc,st_sala-de-conciertos.json,APIFY_GOOGLE_MAPS_SCRAPER,sala de conciertos,CULTURAL_INFRASTRUCTURE,CONCERT_HALL,Madrid,AREA_BOUNDING_BOX,"Madrid, Comunidad de Madrid, España",43,2026-10-07T09:40:50.940Z
st_sala-de-conciertos:44,ChIJdwbjv9UnQg0RH0Vm90kjp_Y,st_sala-de-conciertos.json,APIFY_GOOGLE_MAPS_SCRAPER,sala de conciertos,CULTURAL_INFRASTRUCTURE,CONCERT_HALL,Madrid,AREA_BOUNDING_BOX,"Madrid, Comunidad de Madrid, España",44,2026-10-07T09:40:50.940Z
st_sala-de-conciertos:45,ChIJAXQ6nD8pQg0REk3Bkwrq-qc,st_sala-de-conciertos.json,APIFY_GOOGLE_MAPS_SCRAPER,sala de conciertos,CULTURAL_INFRASTRUCTURE,CONCERT_HALL,Madrid,AREA_BOUNDING_BOX,"Madrid, Comunidad de Madrid, España",45,2026-10-07T09:40:50.940Z
st_sala-de-conciertos:46,ChIJuZ9FcIYoQg0R0wAYlVu5yPM,st_sala-de-conciertos.json,APIFY_GOOGLE_MAPS_SCRAPER,sala de conciertos,CULTURAL_INFRASTRUCTURE,CONCERT_HALL,Madrid,AREA_BOUNDING_BOX,"Madrid, Comunidad de Madrid, España",46,2026-10-07T09:40:50.940Z
st_sala-de-conciertos:47,ChIJixrIOismQg0RSKOhrb2fnUs,st_sala-de-conciertos.json,APIFY_GOOGLE_MAPS_SCRAPER,sala de conciertos,CULTURAL_INFRASTRUCTURE,CONCERT_HALL,Madrid,AREA_BOUNDING_BOX,"Madrid, Comunidad de Madrid, España",47,2026-10-07T09:40:50.940Z
st_sala-de-conciertos:48,ChIJN93uz2coQg0RgO9pmPpkRSQ,st_sala-de-conciertos.json,APIFY_GOOGLE_MAPS_SCRAPER,sala de conciertos,CULTURAL_INFRASTRUCTURE,CONCERT_HALL,Madrid,AREA_BOUNDING_BOX,"Madrid, Comunidad de Madrid, España",48,2026-10-07T09:40:50.940Z
st_sala-de-conciertos:49,ChIJsWdYXmIoQg0RbilGnk4cix0,st_sala-de-conciertos.json,APIFY_GOOGLE_MAPS_SCRAPER,sala de conciertos,CULTURAL_INFRASTRUCTURE,CONCERT_HALL,Madrid,AREA_BOUNDING_BOX,"Madrid, Comunidad de Madrid, España",49,2026-10-07T09:40:50.940Z
st_sala-de-ensayo:1,ChIJFcQjbAcpQg0RZL5mnU434Nc,st_sala-de-ensayo.json,APIFY_GOOGLE_MAPS_SCRAPER,sala de ensayo,MUSIC_PRODUCTION,REHEARSAL_ROOM,Madrid,AREA_BOUNDING_BOX,"Madrid, Comunidad de Madrid, España",1,2026-10-07T09:40:36.588Z
st_sala-de-ensayo:2,ChIJQydQlHkpQg0RagliVTCJFi0,st_sala-de-ensayo.json,APIFY_GOOGLE_MAPS_SCRAPER,sala de ensayo,MUSIC_PRODUCTION,REHEARSAL_ROOM,Madrid,AREA_BOUNDING_BOX,"Madrid, Comunidad de Madrid, España",2,2026-10-07T09:40:36.588Z
st_sala-de-ensayo:3,ChIJ0xF8cskoQg0RaIHS8uxjxfs,st_sala-de-ensayo.json,APIFY_GOOGLE_MAPS_SCRAPER,sala de ensayo,MUSIC_PRODUCTION,REHEARSAL_ROOM,Madrid,AREA_BOUNDING_BOX,"Madrid, Comunidad de Madrid, España",3,2026-10-07T09:40:36.588Z
st_sala-de-ensayo:4,ChIJ78EU_w0pQg0RbotQq2J2lwc,st_sala-de-ensayo.json,APIFY_GOOGLE_MAPS_SCRAPER,sala de ensayo,MUSIC_PRODUCTION,REHEARSAL_ROOM,Madrid,AREA_BOUNDING_BOX,"Madrid, Comunidad de Madrid, España",4,2026-10-07T09:40:36.588Z
st_sala-de-ensayo:5,ChIJ02oEItEoQg0R52J_an5fAK0,st_sala-de-ensayo.json,APIFY_GOOGLE_MAPS_SCRAPER,sala de ensayo,MUSIC_PRODUCTION,REHEARSAL_ROOM,Madrid,AREA_BOUNDING_BOX,"Madrid, Comunidad de Madrid, España",5,2026-10-07T09:40:36.588Z
st_sala-de-ensayo:6,ChIJ7exXzXUvQg0Rty6wSvsSAu0,st_sala-de-ensayo.json,APIFY_GOOGLE_MAPS_SCRAPER,sala de ensayo,MUSIC_PRODUCTION,REHEARSAL_ROOM,Madrid,AREA_BOUNDING_BOX,"Madrid, Comunidad de Madrid, España",6,2026-10-07T09:40:36.588Z
st_sala-de-ensayo:7,ChIJcVAzCQAvQg0RGzEk8kh0LMg,st_sala-de-ensayo.json,APIFY_GOOGLE_MAPS_SCRAPER,sala de ensayo,MUSIC_PRODUCTION,REHEARSAL_ROOM,Madrid,AREA_BOUNDING_BOX,"Madrid, Comunidad de Madrid, España",7,2026-10-07T09:40:36.588Z
st_sala-de-ensayo:8,ChIJh5Em348vQg0Rs-gg_neCzPI,st_sala-de-ensayo.json,APIFY_GOOGLE_MAPS_SCRAPER,sala de ensayo,MUSIC_PRODUCTION,REHEARSAL_ROOM,Madrid,AREA_BOUNDING_BOX,"Madrid, Comunidad de Madrid, España",8,2026-10-07T09:40:36.588Z
st_sala-de-ensayo:9,ChIJqU4jK0QvQg0RncdDtJnonzQ,st_sala-de-ensayo.json,APIFY_GOOGLE_MAPS_SCRAPER,sala de ensayo,MUSIC_PRODUCTION,REHEARSAL_ROOM,Madrid,AREA_BOUNDING_BOX,"Madrid, Comunidad de Madrid, España",9,2026-10-07T09:40:36.588Z
st_sala-de-ensayo:10,ChIJH_GUqX4sQg0R6FUm1_unXKM,st_sala-de-ensayo.json,APIFY_GOOGLE_MAPS_SCRAPER,sala de ensayo,MUSIC_PRODUCTION,REHEARSAL_ROOM,Madrid,AREA_BOUNDING_BOX,"Madrid, Comunidad de Madrid, España",10,2026-10-07T09:40:36.588Z
st_sala-de-ensayo:11,ChIJ8wXHUUQnQg0R2b3WAkt7Hc4,st_sala-de-ensayo.json,APIFY_GOOGLE_MAPS_SCRAPER,sala de ensayo,MUSIC_PRODUCTION,REHEARSAL_ROOM,Madrid,AREA_BOUNDING_BOX,"Madrid, Comunidad de Madrid, España",11,2026-10-07T09:40:36.588Z
st_sala-de-ensayo:12,ChIJKelcxcr29WARXeNRtHUkTT4,st_sala-de-ensayo.json,APIFY_GOOGLE_MAPS_SCRAPER,sala de ensayo,MUSIC_PRODUCTION,REHEARSAL_ROOM,Madrid,AREA_BOUNDING_BOX,"Madrid, Comunidad de Madrid, España",12,2026-10-07T09:40:36.588Z
st_sala-de-ensayo:13,ChIJPTpst8YpQg0RaigJjsW8658,st_sala-de-ensayo.json,APIFY_GOOGLE_MAPS_SCRAPER,sala de ensayo,MUSIC_PRODUCTION,REHEARSAL_ROOM,Madrid,AREA_BOUNDING_BOX,"Madrid, Comunidad de Madrid, España",13,2026-10-07T09:40:36.588Z
st_sala-de-ensayo:14,ChIJizlqlTEmQg0ROL8HdvZvfY0,st_sala-de-ensayo.json,APIFY_GOOGLE_MAPS_SCRAPER,sala de ensayo,MUSIC_PRODUCTION,REHEARSAL_ROOM,Madrid,AREA_BOUNDING_BOX,"Madrid, Comunidad de Madrid, España",14,2026-10-07T09:40:36.588Z
st_sala-de-ensayo:15,ChIJITjYnCUmQg0REYMM-GkEfh8,st_sala-de-ensayo.json,APIFY_GOOGLE_MAPS_SCRAPER,sala de ensayo,MUSIC_PRODUCTION,REHEARSAL_ROOM,Madrid,AREA_BOUNDING_BOX,"Madrid, Comunidad de Madrid, España",15,2026-10-07T09:40:36.588Z
st_sala-de-ensayo:16,ChIJ02CW3aAvQg0R5WEbhbkiz8M,st_sala-de-ensayo.json,APIFY_GOOGLE_MAPS_SCRAPER,sala de ensayo,MUSIC_PRODUCTION,REHEARSAL_ROOM,Madrid,AREA_BOUNDING_BOX,"Madrid, Comunidad de Madrid, España",16,2026-10-07T09:40:36.588Z
st_sala-de-ensayo:17,ChIJq_u1RWglQg0R56hZhPciXgo,st_sala-de-ensayo.json,APIFY_GOOGLE_MAPS_SCRAPER,sala de ensayo,MUSIC_PRODUCTION,REHEARSAL_ROOM,Madrid,AREA_BOUNDING_BOX,"Madrid, Comunidad de Madrid, España",17,2026-10-07T09:40:36.588Z
st_sala-de-ensayo:18,ChIJfWnpg60lQg0RjoZw6-umNtg,st_sala-de-ensayo.json,APIFY_GOOGLE_MAPS_SCRAPER,sala de ensayo,MUSIC_PRODUCTION,REHEARSAL_ROOM,Madrid,AREA_BOUNDING_BOX,"Madrid, Comunidad de Madrid, España",18,2026-10-07T09:40:36.588Z
st_sala-de-ensayo:19,ChIJrW08L-0nQg0RJvTXEKaQEyI,st_sala-de-ensayo.json,APIFY_GOOGLE_MAPS_SCRAPER,sala de ensayo,MUSIC_PRODUCTION,REHEARSAL_ROOM,Madrid,AREA_BOUNDING_BOX,"Madrid, Comunidad de Madrid, España",19,2026-10-07T09:40:36.588Z
st_sala-de-ensayo:20,ChIJHQ3jUOYnQg0RtyHwlnx5d3A,st_sala-de-ensayo.json,APIFY_GOOGLE_MAPS_SCRAPER,sala de ensayo,MUSIC_PRODUCTION,REHEARSAL_ROOM,Madrid,AREA_BOUNDING_BOX,"Madrid, Comunidad de Madrid, España",20,2026-10-07T09:40:36.588Z
st_sala-de-ensayo:21,ChIJL_P1IOMsQg0RQo4uRgvjqTE,st_sala-de-ensayo.json,APIFY_GOOGLE_MAPS_SCRAPER,sala de ensayo,MUSIC_PRODUCTION,REHEARSAL_ROOM,Madrid,AREA_BOUNDING_BOX,"Madrid, Comunidad de Madrid, España",21,2026-10-07T09:40:36.588Z
st_sala-de-ensayo:22,ChIJwXZvrH0pQg0RD8tewl0EFU0,st_sala-de-ensayo.json,APIFY_GOOGLE_MAPS_SCRAPER,sala de ensayo,MUSIC_PRODUCTION,REHEARSAL_ROOM,Madrid,AREA_BOUNDING_BOX,"Madrid, Comunidad de Madrid, España",22,2026-10-07T09:40:36.588Z
st_sala-de-ensayo:23,ChIJjTnSG9YnQg0RnEBQI92qafc,st_sala-de-ensayo.json,APIFY_GOOGLE_MAPS_SCRAPER,sala de ensayo,MUSIC_PRODUCTION,REHEARSAL_ROOM,Madrid,AREA_BOUNDING_BOX,"Madrid, Comunidad de Madrid, España",23,2026-10-07T09:40:36.588Z
st_sala-de-ensayo:24,ChIJAQAwARomQg0RIavi1P2k6RU,st_sala-de-ensayo.json,APIFY_GOOGLE_MAPS_SCRAPER,sala de ensayo,MUSIC_PRODUCTION,REHEARSAL_ROOM,Madrid,AREA_BOUNDING_BOX,"Madrid, Comunidad de Madrid, España",24,2026-10-07T09:40:36.588Z
st_sala-de-ensayo:25,ChIJ2TFAU40nQg0R8lWHlMmaQ_g,st_sala-de-ensayo.json,APIFY_GOOGLE_MAPS_SCRAPER,sala de ensayo,MUSIC_PRODUCTION,REHEARSAL_ROOM,Madrid,AREA_BOUNDING_BOX,"Madrid, Comunidad de Madrid, España",25,2026-10-07T09:40:36.588Z
st_sala-de-ensayo:26,ChIJ__yZ7i6IQQ0RQwAlKz7jr9o,st_sala-de-ensayo.json,APIFY_GOOGLE_MAPS_SCRAPER,sala de ensayo,MUSIC_PRODUCTION,REHEARSAL_ROOM,Madrid,AREA_BOUNDING_BOX,"Madrid, Comunidad de Madrid, España",26,2026-10-07T09:40:36.588Z
st_sala-de-ensayo:27,ChIJ2WFMlG0vQg0RWY4jlBsBShU,st_sala-de-ensayo.json,APIFY_GOOGLE_MAPS_SCRAPER,sala de ensayo,MUSIC_PRODUCTION,REHEARSAL_ROOM,Madrid,AREA_BOUNDING_BOX,"Madrid, Comunidad de Madrid, España",27,2026-10-07T09:40:36.588Z
st_sala-de-ensayo:28,ChIJ02CW3aAvQg0RZKtyfYBYQIM,st_sala-de-ensayo.json,APIFY_GOOGLE_MAPS_SCRAPER,sala de ensayo,MUSIC_PRODUCTION,REHEARSAL_ROOM,Madrid,AREA_BOUNDING_BOX,"Madrid, Comunidad de Madrid, España",28,2026-10-07T09:40:36.588Z
st_sala-de-ensayo:29,ChIJTVa7egApQg0R1aqU39gPhdg,st_sala-de-ensayo.json,APIFY_GOOGLE_MAPS_SCRAPER,sala de ensayo,MUSIC_PRODUCTION,REHEARSAL_ROOM,Madrid,AREA_BOUNDING_BOX,"Madrid, Comunidad de Madrid, España",29,2026-10-07T09:40:36.588Z
st_sala-de-ensayo:30,ChIJCZkSSEGPQQ0R-4tUPT6mg1M,st_sala-de-ensayo.json,APIFY_GOOGLE_MAPS_SCRAPER,sala de ensayo,MUSIC_PRODUCTION,REHEARSAL_ROOM,Madrid,AREA_BOUNDING_BOX,"Madrid, Comunidad de Madrid, España",30,2026-10-07T09:40:36.588Z
st_sala-de-ensayo:31,ChIJW90MQXQmQg0RTfIXcVTTbig,st_sala-de-ensayo.json,APIFY_GOOGLE_MAPS_SCRAPER,sala de ensayo,MUSIC_PRODUCTION,REHEARSAL_ROOM,Madrid,AREA_BOUNDING_BOX,"Madrid, Comunidad de Madrid, España",31,2026-10-07T09:40:36.588Z
st_sala-de-ensayo:32,ChIJp2zzGqolQg0R607bGX9bvWg,st_sala-de-ensayo.json,APIFY_GOOGLE_MAPS_SCRAPER,sala de ensayo,MUSIC_PRODUCTION,REHEARSAL_ROOM,Madrid,AREA_BOUNDING_BOX,"Madrid, Comunidad de Madrid, España",32,2026-10-07T09:40:36.588Z
st_sala-de-ensayo:33,ChIJn2NrUxUoQg0R_IIszr1dfGU,st_sala-de-ensayo.json,APIFY_GOOGLE_MAPS_SCRAPER,sala de ensayo,MUSIC_PRODUCTION,REHEARSAL_ROOM,Madrid,AREA_BOUNDING_BOX,"Madrid, Comunidad de Madrid, España",33,2026-10-07T09:40:36.588Z
st_sala-de-ensayo:34,ChIJ0ZAcm6glQg0RHMPx9ptppBo,st_sala-de-ensayo.json,APIFY_GOOGLE_MAPS_SCRAPER,sala de ensayo,MUSIC_PRODUCTION,REHEARSAL_ROOM,Madrid,AREA_BOUNDING_BOX,"Madrid, Comunidad de Madrid, España",34,2026-10-07T09:40:36.588Z
st_sala-de-ensayo:35,ChIJM0DfmdGDQQ0RkKxpJ8bp-Yw,st_sala-de-ensayo.json,APIFY_GOOGLE_MAPS_SCRAPER,sala de ensayo,MUSIC_PRODUCTION,REHEARSAL_ROOM,Madrid,AREA_BOUNDING_BOX,"Madrid, Comunidad de Madrid, España",35,2026-10-07T09:40:36.588Z
st_sala-de-ensayo:36,ChIJPRPoSA8vQg0RxO43M450_do,st_sala-de-ensayo.json,APIFY_GOOGLE_MAPS_SCRAPER,sala de ensayo,MUSIC_PRODUCTION,REHEARSAL_ROOM,Madrid,AREA_BOUNDING_BOX,"Madrid, Comunidad de Madrid, España",36,2026-10-07T09:40:36.588Z
st_sala-de-ensayo:37,ChIJofdd-bolQg0RgWnBGTWjv2A,st_sala-de-ensayo.json,APIFY_GOOGLE_MAPS_SCRAPER,sala de ensayo,MUSIC_PRODUCTION,REHEARSAL_ROOM,Madrid,AREA_BOUNDING_BOX,"Madrid, Comunidad de Madrid, España",37,2026-10-07T09:40:36.588Z
st_sala-de-ensayo:38,ChIJ_zfUc82JQQ0RSd5GDP0YCpQ,st_sala-de-ensayo.json,APIFY_GOOGLE_MAPS_SCRAPER,sala de ensayo,MUSIC_PRODUCTION,REHEARSAL_ROOM,Madrid,AREA_BOUNDING_BOX,"Madrid, Comunidad de Madrid, España",38,2026-10-07T09:40:36.588Z
st_sala-de-ensayo:39,ChIJnweY2RyJQQ0RPKBxHrECjrs,st_sala-de-ensayo.json,APIFY_GOOGLE_MAPS_SCRAPER,sala de ensayo,MUSIC_PRODUCTION,REHEARSAL_ROOM,Madrid,AREA_BOUNDING_BOX,"Madrid, Comunidad de Madrid, España",39,2026-10-07T09:40:36.588Z
st_sala-de-ensayo:40,ChIJkT7CHMkoQg0RH33BpGNJy1g,st_sala-de-ensayo.json,APIFY_GOOGLE_MAPS_SCRAPER,sala de ensayo,MUSIC_PRODUCTION,REHEARSAL_ROOM,Madrid,AREA_BOUNDING_BOX,"Madrid, Comunidad de Madrid, España",40,2026-10-07T09:40:36.588Z
st_sala-de-ensayo:41,ChIJN2blglCJQQ0RnuVgkD6fKuk,st_sala-de-ensayo.json,APIFY_GOOGLE_MAPS_SCRAPER,sala de ensayo,MUSIC_PRODUCTION,REHEARSAL_ROOM,Madrid,AREA_BOUNDING_BOX,"Madrid, Comunidad de Madrid, España",41,2026-10-07T09:40:36.588Z
st_sala-de-ensayo:42,ChIJsZu0VkwmQg0RDxiDjY2_6no,st_sala-de-ensayo.json,APIFY_GOOGLE_MAPS_SCRAPER,sala de ensayo,MUSIC_PRODUCTION,REHEARSAL_ROOM,Madrid,AREA_BOUNDING_BOX,"Madrid, Comunidad de Madrid, España",42,2026-10-07T09:40:36.588Z
st_sala-de-ensayo:43,ChIJ4beITO0nQg0RqjnOaId-2jU,st_sala-de-ensayo.json,APIFY_GOOGLE_MAPS_SCRAPER,sala de ensayo,MUSIC_PRODUCTION,REHEARSAL_ROOM,Madrid,AREA_BOUNDING_BOX,"Madrid, Comunidad de Madrid, España",43,2026-10-07T09:40:36.588Z
st_sala-de-ensayo:44,ChIJ2bLu8IkmQg0RjH-2Qeef8I8,st_sala-de-ensayo.json,APIFY_GOOGLE_MAPS_SCRAPER,sala de ensayo,MUSIC_PRODUCTION,REHEARSAL_ROOM,Madrid,AREA_BOUNDING_BOX,"Madrid, Comunidad de Madrid, España",44,2026-10-07T09:40:36.589Z
st_sala-de-ensayo:45,ChIJMRb_LSiKQQ0Rtx1DHFrl4tc,st_sala-de-ensayo.json,APIFY_GOOGLE_MAPS_SCRAPER,sala de ensayo,MUSIC_PRODUCTION,REHEARSAL_ROOM,Madrid,AREA_BOUNDING_BOX,"Madrid, Comunidad de Madrid, España",45,2026-10-07T09:40:36.589Z
st_sala-de-ensayo:46,ChIJJe6wOJ8nQg0RKHlgsAwyAJU,st_sala-de-ensayo.json,APIFY_GOOGLE_MAPS_SCRAPER,sala de ensayo,MUSIC_PRODUCTION,REHEARSAL_ROOM,Madrid,AREA_BOUNDING_BOX,"Madrid, Comunidad de Madrid, España",46,2026-10-07T09:40:36.589Z
st_sala-de-ensayo:47,ChIJxeIYk5YnQg0R47jbNrWZ8N4,st_sala-de-ensayo.json,APIFY_GOOGLE_MAPS_SCRAPER,sala de ensayo,MUSIC_PRODUCTION,REHEARSAL_ROOM,Madrid,AREA_BOUNDING_BOX,"Madrid, Comunidad de Madrid, España",47,2026-10-07T09:40:36.589Z
st_sala-de-ensayo:48,ChIJUTWp0DGPQQ0RkKCg7-GHj-s,st_sala-de-ensayo.json,APIFY_GOOGLE_MAPS_SCRAPER,sala de ensayo,MUSIC_PRODUCTION,REHEARSAL_ROOM,Madrid,AREA_BOUNDING_BOX,"Madrid, Comunidad de Madrid, España",48,2026-10-07T09:40:36.589Z
st_sala-de-ensayo:49,ChIJi4hl62ApQg0Rl68yRVzOaXs,st_sala-de-ensayo.json,APIFY_GOOGLE_MAPS_SCRAPER,sala de ensayo,MUSIC_PRODUCTION,REHEARSAL_ROOM,Madrid,AREA_BOUNDING_BOX,"Madrid, Comunidad de Madrid, España",49,2026-10-07T09:40:36.589Z
st_sala-de-ensayo:50,ChIJvQUPL-0nQg0Rxn4qjf2RdX4,st_sala-de-ensayo.json,APIFY_GOOGLE_MAPS_SCRAPER,sala de ensayo,MUSIC_PRODUCTION,REHEARSAL_ROOM,Madrid,AREA_BOUNDING_BOX,"Madrid, Comunidad de Madrid, España",50,2026-10-07T09:40:36.589Z
st_tienda-de-instrumentos-musicales:1,ChIJbZBBKJQpQg0R95YhmiKmZo4,st_tienda-de-instrumentos-musicales.json,APIFY_GOOGLE_MAPS_SCRAPER,tienda de instrumentos musicales,INSTRUMENTS,RETAIL,Madrid,AREA_BOUNDING_BOX,"Madrid, Comunidad de Madrid, España",1,2026-10-07T09:39:38.892Z
st_tienda-de-instrumentos-musicales:2,ChIJXSqZjvcoQg0RRxCPQGioUmA,st_tienda-de-instrumentos-musicales.json,APIFY_GOOGLE_MAPS_SCRAPER,tienda de instrumentos musicales,INSTRUMENTS,RETAIL,Madrid,AREA_BOUNDING_BOX,"Madrid, Comunidad de Madrid, España",2,2026-10-07T09:39:38.892Z
st_tienda-de-instrumentos-musicales:3,ChIJcY4x9_EoQg0RkYF0L3dCLdw,st_tienda-de-instrumentos-musicales.json,APIFY_GOOGLE_MAPS_SCRAPER,tienda de instrumentos musicales,INSTRUMENTS,RETAIL,Madrid,AREA_BOUNDING_BOX,"Madrid, Comunidad de Madrid, España",3,2026-10-07T09:39:38.892Z
st_tienda-de-instrumentos-musicales:4,ChIJYR3yfHkoQg0RZHP17EToW9g,st_tienda-de-instrumentos-musicales.json,APIFY_GOOGLE_MAPS_SCRAPER,tienda de instrumentos musicales,INSTRUMENTS,RETAIL,Madrid,AREA_BOUNDING_BOX,"Madrid, Comunidad de Madrid, España",4,2026-10-07T09:39:38.892Z
st_tienda-de-instrumentos-musicales:5,ChIJQRfVp4onQg0RXs7P1evGpWo,st_tienda-de-instrumentos-musicales.json,APIFY_GOOGLE_MAPS_SCRAPER,tienda de instrumentos musicales,INSTRUMENTS,RETAIL,Madrid,AREA_BOUNDING_BOX,"Madrid, Comunidad de Madrid, España",5,2026-10-07T09:39:38.892Z
st_tienda-de-instrumentos-musicales:6,ChIJlbMs4ikmQg0RjwPA5Ta1NbU,st_tienda-de-instrumentos-musicales.json,APIFY_GOOGLE_MAPS_SCRAPER,tienda de instrumentos musicales,INSTRUMENTS,RETAIL,Madrid,AREA_BOUNDING_BOX,"Madrid, Comunidad de Madrid, España",6,2026-10-07T09:39:38.892Z
st_tienda-de-instrumentos-musicales:7,ChIJWRfxl48oQg0RCmEER8_X0Y4,st_tienda-de-instrumentos-musicales.json,APIFY_GOOGLE_MAPS_SCRAPER,tienda de instrumentos musicales,INSTRUMENTS,RETAIL,Madrid,AREA_BOUNDING_BOX,"Madrid, Comunidad de Madrid, España",7,2026-10-07T09:39:38.892Z
st_tienda-de-instrumentos-musicales:8,ChIJ3zLVGBktQg0RROo_Y-qYatA,st_tienda-de-instrumentos-musicales.json,APIFY_GOOGLE_MAPS_SCRAPER,tienda de instrumentos musicales,INSTRUMENTS,RETAIL,Madrid,AREA_BOUNDING_BOX,"Madrid, Comunidad de Madrid, España",8,2026-10-07T09:39:38.892Z
st_tienda-de-instrumentos-musicales:9,ChIJtQglXNQuQg0RRu6VAkGjuoY,st_tienda-de-instrumentos-musicales.json,APIFY_GOOGLE_MAPS_SCRAPER,tienda de instrumentos musicales,INSTRUMENTS,RETAIL,Madrid,AREA_BOUNDING_BOX,"Madrid, Comunidad de Madrid, España",9,2026-10-07T09:39:38.892Z
st_tienda-de-instrumentos-musicales:10,ChIJe_tfWokoQg0RoK7NVTtYLxE,st_tienda-de-instrumentos-musicales.json,APIFY_GOOGLE_MAPS_SCRAPER,tienda de instrumentos musicales,INSTRUMENTS,RETAIL,Madrid,AREA_BOUNDING_BOX,"Madrid, Comunidad de Madrid, España",10,2026-10-07T09:39:38.892Z
st_tienda-de-instrumentos-musicales:11,ChIJhy0JOpspQg0R7b6xe9urVcc,st_tienda-de-instrumentos-musicales.json,APIFY_GOOGLE_MAPS_SCRAPER,tienda de instrumentos musicales,INSTRUMENTS,RETAIL,Madrid,AREA_BOUNDING_BOX,"Madrid, Comunidad de Madrid, España",11,2026-10-07T09:39:38.892Z
st_tienda-de-instrumentos-musicales:12,ChIJb9dRXT8vQg0R9L5iLu9A8fc,st_tienda-de-instrumentos-musicales.json,APIFY_GOOGLE_MAPS_SCRAPER,tienda de instrumentos musicales,INSTRUMENTS,RETAIL,Madrid,AREA_BOUNDING_BOX,"Madrid, Comunidad de Madrid, España",12,2026-10-07T09:39:38.892Z
st_tienda-de-instrumentos-musicales:13,ChIJiefdynsoQg0RSIx9mnYXHUo,st_tienda-de-instrumentos-musicales.json,APIFY_GOOGLE_MAPS_SCRAPER,tienda de instrumentos musicales,INSTRUMENTS,RETAIL,Madrid,AREA_BOUNDING_BOX,"Madrid, Comunidad de Madrid, España",13,2026-10-07T09:39:38.892Z
st_tienda-de-instrumentos-musicales:14,ChIJD2j6MAQpQg0RJbaQhqCROFk,st_tienda-de-instrumentos-musicales.json,APIFY_GOOGLE_MAPS_SCRAPER,tienda de instrumentos musicales,INSTRUMENTS,RETAIL,Madrid,AREA_BOUNDING_BOX,"Madrid, Comunidad de Madrid, España",14,2026-10-07T09:39:38.892Z
st_tienda-de-instrumentos-musicales:15,ChIJme3ti16GQQ0R3TP4JVELE1g,st_tienda-de-instrumentos-musicales.json,APIFY_GOOGLE_MAPS_SCRAPER,tienda de instrumentos musicales,INSTRUMENTS,RETAIL,Madrid,AREA_BOUNDING_BOX,"Madrid, Comunidad de Madrid, España",15,2026-10-07T09:39:38.892Z
st_tienda-de-instrumentos-musicales:16,ChIJg1mI_LAoQg0RfboZZp8ZDfw,st_tienda-de-instrumentos-musicales.json,APIFY_GOOGLE_MAPS_SCRAPER,tienda de instrumentos musicales,INSTRUMENTS,RETAIL,Madrid,AREA_BOUNDING_BOX,"Madrid, Comunidad de Madrid, España",16,2026-10-07T09:39:38.892Z
st_tienda-de-instrumentos-musicales:17,ChIJw3ng6LcoQg0R5FQUaOBPCS4,st_tienda-de-instrumentos-musicales.json,APIFY_GOOGLE_MAPS_SCRAPER,tienda de instrumentos musicales,INSTRUMENTS,RETAIL,Madrid,AREA_BOUNDING_BOX,"Madrid, Comunidad de Madrid, España",17,2026-10-07T09:39:38.892Z
st_tienda-de-instrumentos-musicales:18,ChIJg1mI_LAoQg0RYkkeBiuFUmo,st_tienda-de-instrumentos-musicales.json,APIFY_GOOGLE_MAPS_SCRAPER,tienda de instrumentos musicales,INSTRUMENTS,RETAIL,Madrid,AREA_BOUNDING_BOX,"Madrid, Comunidad de Madrid, España",18,2026-10-07T09:39:38.892Z
st_tienda-de-instrumentos-musicales:19,ChIJF3Htg4UoQg0RuYd9SMLn-Ng,st_tienda-de-instrumentos-musicales.json,APIFY_GOOGLE_MAPS_SCRAPER,tienda de instrumentos musicales,INSTRUMENTS,RETAIL,Madrid,AREA_BOUNDING_BOX,"Madrid, Comunidad de Madrid, España",19,2026-10-07T09:39:38.892Z
st_tienda-de-instrumentos-musicales:20,ChIJ9ZGs8ygmQg0REJEO1oYjQGQ,st_tienda-de-instrumentos-musicales.json,APIFY_GOOGLE_MAPS_SCRAPER,tienda de instrumentos musicales,INSTRUMENTS,RETAIL,Madrid,AREA_BOUNDING_BOX,"Madrid, Comunidad de Madrid, España",20,2026-10-07T09:39:38.892Z
st_tienda-de-instrumentos-musicales:21,ChIJgRYdgyYmQg0RYJ9OOyfBGOE,st_tienda-de-instrumentos-musicales.json,APIFY_GOOGLE_MAPS_SCRAPER,tienda de instrumentos musicales,INSTRUMENTS,RETAIL,Madrid,AREA_BOUNDING_BOX,"Madrid, Comunidad de Madrid, España",21,2026-10-07T09:39:38.892Z
st_tienda-de-instrumentos-musicales:22,ChIJaarDjdBJQg0RswsdjfIKVRE,st_tienda-de-instrumentos-musicales.json,APIFY_GOOGLE_MAPS_SCRAPER,tienda de instrumentos musicales,INSTRUMENTS,RETAIL,Madrid,AREA_BOUNDING_BOX,"Madrid, Comunidad de Madrid, España",22,2026-10-07T09:39:38.892Z
st_tienda-de-instrumentos-musicales:23,ChIJ98GfcuwuQg0R-7SwuEnca-c,st_tienda-de-instrumentos-musicales.json,APIFY_GOOGLE_MAPS_SCRAPER,tienda de instrumentos musicales,INSTRUMENTS,RETAIL,Madrid,AREA_BOUNDING_BOX,"Madrid, Comunidad de Madrid, España",23,2026-10-07T09:39:38.892Z
st_tienda-de-instrumentos-musicales:24,ChIJDXxXm58pQg0RxehCnQF3OdQ,st_tienda-de-instrumentos-musicales.json,APIFY_GOOGLE_MAPS_SCRAPER,tienda de instrumentos musicales,INSTRUMENTS,RETAIL,Madrid,AREA_BOUNDING_BOX,"Madrid, Comunidad de Madrid, España",24,2026-10-07T09:39:38.892Z
st_tienda-de-instrumentos-musicales:25,ChIJtTeLSEYpQg0RkxeTFTqORyw,st_tienda-de-instrumentos-musicales.json,APIFY_GOOGLE_MAPS_SCRAPER,tienda de instrumentos musicales,INSTRUMENTS,RETAIL,Madrid,AREA_BOUNDING_BOX,"Madrid, Comunidad de Madrid, España",25,2026-10-07T09:39:38.892Z
st_tienda-de-instrumentos-musicales:26,ChIJrQJFX44oQg0RqOnpf8QnYPk,st_tienda-de-instrumentos-musicales.json,APIFY_GOOGLE_MAPS_SCRAPER,tienda de instrumentos musicales,INSTRUMENTS,RETAIL,Madrid,AREA_BOUNDING_BOX,"Madrid, Comunidad de Madrid, España",26,2026-10-07T09:39:38.892Z
st_tienda-de-instrumentos-musicales:27,ChIJQcvrC5QvQg0RogW1bYzk8gg,st_tienda-de-instrumentos-musicales.json,APIFY_GOOGLE_MAPS_SCRAPER,tienda de instrumentos musicales,INSTRUMENTS,RETAIL,Madrid,AREA_BOUNDING_BOX,"Madrid, Comunidad de Madrid, España",27,2026-10-07T09:39:38.892Z
st_tienda-de-instrumentos-musicales:28,ChIJH4LTEIcpQg0RVzPsJmOtbEw,st_tienda-de-instrumentos-musicales.json,APIFY_GOOGLE_MAPS_SCRAPER,tienda de instrumentos musicales,INSTRUMENTS,RETAIL,Madrid,AREA_BOUNDING_BOX,"Madrid, Comunidad de Madrid, España",28,2026-10-07T09:39:38.892Z
st_tienda-de-instrumentos-musicales:29,ChIJOz5Odo4oQg0RDDWQNr1RfvU,st_tienda-de-instrumentos-musicales.json,APIFY_GOOGLE_MAPS_SCRAPER,tienda de instrumentos musicales,INSTRUMENTS,RETAIL,Madrid,AREA_BOUNDING_BOX,"Madrid, Comunidad de Madrid, España",29,2026-10-07T09:39:38.892Z
st_tienda-de-instrumentos-musicales:30,ChIJuclz7SomQg0RIAIefh8a2kY,st_tienda-de-instrumentos-musicales.json,APIFY_GOOGLE_MAPS_SCRAPER,tienda de instrumentos musicales,INSTRUMENTS,RETAIL,Madrid,AREA_BOUNDING_BOX,"Madrid, Comunidad de Madrid, España",30,2026-10-07T09:39:38.892Z
st_tienda-de-instrumentos-musicales:31,ChIJ49uKZ1MoQg0R-Otjgu7HHaE,st_tienda-de-instrumentos-musicales.json,APIFY_GOOGLE_MAPS_SCRAPER,tienda de instrumentos musicales,INSTRUMENTS,RETAIL,Madrid,AREA_BOUNDING_BOX,"Madrid, Comunidad de Madrid, España",31,2026-10-07T09:39:38.892Z
st_tienda-de-instrumentos-musicales:32,ChIJD2j6MAQpQg0RGlS3VLNOeGc,st_tienda-de-instrumentos-musicales.json,APIFY_GOOGLE_MAPS_SCRAPER,tienda de instrumentos musicales,INSTRUMENTS,RETAIL,Madrid,AREA_BOUNDING_BOX,"Madrid, Comunidad de Madrid, España",32,2026-10-07T09:39:38.892Z
st_tienda-de-instrumentos-musicales:33,ChIJS3kvqY0oQg0R-m4yH1rBEKs,st_tienda-de-instrumentos-musicales.json,APIFY_GOOGLE_MAPS_SCRAPER,tienda de instrumentos musicales,INSTRUMENTS,RETAIL,Madrid,AREA_BOUNDING_BOX,"Madrid, Comunidad de Madrid, España",33,2026-10-07T09:39:38.892Z
st_tienda-de-instrumentos-musicales:34,ChIJR5v4Q9knQg0Rd7FEyparmTU,st_tienda-de-instrumentos-musicales.json,APIFY_GOOGLE_MAPS_SCRAPER,tienda de instrumentos musicales,INSTRUMENTS,RETAIL,Madrid,AREA_BOUNDING_BOX,"Madrid, Comunidad de Madrid, España",34,2026-10-07T09:39:38.892Z
st_tienda-de-instrumentos-musicales:35,ChIJc8-sqCkmQg0Rm-dFjDZytJg,st_tienda-de-instrumentos-musicales.json,APIFY_GOOGLE_MAPS_SCRAPER,tienda de instrumentos musicales,INSTRUMENTS,RETAIL,Madrid,AREA_BOUNDING_BOX,"Madrid, Comunidad de Madrid, España",35,2026-10-07T09:39:38.892Z
st_tienda-de-instrumentos-musicales:36,ChIJ94h0oO6JQQ0Roqn8HFvz7Ds,st_tienda-de-instrumentos-musicales.json,APIFY_GOOGLE_MAPS_SCRAPER,tienda de instrumentos musicales,INSTRUMENTS,RETAIL,Madrid,AREA_BOUNDING_BOX,"Madrid, Comunidad de Madrid, España",36,2026-10-07T09:39:38.892Z
st_tienda-de-instrumentos-musicales:37,ChIJjTvATnQvQg0RNtfHg_KY70U,st_tienda-de-instrumentos-musicales.json,APIFY_GOOGLE_MAPS_SCRAPER,tienda de instrumentos musicales,INSTRUMENTS,RETAIL,Madrid,AREA_BOUNDING_BOX,"Madrid, Comunidad de Madrid, España",37,2026-10-07T09:39:38.892Z
st_tienda-de-instrumentos-musicales:38,ChIJQydQlHkpQg0RagliVTCJFi0,st_tienda-de-instrumentos-musicales.json,APIFY_GOOGLE_MAPS_SCRAPER,tienda de instrumentos musicales,INSTRUMENTS,RETAIL,Madrid,AREA_BOUNDING_BOX,"Madrid, Comunidad de Madrid, España",38,2026-10-07T09:39:38.892Z
st_tienda-de-instrumentos-musicales:39,ChIJmYCsDXkoQg0Rp7dsXIVNbXA,st_tienda-de-instrumentos-musicales.json,APIFY_GOOGLE_MAPS_SCRAPER,tienda de instrumentos musicales,INSTRUMENTS,RETAIL,Madrid,AREA_BOUNDING_BOX,"Madrid, Comunidad de Madrid, España",39,2026-10-07T09:39:38.892Z
st_tienda-de-instrumentos-musicales:40,ChIJXe80ql0oQg0R-uNPP_dRVxU,st_tienda-de-instrumentos-musicales.json,APIFY_GOOGLE_MAPS_SCRAPER,tienda de instrumentos musicales,INSTRUMENTS,RETAIL,Madrid,AREA_BOUNDING_BOX,"Madrid, Comunidad de Madrid, España",40,2026-10-07T09:39:38.892Z
st_tienda-de-instrumentos-musicales:41,ChIJhVV7Qo6EQQ0RwP8zdcJ4AxY,st_tienda-de-instrumentos-musicales.json,APIFY_GOOGLE_MAPS_SCRAPER,tienda de instrumentos musicales,INSTRUMENTS,RETAIL,Madrid,AREA_BOUNDING_BOX,"Madrid, Comunidad de Madrid, España",41,2026-10-07T09:39:38.892Z
st_tienda-de-instrumentos-musicales:42,ChIJa1FiH0YpQg0RIPH4NipCr9w,st_tienda-de-instrumentos-musicales.json,APIFY_GOOGLE_MAPS_SCRAPER,tienda de instrumentos musicales,INSTRUMENTS,RETAIL,Madrid,AREA_BOUNDING_BOX,"Madrid, Comunidad de Madrid, España",42,2026-10-07T09:39:38.892Z
st_tienda-de-instrumentos-musicales:43,ChIJT9-y-7ApQg0RdLE1wmJYib0,st_tienda-de-instrumentos-musicales.json,APIFY_GOOGLE_MAPS_SCRAPER,tienda de instrumentos musicales,INSTRUMENTS,RETAIL,Madrid,AREA_BOUNDING_BOX,"Madrid, Comunidad de Madrid, España",43,2026-10-07T09:39:38.892Z
st_tienda-de-instrumentos-musicales:44,ChIJ-ZYGNygmQg0RKsNNaJF-rSg,st_tienda-de-instrumentos-musicales.json,APIFY_GOOGLE_MAPS_SCRAPER,tienda de instrumentos musicales,INSTRUMENTS,RETAIL,Madrid,AREA_BOUNDING_BOX,"Madrid, Comunidad de Madrid, España",44,2026-10-07T09:39:38.892Z
st_tienda-de-instrumentos-musicales:45,ChIJEYN12CsvQg0R46jXSPw9NLE,st_tienda-de-instrumentos-musicales.json,APIFY_GOOGLE_MAPS_SCRAPER,tienda de instrumentos musicales,INSTRUMENTS,RETAIL,Madrid,AREA_BOUNDING_BOX,"Madrid, Comunidad de Madrid, España",45,2026-10-07T09:39:38.892Z
st_tienda-de-instrumentos-musicales:46,ChIJZ-BiLgkpQg0RnR55ykCDPN4,st_tienda-de-instrumentos-musicales.json,APIFY_GOOGLE_MAPS_SCRAPER,tienda de instrumentos musicales,INSTRUMENTS,RETAIL,Madrid,AREA_BOUNDING_BOX,"Madrid, Comunidad de Madrid, España",46,2026-10-07T09:39:38.892Z
st_tienda-de-instrumentos-musicales:47,ChIJVU08PqQnQg0RYgHa3TCAOaI,st_tienda-de-instrumentos-musicales.json,APIFY_GOOGLE_MAPS_SCRAPER,tienda de instrumentos musicales,INSTRUMENTS,RETAIL,Madrid,AREA_BOUNDING_BOX,"Madrid, Comunidad de Madrid, España",47,2026-10-07T09:39:38.892Z
st_tienda-de-instrumentos-musicales:48,ChIJsz-QkygmQg0R8Krj7TRUgKo,st_tienda-de-instrumentos-musicales.json,APIFY_GOOGLE_MAPS_SCRAPER,tienda de instrumentos musicales,INSTRUMENTS,RETAIL,Madrid,AREA_BOUNDING_BOX,"Madrid, Comunidad de Madrid, España",48,2026-10-07T09:39:38.892Z
st_tienda-de-instrumentos-musicales:49,ChIJOVdELb8lQg0RNoqghcFZI1c,st_tienda-de-instrumentos-musicales.json,APIFY_GOOGLE_MAPS_SCRAPER,tienda de instrumentos musicales,INSTRUMENTS,RETAIL,Madrid,AREA_BOUNDING_BOX,"Madrid, Comunidad de Madrid, España",49,2026-10-07T09:39:38.892Z
st_tienda-de-instrumentos-musicales:50,ChIJIbvbny4pQg0RWdm2f60CGKU,st_tienda-de-instrumentos-musicales.json,APIFY_GOOGLE_MAPS_SCRAPER,tienda de instrumentos musicales,INSTRUMENTS,RETAIL,Madrid,AREA_BOUNDING_BOX,"Madrid, Comunidad de Madrid, España",50,2026-10-07T09:39:38.892Z
