place_id,name,category,subcategory,search_terms,address,full_address,street_address,district,city,postal_code,province,country,latitude,longitude,phone,website,tld,maps_url,rating,reviews,business_status,verified,type,subtypes,subtype_gcids,photo_count,opening_status,source,provider_business_id,google_id,cid,first_seen,last_seen,source_files
ChIJz7G-DPolQg0RpHZocrhb5Hs,Afinapianos Madrid,CRAFT_AND_REPAIR,PIANO_TECHNICIAN,afinador de pianos,,,,,,,,,40.525282,-3.8160298,,http://www.afinapianos.es,afinapianos.es,https://www.google.com/maps/place/data=!3m1!4b1!4m2!3m1!1s0xd4225fa0cbeb1cf:0x7be45bb8726876a4,5,5,OPEN,True,Servicio de afinación de pianos,Servicio de afinación de pianos;Service establishment;Servicio de reparación de pianos;Tienda de pianos,piano_tuning_service;art;establishment;establishment_service;music;music_store;musical_instrument_store;performing_arts;piano;piano_repair_service;piano_store;professional_services;public_api_establishment;repairs;services;sheet_music_and_musical_instruments;shopping;store,0,Cerrado · Apertura: 10:00,APIFY_GOOGLE_MAPS_SCRAPER,0xd4225fa0cbeb1cf:0x7be45bb8726876a4,0xd4225fa0cbeb1cf:0x7be45bb8726876a4,8927361209106724516,2026-10-06T23:09:10.131Z,2026-10-07T09:40:20.825Z,st_afinador-de-pianos.json
ChIJgY7cmo1lFEcRAPccnPFYvRs,Armonía Viva - Afinador de Pianos Alcalá de Henares,CRAFT_AND_REPAIR,PIANO_TECHNICIAN,afinador de pianos,,,,,,,,,40.4379543,-3.5748254,+447814327011,https://www.harmonyworksox.com/armoniaviva,harmonyworksox.com,https://www.google.com/maps/place/data=!3m1!4b1!4m2!3m1!1s0x4714658d9adc8e81:0x1bbd58f19c1cf700,5,1,OPEN,True,Servicio de afinación de pianos,Servicio de afinación de pianos;Service establishment,piano_tuning_service;art;establishment;establishment_service;music;performing_arts;piano;professional_services;public_api_establishment;services,6,Cerrado · Apertura: 11:00,APIFY_GOOGLE_MAPS_SCRAPER,0x4714658d9adc8e81:0x1bbd58f19c1cf700,0x4714658d9adc8e81:0x1bbd58f19c1cf700,1998851604351874816,2026-10-06T23:09:10.131Z,2026-10-07T09:40:20.825Z,st_afinador-de-pianos.json
ChIJcwjx130dMaMRG216Kl35Fmw,Afinador De Pianos Pablo de Cos,CRAFT_AND_REPAIR,PIANO_TECHNICIAN,afinador de pianos,,,,,,,,,40.4379543,-3.6795366,,,,https://www.google.com/maps/place/data=!3m1!4b1!4m2!3m1!1s0xa3311d7dd7f10873:0x6c16f95d2a7a6d1b,,0,OPEN,True,Servicio de afinación de pianos,Servicio de afinación de pianos;Service establishment,piano_tuning_service;art;establishment;establishment_service;music;performing_arts;piano;professional_services;public_api_establishment;services,0,Abierto 24 horas,APIFY_GOOGLE_MAPS_SCRAPER,0xa3311d7dd7f10873:0x6c16f95d2a7a6d1b,0xa3311d7dd7f10873:0x6c16f95d2a7a6d1b,7788686784123792667,2026-10-06T23:09:10.131Z,2026-10-06T23:09:10.131Z,st_afinador-de-pianos.json
ChIJKRnpX2swwKoRRDMBUGjyjB0,Mistybosk | Afieltrado de lana en Madrid,EDUCATION,MUSIC_SCHOOL,escuela de música,,,,,,,,,40.49493,-3.6584296999999997,,https://www.mistybosk.com,mistybosk.com,https://www.google.com/maps/place/data=!3m1!4b1!4m2!3m1!1s0xaac0306b5fe91929:0x1d8cf26850013344,5,15,OPEN,True,Art school,Art school;Service establishment,art_school;art;education;education_and_culture;educational_institution;establishment;establishment_service;higher_education;hobby_classes;institute;instruction;learning;music;music_classes;music_instruction;music_school;musical_institutions;performing_arts;professional_services;public_api_establishment;services;trade_school;training_courses,25,Closed · Opens 9 am,APIFY_GOOGLE_MAPS_SCRAPER,0xaac0306b5fe91929:0x1d8cf26850013344,0xaac0306b5fe91929:0x1d8cf26850013344,2129343253672178500,2026-10-05T22:38:56.343Z,2026-10-05T22:38:56.343Z,st_escuela-de-musica.json
ChIJOUDItehSJWcRyks7PlEmXBw,Studio FAIF producción musical,MUSIC_PRODUCTION,PRODUCER,productor musical,,,,,,,,,40.4379543,-3.6795366,,https://www.tiktok.com/@faif.music?_r=1&_t=ZM-935zTuE20IW,tiktok.com,https://www.google.com/maps/place/data=!3m1!4b1!4m2!3m1!1s0x672552e8b5c84039:0x1c5c26513e3b4bca,5,5,OPEN,True,Productor discográfico,Productor discográfico;Service establishment,music_producer;art;company;culture;education_and_culture;establishment;establishment_service;media;music;performing_arts;public_api_establishment,8,Cerrado · Apertura: 9:00,APIFY_GOOGLE_MAPS_SCRAPER,0x672552e8b5c84039:0x1c5c26513e3b4bca,0x672552e8b5c84039:0x1c5c26513e3b4bca,2043550461297642442,2026-10-06T23:09:24.716Z,2026-10-07T09:40:41.317Z,st_productor-musical.json
ChIJPYa_Fq2QD2ARouuqN-fvRbI,Ockam Records,MUSIC_PRODUCTION,PUBLISHER;PRODUCER,editorial musical;productor musical,,,,,,,,,40.4379543,-3.6795366,,https://ockam.art,ockam.art,https://www.google.com/maps/place/data=!3m1!4b1!4m2!3m1!1s0x600f90ad16bf863d:0xb245efe737aaeba2,,0,OPEN,True,Compañía discográfica,Compañía discográfica;Service establishment;Music management and promotion;Productor discográfico;Productora discográfica,music_publisher;art;b_to_b_companies;books;company;culture;design_services;education_and_culture;establishment;establishment_service;industry;manufacturer;media;music;music_management_and_promotion;music_producer;performing_arts;photography;printing_industry;production;professional_services;public_api_establishment;publisher;record_company;services;video,0,Abierto · Cierre: 17:00,APIFY_GOOGLE_MAPS_SCRAPER,0x600f90ad16bf863d:0xb245efe737aaeba2,0x600f90ad16bf863d:0xb245efe737aaeba2,12845937288494640034,2026-10-07T09:40:46.249Z,2026-10-07T09:40:46.249Z,st_editorial-musical.json;st_productor-musical.json
ChIJn8MTVM4hb04RJwYEEk9plFY,Coro Microcosmos,PERFORMING,CHOIR,coro,,,,,,,,,40.525282,-3.8160298,,https://www.coromicrocosmos.es,coromicrocosmos.es,https://www.google.com/maps/place/data=!3m1!4b1!4m2!3m1!1s0x4e6f21ce5413c39f:0x5694694f12040627,5,19,OPEN,True,Coro,Coro;Service establishment,choir;art;culture;education_and_culture;establishment;establishment_service;music;performing_arts;public_api_establishment,6,Cerrado · Apertura: 19:00,APIFY_GOOGLE_MAPS_SCRAPER,0x4e6f21ce5413c39f:0x5694694f12040627,0x4e6f21ce5413c39f:0x5694694f12040627,6238727172140566055,2026-10-06T23:08:38.332Z,2026-10-07T09:39:23.600Z,st_coro.json
ChIJC4gk5juAPa0RKlE1i-vq8nI,Música Boreal,PERFORMING,BAND,banda de música,,,,,,,,,40.5021062,-3.8160298,,https://www.instagram.com/musicaboreall,instagram.com,https://www.google.com/maps/place/data=!3m1!4b1!4m2!3m1!1s0xad3d803be624880b:0x72f2eaeb8b35512a,5,19,OPEN,True,Band,Band;Service establishment,band;art;entertainment;entertainment_and_recreation;establishment;establishment_service;music;performing_arts;public_api_establishment,19,Open 24 hours,APIFY_GOOGLE_MAPS_SCRAPER,0xad3d803be624880b:0x72f2eaeb8b35512a,0xad3d803be624880b:0x72f2eaeb8b35512a,8282940962061504810,2026-10-05T22:42:29.674Z,2026-10-05T22:42:29.674Z,st_banda-de-musica.json
ChIJ1X-JWOQpQg0R9Cw9A32aVLs,Fundación Acción por la Música,PERFORMING,CULTURAL_ASSOCIATION,asociación musical,,,,,,,,,40.460617,-3.7001218,,http://www.accionporlamusica.es,accionporlamusica.es,https://www.google.com/maps/place/data=!3m1!4b1!4m2!3m1!1s0xd4229e458897fd5:0xbb549a7d033d2cf4,5,4,OPEN,True,Fundación,Fundación;Service establishment,foundation;association_or_organization;establishment;establishment_service;potentially_sensitive_entity;public_api_establishment,13,,APIFY_GOOGLE_MAPS_SCRAPER,0xd4229e458897fd5:0xbb549a7d033d2cf4,0xd4229e458897fd5:0xbb549a7d033d2cf4,13498583844852149492,2026-10-06T23:08:44.675Z,2026-10-07T09:39:33.383Z,st_asociacion-musical.json
ChIJVYjUxKseI2MRqfcClFQeDi0,Joven Orquesta Galileo,PERFORMING,ORCHESTRA,orquesta,,,,,,,,,40.427977399999996,-3.7179341999999997,,,,https://www.google.com/maps/place/data=!3m1!4b1!4m2!3m1!1s0x63231eabc4d48855:0x2d0e1e549402f7a9,5,2,OPEN,True,Orquesta,Orquesta;Service establishment,orchestra;art;entertainment;entertainment_and_recreation;establishment;establishment_service;music;performing_arts;public_api_establishment,3,,APIFY_GOOGLE_MAPS_SCRAPER,0x63231eabc4d48855:0x2d0e1e549402f7a9,0x63231eabc4d48855:0x2d0e1e549402f7a9,3246565729990014889,2026-10-06T23:08:34.431Z,2026-10-07T09:39:18.134Z,st_orquesta.json
ChIJ0SW7swEpQg0RBR2lusCUfqo,Música Mariachi,PERFORMING,BAND,banda de música,,,,,,,,,40.4614866,-3.6855054999999997,,,,https://www.google.com/maps/place/data=!3m1!4b1!4m2!3m1!1s0xd422901b3bb25d1:0xaa7e94c0baa51d05,5,1,OPEN,True,Banda de música,Banda de música;Service establishment,band;art;entertainment;entertainment_and_recreation;establishment;establishment_service;music;performing_arts;public_api_establishment,4,,APIFY_GOOGLE_MAPS_SCRAPER,0xd422901b3bb25d1:0xaa7e94c0baa51d05,0xd422901b3bb25d1:0xaa7e94c0baa51d05,12285420388999306501,2026-10-07T09:39:12.281Z,2026-10-07T09:39:12.281Z,st_banda-de-musica.json
ChIJDURZcUZri6oRuEgwdmhq3CY,MADRID SINFÓNICA MSDA,PERFORMING,ORCHESTRA,orquesta,,,,,,,,,40.4379543,-3.6795366,,https://madridsinfonica.com,madridsinfonica.com,https://www.google.com/maps/place/data=!3m1!4b1!4m2!3m1!1s0xaa8b6b467159440d:0x26dc6a68763048b8,4.9,342,OPEN,True,Orquesta,Orquesta;Service establishment;Organizador de eventos,orchestra;art;ceremonial_occasions;entertainment;entertainment_and_recreation;establishment;establishment_service;music;party;party_planner;performing_arts;professional_services;public_api_establishment;services;weddings,272,,APIFY_GOOGLE_MAPS_SCRAPER,0xaa8b6b467159440d:0x26dc6a68763048b8,0xaa8b6b467159440d:0x26dc6a68763048b8,2800230065209624760,2026-10-06T23:08:34.431Z,2026-10-06T23:08:34.431Z,st_orquesta.json
ChIJCUjWj-y6bkYRkJNl8MiFFTU,Pascual Osa,PERFORMING,ORCHESTRA,orquesta,,,,,,,,,40.4379543,-3.6795366,,https://pascualosa.com,pascualosa.com,https://www.google.com/maps/place/data=!3m1!4b1!4m2!3m1!1s0x466ebaec8fd64809:0x351585c8f0659390,,0,OPEN,True,Orquesta,Orquesta;Service establishment,orchestra;art;entertainment;entertainment_and_recreation;establishment;establishment_service;music;performing_arts;public_api_establishment,1,,APIFY_GOOGLE_MAPS_SCRAPER,0x466ebaec8fd64809:0x351585c8f0659390,0x466ebaec8fd64809:0x351585c8f0659390,3825110556594246544,2026-10-07T09:39:18.134Z,2026-10-07T09:39:18.134Z,st_orquesta.json
ChIJ04E8y6AtQg0RU4VMGNy4rsA,Octocas‌ino,CRAFT_AND_REPAIR,INSTRUMENT_REPAIR,reparación de instrumentos musicales,"C. de Valencia, 105, 28100 Alcobendas, Madrid","Octocas‌ino, C. de Valencia, 105, 28100 Alcobendas, Madrid","C. de Valencia, 105",,Alcobendas,28100,Madrid,ES,40.5499182,-3.6395679999999997,+34632365212,https://octo.casino,octo.casino,https://www.google.com/maps/place/data=!3m1!4b1!4m2!3m1!1s0xd422da0cb3c81d3:0xc0aeb8dc184c8553,5,1,OPEN,False,Taller de reparación de instrumentos musicales,Taller de reparación de instrumentos musicales,musical_instrument_repair_shop;art;establishment;establishment_poi;feature;music;performing_arts;professional_services;public_api_establishment;repairs;services,5,Abierto · Cierre: 8:30 · Próxima apertura: 9:00,APIFY_GOOGLE_MAPS_SCRAPER,0xd422da0cb3c81d3:0xc0aeb8dc184c8553,0xd422da0cb3c81d3:0xc0aeb8dc184c8553,13884237956669801811,2026-10-06T23:09:00.055Z,2026-10-06T23:09:00.055Z,st_reparacion-de-instrumentos-musicales.json
ChIJUbq8EHcsQg0RL70VFhD5Rkw,Adler Instrumentos,INSTRUMENTS,DISTRIBUTION,distribuidor de instrumentos musicales,"C. de San Rafael, 1, Edif Europa III, P1, 2ºB, 28108 Alcobendas, Madrid","Adler Instrumentos, C. de San Rafael, 1, Edif Europa III, P1, 2ºB, 28108 Alcobendas, Madrid","C. de San Rafael, 1, Edif Europa III, P1, 2ºB",,Alcobendas,28108,Madrid,ES,40.523967299999995,-3.6587511,+34913584046,http://www.adler-instrumentos.es,adler-instrumentos.es,https://www.google.com/maps/place/data=!3m1!4b1!4m2!3m1!1s0xd422c7710bcba51:0x4c46f9101615bd2f,5,5,OPEN,True,Empresa de suministros industriales,Empresa de suministros industriales,industrial_equipment_supplier;company;equipment_supplier;establishment;establishment_poi;feature;industry;manufacturer;production;public_api_establishment;suppliers,65,Cerrado · Apertura: 8:30,APIFY_GOOGLE_MAPS_SCRAPER,0xd422c7710bcba51:0x4c46f9101615bd2f,0xd422c7710bcba51:0x4c46f9101615bd2f,5496354242737585455,2026-10-06T23:08:56.054Z,2026-10-07T09:39:52.372Z,st_distribuidor-de-instrumentos-musicales.json
ChIJH_GUqX4sQg0R6FUm1_unXKM,Ensayos Jendrix S.L.,INSTRUMENTS;MUSIC_PRODUCTION,RENTAL;REHEARSAL_ROOM,alquiler de instrumentos musicales;sala de ensayo,"C. de la Granja, 60, 28108 Alcobendas, Madrid","Ensayos Jendrix S.L., C. de la Granja, 60, 28108 Alcobendas, Madrid","C. de la Granja, 60",,Alcobendas,28108,Madrid,ES,40.531852699999995,-3.6569464,+34607720608,https://www.ensayosjendrix.es,ensayosjendrix.es,https://www.google.com/maps/place/data=!3m1!4b1!4m2!3m1!1s0xd422c7ea994f11f:0xa35ca7fbd72655e8,4.6,244,OPEN,True,Sala de conciertos,Sala de conciertos,concert_hall;art;auditorium;culture;education_and_culture;entertainment;entertainment_and_recreation;establishment;establishment_poi;event_venue;feature;hall;live_music_venue;music;nightlife;performing_arts;public_api_establishment,64,,APIFY_GOOGLE_MAPS_SCRAPER,0xd422c7ea994f11f:0xa35ca7fbd72655e8,0xd422c7ea994f11f:0xa35ca7fbd72655e8,11771468226127877608,2026-10-06T23:08:52.096Z,2026-10-07T09:40:36.588Z,st_alquiler-de-instrumentos-musicales.json;st_sala-de-ensayo.json
ChIJE0PbgeEtQg0RKhvVeMURkgI,Dani Manzan | Productor Musical,MUSIC_PRODUCTION,PRODUCER,productor musical,"C. de Einstein, 28108 Alcobendas, Madrid","Dani Manzan | Productor Musical, C. de Einstein, 28108 Alcobendas, Madrid",C. de Einstein,,Alcobendas,28108,Madrid,ES,40.535070499999996,-3.6538030999999997,+34626423014,https://www.danimanzan.com,danimanzan.com,https://www.google.com/maps/place/data=!3m1!4b1!4m2!3m1!1s0xd422de181db4313:0x29211c578d51b2a,5,43,OPEN,True,location,,musician_and_composer;art;establishment;establishment_poi;feature;music;performing_arts;public_api_establishment,2,Cerrado · Apertura: 10:00,APIFY_GOOGLE_MAPS_SCRAPER,0xd422de181db4313:0x29211c578d51b2a,0xd422de181db4313:0x29211c578d51b2a,185230074509073194,2026-10-06T23:09:24.716Z,2026-10-07T09:40:41.317Z,st_productor-musical.json
ChIJ-yGryZIsQg0RCViE6iHSlrk,Coral de Alcobendas,PERFORMING,CHOIR,coro,"C. de Ruperto Chapí, 22, 28100 Alcobendas, Madrid","Coral de Alcobendas, C. de Ruperto Chapí, 22, 28100 Alcobendas, Madrid","C. de Ruperto Chapí, 22",,Alcobendas,28100,Madrid,ES,40.548181899999996,-3.6419688,+34644477626,http://www.coraldealcobendas.es,coraldealcobendas.es,https://www.google.com/maps/place/data=!3m1!4b1!4m2!3m1!1s0xd422c92c9ab21fb:0xb996d221ea845809,4.7,7,OPEN,False,Coro,Coro,choir;art;culture;education_and_culture;establishment;establishment_poi;feature;music;performing_arts;public_api_establishment,1,Cerrado · Apertura: 20:00 (jue),APIFY_GOOGLE_MAPS_SCRAPER,0xd422c92c9ab21fb:0xb996d221ea845809,0xd422c92c9ab21fb:0xb996d221ea845809,13373107186633562121,2026-10-06T23:08:38.332Z,2026-10-07T09:39:23.600Z,st_coro.json
ChIJOUkKUbWPQQ0REVkr8ndLxB4,Centro de Estudios Curso de Instalador®,CRAFT_AND_REPAIR,BRASS_REPAIR,reparación instrumentos de metal,"Av. Primero de Mayo, 6, portal 5 1º A, 28922 Alcorcón, Madrid","Centro de Estudios Curso de Instalador®, Av. Primero de Mayo, 6, portal 5 1º A, 28922 Alcorcón, Madrid","Av. Primero de Mayo, 6, portal 5 1º A",,Alcorcón,28922,Madrid,ES,40.3319227,-3.8281457,+34912171879,https://cursodeinstalador.com,cursodeinstalador.com,https://www.google.com/maps/place/data=!3m1!4b1!4m2!3m1!1s0xd418fb5510a4939:0x1ec44b77f22b5911,4.9,1159,OPEN,True,Centro de formación profesional,Centro de formación profesional;Centro de estudios,vocational_training_school;education;education_and_culture;educational_institution;establishment;establishment_poi;feature;potentially_sensitive_entity;public_api_establishment;studying_center;vocational_education,22,Cerrado · Apertura: 9:00,APIFY_GOOGLE_MAPS_SCRAPER,0xd418fb5510a4939:0x1ec44b77f22b5911,0xd418fb5510a4939:0x1ec44b77f22b5911,2216979895109245201,2026-10-06T23:09:07.201Z,2026-10-07T09:40:16.359Z,st_reparacion-instrumentos-de-metal.json
ChIJDxNkA0SJQQ0RCh2nuc_bJkI,HGH Guitars Luthier,CRAFT_AND_REPAIR,BRASS_REPAIR;WOODWIND_REPAIR;LUTHIER,reparación instrumentos de metal;reparación instrumentos de viento;luthier,"Calle de las Fábricas 3, Planta 2 Local 1 bis, 28923 Alcorcón, Madrid","HGH Guitars Luthier, Calle de las Fábricas 3, Planta 2 Local 1 bis, 28923 Alcorcón, Madrid","Calle de las Fábricas 3, Planta 2 Local 1 bis",,Alcorcón,28923,Madrid,ES,40.3433296,-3.8127058999999996,+34620643670,,,https://www.google.com/maps/place/data=!3m1!4b1!4m2!3m1!1s0xd4189440364130f:0x4226dbcfb9a71d0a,4.9,61,OPEN,True,Taller de reparación de instrumentos musicales,Taller de reparación de instrumentos musicales,musical_instrument_repair_shop;art;establishment;establishment_poi;feature;music;performing_arts;professional_services;public_api_establishment;repairs;services,8,Cerrado · Apertura: 11:00,APIFY_GOOGLE_MAPS_SCRAPER,0xd4189440364130f:0x4226dbcfb9a71d0a,0xd4189440364130f:0x4226dbcfb9a71d0a,4766738940837698826,2026-10-06T23:09:07.201Z,2026-10-07T09:40:16.359Z,st_reparacion-instrumentos-de-metal.json;st_reparacion-instrumentos-de-viento.json;st_luthier.json
ChIJCx1PohaPQQ0RIUWczmMdrGQ,FONSECA LUTHIER,CRAFT_AND_REPAIR,LUTHIER;BRASS_REPAIR;WOODWIND_REPAIR,luthier;reparación instrumentos de metal;reparación instrumentos de viento,"C. San Blas, 28921 Alcorcón, Madrid","FONSECA LUTHIER, C. San Blas, 28921 Alcorcón, Madrid",C. San Blas,,Alcorcón,28921,Madrid,ES,40.3446812,-3.8249972,+34687948483,https://fonsecaluthier.com,fonsecaluthier.com,https://www.google.com/maps/place/data=!3m1!4b1!4m2!3m1!1s0xd418f16a24f1d0b:0x64ac1d63ce9c4521,4.9,28,OPEN,True,Musical instrument repair shop,Musical instrument repair shop,musical_instrument_repair_shop;art;establishment;establishment_poi;feature;music;performing_arts;professional_services;public_api_establishment;repairs;services,16,,APIFY_GOOGLE_MAPS_SCRAPER,0xd418f16a24f1d0b:0x64ac1d63ce9c4521,0xd418f16a24f1d0b:0x64ac1d63ce9c4521,7254205414292342049,2026-10-05T22:34:08.625Z,2026-10-07T09:40:16.359Z,st_luthier.json;st_reparacion-instrumentos-de-metal.json;st_reparacion-instrumentos-de-viento.json
ChIJNYt5kjmJQQ0ROwo31p1p0_Q,"Escuela Municipal y Conservatorio Profesional de Musica ""Manuel de Falla""",EDUCATION,CONSERVATORY,conservatorio,"C. Carballino, s/n, 28925 Alcorcón, Madrid","Escuela Municipal y Conservatorio Profesional de Musica ""Manuel de Falla"", C. Carballino, s/n, 28925 Alcorcón, Madrid","C. Carballino, s/n",,Alcorcón,28925,Madrid,ES,40.351490999999996,-3.8126550999999997,+34911127690,https://site.educa.madrid.org/cpm.manueldefalla.alcorcon,madrid.org,https://www.google.com/maps/place/data=!3m1!4b1!4m2!3m1!1s0xd41893992798b35:0xf4d3699dd6370a3b,4.2,65,OPEN,True,Conservatorio de música,Conservatorio de música,conservatory_of_music;art;culture;education;education_and_culture;educational_institution;establishment;establishment_poi;feature;instruction;music;musical_institutions;performing_arts;public_api_establishment;school;training_courses,40,Cerrado · Apertura: 9:00,APIFY_GOOGLE_MAPS_SCRAPER,0xd41893992798b35:0xf4d3699dd6370a3b,0xd41893992798b35:0xf4d3699dd6370a3b,17641560291965078075,2026-10-06T23:05:57.620Z,2026-10-07T09:38:49.885Z,st_conservatorio.json
ChIJUyCs90aPQQ0R_HX7iTkVUnw,DinaMusic - Alquiler de Sonido Madrid,INSTRUMENTS,RENTAL,alquiler de instrumentos musicales,"C. Valdemorillo, 91, Local, 28925 Alcorcón, Madrid","DinaMusic - Alquiler de Sonido Madrid, C. Valdemorillo, 91, Local, 28925 Alcorcón, Madrid","C. Valdemorillo, 91, Local",,Alcorcón,28925,Madrid,ES,40.3899573,-3.8421195999999997,+34658170761,https://dinamusic.es,dinamusic.es,https://www.google.com/maps/place/data=!3m1!4b1!4m2!3m1!1s0xd418f46f7ac2053:0x7c52153989fb75fc,5,26,OPEN,True,Alquiler de equipo audiovisual,Alquiler de equipo audiovisual;Asesor audiovisual;Proveedor de equipos audiovisuales;Servicio de tecnología de eventos;Discoteca móvil;Servicio de alquiler de equipos para fiestas;Organizador de eventos;Proveedor de equipos de iluminación de escenarios;Tienda de alquilar de equipos de música;Servicio de producción de vídeo,audio_visual_equipment_rental_service;appliance_store;appliances;art;audio_visual_consultant;audio_visual_equipment_supplier;business_related;business_service;ceremonial_occasions;company;construction;consultant;contractor;cuisine;design_services;electrical_and_electronics_stores;electrical_equipment;electrical_goods;electrics;electronics;electronics_store;engineer;entertainment;entertainment_and_recreation;establishment;establishment_poi;event_technology_service;facility_contractor;feature;home_goods_store;home_services;homes;media;mobile_disco;music;party;party_equipment_rental_service;party_planner;party_service;performing_arts;photography;professional_services;public_api_establishment;recreation;rental;services;shopping;stage_lighting_equipment_supplier;stereo_rental_store;store;utility_contractor;video;video_production_service;weddings,51,Cerrado · Apertura: 9:00,APIFY_GOOGLE_MAPS_SCRAPER,0xd418f46f7ac2053:0x7c52153989fb75fc,0xd418f46f7ac2053:0x7c52153989fb75fc,8958245945665615356,2026-10-06T23:08:52.096Z,2026-10-07T09:39:47.719Z,st_alquiler-de-instrumentos-musicales.json
ChIJB1tgsHmJQQ0Rzfzy9OUBF7U,EUROMUSICA FERSAN S.L.,INSTRUMENTS,DISTRIBUTION,distribuidor de instrumentos musicales,"C. las Fraguas, 24, 28923 Alcorcón, Madrid","EUROMUSICA FERSAN S.L., C. las Fraguas, 24, 28923 Alcorcón, Madrid","C. las Fraguas, 24",,Alcorcón,28923,Madrid,ES,40.338077,-3.8105114999999996,+34916434988,https://www.clienteseuromusica.es,clienteseuromusica.es,https://www.google.com/maps/place/data=!3m1!4b1!4m2!3m1!1s0xd418979b0605b07:0xb51701e5f4f2fccd,4.8,44,OPEN,True,Tienda de instrumentos musicales,Tienda de instrumentos musicales,musical_instrument_store;art;establishment;establishment_poi;feature;music;music_store;performing_arts;public_api_establishment;sheet_music_and_musical_instruments;shopping;store,6,Cerrado · Apertura: 9:00,APIFY_GOOGLE_MAPS_SCRAPER,0xd418979b0605b07:0xb51701e5f4f2fccd,0xd418979b0605b07:0xb51701e5f4f2fccd,13048900532498005197,2026-10-06T23:08:56.054Z,2026-10-07T09:39:52.371Z,st_distribuidor-de-instrumentos-musicales.json
ChIJU55Y1zWJQQ0RNG5H2gxstBI,"MUSICOPOLIX ALCORCON, ROYAL PIANOS Y SERVICIO LUTHIER",INSTRUMENTS,RETAIL;DISTRIBUTION;SECOND_HAND,tienda de instrumentos musicales;distribuidor de instrumentos musicales;instrumentos musicales de segunda mano,"Pl. Príncipes de España, Local 6, 28924 Alcorcón, Madrid","MUSICOPOLIX ALCORCON, ROYAL PIANOS Y SERVICIO LUTHIER, Pl. Príncipes de España, Local 6, 28924 Alcorcón, Madrid","Pl. Príncipes de España, Local 6",,Alcorcón,28924,Madrid,ES,40.350133799999995,-3.8200980999999996,+34911828719,https://www.musicopolix.com/info/11-tienda-alcorcon,musicopolix.com,https://www.google.com/maps/place/data=!3m1!4b1!4m2!3m1!1s0xd418935d7589e53:0x12b46c0cda476e34,4.6,467,OPEN,True,Musical instrument store,Musical instrument store,musical_instrument_store;art;establishment;establishment_poi;feature;music;music_store;performing_arts;public_api_establishment;sheet_music_and_musical_instruments;shopping;store,123,Closed · Opens 10 am Thu,APIFY_GOOGLE_MAPS_SCRAPER,0xd418935d7589e53:0x12b46c0cda476e34,0xd418935d7589e53:0x12b46c0cda476e34,1347820990948142644,2026-10-05T23:13:55.186Z,2026-10-07T09:39:52.371Z,st_tienda-de-instrumentos-musicales.json;st_distribuidor-de-instrumentos-musicales.json;st_instrumentos-musicales-de-segunda-mano.json
ChIJN2blglCJQQ0RnuVgkD6fKuk,Locales de ensayo El Desguace,INSTRUMENTS;MUSIC_PRODUCTION,RENTAL;REHEARSAL_ROOM,alquiler de instrumentos musicales;sala de ensayo,"C. Químicas, 71, 28923 Alcorcón, Madrid","Locales de ensayo El Desguace, C. Químicas, 71, 28923 Alcorcón, Madrid","C. Químicas, 71",,Alcorcón,28923,Madrid,ES,40.334896,-3.814774,+34615544790,http://localeseldesguace.com,localeseldesguace.com,https://www.google.com/maps/place/data=!3m1!4b1!4m2!3m1!1s0xd41895082e56637:0xe92a9f3e9060e59e,4.6,179,OPEN,True,Club musical,Club musical,musical_club;art;association_or_organization;establishment;establishment_poi;feature;music;performing_arts;potentially_sensitive_entity;public_api_establishment,16,Abierto 24 horas,APIFY_GOOGLE_MAPS_SCRAPER,0xd41895082e56637:0xe92a9f3e9060e59e,0xd41895082e56637:0xe92a9f3e9060e59e,16801416450918114718,2026-10-06T23:08:52.096Z,2026-10-07T09:40:36.588Z,st_alquiler-de-instrumentos-musicales.json;st_sala-de-ensayo.json
ChIJCZkSSEGPQQ0R-4tUPT6mg1M,Sala de Eventos TYS,MUSIC_PRODUCTION,REHEARSAL_ROOM,sala de ensayo,"Polígono Ventorro del Cano, C. Batres, 2G, 28925 Alcorcón, Madrid","Sala de Eventos TYS, Polígono Ventorro del Cano, C. Batres, 2G, 28925 Alcorcón, Madrid","Polígono Ventorro del Cano, C. Batres, 2G",,Alcorcón,28925,Madrid,ES,40.392096599999995,-3.8409188999999997,+34630076285,http://tonysonlocales.com,tonysonlocales.com,https://www.google.com/maps/place/data=!3m1!4b1!4m2!3m1!1s0xd418f4148129909:0x5383a63e3d548bfb,4.9,71,OPEN,True,Estudio de grabación,Estudio de grabación;Sala de conciertos;Sala de ensayos,rehearsa_studio;art;auditorium;concert_hall;culture;design_services;education_and_culture;entertainment;entertainment_and_recreation;establishment;establishment_poi;event_venue;feature;hall;hobbies;live_music_venue;music;music_store;nightlife;performing_arts;photography;public_api_establishment;recording_studio;shopping;store;video,30,Abierto 24 horas,APIFY_GOOGLE_MAPS_SCRAPER,0xd418f4148129909:0x5383a63e3d548bfb,0xd418f4148129909:0x5383a63e3d548bfb,6017836313344248827,2026-10-06T23:09:20.826Z,2026-10-07T09:40:36.588Z,st_sala-de-ensayo.json
ChIJUTWp0DGPQQ0RkKCg7-GHj-s,Locales de ensayo y sala de actuaciones Excalibur,MUSIC_PRODUCTION,REHEARSAL_ROOM,sala de ensayo,"C. Campo Santo, 16, 28922 Alcorcón, Madrid","Locales de ensayo y sala de actuaciones Excalibur, C. Campo Santo, 16, 28922 Alcorcón, Madrid","C. Campo Santo, 16",,Alcorcón,28922,Madrid,ES,40.3540802,-3.8284887999999997,,,,https://www.google.com/maps/place/data=!3m1!4b1!4m2!3m1!1s0xd418f31d0a93551:0xeb8f87e1efa0a090,4.2,62,OPEN,True,Sala de conciertos,Sala de conciertos,concert_hall;art;auditorium;culture;education_and_culture;entertainment;entertainment_and_recreation;establishment;establishment_poi;event_venue;feature;hall;live_music_venue;music;nightlife;performing_arts;public_api_establishment,29,,APIFY_GOOGLE_MAPS_SCRAPER,0xd418f31d0a93551:0xeb8f87e1efa0a090,0xd418f31d0a93551:0xeb8f87e1efa0a090,16973934925040361616,2026-10-06T23:09:20.827Z,2026-10-07T09:40:36.589Z,st_sala-de-ensayo.json
ChIJKWcXKmiJQQ0R2XmjBrWdV8I,Locales De Ensayo Bola8,MUSIC_PRODUCTION,REHEARSAL_ROOM,sala de ensayo,"Polígono Urtinsa, C. los Electricistas, 35, 28923 Alcorcón, Madrid","Locales De Ensayo Bola8, Polígono Urtinsa, C. los Electricistas, 35, 28923 Alcorcón, Madrid","Polígono Urtinsa, C. los Electricistas, 35",,Alcorcón,28923,Madrid,ES,40.340526,-3.8043055999999997,+34646028163,http://www.localesbola8.com,localesbola8.com,https://www.google.com/maps/place/data=!3m1!4b1!4m2!3m1!1s0xd4189682a176729:0xc2579db506a379d9,3.4,34,OPEN,True,Recinto para eventos,Recinto para eventos,event_venue;establishment;establishment_poi;feature;public_api_establishment,4,Abierto 24 horas,APIFY_GOOGLE_MAPS_SCRAPER,0xd4189682a176729:0xc2579db506a379d9,0xd4189682a176729:0xc2579db506a379d9,14003834967157864921,2026-10-06T23:09:20.827Z,2026-10-06T23:09:20.827Z,st_sala-de-ensayo.json
ChIJBQDQeEaJQQ0RnA0cFtq4ZpU,Alcatraz La Orquesta,PERFORMING,ORCHESTRA,orquesta,"C. las Fábricas, 5, 28923 Alcorcón, Madrid","Alcatraz La Orquesta, C. las Fábricas, 5, 28923 Alcorcón, Madrid","C. las Fábricas, 5",,Alcorcón,28923,Madrid,ES,40.3432579,-3.8124675,+34695566301,,,https://www.google.com/maps/place/data=!3m1!4b1!4m2!3m1!1s0xd41894678d00005:0x9566b8da161c0d9c,4.3,4,OPEN,False,Orquesta,Orquesta,orchestra;art;entertainment;entertainment_and_recreation;establishment;establishment_poi;feature;music;performing_arts;public_api_establishment,1,,APIFY_GOOGLE_MAPS_SCRAPER,0xd41894678d00005:0x9566b8da161c0d9c,0xd41894678d00005:0x9566b8da161c0d9c,10765495206089067932,2026-10-06T23:08:34.431Z,2026-10-07T09:39:18.134Z,st_orquesta.json
ChIJPTOeYrCOQQ0RfaUhpOmPRUU,Asociación de Músicos Profesionales de España,PERFORMING,CULTURAL_ASSOCIATION,asociación musical,"C. las Palmeras, 8, 28922 Alcorcón, Madrid","Asociación de Músicos Profesionales de España, C. las Palmeras, 8, 28922 Alcorcón, Madrid","C. las Palmeras, 8",,Alcorcón,28922,Madrid,ES,40.3398687,-3.8342722,+34654889612,http://ampemusicos.com,ampemusicos.com,https://www.google.com/maps/place/data=!3m1!4b1!4m2!3m1!1s0xd418eb0629e333d:0x45458fe9a421a57d,4,2,OPEN,False,Organización sin ánimo de lucro,Organización sin ánimo de lucro,non_profit_organization;association_or_organization;establishment;establishment_poi;feature;potentially_sensitive_entity;public_api_establishment,2,,APIFY_GOOGLE_MAPS_SCRAPER,0xd418eb0629e333d:0x45458fe9a421a57d,0xd418eb0629e333d:0x45458fe9a421a57d,4991553995653883261,2026-10-06T23:08:44.675Z,2026-10-07T09:39:33.383Z,st_asociacion-musical.json
ChIJ4WLELEiJQQ0RH3M4j1mV2wg,La Orquesta,PERFORMING,ORCHESTRA,orquesta,"Av. de Leganés, 40, 28923 Alcorcón, Madrid","La Orquesta, Av. de Leganés, 40, 28923 Alcorcón, Madrid","Av. de Leganés, 40",,Alcorcón,28923,Madrid,ES,40.3476521,-3.8171385,,,,https://www.google.com/maps/place/data=!3m1!4b1!4m2!3m1!1s0xd4189482cc462e1:0x8db95598f38731f,3,2,OPEN,False,Escultura,Escultura,sculpture;culture;education_and_culture;establishment;establishment_poi;exhibit;feature;public_api_establishment,20,Abierto 24 horas,APIFY_GOOGLE_MAPS_SCRAPER,0xd4189482cc462e1:0x8db95598f38731f,0xd4189482cc462e1:0x8db95598f38731f,638267984090526495,2026-10-06T23:08:34.431Z,2026-10-07T09:39:18.134Z,st_orquesta.json
ChIJ069KwbOOQQ0REIyebFE4oCk,orquesta Blue Moon,PERFORMING,ORCHESTRA,orquesta,"C. Dulcinea, 5, 28922 Alcorcón, Madrid","orquesta Blue Moon, C. Dulcinea, 5, 28922 Alcorcón, Madrid","C. Dulcinea, 5",,Alcorcón,28922,Madrid,ES,40.3410109,-3.8288735,+34916415781,,,https://www.google.com/maps/place/data=!3m1!4b1!4m2!3m1!1s0xd418eb3c14aafd3:0x29a038516c9e8c10,,0,OPEN,False,Orquesta,Orquesta,orchestra;art;entertainment;entertainment_and_recreation;establishment;establishment_poi;feature;music;performing_arts;public_api_establishment,1,,APIFY_GOOGLE_MAPS_SCRAPER,0xd418eb3c14aafd3:0x29a038516c9e8c10,0xd418eb3c14aafd3:0x29a038516c9e8c10,2999459274194586640,2026-10-06T23:08:34.431Z,2026-10-07T09:39:18.134Z,st_orquesta.json
ChIJgRsvKuQpQg0Re8cs9iyMQ3g,Cargo Music,MUSIC_PRODUCTION,PRODUCER,productor musical,"C. Vidrieros, 15, 28660 Boadilla del Monte, Madrid","Cargo Music, C. Vidrieros, 15, 28660 Boadilla del Monte, Madrid","C. Vidrieros, 15",,Boadilla del Monte,28660,Madrid,ES,40.3923146,-3.8451361,+34680620103,https://cargomusic.es,cargomusic.es,https://www.google.com/maps/place/data=!3m1!4b1!4m2!3m1!1s0xd4229e42a2f1b81:0x78438c2cf62cc77b,4.8,22,OPEN,True,Estudio de grabación,Estudio de grabación;Escuela de música;Productora discográfica,record_company;art;b_to_b_companies;books;company;design_services;education;education_and_culture;educational_institution;entertainment_and_recreation;establishment;establishment_poi;feature;hobbies;hobby_classes;industry;institute;instruction;learning;manufacturer;media;music;music_classes;music_instruction;music_school;music_store;musical_institutions;performing_arts;photography;printing_industry;production;professional_services;public_api_establishment;publisher;recording_studio;services;shopping;store;training_courses;video,27,Cerrado · Apertura: 10:00,APIFY_GOOGLE_MAPS_SCRAPER,0xd4229e42a2f1b81:0x78438c2cf62cc77b,0xd4229e42a2f1b81:0x78438c2cf62cc77b,8665924232727545723,2026-10-06T23:09:24.716Z,2026-10-07T09:40:41.317Z,st_productor-musical.json
ChIJUTSQcjwvQg0Rrpdh70xaOEI,Multi Arte Digital Music,PERFORMING,CULTURAL_ASSOCIATION,asociación musical,"C. de Francisco Luján, 17, Cdad. Lineal, 28027 Chalet, Madrid","Multi Arte Digital Music, C. de Francisco Luján, 17, Cdad. Lineal, 28027 Chalet, Madrid","C. de Francisco Luján, 17",Ciudad Lineal,Chalet,28027,Madrid,ES,40.4415559,-3.6465907,+34917011320,http://digital-music.es,digital-music.es,https://www.google.com/maps/place/data=!3m1!4b1!4m2!3m1!1s0xd422f3c72903451:0x42385a4cef6197ae,,0,OPEN,False,Club musical,Club musical,musical_club;art;association_or_organization;establishment;establishment_poi;feature;music;performing_arts;potentially_sensitive_entity;public_api_establishment,1,,APIFY_GOOGLE_MAPS_SCRAPER,0xd422f3c72903451:0x42385a4cef6197ae,0xd422f3c72903451:0x42385a4cef6197ae,4771663091679205294,2026-10-06T23:08:44.675Z,2026-10-06T23:08:44.675Z,st_asociacion-musical.json
ChIJEwRf5AwwQg0RUwb4P6JKcMA,JMG Guitars - Javier Martinez (LUTHIER),CRAFT_AND_REPAIR,LUTHIER;INSTRUMENT_REPAIR;BRASS_REPAIR;WOODWIND_REPAIR;RESTORATION,luthier;reparación de instrumentos musicales;reparación instrumentos de metal;reparación instrumentos de viento;restauración de instrumentos musicales,"Calle del Dr. Ochoa, 1, 3°C, 28821 Coslada, Madrid","JMG Guitars - Javier Martinez (LUTHIER), Calle del Dr. Ochoa, 1, 3°C, 28821 Coslada, Madrid","Calle del Dr. Ochoa, 1, 3°C",,Coslada,28821,Madrid,ES,40.424529,-3.5629519999999997,+34626070224,https://www.instagram.com/jmgguitars?igsh=MjZrend1ZGhpZ2p0,instagram.com,https://www.google.com/maps/place/data=!3m1!4b1!4m2!3m1!1s0xd42300ce45f0413:0xc0704aa23ff80653,5,105,OPEN,True,Musical instrument repair shop,Musical instrument repair shop,musical_instrument_repair_shop;art;establishment;establishment_poi;feature;music;performing_arts;professional_services;public_api_establishment;repairs;services,43,Closed · Opens 1 pm,APIFY_GOOGLE_MAPS_SCRAPER,0xd42300ce45f0413:0xc0704aa23ff80653,0xd42300ce45f0413:0xc0704aa23ff80653,13866665313392133715,2026-10-05T22:34:08.625Z,2026-10-07T09:40:25.333Z,st_luthier.json;st_reparacion-de-instrumentos-musicales.json;st_reparacion-instrumentos-de-metal.json;st_reparacion-instrumentos-de-viento.json;st_restauracion-de-instrumentos-musicales.json
ChIJuYvdP70xQg0RZ-9HXmi9_Qw,Sala Venom,CULTURAL_INFRASTRUCTURE,CONCERT_HALL,sala de conciertos,"C. de Uruguay, 12, 28822 Coslada, Madrid","Sala Venom, C. de Uruguay, 12, 28822 Coslada, Madrid","C. de Uruguay, 12",,Coslada,28822,Madrid,ES,40.4240262,-3.5488918999999997,,,,https://www.google.com/maps/place/data=!3m1!4b1!4m2!3m1!1s0xd4231bd3fdd8bb9:0xcfdbd685e47ef67,4.4,171,OPEN,True,Sala de conciertos,Sala de conciertos,concert_hall;art;auditorium;culture;education_and_culture;entertainment;entertainment_and_recreation;establishment;establishment_poi;event_venue;feature;hall;live_music_venue;music;nightlife;performing_arts;public_api_establishment,102,,APIFY_GOOGLE_MAPS_SCRAPER,0xd4231bd3fdd8bb9:0xcfdbd685e47ef67,0xd4231bd3fdd8bb9:0xcfdbd685e47ef67,936112553518952295,2026-10-07T09:40:50.939Z,2026-10-07T09:40:50.939Z,st_sala-de-conciertos.json
ChIJ1zoDbKsjQg0Rb_633Nu3HYo,Guitarras Luthier Santana,CRAFT_AND_REPAIR,INSTRUMENT_REPAIR;BRASS_REPAIR;WOODWIND_REPAIR;LUTHIER,reparación de instrumentos musicales;reparación instrumentos de metal;reparación instrumentos de viento;luthier,"C. del Caminante, 28909 Getafe, Madrid","Guitarras Luthier Santana, C. del Caminante, 28909 Getafe, Madrid",C. del Caminante,,Getafe,28909,Madrid,ES,40.323515799999996,-3.6594789999999997,+34657362377,https://luthiersantana.es,luthiersantana.es,https://www.google.com/maps/place/data=!3m1!4b1!4m2!3m1!1s0xd4223ab6c033ad7:0x8a1db7dbdcb7fe6f,5,21,OPEN,True,Taller de reparación de instrumentos musicales,Taller de reparación de instrumentos musicales,musical_instrument_repair_shop;art;establishment;establishment_poi;feature;music;performing_arts;professional_services;public_api_establishment;repairs;services,1,Cerrado · Apertura: 10:00,APIFY_GOOGLE_MAPS_SCRAPER,0xd4223ab6c033ad7:0x8a1db7dbdcb7fe6f,0xd4223ab6c033ad7:0x8a1db7dbdcb7fe6f,9952312906487430767,2026-10-06T23:09:00.055Z,2026-10-07T09:40:16.359Z,st_reparacion-de-instrumentos-musicales.json;st_reparacion-instrumentos-de-metal.json;st_reparacion-instrumentos-de-viento.json;st_luthier.json
ChIJ6XVN65ogQg0RM81ZfeSCk2o,Aula 7,CRAFT_AND_REPAIR,BRASS_REPAIR;RESTORATION,reparación instrumentos de metal;restauración de instrumentos musicales,"C. Fuenlabrada, 50, 28901 Getafe, Madrid","Aula 7, C. Fuenlabrada, 50, 28901 Getafe, Madrid","C. Fuenlabrada, 50",,Getafe,28901,Madrid,ES,40.301246,-3.7345777,+34666272597,http://aula7.es,aula7.es,https://www.google.com/maps/place/data=!3m1!4b1!4m2!3m1!1s0xd42209aeb4d75e9:0x6a9382e47d59cd33,4.8,187,OPEN,True,Tienda de instrumentos musicales,Tienda de instrumentos musicales,musical_instrument_store;art;establishment;establishment_poi;feature;music;music_store;performing_arts;public_api_establishment;sheet_music_and_musical_instruments;shopping;store,11,Cerrado · Apertura: 10:30,APIFY_GOOGLE_MAPS_SCRAPER,0xd42209aeb4d75e9:0x6a9382e47d59cd33,0xd42209aeb4d75e9:0x6a9382e47d59cd33,7679625707464019251,2026-10-06T23:09:07.201Z,2026-10-07T09:40:25.333Z,st_reparacion-instrumentos-de-metal.json;st_restauracion-de-instrumentos-musicales.json
ChIJ2cGf0sYgQg0RsU_oWo2bDZo,Luthier Viento Ricardo Rubio Monroy,CRAFT_AND_REPAIR,BRASS_REPAIR;WOODWIND_REPAIR,reparación instrumentos de metal;reparación instrumentos de viento,"C. Cataluña, 17, Loc 64, 28903 Getafe, Madrid","Luthier Viento Ricardo Rubio Monroy, C. Cataluña, 17, Loc 64, 28903 Getafe, Madrid","C. Cataluña, 17, Loc 64",,Getafe,28903,Madrid,ES,40.3159819,-3.7206229,+34916651941,,,https://www.google.com/maps/place/data=!3m1!4b1!4m2!3m1!1s0xd4220c6d29fc1d9:0x9a0d9b8d5ae84fb1,4.5,19,OPEN,False,Taller de reparación de instrumentos musicales,Taller de reparación de instrumentos musicales,musical_instrument_repair_shop;art;establishment;establishment_poi;feature;music;performing_arts;professional_services;public_api_establishment;repairs;services,1,Cerrado · Apertura: 10:00,APIFY_GOOGLE_MAPS_SCRAPER,0xd4220c6d29fc1d9:0x9a0d9b8d5ae84fb1,0xd4220c6d29fc1d9:0x9a0d9b8d5ae84fb1,11100699687956008881,2026-10-06T23:09:07.201Z,2026-10-07T09:40:16.359Z,st_reparacion-instrumentos-de-metal.json;st_reparacion-instrumentos-de-viento.json
ChIJpaGWEMMgQg0R7fWoEEzLmPI,Banda de Música de Getafe,PERFORMING,BAND,banda de música,"Av. de las Ciudades, 37, 28903 Getafe, Madrid","Banda de Música de Getafe, Av. de las Ciudades, 37, 28903 Getafe, Madrid","Av. de las Ciudades, 37",,Getafe,28903,Madrid,ES,40.31388,-3.71473,+34644848442,https://bandamusicagetafe.es,bandamusicagetafe.es,https://www.google.com/maps/place/data=!3m1!4b1!4m2!3m1!1s0xd4220c31096a1a5:0xf298cb4c10a8f5ed,5,9,OPEN,True,Band,Band,band;art;entertainment;entertainment_and_recreation;establishment;establishment_poi;feature;music;performing_arts;public_api_establishment,45,Closed · Opens 6 pm Fri,APIFY_GOOGLE_MAPS_SCRAPER,0xd4220c31096a1a5:0xf298cb4c10a8f5ed,0xd4220c31096a1a5:0xf298cb4c10a8f5ed,17480945481196041709,2026-10-05T22:42:29.673Z,2026-10-07T09:39:12.281Z,st_banda-de-musica.json
ChIJYVKloMchQg0RqUyu7BLXa3U,Orquesta Sinfónica Ciudad de Getafe,PERFORMING,ORCHESTRA,orquesta,"C. Ramon y Cajal, 22, 28902 Getafe, Madrid","Orquesta Sinfónica Ciudad de Getafe, C. Ramon y Cajal, 22, 28902 Getafe, Madrid","C. Ramon y Cajal, 22",,Getafe,28902,Madrid,ES,40.31022,-3.7329399999999997,+34613077525,http://www.orquestaciudaddegetafe.com,orquestaciudaddegetafe.com,https://www.google.com/maps/place/data=!3m1!4b1!4m2!3m1!1s0xd4221c7a0a55261:0x756bd712ecae4ca9,5,3,OPEN,True,Orquesta,Orquesta,orchestra;art;entertainment;entertainment_and_recreation;establishment;establishment_poi;feature;music;performing_arts;public_api_establishment,9,,APIFY_GOOGLE_MAPS_SCRAPER,0xd4221c7a0a55261:0x756bd712ecae4ca9,0xd4221c7a0a55261:0x756bd712ecae4ca9,8461092801225837737,2026-10-06T23:08:34.431Z,2026-10-07T09:39:18.134Z,st_orquesta.json
ChIJSx5-h_iDQQ0R6TGQxlEZ94E,Luthier de Guitarras - Truje Instruments,CRAFT_AND_REPAIR,LUTHIER,luthier,"C. Siete Picos, 28231 Las Rozas de Madrid, Madrid","Luthier de Guitarras - Truje Instruments, C. Siete Picos, 28231 Las Rozas de Madrid, Madrid",C. Siete Picos,,Las Rozas de Madrid,28231,Madrid,ES,40.4964051,-3.8750768,+34605563813,https://www.facebook.com/trujeinstruments,facebook.com,https://www.google.com/maps/place/data=!3m1!4b1!4m2!3m1!1s0xd4183f8877e1e4b:0x81f71951c69031e9,5,35,OPEN,True,Musical instrument repair shop,Musical instrument repair shop,musical_instrument_repair_shop;art;establishment;establishment_poi;feature;music;performing_arts;professional_services;public_api_establishment;repairs;services,148,Closed · Opens 10 am,APIFY_GOOGLE_MAPS_SCRAPER,0xd4183f8877e1e4b:0x81f71951c69031e9,0xd4183f8877e1e4b:0x81f71951c69031e9,9364981789154619881,2026-10-05T22:34:08.625Z,2026-10-07T09:39:56.474Z,st_luthier.json
ChIJQ2VgEWWDQQ0RD-ZdMUNADdU,Raúl Salamanca: Luthier de viento,CRAFT_AND_REPAIR,BRASS_REPAIR;WOODWIND_REPAIR;RESTORATION;LUTHIER,reparación instrumentos de metal;reparación instrumentos de viento;restauración de instrumentos musicales;luthier,"C. Peñalara, n° 3, C, 28231 Las Rozas de Madrid, Madrid","Raúl Salamanca: Luthier de viento, C. Peñalara, n° 3, C, 28231 Las Rozas de Madrid, Madrid","C. Peñalara, n° 3, C",,Las Rozas de Madrid,28231,Madrid,ES,40.497031799999995,-3.8772959,+34647537066,http://www.raulsalamanca.com,raulsalamanca.com,https://www.google.com/maps/place/data=!3m1!4b1!4m2!3m1!1s0xd41836511606543:0xd50d4043315de60f,4.7,39,OPEN,True,Taller de reparación de instrumentos musicales,Taller de reparación de instrumentos musicales,musical_instrument_repair_shop;art;establishment;establishment_poi;feature;music;performing_arts;professional_services;public_api_establishment;repairs;services,13,Cerrado · Apertura: 10:00,APIFY_GOOGLE_MAPS_SCRAPER,0xd41836511606543:0xd50d4043315de60f,0xd41836511606543:0xd50d4043315de60f,15351997362111112719,2026-10-06T23:09:07.201Z,2026-10-07T09:40:25.333Z,st_reparacion-instrumentos-de-metal.json;st_reparacion-instrumentos-de-viento.json;st_restauracion-de-instrumentos-musicales.json;st_luthier.json
ChIJsXresAEpQg0RpvwYIu8xwUQ,Yamaha Música,CRAFT_AND_REPAIR,WOODWIND_REPAIR,reparación instrumentos de viento,"Ctra. de La Coruña, Km 17, 200, 28231 Las Rozas de Madrid, Madrid","Yamaha Música, Ctra. de La Coruña, Km 17, 200, 28231 Las Rozas de Madrid, Madrid","Ctra. de La Coruña, Km 17, 200",,Las Rozas de Madrid,28231,Madrid,ES,40.4837152,-3.860629,+34916398888,http://es.yamaha.com,yamaha.com,https://www.google.com/maps/place/data=!3m1!4b1!4m2!3m1!1s0xd422901b0de7ab1:0x44c131ef2218fca6,4,17,OPEN,False,Oficinas de empresa,Oficinas de empresa,corporate_office;business_related;establishment;establishment_poi;feature;public_api_establishment,2,Cerrado · Apertura: 9:00,APIFY_GOOGLE_MAPS_SCRAPER,0xd422901b0de7ab1:0x44c131ef2218fca6,0xd422901b0de7ab1:0x44c131ef2218fca6,4954295968223263910,2026-10-06T23:09:03.792Z,2026-10-07T09:40:07.619Z,st_reparacion-instrumentos-de-viento.json
ChIJncWMskWDQQ0RtluG4RpMhDQ,ALQUILER SAXOFÓN,INSTRUMENTS,RENTAL,alquiler de instrumentos musicales,"Polígono Industrial Európolis, C. Bruselas, 5D, 28232 Las Rozas de Madrid, Madrid","ALQUILER SAXOFÓN, Polígono Industrial Európolis, C. Bruselas, 5D, 28232 Las Rozas de Madrid, Madrid","Polígono Industrial Európolis, C. Bruselas, 5D",,Las Rozas de Madrid,28232,Madrid,ES,40.5014214,-3.8936770999999997,+34650893250,http://alquilersaxofon.com,alquilersaxofon.com,https://www.google.com/maps/place/data=!3m1!4b1!4m2!3m1!1s0xd418345b28cc59d:0x34844c1ae1865bb6,5,27,OPEN,True,Servicio de alquiler de instrumentos musicales,Servicio de alquiler de instrumentos musicales,musical_instrument_rental_service;art;establishment;establishment_poi;feature;music;performing_arts;public_api_establishment;rental;services,18,Cerrado · Apertura: 9:00,APIFY_GOOGLE_MAPS_SCRAPER,0xd418345b28cc59d:0x34844c1ae1865bb6,0xd418345b28cc59d:0x34844c1ae1865bb6,3784233265234598838,2026-10-06T23:08:52.095Z,2026-10-07T09:39:47.719Z,st_alquiler-de-instrumentos-musicales.json
ChIJM0DfmdGDQQ0RkKxpJ8bp-Yw,Locales de ensayo Concejalía de Juventud,MUSIC_PRODUCTION,REHEARSAL_ROOM,sala de ensayo,"Av. Ntra. Señora del Retamar, S/N, 28232 Las Rozas de Madrid, Madrid","Locales de ensayo Concejalía de Juventud, Av. Ntra. Señora del Retamar, S/N, 28232 Las Rozas de Madrid, Madrid","Av. Ntra. Señora del Retamar, S/N",,Las Rozas de Madrid,28232,Madrid,ES,40.5009107,-3.8865879999999997,+34917579600,,,https://www.google.com/maps/place/data=!3m1!4b1!4m2!3m1!1s0xd4183d199df4033:0x8cf9e9c62769ac90,4.7,24,OPEN,True,Club de música rock,Club de música rock,rock_music_club;art;attraction;dancing;discos_and_night_clubs;entertainment;entertainment_and_recreation;establishment;establishment_poi;feature;music;night_club;nightlife;performing_arts;public_api_establishment,7,Cerrado · Apertura: 10:00,APIFY_GOOGLE_MAPS_SCRAPER,0xd4183d199df4033:0x8cf9e9c62769ac90,0xd4183d199df4033:0x8cf9e9c62769ac90,10158407471784897680,2026-10-06T23:09:20.827Z,2026-10-07T09:40:36.588Z,st_sala-de-ensayo.json
ChIJ49YtsMKDQQ0Rn9NjbVUM-Fg,Coro Villa de las Rozas,PERFORMING,CHOIR,coro,"C. Principado de Asturias, 28, 28231 Las Rozas de Madrid, Madrid","Coro Villa de las Rozas, C. Principado de Asturias, 28, 28231 Las Rozas de Madrid, Madrid","C. Principado de Asturias, 28",,Las Rozas de Madrid,28231,Madrid,ES,40.4894323,-3.8775725999999997,+34650168569,http://corovillarozas.es,corovillarozas.es,https://www.google.com/maps/place/data=!3m1!4b1!4m2!3m1!1s0xd4183c2b02dd6e3:0x58f80c556d63d39f,5,2,OPEN,False,Coro,Coro,choir;art;culture;education_and_culture;establishment;establishment_poi;feature;music;performing_arts;public_api_establishment,2,Cerrado · Apertura: 20:00 (jue),APIFY_GOOGLE_MAPS_SCRAPER,0xd4183c2b02dd6e3:0x58f80c556d63d39f,0xd4183c2b02dd6e3:0x58f80c556d63d39f,6410887630608913311,2026-10-06T23:08:38.332Z,2026-10-07T09:39:23.600Z,st_coro.json
ChIJL2_PKa6JQQ0R4Xi-WRd5hNE,Transporte de Pianos Madrid TransPiano,CRAFT_AND_REPAIR,PIANO_TECHNICIAN,afinador de pianos,"C. de los Pedroches, 34, 2do 3ra, 28915 Leganés, Madrid","Transporte de Pianos Madrid TransPiano, C. de los Pedroches, 34, 2do 3ra, 28915 Leganés, Madrid","C. de los Pedroches, 34, 2do 3ra",,Leganés,28915,Madrid,ES,40.3357721,-3.7532951999999997,+34911309970,http://www.transpiano.com,transpiano.com,https://www.google.com/maps/place/data=!3m1!4b1!4m2!3m1!1s0xd4189ae29cf6f2f:0xd184791759be78e1,4.9,121,OPEN,True,Servicio de mudanzas,Servicio de mudanzas;Servicio de traslado de pianos;Servicio de afinación de pianos,moving_company;art;craft;domestic_services;establishment;establishment_poi;feature;home_services;homes;music;performing_arts;piano;piano_moving_service;piano_tuning_service;potentially_sensitive_entity;professional_services;public_api_establishment;services;transportation_service,805,Cerrado · Apertura: 9:00,APIFY_GOOGLE_MAPS_SCRAPER,0xd4189ae29cf6f2f:0xd184791759be78e1,0xd4189ae29cf6f2f:0xd184791759be78e1,15097324992049608929,2026-10-06T23:09:10.131Z,2026-10-07T09:40:20.825Z,st_afinador-de-pianos.json
ChIJc-dqZ2qJQQ0RWFkBVJTfI8Q,SALVADOR ESCODA,CRAFT_AND_REPAIR,BRASS_REPAIR,reparación instrumentos de metal,"C. del Metal, 12, 28918 Leganés, Madrid","SALVADOR ESCODA, C. del Metal, 12, 28918 Leganés, Madrid","C. del Metal, 12",,Leganés,28918,Madrid,ES,40.345531199999996,-3.8032871999999998,+34916751229,https://www.salvadorescoda.com,salvadorescoda.com,https://www.google.com/maps/place/data=!3m1!4b1!4m2!3m1!1s0xd41896a676ae773:0xc423df9454015958,4.4,29,OPEN,True,Empresa de suministros industriales,Empresa de suministros industriales;Tienda aire acondicionado;Tienda de artículos relacionados con el gas;Proveedor de equipos de calefacción;Proveedor de sistemas de agua caliente;Empresa de climatización;Tienda de materiales de aislamiento;Proveedor de instrumentos de medida;Proveedor de equipos de energía solar;Proveedor de sistemas solares de agua caliente,industrial_equipment_supplier;air_conditioning_contractor;air_conditioning_store;appliances;b_to_b_companies;building_materials_store;building_materials_supplier;business_related;business_service;company;construction;construction_and_planning_services;contractor;craft;domestic_services;electrical_equipment;energy;equipment_supplier;establishment;establishment_poi;feature;fuels;gas_shop;general_contractor;heating;heating_contractor;heating_equipment_supplier;home_services;homes;hot_water_system_supplier;hvac_contractor;industry;insulation_materials_store;manufacturer;materiaux;measuring_instruments_supplier;production;professional_services;public_api_establishment;repairs;services;shopping;solar_energy_equipment_supplier;solar_hot_water_system_supplier;store;suppliers;tradesperson,5,Cerrado · Apertura: 7:30,APIFY_GOOGLE_MAPS_SCRAPER,0xd41896a676ae773:0xc423df9454015958,0xd41896a676ae773:0xc423df9454015958,14133385883776276824,2026-10-06T23:09:07.201Z,2026-10-07T09:40:16.359Z,st_reparacion-instrumentos-de-metal.json
ChIJ0UhLGCSKQQ0RC3_oScpbN0g,Escuela-Conservatorio 'Manuel Rodríguez Sales',EDUCATION,CONSERVATORY,conservatorio,"Pl. Pablo Casals, 1, 28911 Leganés, Madrid","Escuela-Conservatorio 'Manuel Rodríguez Sales', Pl. Pablo Casals, 1, 28911 Leganés, Madrid","Pl. Pablo Casals, 1",,Leganés,28911,Madrid,ES,40.3235136,-3.7700297999999997,+34912489590,,,https://www.google.com/maps/place/data=!3m1!4b1!4m2!3m1!1s0xd418a24184b48d1:0x48375bca49e87f0b,4.2,53,OPEN,False,Conservatorio de música,Conservatorio de música,conservatory_of_music;art;culture;education;education_and_culture;educational_institution;establishment;establishment_poi;feature;instruction;music;musical_institutions;performing_arts;public_api_establishment;school;training_courses,16,Cerrado · Apertura: 9:00,APIFY_GOOGLE_MAPS_SCRAPER,0xd418a24184b48d1:0x48375bca49e87f0b,0xd418a24184b48d1:0x48375bca49e87f0b,5203728818831392523,2026-10-06T23:05:57.620Z,2026-10-07T09:38:49.885Z,st_conservatorio.json
ChIJcSY7A_aJQQ0RgWRk5u_-vKo,La Rosa Percusión,INSTRUMENTS,DISTRIBUTION,distribuidor de instrumentos musicales,"C. del Ciclón, 1, 28918 Leganés, Madrid","La Rosa Percusión, C. del Ciclón, 1, 28918 Leganés, Madrid","C. del Ciclón, 1",,Leganés,28918,Madrid,ES,40.345417499999996,-3.7995270999999997,+34665669363,http://www.lrpercusion.com,lrpercusion.com,https://www.google.com/maps/place/data=!3m1!4b1!4m2!3m1!1s0xd4189f6033b2671:0xaabcfeefe6646481,5,7,OPEN,False,Tienda de instrumentos musicales,Tienda de instrumentos musicales,musical_instrument_store;art;establishment;establishment_poi;feature;music;music_store;performing_arts;public_api_establishment;sheet_music_and_musical_instruments;shopping;store,3,Cerrado · Apertura: 7:00,APIFY_GOOGLE_MAPS_SCRAPER,0xd4189f6033b2671:0xaabcfeefe6646481,0xd4189f6033b2671:0xaabcfeefe6646481,12302988588385330305,2026-10-06T23:08:56.054Z,2026-10-07T09:39:52.372Z,st_distribuidor-de-instrumentos-musicales.json
ChIJMRb_LSiKQQ0Rtx1DHFrl4tc,Locales de ensayo Pika Studios,MUSIC_PRODUCTION,REHEARSAL_ROOM,sala de ensayo,"Av. de los Metales, 16, 28914 Leganés, Madrid","Locales de ensayo Pika Studios, Av. de los Metales, 16, 28914 Leganés, Madrid","Av. de los Metales, 16",,Leganés,28914,Madrid,ES,40.3284448,-3.776268,+34647129277,http://www.pikastudios.com,pikastudios.com,https://www.google.com/maps/place/data=!3m1!4b1!4m2!3m1!1s0xd418a282dff1631:0xd7e2e55a1c431db7,4.5,342,OPEN,True,Estudio de grabación,Estudio de grabación;Servicio de alquiler de instrumentos musicales,recording_studio;art;design_services;entertainment_and_recreation;establishment;establishment_poi;feature;hobbies;music;music_store;musical_instrument_rental_service;performing_arts;photography;public_api_establishment;rental;services;shopping;store;video,37,Abierto · Cierre: 0:00,APIFY_GOOGLE_MAPS_SCRAPER,0xd418a282dff1631:0xd7e2e55a1c431db7,0xd418a282dff1631:0xd7e2e55a1c431db7,15556248238075092407,2026-10-07T09:40:36.589Z,2026-10-07T09:40:36.589Z,st_sala-de-ensayo.json
ChIJZRfxOouJQQ0R6Y5dpaZMWjc,Foso Orquesta,PERFORMING,ORCHESTRA,orquesta,"28912 Leganés, Madrid","Foso Orquesta, 28912 Leganés, Madrid",,,Leganés,28912,Madrid,ES,40.332731599999995,-3.7645499,,,,https://www.google.com/maps/place/data=!3m1!4b1!4m2!3m1!1s0xd41898b3af11765:0x375a4ca6a55d8ee9,,0,OPEN,True,location,,compound_section;compound;feature,1,,APIFY_GOOGLE_MAPS_SCRAPER,0xd41898b3af11765:0x375a4ca6a55d8ee9,0xd41898b3af11765:0x375a4ca6a55d8ee9,3988584698612649705,2026-10-06T23:08:34.431Z,2026-10-07T09:39:18.134Z,st_orquesta.json
ChIJT176EmAoQg0RUdv7Ki3PL_0,García & Maluenda Correduría de Seguros,CRAFT_AND_REPAIR,WOODWIND_REPAIR,reparación instrumentos de viento,"Calle de Fuencarral, 141, Chamberí, 28010 Madrid","García & Maluenda Correduría de Seguros, Calle de Fuencarral, 141, Chamberí, 28010 Madrid","Calle de Fuencarral, 141",Chamberí,Madrid,28010,Madrid,ES,40.4323737,-3.7040422,+34915940744,https://gmsegur.com,gmsegur.com,https://www.google.com/maps/place/data=!3m1!4b1!4m2!3m1!1s0xd42286012fa5e4f:0xfd2fcf2d2afbdb51,5,284,OPEN,True,Corredor de seguros,Corredor de seguros,insurance_broker;company;economy;establishment;establishment_poi;feature;insurance;insurance_agency;professional_services;public_api_establishment;services,16,Cerrado · Apertura: 9:00,APIFY_GOOGLE_MAPS_SCRAPER,0xd42286012fa5e4f:0xfd2fcf2d2afbdb51,0xd42286012fa5e4f:0xfd2fcf2d2afbdb51,18244028408402795345,2026-10-06T23:09:03.792Z,2026-10-07T09:40:07.619Z,st_reparacion-instrumentos-de-viento.json
ChIJRcVl3tQmQg0RkMzclLHvD3c,Luthier GKN,CRAFT_AND_REPAIR,LUTHIER;INSTRUMENT_REPAIR;BRASS_REPAIR;WOODWIND_REPAIR;RESTORATION,luthier;reparación de instrumentos musicales;reparación instrumentos de metal;reparación instrumentos de viento;restauración de instrumentos musicales,"C. Conciliación, 27, Villaverde, 28041 Madrid","Luthier GKN, C. Conciliación, 27, Villaverde, 28041 Madrid","C. Conciliación, 27",Villaverde,Madrid,28041,Madrid,ES,40.3607996,-3.6873608,+34609337613,https://luthiergknmadrid.com,luthiergknmadrid.com,https://www.google.com/maps/place/data=!3m1!4b1!4m2!3m1!1s0xd4226d4de65c545:0x770fefb194dccc90,5,162,OPEN,True,Musical instrument repair shop,Musical instrument repair shop;Guitar instructor,musical_instrument_repair_shop;art;culture;education;education_and_culture;educational_institution;establishment;establishment_poi;feature;guitar_instructor;hobby_classes;institute;instruction;learning;music;music_classes;music_instruction;music_instructor;musical_institutions;performing_arts;professional_services;public_api_establishment;repairs;school;services;training_courses,366,Closed · Opens 12 pm,APIFY_GOOGLE_MAPS_SCRAPER,0xd4226d4de65c545:0x770fefb194dccc90,0xd4226d4de65c545:0x770fefb194dccc90,8579339361149832336,2026-10-05T22:34:08.625Z,2026-10-07T09:40:25.333Z,st_luthier.json;st_reparacion-de-instrumentos-musicales.json;st_reparacion-instrumentos-de-metal.json;st_reparacion-instrumentos-de-viento.json;st_restauracion-de-instrumentos-musicales.json
ChIJuyKgK60nQg0R5Fio9Nu3uTU,The Wind Workshop,CRAFT_AND_REPAIR,LUTHIER;INSTRUMENT_REPAIR;BRASS_REPAIR;WOODWIND_REPAIR;RESTORATION,luthier;reparación de instrumentos musicales;reparación instrumentos de metal;reparación instrumentos de viento;restauración de instrumentos musicales,"C. de Tomás Borrás, 13, Arganzuela, 28045 Madrid","The Wind Workshop, C. de Tomás Borrás, 13, Arganzuela, 28045 Madrid","C. de Tomás Borrás, 13",Arganzuela,Madrid,28045,Madrid,ES,40.3950193,-3.6977922999999997,+34658126797,https://thewindworkshop.es,thewindworkshop.es,https://www.google.com/maps/place/data=!3m1!4b1!4m2!3m1!1s0xd4227ad2ba022bb:0x35b9b7dbf4a858e4,5,110,OPEN,True,Musical instrument repair shop,Musical instrument repair shop;Musical instrument manufacturer,musical_instrument_repair_shop;art;company;establishment;establishment_poi;feature;industry;manufacturer;music;musical_instrument_manufacturer;performing_arts;production;professional_services;public_api_establishment;repairs;services,27,Closed · Opens 10 am,APIFY_GOOGLE_MAPS_SCRAPER,0xd4227ad2ba022bb:0x35b9b7dbf4a858e4,0xd4227ad2ba022bb:0x35b9b7dbf4a858e4,3871327510032046308,2026-10-05T22:34:08.625Z,2026-10-07T09:40:25.333Z,st_luthier.json;st_reparacion-de-instrumentos-musicales.json;st_reparacion-instrumentos-de-metal.json;st_reparacion-instrumentos-de-viento.json;st_restauracion-de-instrumentos-musicales.json
ChIJI1Y7RIcoQg0ReLrv8ZinXlI,Luthier de viento Roberto Belda,CRAFT_AND_REPAIR,LUTHIER;INSTRUMENT_REPAIR;BRASS_REPAIR;WOODWIND_REPAIR;RESTORATION,luthier;reparación de instrumentos musicales;reparación instrumentos de metal;reparación instrumentos de viento;restauración de instrumentos musicales,"C. de la Montera, 32, 4º, 6B, Centro, 28013 Madrid","Luthier de viento Roberto Belda, C. de la Montera, 32, 4º, 6B, Centro, 28013 Madrid","C. de la Montera, 32, 4º, 6B",Centro,Madrid,28013,Madrid,ES,40.4188428,-3.7019092,+34615115752,http://brujomusical.blogspot.com.es,blogspot.com.es,https://www.google.com/maps/place/data=!3m1!4b1!4m2!3m1!1s0xd422887443b5623:0x525ea798f1efba78,5,52,OPEN,True,Musical instrument repair shop,Musical instrument repair shop,musical_instrument_repair_shop;art;establishment;establishment_poi;feature;music;performing_arts;professional_services;public_api_establishment;repairs;services,35,Closed · Opens 10 am,APIFY_GOOGLE_MAPS_SCRAPER,0xd422887443b5623:0x525ea798f1efba78,0xd422887443b5623:0x525ea798f1efba78,5935365634256779896,2026-10-05T22:34:08.625Z,2026-10-07T09:40:25.333Z,st_luthier.json;st_reparacion-de-instrumentos-musicales.json;st_reparacion-instrumentos-de-metal.json;st_reparacion-instrumentos-de-viento.json;st_restauracion-de-instrumentos-musicales.json
ChIJW6PPN3YnQg0RXNsySTaZtWo,The Bassement Luthier Service,CRAFT_AND_REPAIR,LUTHIER;INSTRUMENT_REPAIR;BRASS_REPAIR;WOODWIND_REPAIR;RESTORATION,luthier;reparación de instrumentos musicales;reparación instrumentos de metal;reparación instrumentos de viento;restauración de instrumentos musicales,"C. de Rafael de Riego, 8, Arganzuela, 28045 Madrid","The Bassement Luthier Service, C. de Rafael de Riego, 8, Arganzuela, 28045 Madrid","C. de Rafael de Riego, 8",Arganzuela,Madrid,28045,Madrid,ES,40.405654399999996,-3.6920971,+34635769476,,,https://www.google.com/maps/place/data=!3m1!4b1!4m2!3m1!1s0xd42277637cfa35b:0x6ab599364932db5c,5,48,OPEN,True,Musical instrument repair shop,Musical instrument repair shop;Audio visual equipment repair service;Electrical repair shop,musical_instrument_repair_shop;appliance_repair_service;art;audio_visual_equipment_repair_service;craft;electrical;electrical_goods;electrical_repair_shop;electrics;establishment;establishment_poi;feature;home_electronics;home_services;homes;housekeepings;music;performing_arts;potentially_sensitive_entity;professional_services;public_api_establishment;repairs;services,51,Closed · Opens 11 am,APIFY_GOOGLE_MAPS_SCRAPER,0xd42277637cfa35b:0x6ab599364932db5c,0xd42277637cfa35b:0x6ab599364932db5c,7689220397240343388,2026-10-05T22:34:08.625Z,2026-10-07T09:40:25.333Z,st_luthier.json;st_reparacion-de-instrumentos-musicales.json;st_reparacion-instrumentos-de-metal.json;st_reparacion-instrumentos-de-viento.json;st_restauracion-de-instrumentos-musicales.json
ChIJZ68v19MnQg0R26joW3nGVbk,Riff Raff Luthiers (local 100),CRAFT_AND_REPAIR,LUTHIER;INSTRUMENT_REPAIR;BRASS_REPAIR;WOODWIND_REPAIR;RESTORATION,luthier;reparación de instrumentos musicales;reparación instrumentos de metal;reparación instrumentos de viento;restauración de instrumentos musicales,"Ronda de Toledo, 16, Loc 100, Arganzuela, 28005 Madrid","Riff Raff Luthiers (local 100), Ronda de Toledo, 16, Loc 100, Arganzuela, 28005 Madrid","Ronda de Toledo, 16, Loc 100",Arganzuela,Madrid,28005,Madrid,ES,40.405609299999995,-3.7075812999999997,+34615286702,,,https://www.google.com/maps/place/data=!3m1!4b1!4m2!3m1!1s0xd4227d3d72faf67:0xb955c6795be8a8db,5,43,OPEN,True,Musical instrument repair shop,Musical instrument repair shop,musical_instrument_repair_shop;art;establishment;establishment_poi;feature;music;performing_arts;professional_services;public_api_establishment;repairs;services,10,Closed · Opens 8 am,APIFY_GOOGLE_MAPS_SCRAPER,0xd4227d3d72faf67:0xb955c6795be8a8db,0xd4227d3d72faf67:0xb955c6795be8a8db,13354798494572390619,2026-10-05T22:34:08.625Z,2026-10-07T09:40:25.333Z,st_luthier.json;st_reparacion-de-instrumentos-musicales.json;st_reparacion-instrumentos-de-metal.json;st_reparacion-instrumentos-de-viento.json;st_restauracion-de-instrumentos-musicales.json
ChIJ9W-ZHGUnQg0RitN-pbnEpj8,EL TALLER DE ADOLPHE SAX,CRAFT_AND_REPAIR,INSTRUMENT_REPAIR;BRASS_REPAIR;WOODWIND_REPAIR;RESTORATION,reparación de instrumentos musicales;reparación instrumentos de metal;reparación instrumentos de viento;restauración de instrumentos musicales,"C. de Atocha, 98, 2ºC, Centro, 28012 Madrid","EL TALLER DE ADOLPHE SAX, C. de Atocha, 98, 2ºC, Centro, 28012 Madrid","C. de Atocha, 98, 2ºC",Centro,Madrid,28012,Madrid,ES,40.410466,-3.6957288999999998,+34912901788,https://www.adolphesaxtaller.com,adolphesaxtaller.com,https://www.google.com/maps/place/data=!3m1!4b1!4m2!3m1!1s0xd4227651c996ff5:0x3fa6c4b9a57ed38a,5,31,OPEN,True,Taller de reparación de instrumentos musicales,Taller de reparación de instrumentos musicales,musical_instrument_repair_shop;art;establishment;establishment_poi;feature;music;performing_arts;professional_services;public_api_establishment;repairs;services,27,Cerrado · Apertura: 11:00,APIFY_GOOGLE_MAPS_SCRAPER,0xd4227651c996ff5:0x3fa6c4b9a57ed38a,0xd4227651c996ff5:0x3fa6c4b9a57ed38a,4586569572147975050,2026-10-06T23:09:00.055Z,2026-10-07T09:40:25.333Z,st_reparacion-de-instrumentos-musicales.json;st_reparacion-instrumentos-de-metal.json;st_reparacion-instrumentos-de-viento.json;st_restauracion-de-instrumentos-musicales.json
ChIJMUClTosoQg0RO9lnJz6Jzqc,"Glissando, Escuela Taller de Construcción de guitarra española",CRAFT_AND_REPAIR,LUTHIER,luthier,"C. de San Raimundo, 40, Tetuán, 28039 Madrid","Glissando, Escuela Taller de Construcción de guitarra española, C. de San Raimundo, 40, Tetuán, 28039 Madrid","C. de San Raimundo, 40",Tetuán,Madrid,28039,Madrid,ES,40.4518535,-3.7068049999999997,+34644391619,http://glissandoguitar.com,glissandoguitar.com,https://www.google.com/maps/place/data=!3m1!4b1!4m2!3m1!1s0xd42288b4ea54031:0xa7ce893e2767d93b,5,29,OPEN,True,Vocational school,Vocational school,vocational_training_school;education;education_and_culture;educational_institution;establishment;establishment_poi;feature;potentially_sensitive_entity;public_api_establishment;vocational_education,23,Closed · Opens 10 am,APIFY_GOOGLE_MAPS_SCRAPER,0xd42288b4ea54031:0xa7ce893e2767d93b,0xd42288b4ea54031:0xa7ce893e2767d93b,12091752949578455355,2026-10-05T22:34:08.625Z,2026-10-07T09:39:56.474Z,st_luthier.json
ChIJtb5bWwAnQg0RThXSlXxd0BI,JP Arreglos de Guitarra - Luthier,CRAFT_AND_REPAIR,LUTHIER;INSTRUMENT_REPAIR;BRASS_REPAIR;WOODWIND_REPAIR;RESTORATION,luthier;reparación de instrumentos musicales;reparación instrumentos de metal;reparación instrumentos de viento;restauración de instrumentos musicales,"Av. de Rafaela Ybarra, Usera, 28026 Madrid","JP Arreglos de Guitarra - Luthier, Av. de Rafaela Ybarra, Usera, 28026 Madrid",Av. de Rafaela Ybarra,Usera,Madrid,28026,Madrid,ES,40.3824934,-3.7113661,+34657173613,,,https://www.google.com/maps/place/data=!3m1!4b1!4m2!3m1!1s0xd4227005b5bbeb5:0x12d05d7c95d2154e,5,26,OPEN,True,Stringed instrument maker,Stringed instrument maker,stringed_intrument_maker;art;establishment;establishment_poi;feature;music;performing_arts;public_api_establishment,128,Closed · Opens 9 am,APIFY_GOOGLE_MAPS_SCRAPER,0xd4227005b5bbeb5:0x12d05d7c95d2154e,0xd4227005b5bbeb5:0x12d05d7c95d2154e,1355686277509420366,2026-10-05T22:34:08.625Z,2026-10-07T09:40:25.333Z,st_luthier.json;st_reparacion-de-instrumentos-musicales.json;st_reparacion-instrumentos-de-metal.json;st_reparacion-instrumentos-de-viento.json;st_restauracion-de-instrumentos-musicales.json
ChIJoaJSd9cnQg0RRJng6mX5FHE,Fernando Sánchez Contra. LUTHIER,CRAFT_AND_REPAIR,LUTHIER,luthier,"C. del Águila, 12, Centro, 28005 Madrid","Fernando Sánchez Contra. LUTHIER, C. del Águila, 12, Centro, 28005 Madrid","C. del Águila, 12",Centro,Madrid,28005,Madrid,ES,40.40981,-3.7124287999999996,+34915280589,http://www.contraluthier.com,contraluthier.com,https://www.google.com/maps/place/data=!3m1!4b1!4m2!3m1!1s0xd4227d77752a2a1:0x7114f965eae09944,5,24,OPEN,True,Oficinas de empresa,Oficinas de empresa,corporate_office;business_related;establishment;establishment_poi;feature;public_api_establishment,5,Abierto ahora,APIFY_GOOGLE_MAPS_SCRAPER,0xd4227d77752a2a1:0x7114f965eae09944,0xd4227d77752a2a1:0x7114f965eae09944,8148411841947670852,2026-10-07T09:39:56.474Z,2026-10-07T09:39:56.474Z,st_luthier.json
ChIJryI33iomQg0RM0nKGAux_BI,Massimo Mura Maestro Liutaio,CRAFT_AND_REPAIR,LUTHIER;INSTRUMENT_REPAIR;RESTORATION,luthier;reparación de instrumentos musicales;restauración de instrumentos musicales,"C. del Ave María, 1, Loc A, Centro, 28012 Madrid","Massimo Mura Maestro Liutaio, C. del Ave María, 1, Loc A, Centro, 28012 Madrid","C. del Ave María, 1, Loc A",Centro,Madrid,28012,Madrid,ES,40.412176099999996,-3.7001912,+34915993668,http://massimomura.com,massimomura.com,https://www.google.com/maps/place/data=!3m1!4b1!4m2!3m1!1s0xd42262ade3722af:0x12fcb10b18ca4933,5,24,OPEN,True,Musical instrument repair shop,Musical instrument repair shop,musical_instrument_repair_shop;art;establishment;establishment_poi;feature;music;performing_arts;professional_services;public_api_establishment;repairs;services,4,Closed · Opens 4:30 pm,APIFY_GOOGLE_MAPS_SCRAPER,0xd42262ade3722af:0x12fcb10b18ca4933,0xd42262ade3722af:0x12fcb10b18ca4933,1368163048032454963,2026-10-05T22:34:08.625Z,2026-10-07T09:40:25.333Z,st_luthier.json;st_reparacion-de-instrumentos-musicales.json;st_restauracion-de-instrumentos-musicales.json
ChIJ7cGlI1InQg0RQL7seDPvS6U,Mariano Paredes,CRAFT_AND_REPAIR,INSTRUMENT_REPAIR,reparación de instrumentos musicales,"C. de Vicente Camarón, 19, Latina, 28011 Madrid","Mariano Paredes, C. de Vicente Camarón, 19, Latina, 28011 Madrid","C. de Vicente Camarón, 19",Latina,Madrid,28011,Madrid,ES,40.4059646,-3.7389468,+34696982120,,,https://www.google.com/maps/place/data=!3m1!4b1!4m2!3m1!1s0xd42275223a5c1ed:0xa54bef3378ecbe40,5,16,OPEN,True,Taller de reparación de instrumentos musicales,Taller de reparación de instrumentos musicales;Artesanía,handicraft;art;establishment;establishment_poi;feature;music;musical_instrument_repair_shop;performing_arts;professional_services;public_api_establishment;repairs;services,11,Abierto · Cierre: 18:00,APIFY_GOOGLE_MAPS_SCRAPER,0xd42275223a5c1ed:0xa54bef3378ecbe40,0xd42275223a5c1ed:0xa54bef3378ecbe40,11910876643862560320,2026-10-07T09:40:02.028Z,2026-10-07T09:40:02.028Z,st_reparacion-de-instrumentos-musicales.json
ChIJgweIWdAnQg0RNSngvXZMM_0,Afinación Pianos Madrid,CRAFT_AND_REPAIR,PIANO_TECHNICIAN,afinador de pianos,"Ronda de Toledo, 16, Arganzuela, 28005 Madrid","Afinación Pianos Madrid, Ronda de Toledo, 16, Arganzuela, 28005 Madrid","Ronda de Toledo, 16",Arganzuela,Madrid,28005,Madrid,ES,40.4052949,-3.7074496999999997,+34620773596,https://adrianbegona.com/afinacion-regulacion-y-reparacion-de-pianos,adrianbegona.com,https://www.google.com/maps/place/data=!3m1!4b1!4m2!3m1!1s0xd4227d059880783:0xfd334c76bde02935,5,14,CLOSED_TEMPORARILY,True,Servicio de afinación de pianos,Servicio de afinación de pianos,piano_tuning_service;art;establishment;establishment_poi;feature;music;performing_arts;piano;professional_services;public_api_establishment;services,8,,APIFY_GOOGLE_MAPS_SCRAPER,0xd4227d059880783:0xfd334c76bde02935,0xd4227d059880783:0xfd334c76bde02935,18245010588283447605,2026-10-06T23:09:10.132Z,2026-10-07T09:40:20.825Z,st_afinador-de-pianos.json
ChIJV2Yt2y0nQg0RQImVyezWiZs,Rafael Camacho Luthier en Madrid,CRAFT_AND_REPAIR,RESTORATION;LUTHIER,restauración de instrumentos musicales;luthier,"C. de Eduardo Requenas, 21, Puente de Vallecas, 28053 Madrid","Rafael Camacho Luthier en Madrid, C. de Eduardo Requenas, 21, Puente de Vallecas, 28053 Madrid","C. de Eduardo Requenas, 21",Puente de Vallecas,Madrid,28053,Madrid,ES,40.3900639,-3.6658690999999997,+34675192890,https://rafaelcamacholeon.es,rafaelcamacholeon.es,https://www.google.com/maps/place/data=!3m1!4b1!4m2!3m1!1s0xd42272ddb2d6657:0x9b89d6ecc9958940,5,14,OPEN,True,Taller de reparación de instrumentos musicales,Taller de reparación de instrumentos musicales,musical_instrument_repair_shop;art;establishment;establishment_poi;feature;music;performing_arts;professional_services;public_api_establishment;repairs;services,42,Cerrado · Apertura: 9:00,APIFY_GOOGLE_MAPS_SCRAPER,0xd42272ddb2d6657:0x9b89d6ecc9958940,0xd42272ddb2d6657:0x9b89d6ecc9958940,11207725460170836288,2026-10-06T23:09:13.394Z,2026-10-07T09:40:25.333Z,st_restauracion-de-instrumentos-musicales.json;st_luthier.json
ChIJtXQjed8lQg0RPdgT0EFMdY4,Miguel Parrondo - Luthier de viento madera,CRAFT_AND_REPAIR,LUTHIER,luthier,"Av. de Rafael Alberti, 20, Puente de Vallecas, 28018 Madrid","Miguel Parrondo - Luthier de viento madera, Av. de Rafael Alberti, 20, Puente de Vallecas, 28018 Madrid","Av. de Rafael Alberti, 20",Puente de Vallecas,Madrid,28018,Madrid,ES,40.387129,-3.6410622,+34674474696,,,https://www.google.com/maps/place/data=!3m1!4b1!4m2!3m1!1s0xd4225df792374b5:0x8e754c41d013d83d,5,4,OPEN,True,Stringed instrument maker,Stringed instrument maker,stringed_intrument_maker;art;establishment;establishment_poi;feature;music;performing_arts;public_api_establishment,3,,APIFY_GOOGLE_MAPS_SCRAPER,0xd4225df792374b5:0x8e754c41d013d83d,0xd4225df792374b5:0x8e754c41d013d83d,10265194771208460349,2026-10-05T22:34:08.625Z,2026-10-07T09:39:56.474Z,st_luthier.json
ChIJ9TKL-hcmQg0RhTcwn0DjkM8,Etayo Luthier,CRAFT_AND_REPAIR,LUTHIER,luthier,"C. del Comercio, 8, Retiro, 28007 Madrid","Etayo Luthier, C. del Comercio, 8, Retiro, 28007 Madrid","C. del Comercio, 8",Retiro,Madrid,28007,Madrid,ES,40.402881799999996,-3.6820526,+34678870397,https://etayoluthier.com,etayoluthier.com,https://www.google.com/maps/place/data=!3m1!4b1!4m2!3m1!1s0xd422617fa8b32f5:0xcf90e3409f303785,5,3,OPEN,True,Fabricante de instrumentos musicales,Fabricante de instrumentos musicales,musical_instrument_manufacturer;art;company;establishment;establishment_poi;feature;industry;manufacturer;music;performing_arts;production;public_api_establishment,2,Abierto · Cierre: 17:00,APIFY_GOOGLE_MAPS_SCRAPER,0xd422617fa8b32f5:0xcf90e3409f303785,0xd422617fa8b32f5:0xcf90e3409f303785,14956704229185566597,2026-10-07T09:39:56.474Z,2026-10-07T09:39:56.474Z,st_luthier.json
ChIJRRV_cPIpQg0R3s99M0bUHdc,Roberto Cuesta - Luthier,CRAFT_AND_REPAIR,LUTHIER;INSTRUMENT_REPAIR,luthier;reparación de instrumentos musicales,"C. de Ramón Gómez de la Serna, 65, Fuencarral-El Pardo, 28035 Madrid","Roberto Cuesta - Luthier, C. de Ramón Gómez de la Serna, 65, Fuencarral-El Pardo, 28035 Madrid","C. de Ramón Gómez de la Serna, 65",Fuencarral-El Pardo,Madrid,28035,Madrid,ES,40.484088799999995,-3.7265203999999996,+34679485327,http://www.robertocuestaluthier.com,robertocuestaluthier.com,https://www.google.com/maps/place/data=!3m1!4b1!4m2!3m1!1s0xd4229f2707f1545:0xd71dd446337dcfde,5,2,OPEN,True,Musical instrument repair shop,Musical instrument repair shop,musical_instrument_repair_shop;art;establishment;establishment_poi;feature;music;performing_arts;professional_services;public_api_establishment;repairs;services,6,Abierto ahora,APIFY_GOOGLE_MAPS_SCRAPER,0xd4229f2707f1545:0xd71dd446337dcfde,0xd4229f2707f1545:0xd71dd446337dcfde,15500778890455797726,2026-10-05T22:34:08.625Z,2026-10-07T09:40:02.027Z,st_luthier.json;st_reparacion-de-instrumentos-musicales.json
ChIJjczgRqwlQg0RQUvSXXdMr3M,Transportes Rabanal - Traslado de Pianos,CRAFT_AND_REPAIR,PIANO_TECHNICIAN,afinador de pianos,"C. de San Jaime, 7, Villa de Vallecas, 28031 Madrid","Transportes Rabanal - Traslado de Pianos, C. de San Jaime, 7, Villa de Vallecas, 28031 Madrid","C. de San Jaime, 7",Villa de Vallecas,Madrid,28031,Madrid,ES,40.3780692,-3.6292953999999997,+34626265415,https://www.alquilerpianos.es,alquilerpianos.es,https://www.google.com/maps/place/data=!3m1!4b1!4m2!3m1!1s0xd4225ac46e0cc8d:0x73af4c775dd24b41,4.9,273,OPEN,True,Servicio de traslado de pianos,Servicio de traslado de pianos,piano_moving_service;craft;domestic_services;establishment;establishment_poi;feature;home_services;homes;moving_company;potentially_sensitive_entity;public_api_establishment;services;transportation_service,21,,APIFY_GOOGLE_MAPS_SCRAPER,0xd4225ac46e0cc8d:0x73af4c775dd24b41,0xd4225ac46e0cc8d:0x73af4c775dd24b41,8335965510844959553,2026-10-06T23:09:10.131Z,2026-10-07T09:40:20.825Z,st_afinador-de-pianos.json
ChIJQzEsZL4nQg0RhCXl9SlUXE8,Luthier Mab,CRAFT_AND_REPAIR,LUTHIER;INSTRUMENT_REPAIR;BRASS_REPAIR;WOODWIND_REPAIR;RESTORATION,luthier;reparación de instrumentos musicales;reparación instrumentos de metal;reparación instrumentos de viento;restauración de instrumentos musicales,"C. de Zurita, 41, Centro, 28012 Madrid","Luthier Mab, C. de Zurita, 41, Centro, 28012 Madrid","C. de Zurita, 41",Centro,Madrid,28012,Madrid,ES,40.4088675,-3.6998024,+34617343745,https://www.luthiermab.com,luthiermab.com,https://www.google.com/maps/place/data=!3m1!4b1!4m2!3m1!1s0xd4227be642c3143:0x4f5c5429f5e52584,4.9,270,OPEN,True,Musical instrument repair shop,Musical instrument repair shop,musical_instrument_repair_shop;art;establishment;establishment_poi;feature;music;performing_arts;professional_services;public_api_establishment;repairs;services,44,Closed · Opens 11 am,APIFY_GOOGLE_MAPS_SCRAPER,0xd4227be642c3143:0x4f5c5429f5e52584,0xd4227be642c3143:0x4f5c5429f5e52584,5718538166049514884,2026-10-05T22:34:08.625Z,2026-10-07T09:40:25.333Z,st_luthier.json;st_reparacion-de-instrumentos-musicales.json;st_reparacion-instrumentos-de-metal.json;st_reparacion-instrumentos-de-viento.json;st_restauracion-de-instrumentos-musicales.json
ChIJb4TaP3QmQg0R1VgI9KlBdSo,Bauprés Luthiers,CRAFT_AND_REPAIR,LUTHIER;INSTRUMENT_REPAIR;BRASS_REPAIR;WOODWIND_REPAIR;RESTORATION,luthier;reparación de instrumentos musicales;reparación instrumentos de metal;reparación instrumentos de viento;restauración de instrumentos musicales,"C. de Eduardo Requenas, 27, 1ª planta, Puente de Vallecas, 28053 Madrid","Bauprés Luthiers, C. de Eduardo Requenas, 27, 1ª planta, Puente de Vallecas, 28053 Madrid","C. de Eduardo Requenas, 27, 1ª planta",Puente de Vallecas,Madrid,28053,Madrid,ES,40.389745,-3.666058,+34914130273,http://www.baupresluthiers.com,baupresluthiers.com,https://www.google.com/maps/place/data=!3m1!4b1!4m2!3m1!1s0xd4226743fda846f:0x2a7541a9f40858d5,4.9,185,OPEN,True,Musical instrument repair shop,Musical instrument repair shop,musical_instrument_repair_shop;art;establishment;establishment_poi;feature;music;performing_arts;professional_services;public_api_establishment;repairs;services,60,Closed · Opens 9 am,APIFY_GOOGLE_MAPS_SCRAPER,0xd4226743fda846f:0x2a7541a9f40858d5,0xd4226743fda846f:0x2a7541a9f40858d5,3059423720067586261,2026-10-05T22:34:08.625Z,2026-10-07T09:40:25.333Z,st_luthier.json;st_reparacion-de-instrumentos-musicales.json;st_reparacion-instrumentos-de-metal.json;st_reparacion-instrumentos-de-viento.json;st_restauracion-de-instrumentos-musicales.json
ChIJFz28znsoQg0RfwdYwYfXJbI,Felipe Conde Guitarrero,CRAFT_AND_REPAIR,LUTHIER,luthier,"C. de Arrieta, 4, bajo Izda, Centro, 28013 Madrid","Felipe Conde Guitarrero, C. de Arrieta, 4, bajo Izda, Centro, 28013 Madrid","C. de Arrieta, 4, bajo Izda",Centro,Madrid,28013,Madrid,ES,40.4187205,-3.7100396,+34678732573,https://felipeconde.com,felipeconde.com,https://www.google.com/maps/place/data=!3m1!4b1!4m2!3m1!1s0xd42287bcebc3d17:0xb225d787c158077f,4.9,173,OPEN,True,Stringed instrument maker,Stringed instrument maker;Guitar store;Musical instrument manufacturer,stringed_intrument_maker;art;company;establishment;establishment_poi;feature;guitar_store;industry;manufacturer;music;music_store;musical_instrument_manufacturer;musical_instrument_store;performing_arts;production;public_api_establishment;sheet_music_and_musical_instruments;shopping;store,137,Closed · Opens 10 am,APIFY_GOOGLE_MAPS_SCRAPER,0xd42287bcebc3d17:0xb225d787c158077f,0xd42287bcebc3d17:0xb225d787c158077f,12836903290953795455,2026-10-05T22:34:08.625Z,2026-10-07T09:39:56.474Z,st_luthier.json
ChIJhyRyClIpQg0R1zaYX0KGnXM,Adrian Velazquez Luthier,CRAFT_AND_REPAIR,LUTHIER;INSTRUMENT_REPAIR;BRASS_REPAIR;WOODWIND_REPAIR;RESTORATION,luthier;reparación de instrumentos musicales;reparación instrumentos de metal;reparación instrumentos de viento;restauración de instrumentos musicales,"C. de Vallehermoso, Chamberí, 28015 Madrid","Adrian Velazquez Luthier, C. de Vallehermoso, Chamberí, 28015 Madrid",C. de Vallehermoso,Chamberí,Madrid,28015,Madrid,ES,40.4387523,-3.7083527,+34689486006,,,https://www.google.com/maps/place/data=!3m1!4b1!4m2!3m1!1s0xd4229520a722487:0x739d86425f9836d7,4.9,104,OPEN,True,Musical instrument repair shop,Musical instrument repair shop,musical_instrument_repair_shop;art;establishment;establishment_poi;feature;music;performing_arts;professional_services;public_api_establishment;repairs;services,5,Closed · Opens 8 am,APIFY_GOOGLE_MAPS_SCRAPER,0xd4229520a722487:0x739d86425f9836d7,0xd4229520a722487:0x739d86425f9836d7,8330962505335060183,2026-10-05T22:34:08.625Z,2026-10-07T09:40:25.332Z,st_luthier.json;st_reparacion-de-instrumentos-musicales.json;st_reparacion-instrumentos-de-metal.json;st_reparacion-instrumentos-de-viento.json;st_restauracion-de-instrumentos-musicales.json
ChIJeafvUJQoQg0RNVjc8c5XZjI,"Clemente & De Francisco. Luthier Madrid: Violín, Viola y Cello",CRAFT_AND_REPAIR,LUTHIER;INSTRUMENT_REPAIR,luthier;reparación de instrumentos musicales,"C. de la Golondrina, 55, Moncloa - Aravaca, 28023 Madrid","Clemente & De Francisco. Luthier Madrid: Violín, Viola y Cello, C. de la Golondrina, 55, Moncloa - Aravaca, 28023 Madrid","C. de la Golondrina, 55",Moncloa - Aravaca,Madrid,28023,Madrid,ES,40.4502995,-3.7849055999999996,+34646759970,https://clementeydefrancisco.com,clementeydefrancisco.com,https://www.google.com/maps/place/data=!3m1!4b1!4m2!3m1!1s0xd42289450efa779:0x326657cef1dc5835,4.9,64,OPEN,True,Musical instrument manufacturer,Musical instrument manufacturer;Musical instrument repair shop;Stringed instrument maker,musical_instrument_manufacturer;art;company;establishment;establishment_poi;feature;industry;manufacturer;music;musical_instrument_repair_shop;performing_arts;production;professional_services;public_api_establishment;repairs;services;stringed_intrument_maker,70,Closed · Opens 11 am,APIFY_GOOGLE_MAPS_SCRAPER,0xd42289450efa779:0x326657cef1dc5835,0xd42289450efa779:0x326657cef1dc5835,3631686695853512757,2026-10-05T22:34:08.625Z,2026-10-07T09:40:02.029Z,st_luthier.json;st_reparacion-de-instrumentos-musicales.json
ChIJKRwWsvInQg0RFq3u0lyqy5o,Aliaga Luthier Custom Shop,CRAFT_AND_REPAIR,LUTHIER;INSTRUMENT_REPAIR;BRASS_REPAIR;WOODWIND_REPAIR;RESTORATION,luthier;reparación de instrumentos musicales;reparación instrumentos de metal;reparación instrumentos de viento;restauración de instrumentos musicales,"C. de Matilde Hernández, 32, Carabanchel, 28019 Madrid","Aliaga Luthier Custom Shop, C. de Matilde Hernández, 32, Carabanchel, 28019 Madrid","C. de Matilde Hernández, 32",Carabanchel,Madrid,28019,Madrid,ES,40.39143,-3.73373,+34667899281,https://aliagaluthier.com,aliagaluthier.com,https://www.google.com/maps/place/data=!3m1!4b1!4m2!3m1!1s0xd4227f2b2161c29:0x9acbaa5cd2eead16,4.9,57,OPEN,True,Musical instrument repair shop,Musical instrument repair shop;Musical instrument manufacturer,musical_instrument_repair_shop;art;company;establishment;establishment_poi;feature;industry;manufacturer;music;musical_instrument_manufacturer;performing_arts;production;professional_services;public_api_establishment;repairs;services,5,Closed · Opens 5:30 pm Wed,APIFY_GOOGLE_MAPS_SCRAPER,0xd4227f2b2161c29:0x9acbaa5cd2eead16,0xd4227f2b2161c29:0x9acbaa5cd2eead16,11154196217765735702,2026-10-05T22:34:08.625Z,2026-10-07T09:40:25.333Z,st_luthier.json;st_reparacion-de-instrumentos-musicales.json;st_reparacion-instrumentos-de-metal.json;st_reparacion-instrumentos-de-viento.json;st_restauracion-de-instrumentos-musicales.json
ChIJpVGLLXknQg0Rd8lASqqdF4o,Steinway Piano Gallery Madrid,CRAFT_AND_REPAIR,RESTORATION,restauración de instrumentos musicales,"Calle Fuenterrabía, 4, Retiro, 28014 Madrid","Steinway Piano Gallery Madrid, Calle Fuenterrabía, 4, Retiro, 28014 Madrid","Calle Fuenterrabía, 4",Retiro,Madrid,28014,Madrid,ES,40.406215499999995,-3.6813046999999997,+34915134778,http://www.hinves.com,hinves.com,https://www.google.com/maps/place/data=!3m1!4b1!4m2!3m1!1s0xd4227792d8b51a5:0x8a179daa4a40c977,4.9,10,OPEN,True,Tienda de pianos,Tienda de pianos,piano_store;art;establishment;establishment_poi;feature;music;music_store;musical_instrument_store;performing_arts;piano;public_api_establishment;sheet_music_and_musical_instruments;shopping;store,14,Cerrado · Apertura: 10:00,APIFY_GOOGLE_MAPS_SCRAPER,0xd4227792d8b51a5:0x8a179daa4a40c977,0xd4227792d8b51a5:0x8a179daa4a40c977,9950595256414161271,2026-10-06T23:09:13.394Z,2026-10-07T09:40:25.333Z,st_restauracion-de-instrumentos-musicales.json
ChIJqYZ2VuouQg0R_ESAbuOu_2o,RASEC BARBERSHOP-Barbería Hortaleza,CRAFT_AND_REPAIR,BRASS_REPAIR,reparación instrumentos de metal,"Av. de Barranquilla, 3, Hortaleza, 28033 Madrid","RASEC BARBERSHOP-Barbería Hortaleza, Av. de Barranquilla, 3, Hortaleza, 28033 Madrid","Av. de Barranquilla, 3",Hortaleza,Madrid,28033,Madrid,ES,40.4731728,-3.6398389,+34912330131,http://rasecbarbershop.booksy.com,booksy.com,https://www.google.com/maps/place/data=!3m1!4b1!4m2!3m1!1s0xd422eea567686a9:0x6affaee36e8044fc,4.8,439,OPEN,True,Barbería,Barbería;Peluquería,barber_shop;beauty;establishment;establishment_poi;feature;hair_care;hair_salon;health;health_and_beauty;potentially_sensitive_entity;public_api_establishment;salons;services;unisex_hairdresser,29,Cerrado · Apertura: 10:00,APIFY_GOOGLE_MAPS_SCRAPER,0xd422eea567686a9:0x6affaee36e8044fc,0xd422eea567686a9:0x6affaee36e8044fc,7710073378916287740,2026-10-06T23:09:07.201Z,2026-10-07T09:40:16.359Z,st_reparacion-instrumentos-de-metal.json
ChIJd63gH7ooQg0RDfNRS8-MfLA,Eduma,CRAFT_AND_REPAIR,BRASS_REPAIR,reparación instrumentos de metal,"Calle de Alcántara, 34, bajo h, Salamanca, 28006 Madrid","Eduma, Calle de Alcántara, 34, bajo h, Salamanca, 28006 Madrid","Calle de Alcántara, 34, bajo h",Salamanca,Madrid,28006,Madrid,ES,40.429081499999995,-3.6736469,+34914012502,https://eduma.com,eduma.com,https://www.google.com/maps/place/data=!3m1!4b1!4m2!3m1!1s0xd4228ba1fe0ad77:0xb07c8ccf4b51f30d,4.8,101,OPEN,True,Campamento,Campamento;Programa de actividades extraescolares;Campamento de inglés;Organizador de actividades al aire libre;Club de esquí;Campamento educativo;Agencia de viajes,camp;after_school_program;association_or_organization;care_services;child_care_agency;club;company;education;education_and_culture;english_language_camp;entertainment;entertainment_and_recreation;establishment;establishment_poi;feature;outdoor_activities;outdoor_activity_organizer;potentially_sensitive_entity;professional_services;public_api_establishment;recreation;services;ski_club;skiing;sports;sports_club;summer_camp;tour_agency;tourism;travel;travel_agency;travel_services;vacances,210,Cerrado · Apertura: 9:00,APIFY_GOOGLE_MAPS_SCRAPER,0xd4228ba1fe0ad77:0xb07c8ccf4b51f30d,0xd4228ba1fe0ad77:0xb07c8ccf4b51f30d,12717194269737218829,2026-10-06T23:09:07.202Z,2026-10-07T09:40:16.359Z,st_reparacion-instrumentos-de-metal.json
ChIJVWD9KGIoQg0RY7zeyRUBzoQ,"Fernando Solar, Solar Luthier & Mercedes, Archetiere",CRAFT_AND_REPAIR,LUTHIER;INSTRUMENT_REPAIR;WOODWIND_REPAIR,luthier;reparación de instrumentos musicales;reparación instrumentos de viento,"Calle de Ruiz, 21, Centro, 28004 Madrid","Fernando Solar, Solar Luthier & Mercedes, Archetiere, Calle de Ruiz, 21, Centro, 28004 Madrid","Calle de Ruiz, 21",Centro,Madrid,28004,Madrid,ES,40.4289658,-3.7039011,+34914457589,http://www.fernandosolar.com,fernandosolar.com,https://www.google.com/maps/place/data=!3m1!4b1!4m2!3m1!1s0xd42286228fd6055:0x84ce0115c9debc63,4.8,68,OPEN,True,Violin shop,Violin shop,violin_shop;art;establishment;establishment_poi;feature;music;music_store;musical_instrument_store;performing_arts;public_api_establishment;sheet_music_and_musical_instruments;shopping;store,12,Abierto ahora,APIFY_GOOGLE_MAPS_SCRAPER,0xd42286228fd6055:0x84ce0115c9debc63,0xd42286228fd6055:0x84ce0115c9debc63,9569587451301641315,2026-10-05T22:34:08.625Z,2026-10-07T09:40:07.619Z,st_luthier.json;st_reparacion-de-instrumentos-musicales.json;st_reparacion-instrumentos-de-viento.json
ChIJI6bXCfopQg0RpfaFveYz06Q,Repararaltavoz. net,CRAFT_AND_REPAIR,INSTRUMENT_REPAIR;BRASS_REPAIR;WOODWIND_REPAIR,reparación de instrumentos musicales;reparación instrumentos de metal;reparación instrumentos de viento,"Av. del Ventisquero de la Condesa, 27, 4º C, Fuencarral-El Pardo, 28035 Madrid","Repararaltavoz. net, Av. del Ventisquero de la Condesa, 27, 4º C, Fuencarral-El Pardo, 28035 Madrid","Av. del Ventisquero de la Condesa, 27, 4º C",Fuencarral-El Pardo,Madrid,28035,Madrid,ES,40.4896356,-3.7167719,+34607537400,http://www.repararaltavoz.net,repararaltavoz.net,https://www.google.com/maps/place/data=!3m1!4b1!4m2!3m1!1s0xd4229fa09d7a623:0xa4d333e6bd85f6a5,4.8,58,OPEN,True,Taller de reparación de equipos audiovisuales,Taller de reparación de equipos audiovisuales;Tienda de cajas musicales;Tienda de equipos de sonido,audio_visual_equipment_repair_service;appliance_repair_service;company;craft;electrical;electrical_and_electronics_stores;electrical_goods;electrics;electronics;electronics_store;establishment;establishment_poi;feature;home_electronics;home_services;homes;housekeepings;music_box_store;potentially_sensitive_entity;professional_services;public_api_establishment;repairs;services;shopping;stereo_store;store,44,Cerrado · Apertura: 10:30,APIFY_GOOGLE_MAPS_SCRAPER,0xd4229fa09d7a623:0xa4d333e6bd85f6a5,0xd4229fa09d7a623:0xa4d333e6bd85f6a5,11876893708421297829,2026-10-06T23:09:00.053Z,2026-10-07T09:40:16.358Z,st_reparacion-de-instrumentos-musicales.json;st_reparacion-instrumentos-de-metal.json;st_reparacion-instrumentos-de-viento.json
ChIJz9x-BHsoQg0R_q4TjmXphpU,Rafael Montemayor - Luthier en Madrid,CRAFT_AND_REPAIR,RESTORATION,restauración de instrumentos musicales,"C. de la Isla de Arosa, 29, Entresuelo A, Fuencarral-El Pardo, 28035 Madrid","Rafael Montemayor - Luthier en Madrid, C. de la Isla de Arosa, 29, Entresuelo A, Fuencarral-El Pardo, 28035 Madrid","C. de la Isla de Arosa, 29, Entresuelo A",Fuencarral-El Pardo,Madrid,28035,Madrid,ES,40.4805712,-3.7165974,,http://www.rafaelmontemayor.com,rafaelmontemayor.com,https://www.google.com/maps/place/data=!3m1!4b1!4m2!3m1!1s0xd42287b047edccf:0x9586e9658e13aefe,4.8,28,CLOSED_TEMPORARILY,True,Tienda de instrumentos musicales,Tienda de instrumentos musicales;Tienda de guitarras;Tienda de violines,musical_instrument_store;art;establishment;establishment_poi;feature;guitar_store;music;music_store;performing_arts;public_api_establishment;sheet_music_and_musical_instruments;shopping;store;violin_shop,26,,APIFY_GOOGLE_MAPS_SCRAPER,0xd42287b047edccf:0x9586e9658e13aefe,0xd42287b047edccf:0x9586e9658e13aefe,10774555780915113726,2026-10-06T23:09:13.394Z,2026-10-07T09:40:25.333Z,st_restauracion-de-instrumentos-musicales.json
ChIJJypypQYpQg0RAPAy-VfpJEs,Reparaciones Joaquín,CRAFT_AND_REPAIR,BRASS_REPAIR;WOODWIND_REPAIR;RESTORATION,reparación instrumentos de metal;reparación instrumentos de viento;restauración de instrumentos musicales,"C. del Pensamiento, 8, Tetuán, 28020 Madrid","Reparaciones Joaquín, C. del Pensamiento, 8, Tetuán, 28020 Madrid","C. del Pensamiento, 8",Tetuán,Madrid,28020,Madrid,ES,40.4594829,-3.6983837,+34620436836,,,https://www.google.com/maps/place/data=!3m1!4b1!4m2!3m1!1s0xd422906a5722a27:0x4b24e957f932f000,4.8,25,CLOSED_TEMPORARILY,True,Taller de reparación de equipos audiovisuales,Taller de reparación de equipos audiovisuales;Tienda de electricidad,audio_visual_equipment_repair_service;appliance_repair_service;company;construction;craft;electric_utility_company;electrical;electrical_and_electronics_stores;electrical_goods;electrical_supply_store;electrics;energy;establishment;establishment_poi;feature;home_electronics;home_services;homes;housekeepings;industry;potentially_sensitive_entity;production;professional_services;public_api_establishment;repairs;services;shopping;store,739,,APIFY_GOOGLE_MAPS_SCRAPER,0xd422906a5722a27:0x4b24e957f932f000,0xd422906a5722a27:0x4b24e957f932f000,5414709216058470400,2026-10-06T23:09:07.201Z,2026-10-07T09:40:25.333Z,st_reparacion-instrumentos-de-metal.json;st_reparacion-instrumentos-de-viento.json;st_restauracion-de-instrumentos-musicales.json
ChIJJ3DMksIoQg0RySagcqnFhI0,Jose María Lozano Luthier,CRAFT_AND_REPAIR,LUTHIER;INSTRUMENT_REPAIR;RESTORATION,luthier;reparación de instrumentos musicales;restauración de instrumentos musicales,"C/ Gabriel Lobo, 6, Chamartín, 28002 Madrid","Jose María Lozano Luthier, C/ Gabriel Lobo, 6, Chamartín, 28002 Madrid","C/ Gabriel Lobo, 6",Chamartín,Madrid,28002,Madrid,ES,40.4423052,-3.6813631,+34914021032,http://www.lozanoviolins.com/lozanoviolins.com/Welcome_1.html,lozanoviolins.com,https://www.google.com/maps/place/data=!3m1!4b1!4m2!3m1!1s0xd4228c292cc7027:0x8d84c5a972a026c9,4.8,23,OPEN,False,Musical instrument repair shop,Musical instrument repair shop,musical_instrument_repair_shop;art;establishment;establishment_poi;feature;music;performing_arts;professional_services;public_api_establishment;repairs;services,2,,APIFY_GOOGLE_MAPS_SCRAPER,0xd4228c292cc7027:0x8d84c5a972a026c9,0xd4228c292cc7027:0x8d84c5a972a026c9,10197492787836888777,2026-10-05T22:34:08.625Z,2026-10-07T09:40:25.333Z,st_luthier.json;st_reparacion-de-instrumentos-musicales.json;st_restauracion-de-instrumentos-musicales.json
ChIJiUYKG7UnQg0R507ey3OtEJM,The Custom Luthier Shop Madrid,CRAFT_AND_REPAIR,LUTHIER;INSTRUMENT_REPAIR;BRASS_REPAIR;WOODWIND_REPAIR;RESTORATION,luthier;reparación de instrumentos musicales;reparación instrumentos de metal;reparación instrumentos de viento;restauración de instrumentos musicales,"C. de las Calesas, 13, Usera, 28026 Madrid","The Custom Luthier Shop Madrid, C. de las Calesas, 13, Usera, 28026 Madrid","C. de las Calesas, 13",Usera,Madrid,28026,Madrid,ES,40.3903366,-3.7046512,+34645080591,https://luthierenmadrid.es,luthierenmadrid.es,https://www.google.com/maps/place/data=!3m1!4b1!4m2!3m1!1s0xd4227b51b0a4689:0x9310ad73cbde4ee7,4.7,151,OPEN,True,Musical instrument repair shop,Musical instrument repair shop,musical_instrument_repair_shop;art;establishment;establishment_poi;feature;music;performing_arts;professional_services;public_api_establishment;repairs;services,24,Closed · Opens 9 am,APIFY_GOOGLE_MAPS_SCRAPER,0xd4227b51b0a4689:0x9310ad73cbde4ee7,0xd4227b51b0a4689:0x9310ad73cbde4ee7,10597160636055965415,2026-10-05T22:34:08.625Z,2026-10-07T09:40:25.333Z,st_luthier.json;st_reparacion-de-instrumentos-musicales.json;st_reparacion-instrumentos-de-metal.json;st_reparacion-instrumentos-de-viento.json;st_restauracion-de-instrumentos-musicales.json
ChIJqVVJKqYlQg0ROLhGb4R1opg,Musisat Madrid,CRAFT_AND_REPAIR,INSTRUMENT_REPAIR;BRASS_REPAIR;WOODWIND_REPAIR;RESTORATION,reparación de instrumentos musicales;reparación instrumentos de metal;reparación instrumentos de viento;restauración de instrumentos musicales,"Av. de la Democracia, 7, nave 507 Planta 5 Nave 507, Puente de Vallecas, 28031 Madrid","Musisat Madrid, Av. de la Democracia, 7, nave 507 Planta 5 Nave 507, Puente de Vallecas, 28031 Madrid","Av. de la Democracia, 7, nave 507 Planta 5 Nave 507",Puente de Vallecas,Madrid,28031,Madrid,ES,40.384231,-3.6252769999999996,+34910093831,https://musisat.es,musisat.es,https://www.google.com/maps/place/data=!3m1!4b1!4m2!3m1!1s0xd4225a62a4955a9:0x98a275846f46b838,4.7,127,OPEN,True,Taller de reparación de equipos audiovisuales,Taller de reparación de equipos audiovisuales,audio_visual_equipment_repair_service;appliance_repair_service;craft;electrical;electrical_goods;electrics;establishment;establishment_poi;feature;home_electronics;home_services;homes;housekeepings;potentially_sensitive_entity;professional_services;public_api_establishment;repairs;services,86,Cerrado · Apertura: 9:00,APIFY_GOOGLE_MAPS_SCRAPER,0xd4225a62a4955a9:0x98a275846f46b838,0xd4225a62a4955a9:0x98a275846f46b838,10998482451655211064,2026-10-06T23:09:00.055Z,2026-10-07T09:40:25.333Z,st_reparacion-de-instrumentos-musicales.json;st_reparacion-instrumentos-de-metal.json;st_reparacion-instrumentos-de-viento.json;st_restauracion-de-instrumentos-musicales.json
ChIJQd1tWAT1QQ0RBxiM9BQrFGg,Servitec Pianos,CRAFT_AND_REPAIR,PIANO_TECHNICIAN;INSTRUMENT_REPAIR;RESTORATION,afinador de pianos;reparación de instrumentos musicales;restauración de instrumentos musicales,"Av. del Dr. García Tapia, 74, Centro, 28030 Madrid","Servitec Pianos, Av. del Dr. García Tapia, 74, Centro, 28030 Madrid","Av. del Dr. García Tapia, 74",Centro,Madrid,28030,Madrid,ES,40.4167857,-3.7094152,+34691354940,https://afinadoresdepianos.com,afinadoresdepianos.com,https://www.google.com/maps/place/data=!3m1!4b1!4m2!3m1!1s0xd41f504586ddd41:0x68142b14f48c1807,4.7,28,OPEN,True,Servicio de afinación de pianos,Servicio de afinación de pianos;Servicio de reparación de pianos,piano_tuning_service;art;establishment;establishment_poi;feature;music;performing_arts;piano;piano_repair_service;professional_services;public_api_establishment;repairs;services,2,Cerrado · Apertura: 9:00,APIFY_GOOGLE_MAPS_SCRAPER,0xd41f504586ddd41:0x68142b14f48c1807,0xd41f504586ddd41:0x68142b14f48c1807,7499666648480880647,2026-10-06T23:09:10.131Z,2026-10-07T09:40:25.333Z,st_afinador-de-pianos.json;st_reparacion-de-instrumentos-musicales.json;st_restauracion-de-instrumentos-musicales.json
ChIJM5MyjZSJQQ0Rd257nmNFnBk,Guitarreria Sáenz De La Rosa,CRAFT_AND_REPAIR,INSTRUMENT_REPAIR;BRASS_REPAIR;WOODWIND_REPAIR;RESTORATION;LUTHIER,reparación de instrumentos musicales;reparación instrumentos de metal;reparación instrumentos de viento;restauración de instrumentos musicales;luthier,"C. Mascaraque, 6, Carabanchel, 28044 Madrid","Guitarreria Sáenz De La Rosa, C. Mascaraque, 6, Carabanchel, 28044 Madrid","C. Mascaraque, 6",Carabanchel,Madrid,28044,Madrid,ES,40.37434,-3.7576,+34610405147,http://www.saenzdelarosaguitarras.com,saenzdelarosaguitarras.com,https://www.google.com/maps/place/data=!3m1!4b1!4m2!3m1!1s0xd4189948d329333:0x199c45639e7b6e77,4.7,15,OPEN,True,Taller de reparación de instrumentos musicales,Taller de reparación de instrumentos musicales,musical_instrument_repair_shop;art;establishment;establishment_poi;feature;music;performing_arts;professional_services;public_api_establishment;repairs;services,10,Cerrado · Apertura: 8:00,APIFY_GOOGLE_MAPS_SCRAPER,0xd4189948d329333:0x199c45639e7b6e77,0xd4189948d329333:0x199c45639e7b6e77,1845426241478028919,2026-10-06T23:09:00.055Z,2026-10-07T09:40:25.333Z,st_reparacion-de-instrumentos-musicales.json;st_reparacion-instrumentos-de-metal.json;st_reparacion-instrumentos-de-viento.json;st_restauracion-de-instrumentos-musicales.json;st_luthier.json
ChIJh6__4XooQg0RtTBpTNp3CdM,Luthier Juan Antonio Mancheño,CRAFT_AND_REPAIR,LUTHIER,luthier,"C. de Fomento, 18, Centro, 28013 Madrid","Luthier Juan Antonio Mancheño, C. de Fomento, 18, Centro, 28013 Madrid","C. de Fomento, 18",Centro,Madrid,28013,Madrid,ES,40.4212801,-3.7104861,+34914682050,,,https://www.google.com/maps/place/data=!3m1!4b1!4m2!3m1!1s0xd42287ae1ffaf87:0xd30977da4c6930b5,4.4,46,OPEN,False,Musical instrument store,Musical instrument store,musical_instrument_store;art;establishment;establishment_poi;feature;music;music_store;performing_arts;public_api_establishment;sheet_music_and_musical_instruments;shopping;store,5,Closed · Opens 10 am,APIFY_GOOGLE_MAPS_SCRAPER,0xd42287ae1ffaf87:0xd30977da4c6930b5,0xd42287ae1ffaf87:0xd30977da4c6930b5,15206817396261728437,2026-10-05T22:34:08.625Z,2026-10-07T09:39:56.474Z,st_luthier.json
ChIJIQtmOpQoQg0RoUwAbT6AdVc,Afinador de pianos Luis Meyerhans,CRAFT_AND_REPAIR,PIANO_TECHNICIAN,afinador de pianos,"C. de Claudio Coello, 74, Salamanca, 28001 Madrid","Afinador de pianos Luis Meyerhans, C. de Claudio Coello, 74, Salamanca, 28001 Madrid","C. de Claudio Coello, 74",Salamanca,Madrid,28001,Madrid,ES,40.429524,-3.6858413,+34670784927,http://www.meyerhans-afinador.es,meyerhans-afinador.es,https://www.google.com/maps/place/data=!3m1!4b1!4m2!3m1!1s0xd4228943a660b21:0x5775803e6d004ca1,4.4,17,OPEN,True,Servicio de afinación de pianos,Servicio de afinación de pianos;Profesor de guitarra;Profesor de música,piano_tuning_service;art;culture;education;education_and_culture;educational_institution;establishment;establishment_poi;feature;guitar_instructor;hobby_classes;institute;instruction;learning;music;music_classes;music_instruction;music_instructor;musical_institutions;performing_arts;piano;professional_services;public_api_establishment;school;services;training_courses,8,Cerrado · Apertura: 10:00,APIFY_GOOGLE_MAPS_SCRAPER,0xd4228943a660b21:0x5775803e6d004ca1,0xd4228943a660b21:0x5775803e6d004ca1,6302084259179941025,2026-10-06T23:09:10.131Z,2026-10-07T09:40:20.825Z,st_afinador-de-pianos.json
ChIJtQdpGHsoQg0RA9pjudhWoBE,Radical Music,CRAFT_AND_REPAIR,BRASS_REPAIR,reparación instrumentos de metal,"C. de Leganitos, 12, BAJO, Centro, 28013 Madrid","Radical Music, C. de Leganitos, 12, BAJO, Centro, 28013 Madrid","C. de Leganitos, 12, BAJO",Centro,Madrid,28013,Madrid,ES,40.421591,-3.7099843999999997,+34915419870,,,https://www.google.com/maps/place/data=!3m1!4b1!4m2!3m1!1s0xd42287b186907b5:0x11a056d8b963da03,4.3,387,CLOSED_TEMPORARILY,True,Taller de reparación de instrumentos musicales,Taller de reparación de instrumentos musicales;Servicio de alquiler de instrumentos musicales;Tienda de música;Tienda de instrumentos musicales,music_store;art;establishment;establishment_poi;feature;music;musical_instrument_rental_service;musical_instrument_repair_shop;musical_instrument_store;performing_arts;professional_services;public_api_establishment;rental;repairs;services;sheet_music_and_musical_instruments;shopping;store,53,,APIFY_GOOGLE_MAPS_SCRAPER,0xd42287b186907b5:0x11a056d8b963da03,0xd42287b186907b5:0x11a056d8b963da03,1270110583741733379,2026-10-06T23:09:07.201Z,2026-10-07T09:40:16.359Z,st_reparacion-instrumentos-de-metal.json
ChIJnf50x30oQg0R8oegAykHJC0,Casa de Diego,CRAFT_AND_REPAIR,WOODWIND_REPAIR,reparación instrumentos de viento,"Prta del Sol, 12, Centro, 28013 Madrid","Casa de Diego, Prta del Sol, 12, Centro, 28013 Madrid","Prta del Sol, 12",Centro,Madrid,28013,Madrid,ES,40.4172465,-3.7031335999999997,+34915226643,https://www.casadediego.es,casadediego.es,https://www.google.com/maps/place/data=!3m1!4b1!4m2!3m1!1s0xd42287dc774fe9d:0x2d24072903a087f2,4.2,460,OPEN,True,Tienda de accesorios de moda,Tienda de accesorios de moda;Comercio,fashion_accessories_store;establishment;establishment_poi;fashion;feature;public_api_establishment;shopping;store,691,Cerrado · Apertura: 9:30,APIFY_GOOGLE_MAPS_SCRAPER,0xd42287dc774fe9d:0x2d24072903a087f2,0xd42287dc774fe9d:0x2d24072903a087f2,3252732703604246514,2026-10-06T23:09:03.792Z,2026-10-07T09:40:07.619Z,st_reparacion-instrumentos-de-viento.json
ChIJgW5mrikmQg0R4YxJhD9D15Y,Violins Luthier,CRAFT_AND_REPAIR,LUTHIER;WOODWIND_REPAIR,luthier;reparación instrumentos de viento,"Calle Dr. Mata, 1, E, Centro, 28012 Madrid","Violins Luthier, Calle Dr. Mata, 1, E, Centro, 28012 Madrid","Calle Dr. Mata, 1, E",Centro,Madrid,28012,Madrid,ES,40.4095261,-3.6938362,+34910515669,http://www.violinesdeluthier.com,violinesdeluthier.com,https://www.google.com/maps/place/data=!3m1!4b1!4m2!3m1!1s0xd422629ae666e81:0x96d7433f84498ce1,4.1,156,OPEN,True,Violin shop,Violin shop,violin_shop;art;establishment;establishment_poi;feature;music;music_store;musical_instrument_store;performing_arts;public_api_establishment;sheet_music_and_musical_instruments;shopping;store,54,Closed · Opens 10 am,APIFY_GOOGLE_MAPS_SCRAPER,0xd422629ae666e81:0x96d7433f84498ce1,0xd422629ae666e81:0x96d7433f84498ce1,10869230165763394785,2026-10-05T22:34:08.625Z,2026-10-07T09:40:07.619Z,st_luthier.json;st_reparacion-instrumentos-de-viento.json
ChIJtTaleeYpQg0RiQvbPZS_GpA,Encerda tu Arco,CRAFT_AND_REPAIR,INSTRUMENT_REPAIR,reparación de instrumentos musicales,"C. de San Mateo, 18, Centro, 28004 Madrid","Encerda tu Arco, C. de San Mateo, 18, Centro, 28004 Madrid","C. de San Mateo, 18",Centro,Madrid,28004,Madrid,ES,40.425535499999995,-3.6990163999999996,+34655405532,https://www.encerdatuarco.com,encerdatuarco.com,https://www.google.com/maps/place/data=!3m1!4b1!4m2!3m1!1s0xd4229e679a536b5:0x901abf943ddb0b89,1,1,OPEN,True,Taller de reparación de instrumentos musicales,Taller de reparación de instrumentos musicales,musical_instrument_repair_shop;art;establishment;establishment_poi;feature;music;performing_arts;professional_services;public_api_establishment;repairs;services,5,Abierto 24 horas,APIFY_GOOGLE_MAPS_SCRAPER,0xd4229e679a536b5:0x901abf943ddb0b89,0xd4229e679a536b5:0x901abf943ddb0b89,10383822534269930377,2026-10-06T23:09:00.055Z,2026-10-06T23:09:00.055Z,st_reparacion-de-instrumentos-musicales.json
ChIJjxtv5CyLQQ0RSR_o3k287E4,Leo Salazar Luthier Madrid,CRAFT_AND_REPAIR,LUTHIER,luthier,"C. de Fomento, 32, Centro, 28013 Madrid","Leo Salazar Luthier Madrid, C. de Fomento, 32, Centro, 28013 Madrid","C. de Fomento, 32",Centro,Madrid,28013,Madrid,ES,40.4219201,-3.7107299,+34610264063,http://www.lsalazarluthier.com,lsalazarluthier.com,https://www.google.com/maps/place/data=!3m1!4b1!4m2!3m1!1s0xd418b2ce46f1b8f:0x4eecbc4ddee81f49,1,1,OPEN,True,Musical instrument repair shop,Musical instrument repair shop;Musical instrument manufacturer;Violin shop,musical_instrument_repair_shop;art;company;establishment;establishment_poi;feature;industry;manufacturer;music;music_store;musical_instrument_manufacturer;musical_instrument_store;performing_arts;production;professional_services;public_api_establishment;repairs;services;sheet_music_and_musical_instruments;shopping;store;violin_shop,5,Abierto ahora,APIFY_GOOGLE_MAPS_SCRAPER,0xd418b2ce46f1b8f:0x4eecbc4ddee81f49,0xd418b2ce46f1b8f:0x4eecbc4ddee81f49,5687127472100351817,2026-10-05T22:34:08.625Z,2026-10-07T09:39:56.474Z,st_luthier.json
ChIJrTcLpacpQg0RmYIYHspEp-0,Baires,CRAFT_AND_REPAIR,INSTRUMENT_REPAIR,reparación de instrumentos musicales,"Tetuán, 28029 Madrid","Baires, Tetuán, 28029 Madrid",,Tetuán,Madrid,28029,Madrid,ES,40.4657256,-3.7038504999999997,+34651463600,,,https://www.google.com/maps/place/data=!3m1!4b1!4m2!3m1!1s0xd4229a7a50b37ad:0xeda744ca1e188299,,0,OPEN,True,Taller de reparación de instrumentos musicales,Taller de reparación de instrumentos musicales,musical_instrument_repair_shop;art;establishment;establishment_poi;feature;music;performing_arts;professional_services;public_api_establishment;repairs;services,1,Cerrado · Apertura: 10:00,APIFY_GOOGLE_MAPS_SCRAPER,0xd4229a7a50b37ad:0xeda744ca1e188299,0xd4229a7a50b37ad:0xeda744ca1e188299,17124731742978605721,2026-10-06T23:09:00.053Z,2026-10-07T09:40:02.027Z,st_reparacion-de-instrumentos-musicales.json
ChIJLcz9ocMoQg0RC3ldRYQ9AyU,Auditorio Nacional de Música,CRAFT_AND_REPAIR;CULTURAL_INFRASTRUCTURE,RESTORATION;CONCERT_HALL,restauración de instrumentos musicales;sala de conciertos,"Calle del Príncipe de Vergara, 146, Chamartín, 28002 Madrid","Auditorio Nacional de Música, Calle del Príncipe de Vergara, 146, Chamartín, 28002 Madrid","Calle del Príncipe de Vergara, 146",Chamartín,Madrid,28002,Madrid,ES,40.4460179,-3.6776709999999997,+34913370140,https://auditorionacional.inaem.gob.es/es,inaem.gob.es,https://www.google.com/maps/place/data=!3m1!4b1!4m2!3m1!1s0xd4228c3a1fdcc2d:0x25033d84455d790b,4.8,18915,OPEN,False,Auditorio,Auditorio,auditorium;art;culture;education_and_culture;entertainment;entertainment_and_recreation;establishment;establishment_poi;event_venue;feature;live_music_venue;music;performing_arts;public_api_establishment,20634,,APIFY_GOOGLE_MAPS_SCRAPER,0xd4228c3a1fdcc2d:0x25033d84455d790b,0xd4228c3a1fdcc2d:0x25033d84455d790b,2667043042642196747,2026-10-06T23:09:13.394Z,2026-10-07T09:40:50.939Z,st_restauracion-de-instrumentos-musicales.json;st_sala-de-conciertos.json
ChIJt0z1DZcnQg0R9iyRuyCT-78,Jorge JEC Luthier,CRAFT_AND_REPAIR;INSTRUMENTS,LUTHIER;SECOND_HAND;INSTRUMENT_REPAIR;BRASS_REPAIR;WOODWIND_REPAIR;RESTORATION,luthier;instrumentos musicales de segunda mano;reparación de instrumentos musicales;reparación instrumentos de metal;reparación instrumentos de viento;restauración de instrumentos musicales,"C. de Jacinto Verdaguer, 32, Loc Derecha, Carabanchel, 28019 Madrid","Jorge JEC Luthier, C. de Jacinto Verdaguer, 32, Loc Derecha, Carabanchel, 28019 Madrid","C. de Jacinto Verdaguer, 32, Loc Derecha",Carabanchel,Madrid,28019,Madrid,ES,40.3955674,-3.7180413,+34606864054,http://www.jorgejecluthier.com,jorgejecluthier.com,https://www.google.com/maps/place/data=!3m1!4b1!4m2!3m1!1s0xd4227970df54cb7:0xbffb9320bb912cf6,5,931,OPEN,True,Musical instrument repair shop,Musical instrument repair shop,musical_instrument_repair_shop;art;establishment;establishment_poi;feature;music;performing_arts;professional_services;public_api_establishment;repairs;services,88,Closed · Opens 9 am,APIFY_GOOGLE_MAPS_SCRAPER,0xd4227970df54cb7:0xbffb9320bb912cf6,0xd4227970df54cb7:0xbffb9320bb912cf6,13833812449193700598,2026-10-05T22:34:08.625Z,2026-10-07T09:40:25.333Z,st_luthier.json;st_instrumentos-musicales-de-segunda-mano.json;st_reparacion-de-instrumentos-musicales.json;st_reparacion-instrumentos-de-metal.json;st_reparacion-instrumentos-de-viento.json;st_restauracion-de-instrumentos-musicales.json
ChIJjTvATnQvQg0RNtfHg_KY70U,Moreno Guitars - Luthier,CRAFT_AND_REPAIR;INSTRUMENTS,LUTHIER;RETAIL;SECOND_HAND;INSTRUMENT_REPAIR;BRASS_REPAIR;WOODWIND_REPAIR;RESTORATION,luthier;tienda de instrumentos musicales;instrumentos musicales de segunda mano;reparación de instrumentos musicales;reparación instrumentos de metal;reparación instrumentos de viento;restauración de instrumentos musicales,"C. de la Virgen del Coro, 14, Cdad. Lineal, 28027 Madrid","Moreno Guitars - Luthier, C. de la Virgen del Coro, 14, Cdad. Lineal, 28027 Madrid","C. de la Virgen del Coro, 14",Ciudad Lineal,Madrid,28027,Madrid,ES,40.4335519,-3.6586079,+34637488504,http://www.morenoguitars.com,morenoguitars.com,https://www.google.com/maps/place/data=!3m1!4b1!4m2!3m1!1s0xd422f744ec03b8d:0x45ef98f283c7d736,5,576,OPEN,True,Musical instrument repair shop,Musical instrument repair shop,musical_instrument_repair_shop;art;establishment;establishment_poi;feature;music;performing_arts;professional_services;public_api_establishment;repairs;services,81,Closed · Opens 10 am,APIFY_GOOGLE_MAPS_SCRAPER,0xd422f744ec03b8d:0x45ef98f283c7d736,0xd422f744ec03b8d:0x45ef98f283c7d736,5039414675411294006,2026-10-05T22:34:08.625Z,2026-10-07T09:40:25.332Z,st_luthier.json;st_tienda-de-instrumentos-musicales.json;st_instrumentos-musicales-de-segunda-mano.json;st_reparacion-de-instrumentos-musicales.json;st_reparacion-instrumentos-de-metal.json;st_reparacion-instrumentos-de-viento.json;st_restauracion-de-instrumentos-musicales.json
ChIJmYCsDXkoQg0Rp7dsXIVNbXA,Viento y Música C.B.,CRAFT_AND_REPAIR;INSTRUMENTS,LUTHIER;RETAIL;INSTRUMENT_REPAIR;BRASS_REPAIR;WOODWIND_REPAIR;RESTORATION,luthier;tienda de instrumentos musicales;reparación de instrumentos musicales;reparación instrumentos de metal;reparación instrumentos de viento;restauración de instrumentos musicales,"C. de Juan Antón, 6, Latina, 28011 Madrid","Viento y Música C.B., C. de Juan Antón, 6, Latina, 28011 Madrid","C. de Juan Antón, 6",Latina,Madrid,28011,Madrid,ES,40.4101162,-3.7371825999999997,+34915421161,https://m.facebook.com/pages/category/Musical-Instrument-Store/Viento-y-M%C3%BAsica-338486169605580/?locale2=es_ES,facebook.com,https://www.google.com/maps/place/data=!3m1!4b1!4m2!3m1!1s0xd4228790dac8099:0x706d4d855c6cb7a7,5,63,OPEN,False,Musical instrument repair shop,Musical instrument repair shop,musical_instrument_repair_shop;art;establishment;establishment_poi;feature;music;performing_arts;professional_services;public_api_establishment;repairs;services,3,Closed · Opens 10 am,APIFY_GOOGLE_MAPS_SCRAPER,0xd4228790dac8099:0x706d4d855c6cb7a7,0xd4228790dac8099:0x706d4d855c6cb7a7,8101216539886008231,2026-10-05T22:34:08.625Z,2026-10-07T09:40:25.332Z,st_luthier.json;st_tienda-de-instrumentos-musicales.json;st_reparacion-de-instrumentos-musicales.json;st_reparacion-instrumentos-de-metal.json;st_reparacion-instrumentos-de-viento.json;st_restauracion-de-instrumentos-musicales.json
ChIJbZBBKJQpQg0R95YhmiKmZo4,Juan Brieva Luthier,CRAFT_AND_REPAIR;INSTRUMENTS,LUTHIER;RETAIL;INSTRUMENT_REPAIR;WOODWIND_REPAIR,luthier;tienda de instrumentos musicales;reparación de instrumentos musicales;reparación instrumentos de viento,"Av. de Betanzos, 57, Posterior, Fuencarral-El Pardo, 28029 Madrid","Juan Brieva Luthier, Av. de Betanzos, 57, Posterior, Fuencarral-El Pardo, 28029 Madrid","Av. de Betanzos, 57, Posterior",Fuencarral-El Pardo,Madrid,28029,Madrid,ES,40.4780599,-3.7128394,+34670034766,http://www.juanbrievaluthier.es,juanbrievaluthier.es,https://www.google.com/maps/place/data=!3m1!4b1!4m2!3m1!1s0xd4229942841906d:0x8e66a6229a2196f7,4.9,211,OPEN,True,Musical instrument store,Musical instrument store,musical_instrument_store;art;establishment;establishment_poi;feature;music;music_store;performing_arts;public_api_establishment;sheet_music_and_musical_instruments;shopping;store,9,Closed · Opens 10:30 am,APIFY_GOOGLE_MAPS_SCRAPER,0xd4229942841906d:0x8e66a6229a2196f7,0xd4229942841906d:0x8e66a6229a2196f7,10261071468555245303,2026-10-05T22:34:08.625Z,2026-10-07T09:40:07.617Z,st_luthier.json;st_tienda-de-instrumentos-musicales.json;st_reparacion-de-instrumentos-musicales.json;st_reparacion-instrumentos-de-viento.json
ChIJj0-f3K38cQ0RIDyailccG-Y,HINVES - Tu tienda de Pianos Madrid,CRAFT_AND_REPAIR;INSTRUMENTS,PIANO_TECHNICIAN;RENTAL;DISTRIBUTION;SECOND_HAND;RESTORATION,afinador de pianos;alquiler de instrumentos musicales;distribuidor de instrumentos musicales;instrumentos musicales de segunda mano;restauración de instrumentos musicales,"Calle Fuenterrabía, 4, Retiro, 28014 Madrid","HINVES - Tu tienda de Pianos Madrid, Calle Fuenterrabía, 4, Retiro, 28014 Madrid","Calle Fuenterrabía, 4",Retiro,Madrid,28014,Madrid,ES,40.4062469,-3.6816400999999996,+34915134778,https://hinves.com,hinves.com,https://www.google.com/maps/place/data=!3m1!4b1!4m2!3m1!1s0xd71fcaddc9f4f8f:0xe61b1c578a9a3c20,4.9,135,OPEN,True,Servicio de afinación de pianos,Servicio de afinación de pianos;Servicio de traslado de pianos;Servicio de reparación de pianos;Tienda de pianos,piano_store;art;craft;domestic_services;establishment;establishment_poi;feature;home_services;homes;moving_company;music;music_store;musical_instrument_store;performing_arts;piano;piano_moving_service;piano_repair_service;piano_tuning_service;potentially_sensitive_entity;professional_services;public_api_establishment;repairs;services;sheet_music_and_musical_instruments;shopping;store;transportation_service,107,Cerrado · Apertura: 10:00,APIFY_GOOGLE_MAPS_SCRAPER,0xd71fcaddc9f4f8f:0xe61b1c578a9a3c20,0xd71fcaddc9f4f8f:0xe61b1c578a9a3c20,16580877615407709216,2026-10-06T23:09:10.131Z,2026-10-07T09:40:25.333Z,st_afinador-de-pianos.json;st_alquiler-de-instrumentos-musicales.json;st_distribuidor-de-instrumentos-musicales.json;st_instrumentos-musicales-de-segunda-mano.json;st_restauracion-de-instrumentos-musicales.json
ChIJAVqGBSomQg0Rm5tO9xzZ1Gc,Guitarras Pedro De Miguel,CRAFT_AND_REPAIR;INSTRUMENTS,BRASS_REPAIR;RESTORATION;SECOND_HAND,reparación instrumentos de metal;restauración de instrumentos musicales;instrumentos musicales de segunda mano,"C. del Amor de Dios, 13, Local1, Centro, Centro, 28014 Madrid","Guitarras Pedro De Miguel, C. del Amor de Dios, 13, Local1, Centro, Centro, 28014 Madrid","C. del Amor de Dios, 13, Local1, Centro",Centro,Madrid,28014,Madrid,ES,40.4125879,-3.6984188999999996,+34914294793,http://www.guitarraspedrodemiguel.com,guitarraspedrodemiguel.com,https://www.google.com/maps/place/data=!3m1!4b1!4m2!3m1!1s0xd42262a05865a01:0x67d4d91cf74e9b9b,4.9,115,OPEN,True,Tienda de guitarras,Tienda de guitarras;Fabricante de instrumentos musicales;Tienda de instrumentos musicales,guitar_store;art;company;establishment;establishment_poi;feature;industry;manufacturer;music;music_store;musical_instrument_manufacturer;musical_instrument_store;performing_arts;production;public_api_establishment;sheet_music_and_musical_instruments;shopping;store,37,Cerrado · Apertura: 10:00,APIFY_GOOGLE_MAPS_SCRAPER,0xd42262a05865a01:0x67d4d91cf74e9b9b,0xd42262a05865a01:0x67d4d91cf74e9b9b,7481843599400672155,2026-10-06T23:09:07.201Z,2026-10-07T09:40:25.333Z,st_reparacion-instrumentos-de-metal.json;st_restauracion-de-instrumentos-musicales.json;st_instrumentos-musicales-de-segunda-mano.json
ChIJEYN12CsvQg0R46jXSPw9NLE,Musical Instruments Qarbonia S.L.,CRAFT_AND_REPAIR;INSTRUMENTS,LUTHIER;RETAIL;RENTAL;SECOND_HAND,luthier;tienda de instrumentos musicales;alquiler de instrumentos musicales;instrumentos musicales de segunda mano,"C. de Tribaldos, 12, Hortaleza, 28043 Madrid","Musical Instruments Qarbonia S.L., C. de Tribaldos, 12, Hortaleza, 28043 Madrid","C. de Tribaldos, 12",Hortaleza,Madrid,28043,Madrid,ES,40.4679602,-3.6326813999999996,+34625067462,https://qarbonia.com,qarbonia.com,https://www.google.com/maps/place/data=!3m1!4b1!4m2!3m1!1s0xd422f2bd8758311:0xb1343dfc48d7a8e3,4.8,327,OPEN,True,Violin shop,Violin shop;Musical instrument store,violin_shop;art;establishment;establishment_poi;feature;music;music_store;musical_instrument_store;performing_arts;public_api_establishment;sheet_music_and_musical_instruments;shopping;store,373,Closed · Opens 4 pm,APIFY_GOOGLE_MAPS_SCRAPER,0xd422f2bd8758311:0xb1343dfc48d7a8e3,0xd422f2bd8758311:0xb1343dfc48d7a8e3,12768898997265344739,2026-10-05T22:34:08.625Z,2026-10-07T09:39:47.719Z,st_luthier.json;st_tienda-de-instrumentos-musicales.json;st_alquiler-de-instrumentos-musicales.json;st_instrumentos-musicales-de-segunda-mano.json
ChIJVU08PqQnQg0RYgHa3TCAOaI,El Luthier de Opera,CRAFT_AND_REPAIR;INSTRUMENTS,LUTHIER;SECOND_HAND;INSTRUMENT_REPAIR;WOODWIND_REPAIR;RESTORATION;RETAIL,luthier;instrumentos musicales de segunda mano;reparación de instrumentos musicales;reparación instrumentos de viento;restauración de instrumentos musicales;tienda de instrumentos musicales,"C. de Pedro Unanue, 10, Arganzuela, 28045 Madrid","El Luthier de Opera, C. de Pedro Unanue, 10, Arganzuela, 28045 Madrid","C. de Pedro Unanue, 10",Arganzuela,Madrid,28045,Madrid,ES,40.4035528,-3.6953633,+34915475779,http://www.luthieropera.com,luthieropera.com,https://www.google.com/maps/place/data=!3m1!4b1!4m2!3m1!1s0xd4227a43e3c4d55:0xa2398030ddda0162,4.8,52,OPEN,True,Musical instrument store,Musical instrument store,musical_instrument_store;art;establishment;establishment_poi;feature;music;music_store;performing_arts;public_api_establishment;sheet_music_and_musical_instruments;shopping;store,14,Closed · Opens 10:30 am,APIFY_GOOGLE_MAPS_SCRAPER,0xd4227a43e3c4d55:0xa2398030ddda0162,0xd4227a43e3c4d55:0xa2398030ddda0162,11689515255185670498,2026-10-05T22:34:08.625Z,2026-10-07T09:40:25.333Z,st_luthier.json;st_instrumentos-musicales-de-segunda-mano.json;st_reparacion-de-instrumentos-musicales.json;st_reparacion-instrumentos-de-viento.json;st_restauracion-de-instrumentos-musicales.json;st_tienda-de-instrumentos-musicales.json
ChIJa1FiH0YpQg0RIPH4NipCr9w,Taller de instrumentos Urdiain Guitars,CRAFT_AND_REPAIR;INSTRUMENTS,LUTHIER;INSTRUMENT_REPAIR;BRASS_REPAIR;WOODWIND_REPAIR;RESTORATION;RETAIL,luthier;reparación de instrumentos musicales;reparación instrumentos de metal;reparación instrumentos de viento;restauración de instrumentos musicales;tienda de instrumentos musicales,"C. de Cristóbal Bordiú, 22, Chamberí, 28003 Madrid","Taller de instrumentos Urdiain Guitars, C. de Cristóbal Bordiú, 22, Chamberí, 28003 Madrid","C. de Cristóbal Bordiú, 22",Chamberí,Madrid,28003,Madrid,ES,40.443078299999996,-3.701205,+34657553684,http://www.urdiainguitars.com,urdiainguitars.com,https://www.google.com/maps/place/data=!3m1!4b1!4m2!3m1!1s0xd4229461f62516b:0xdcaf422a36f8f120,4.8,30,OPEN,True,Musical instrument repair shop,Musical instrument repair shop,musical_instrument_repair_shop;art;establishment;establishment_poi;feature;music;performing_arts;professional_services;public_api_establishment;repairs;services,35,Closed · Opens 10 am,APIFY_GOOGLE_MAPS_SCRAPER,0xd4229461f62516b:0xdcaf422a36f8f120,0xd4229461f62516b:0xdcaf422a36f8f120,15902001558346854688,2026-10-05T22:34:08.625Z,2026-10-07T09:40:25.332Z,st_luthier.json;st_reparacion-de-instrumentos-musicales.json;st_reparacion-instrumentos-de-metal.json;st_reparacion-instrumentos-de-viento.json;st_restauracion-de-instrumentos-musicales.json;st_tienda-de-instrumentos-musicales.json
ChIJrRdqp0IoQg0Rux8dUVn0ll4,Melotron - Taller de Luthería,CRAFT_AND_REPAIR;INSTRUMENTS,LUTHIER;RETAIL;RENTAL;SECOND_HAND;INSTRUMENT_REPAIR;BRASS_REPAIR;WOODWIND_REPAIR;RESTORATION,luthier;tienda de instrumentos musicales;alquiler de instrumentos musicales;instrumentos musicales de segunda mano;reparación de instrumentos musicales;reparación instrumentos de metal;reparación instrumentos de viento;restauración de instrumentos musicales,"C. del Marqués de Ahumada, 11, Salamanca, 28028 Madrid","Melotron - Taller de Luthería, C. del Marqués de Ahumada, 11, Salamanca, 28028 Madrid","C. del Marqués de Ahumada, 11",Salamanca,Madrid,28028,Madrid,ES,40.4368115,-3.6681071999999997,+34627097375,http://www.melotron.es,melotron.es,https://www.google.com/maps/place/data=!3m1!4b1!4m2!3m1!1s0xd422842a76a17ad:0x5e96f459511d1fbb,4.7,154,OPEN,True,Stringed instrument maker,Stringed instrument maker;Audio visual equipment repair service;Recording studio;Rehearsal studio,stringed_intrument_maker;appliance_repair_service;art;audio_visual_equipment_repair_service;craft;design_services;electrical;electrical_goods;electrics;entertainment_and_recreation;establishment;establishment_poi;feature;hobbies;home_electronics;home_services;homes;housekeepings;music;music_store;performing_arts;photography;potentially_sensitive_entity;professional_services;public_api_establishment;recording_studio;rehearsa_studio;repairs;services;shopping;store;video,19,,APIFY_GOOGLE_MAPS_SCRAPER,0xd422842a76a17ad:0x5e96f459511d1fbb,0xd422842a76a17ad:0x5e96f459511d1fbb,6815903750521954235,2026-10-05T22:34:08.625Z,2026-10-07T09:40:25.333Z,st_luthier.json;st_tienda-de-instrumentos-musicales.json;st_alquiler-de-instrumentos-musicales.json;st_instrumentos-musicales-de-segunda-mano.json;st_reparacion-de-instrumentos-musicales.json;st_reparacion-instrumentos-de-metal.json;st_reparacion-instrumentos-de-viento.json;st_restauracion-de-instrumentos-musicales.json
ChIJD2j6MAQpQg0RJbaQhqCROFk,Guitarras Ramírez (taller),CRAFT_AND_REPAIR;INSTRUMENTS,INSTRUMENT_REPAIR;LUTHIER;RETAIL,reparación de instrumentos musicales;luthier;tienda de instrumentos musicales,"Calle del Gral. Margallo, 10, Tetuán, 28020 Madrid","Guitarras Ramírez (taller), Calle del Gral. Margallo, 10, Tetuán, 28020 Madrid","Calle del Gral. Margallo, 10",Tetuán,Madrid,28020,Madrid,ES,40.460816099999995,-3.697021,+34613042414,https://www.guitarrasramirez.com,guitarrasramirez.com,https://www.google.com/maps/place/data=!3m1!4b1!4m2!3m1!1s0xd42290430fa680f:0x593891a08690b625,4.7,33,OPEN,True,Fabricante de instrumentos musicales,Fabricante de instrumentos musicales;Artesanía,musical_instrument_manufacturer;art;company;establishment;establishment_poi;feature;handicraft;industry;manufacturer;music;performing_arts;production;public_api_establishment,234,Cerrado · Apertura: 10:00,APIFY_GOOGLE_MAPS_SCRAPER,0xd42290430fa680f:0x593891a08690b625,0xd42290430fa680f:0x593891a08690b625,6429048586709808677,2026-10-06T23:09:00.053Z,2026-10-07T09:40:02.027Z,st_reparacion-de-instrumentos-musicales.json;st_luthier.json;st_tienda-de-instrumentos-musicales.json
ChIJ49uKZ1MoQg0R-Otjgu7HHaE,Oskar Luthier Del Saxofón,CRAFT_AND_REPAIR;INSTRUMENTS,LUTHIER;INSTRUMENT_REPAIR;BRASS_REPAIR;WOODWIND_REPAIR;RESTORATION;RETAIL,luthier;reparación de instrumentos musicales;reparación instrumentos de metal;reparación instrumentos de viento;restauración de instrumentos musicales;tienda de instrumentos musicales,"Plaza Angel de Carbajo, 4, Tetuán, 28020 Madrid","Oskar Luthier Del Saxofón, Plaza Angel de Carbajo, 4, Tetuán, 28020 Madrid","Plaza Angel de Carbajo, 4",Tetuán,Madrid,28020,Madrid,ES,40.4620137,-3.694606,+34671420025,http://www.oskarluthier.es,oskarluthier.es,https://www.google.com/maps/place/data=!3m1!4b1!4m2!3m1!1s0xd422853678adbe3:0xa11dc7ee8263ebf8,4.7,13,OPEN,True,Musical instrument repair shop,Musical instrument repair shop,musical_instrument_repair_shop;art;establishment;establishment_poi;feature;music;performing_arts;professional_services;public_api_establishment;repairs;services,24,Closed · Opens 10 am,APIFY_GOOGLE_MAPS_SCRAPER,0xd422853678adbe3:0xa11dc7ee8263ebf8,0xd422853678adbe3:0xa11dc7ee8263ebf8,11609655241634737144,2026-10-05T22:34:08.625Z,2026-10-07T09:40:25.332Z,st_luthier.json;st_reparacion-de-instrumentos-musicales.json;st_reparacion-instrumentos-de-metal.json;st_reparacion-instrumentos-de-viento.json;st_restauracion-de-instrumentos-musicales.json;st_tienda-de-instrumentos-musicales.json
ChIJXSqZjvcoQg0RRxCPQGioUmA,Leturiaga,CRAFT_AND_REPAIR;INSTRUMENTS,LUTHIER;RETAIL;RENTAL;DISTRIBUTION;SECOND_HAND;INSTRUMENT_REPAIR,luthier;tienda de instrumentos musicales;alquiler de instrumentos musicales;distribuidor de instrumentos musicales;instrumentos musicales de segunda mano;reparación de instrumentos musicales,"C. de Cristóbal Bordiú, 22, Bajo comercial, Chamberí, 28003 Madrid","Leturiaga, C. de Cristóbal Bordiú, 22, Bajo comercial, Chamberí, 28003 Madrid","C. de Cristóbal Bordiú, 22, Bajo comercial",Chamberí,Madrid,28003,Madrid,ES,40.4430556,-3.7013889,+34913994525,http://www.unionmusical.es,unionmusical.es,https://www.google.com/maps/place/data=!3m1!4b1!4m2!3m1!1s0xd4228f78e992a5d:0x6052a868408f1047,4.6,979,OPEN,True,Musical instrument store,Musical instrument store,musical_instrument_store;art;establishment;establishment_poi;feature;music;music_store;performing_arts;public_api_establishment;sheet_music_and_musical_instruments;shopping;store,141,Closed · Opens 10 am,APIFY_GOOGLE_MAPS_SCRAPER,0xd4228f78e992a5d:0x6052a868408f1047,0xd4228f78e992a5d:0x6052a868408f1047,6940795141444538439,2026-10-05T22:34:08.625Z,2026-10-07T09:40:02.028Z,st_luthier.json;st_tienda-de-instrumentos-musicales.json;st_alquiler-de-instrumentos-musicales.json;st_distribuidor-de-instrumentos-musicales.json;st_instrumentos-musicales-de-segunda-mano.json;st_reparacion-de-instrumentos-musicales.json
ChIJsz-QkygmQg0R8Krj7TRUgKo,Guitarras de Luthier,CRAFT_AND_REPAIR;INSTRUMENTS,LUTHIER;WOODWIND_REPAIR;RETAIL,luthier;reparación instrumentos de viento;tienda de instrumentos musicales,"Calle Dr. Mata, 1, Centro, 28012 Madrid","Guitarras de Luthier, Calle Dr. Mata, 1, Centro, 28012 Madrid","Calle Dr. Mata, 1",Centro,Madrid,28012,Madrid,ES,40.409480099999996,-3.693889,+34914681954,http://www.guitarrasdeluthier.com,guitarrasdeluthier.com,https://www.google.com/maps/place/data=!3m1!4b1!4m2!3m1!1s0xd42262893903fb3:0xaa805434ede3aaf0,4.6,276,OPEN,True,Guitar store,Guitar store,guitar_store;art;establishment;establishment_poi;feature;music;music_store;musical_instrument_store;performing_arts;public_api_establishment;sheet_music_and_musical_instruments;shopping;store,113,Closed · Opens 10 am,APIFY_GOOGLE_MAPS_SCRAPER,0xd42262893903fb3:0xaa805434ede3aaf0,0xd42262893903fb3:0xaa805434ede3aaf0,12285912369772866288,2026-10-05T22:34:08.625Z,2026-10-07T09:40:07.619Z,st_luthier.json;st_reparacion-instrumentos-de-viento.json;st_tienda-de-instrumentos-musicales.json
ChIJeXRdt3ooQg0R-21qVnzGTq8,Luthier Fernando Muñoz,CRAFT_AND_REPAIR;INSTRUMENTS,LUTHIER;SECOND_HAND;INSTRUMENT_REPAIR;BRASS_REPAIR;WOODWIND_REPAIR;RESTORATION,luthier;instrumentos musicales de segunda mano;reparación de instrumentos musicales;reparación instrumentos de metal;reparación instrumentos de viento;restauración de instrumentos musicales,"C. del Río, 20, Centro, 28013 Madrid","Luthier Fernando Muñoz, C. del Río, 20, Centro, 28013 Madrid","C. del Río, 20",Centro,Madrid,28013,Madrid,ES,40.4221904,-3.7119777,,https://www.facebook.com/luthier.madrid?ref=bookmarks,facebook.com,https://www.google.com/maps/place/data=!3m1!4b1!4m2!3m1!1s0xd42287ab75d7479:0xaf4ec67c566a6dfb,4.6,63,OPEN,True,Musical instrument repair shop,Musical instrument repair shop;Musical instrument store;Used musical instrument store;Violin shop,musical_instrument_repair_shop;art;establishment;establishment_poi;feature;music;music_store;musical_instrument_store;performing_arts;professional_services;public_api_establishment;repairs;second_hand_shop;services;sheet_music_and_musical_instruments;shopping;store;used;used_musical_instrument_store;violin_shop,37,,APIFY_GOOGLE_MAPS_SCRAPER,0xd42287ab75d7479:0xaf4ec67c566a6dfb,0xd42287ab75d7479:0xaf4ec67c566a6dfb,12632252242148879867,2026-10-05T22:34:08.625Z,2026-10-07T09:40:25.333Z,st_luthier.json;st_instrumentos-musicales-de-segunda-mano.json;st_reparacion-de-instrumentos-musicales.json;st_reparacion-instrumentos-de-metal.json;st_reparacion-instrumentos-de-viento.json;st_restauracion-de-instrumentos-musicales.json
ChIJtTeLSEYpQg0RkxeTFTqORyw,Sarará Percusión,CRAFT_AND_REPAIR;INSTRUMENTS,LUTHIER;RETAIL;INSTRUMENT_REPAIR;RESTORATION,luthier;tienda de instrumentos musicales;reparación de instrumentos musicales;restauración de instrumentos musicales,"C. de Cuevas, 28, Tetuán, 28039 Madrid","Sarará Percusión, C. de Cuevas, 28, Tetuán, 28039 Madrid","C. de Cuevas, 28",Tetuán,Madrid,28039,Madrid,ES,40.462603699999995,-3.7007467999999997,+34641529692,https://sararapercussion.wixsite.com/website,wixsite.com,https://www.google.com/maps/place/data=!3m1!4b1!4m2!3m1!1s0xd422946488b37b5:0x2c478e3a15931793,4.6,11,OPEN,False,Musical instrument repair shop,Musical instrument repair shop,musical_instrument_repair_shop;art;establishment;establishment_poi;feature;music;performing_arts;professional_services;public_api_establishment;repairs;services,1,,APIFY_GOOGLE_MAPS_SCRAPER,0xd422946488b37b5:0x2c478e3a15931793,0xd422946488b37b5:0x2c478e3a15931793,3190675241136494483,2026-10-05T22:34:08.625Z,2026-10-07T09:40:25.332Z,st_luthier.json;st_tienda-de-instrumentos-musicales.json;st_reparacion-de-instrumentos-musicales.json;st_restauracion-de-instrumentos-musicales.json
ChIJIbvbny4pQg0RWdm2f60CGKU,Laurent López,CRAFT_AND_REPAIR;INSTRUMENTS,LUTHIER;RETAIL;INSTRUMENT_REPAIR;BRASS_REPAIR;RESTORATION,luthier;tienda de instrumentos musicales;reparación de instrumentos musicales;reparación instrumentos de metal;restauración de instrumentos musicales,"C. de Guerrero y Mendoza, 17, Chamartín, 28002 Madrid","Laurent López, C. de Guerrero y Mendoza, 17, Chamartín, 28002 Madrid","C. de Guerrero y Mendoza, 17",Chamartín,Madrid,28002,Madrid,ES,40.451528599999996,-3.6725065,+34626163841,http://www.laurentlopez.com,laurentlopez.com,https://www.google.com/maps/place/data=!3m1!4b1!4m2!3m1!1s0xd42292e9fdbbb21:0xa51802ad7fb6d959,4.1,14,OPEN,True,Musical instrument store,Musical instrument store,musical_instrument_store;art;establishment;establishment_poi;feature;music;music_store;performing_arts;public_api_establishment;sheet_music_and_musical_instruments;shopping;store,8,Abierto ahora,APIFY_GOOGLE_MAPS_SCRAPER,0xd42292e9fdbbb21:0xa51802ad7fb6d959,0xd42292e9fdbbb21:0xa51802ad7fb6d959,11896261359894452569,2026-10-05T22:34:08.625Z,2026-10-07T09:40:25.333Z,st_luthier.json;st_tienda-de-instrumentos-musicales.json;st_reparacion-de-instrumentos-musicales.json;st_reparacion-instrumentos-de-metal.json;st_restauracion-de-instrumentos-musicales.json
ChIJiemwtWkpQg0R8NixJdbLYBc,CNDM,CULTURAL_INFRASTRUCTURE,CONCERT_HALL,sala de conciertos,"Calle del Príncipe de Vergara, 146, Chamartín, 28002 Madrid","CNDM, Calle del Príncipe de Vergara, 146, Chamartín, 28002 Madrid","Calle del Príncipe de Vergara, 146",Chamartín,Madrid,28002,Madrid,ES,40.4459662,-3.6776947,+34913370234,https://auditorionacional.inaem.gob.es/en/auditorium,inaem.gob.es,https://www.google.com/maps/place/data=!3m1!4b1!4m2!3m1!1s0xd422969b5b0e989:0x1760cbd625b1d8f0,5,4,OPEN,False,Sala de conciertos,Sala de conciertos,concert_hall;art;auditorium;culture;education_and_culture;entertainment;entertainment_and_recreation;establishment;establishment_poi;event_venue;feature;hall;live_music_venue;music;nightlife;performing_arts;public_api_establishment,7,,APIFY_GOOGLE_MAPS_SCRAPER,0xd422969b5b0e989:0x1760cbd625b1d8f0,0xd422969b5b0e989:0x1760cbd625b1d8f0,1684570381252417776,2026-10-07T09:40:50.939Z,2026-10-07T09:40:50.939Z,st_sala-de-conciertos.json
ChIJNSOliXwpQg0RsCok1rZBtvs,Candlelight Conciertos,CULTURAL_INFRASTRUCTURE,CONCERT_HALL,sala de conciertos,"C. de Sevilla, 3, Centro, 28014 Madrid","Candlelight Conciertos, C. de Sevilla, 3, Centro, 28014 Madrid","C. de Sevilla, 3",Centro,Madrid,28014,Madrid,ES,40.4170089,-3.700388,,https://feverup.com/es/madrid/candlelight,feverup.com,https://www.google.com/maps/place/data=!3m1!4b1!4m2!3m1!1s0xd42297c89a52335:0xfbb641b6d6242ab0,4.9,149,OPEN,True,Sala de conciertos,Sala de conciertos;Centro de ocio;Recinto para eventos;Atracción turística,event_venue;amusement_center;art;attraction;auditorium;concert_hall;culture;education_and_culture;entertainment;entertainment_and_recreation;establishment;establishment_poi;feature;hall;live_music_venue;music;nightlife;performing_arts;places_of_interest;public_api_establishment;recreation;tourism;tourist_attraction;travel;vacances,84,,APIFY_GOOGLE_MAPS_SCRAPER,0xd42297c89a52335:0xfbb641b6d6242ab0,0xd42297c89a52335:0xfbb641b6d6242ab0,18137756802813799088,2026-10-07T09:40:50.939Z,2026-10-07T09:40:50.939Z,st_sala-de-conciertos.json
ChIJN93uz2coQg0RgO9pmPpkRSQ,Sala de Máquinas,CULTURAL_INFRASTRUCTURE,CONCERT_HALL,sala de conciertos,"Cl. de Francisco Ricci, 5, Bajo, Chamberí, 28015 Madrid","Sala de Máquinas, Cl. de Francisco Ricci, 5, Bajo, Chamberí, 28015 Madrid","Cl. de Francisco Ricci, 5, Bajo",Chamberí,Madrid,28015,Madrid,ES,40.4309753,-3.712363,+34609058475,,,https://www.google.com/maps/place/data=!3m1!4b1!4m2!3m1!1s0xd422867cfeedd37:0x244564fa9869ef80,4.8,16,OPEN,True,Recinto para eventos,Recinto para eventos,event_venue;establishment;establishment_poi;feature;public_api_establishment,20,Abierto · Cierre: 18:00,APIFY_GOOGLE_MAPS_SCRAPER,0xd422867cfeedd37:0x244564fa9869ef80,0xd422867cfeedd37:0x244564fa9869ef80,2613606186220121984,2026-10-07T09:40:50.940Z,2026-10-07T09:40:50.940Z,st_sala-de-conciertos.json
ChIJE87ggRAlQg0R-EwRtutmjpc,ReviLive,CULTURAL_INFRASTRUCTURE,CONCERT_HALL,sala de conciertos,"C. los Cavilas, 4, Vicálvaro, 28052 Madrid","ReviLive, C. los Cavilas, 4, Vicálvaro, 28052 Madrid","C. los Cavilas, 4",Vicálvaro,Madrid,28052,Madrid,ES,40.4012331,-3.5909937999999997,+34917751231,https://revi.live,revi.live,https://www.google.com/maps/place/data=!3m1!4b1!4m2!3m1!1s0xd42251081e0ce13:0x978e66ebb6114cf8,4.7,506,OPEN,True,Sala de conciertos,Sala de conciertos,concert_hall;art;auditorium;culture;education_and_culture;entertainment;entertainment_and_recreation;establishment;establishment_poi;event_venue;feature;hall;live_music_venue;music;nightlife;performing_arts;public_api_establishment,567,,APIFY_GOOGLE_MAPS_SCRAPER,0xd42251081e0ce13:0x978e66ebb6114cf8,0xd42251081e0ce13:0x978e66ebb6114cf8,10920779308977966328,2026-10-07T09:40:50.939Z,2026-10-07T09:40:50.939Z,st_sala-de-conciertos.json
ChIJJ8LzMLcvQg0RUNerHVePanc,Sala Bakán Madrid,CULTURAL_INFRASTRUCTURE,CONCERT_HALL,sala de conciertos,"C. de Ángel Muñoz, 19, Cdad. Lineal, 28043 Madrid","Sala Bakán Madrid, C. de Ángel Muñoz, 19, Cdad. Lineal, 28043 Madrid","C. de Ángel Muñoz, 19",Ciudad Lineal,Madrid,28043,Madrid,ES,40.453468199999996,-3.6579287,+34686346255,https://salabakan.madrid,salabakan.madrid,https://www.google.com/maps/place/data=!3m1!4b1!4m2!3m1!1s0xd422fb730f3c227:0x776a8f571dabd750,4.7,368,OPEN,True,Club nocturno,Club nocturno,night_club;art;dancing;discos_and_night_clubs;entertainment;entertainment_and_recreation;establishment;establishment_poi;feature;music;nightlife;performing_arts;public_api_establishment,128,Cerrado · Apertura: 19:00,APIFY_GOOGLE_MAPS_SCRAPER,0xd422fb730f3c227:0x776a8f571dabd750,0xd422fb730f3c227:0x776a8f571dabd750,8604847642367481680,2026-10-07T09:40:50.940Z,2026-10-07T09:40:50.940Z,st_sala-de-conciertos.json
ChIJ-WHtEywmQg0R7ofxWRValeU,Sala Mirador,CULTURAL_INFRASTRUCTURE,CONCERT_HALL,sala de conciertos,"Calle del Dr. Fourquet, 31, Centro, 28012 Madrid","Sala Mirador, Calle del Dr. Fourquet, 31, Centro, 28012 Madrid","Calle del Dr. Fourquet, 31",Centro,Madrid,28012,Madrid,ES,40.407010899999996,-3.6988966,+34915289504,https://lamirador.com,lamirador.com,https://www.google.com/maps/place/data=!3m1!4b1!4m2!3m1!1s0xd42262c13ed61f9:0xe5955a1559f187ee,4.6,618,OPEN,True,Teatro,Teatro,performing_arts_theater;art;culture;education_and_culture;entertainment;entertainment_and_recreation;establishment;establishment_poi;event_venue;feature;nightlife;performing_arts;public_api_establishment,315,,APIFY_GOOGLE_MAPS_SCRAPER,0xd42262c13ed61f9:0xe5955a1559f187ee,0xd42262c13ed61f9:0xe5955a1559f187ee,16543227853965199342,2026-10-07T09:40:50.939Z,2026-10-07T09:40:50.939Z,st_sala-de-conciertos.json
ChIJkaN10RApQg0RPWOyC5f3JkQ,Fundación Canal,CULTURAL_INFRASTRUCTURE,CONCERT_HALL,sala de conciertos,"C. de Mateo Inurria, 2, Chamartín, 28036 Madrid","Fundación Canal, C. de Mateo Inurria, 2, Chamartín, 28036 Madrid","C. de Mateo Inurria, 2",Chamartín,Madrid,28036,Madrid,ES,40.465964299999996,-3.6880178999999997,+34915451501,https://www.fundacioncanal.com,fundacioncanal.com,https://www.google.com/maps/place/data=!3m1!4b1!4m2!3m1!1s0xd422910d175a391:0x4426f7970bb2633d,4.5,4827,OPEN,True,Sala de conciertos,Sala de conciertos;Organizador de exposiciones;Auditorio;Museo;Atracción turística,exhibition_planner;art;attraction;auditorium;concert_hall;culture;education_and_culture;entertainment;entertainment_and_recreation;establishment;establishment_poi;event_venue;feature;hall;live_music_venue;museum;music;nightlife;performing_arts;places_of_interest;public_api_establishment;services;tourism;tourist_attraction;travel;vacances,13879,Abierto · Cierre: 15:00,APIFY_GOOGLE_MAPS_SCRAPER,0xd422910d175a391:0x4426f7970bb2633d,0xd422910d175a391:0x4426f7970bb2633d,4910884671802467133,2026-10-07T09:40:50.939Z,2026-10-07T09:40:50.939Z,st_sala-de-conciertos.json
ChIJaTCAfHwnQg0RAyjRK5PLZU0,Sala Villanos,CULTURAL_INFRASTRUCTURE,CONCERT_HALL,sala de conciertos,"C. de Bernardino Obregón, 18, Arganzuela, 28012 Madrid","Sala Villanos, C. de Bernardino Obregón, 18, Arganzuela, 28012 Madrid","C. de Bernardino Obregón, 18",Arganzuela,Madrid,28012,Madrid,ES,40.4040033,-3.7000281999999998,+34918468869,https://salavillanos.es,salavillanos.es,https://www.google.com/maps/place/data=!3m1!4b1!4m2!3m1!1s0xd42277c7c803069:0x4d65cb932bd12803,4.5,1357,OPEN,True,Sala de conciertos,Sala de conciertos,concert_hall;art;auditorium;culture;education_and_culture;entertainment;entertainment_and_recreation;establishment;establishment_poi;event_venue;feature;hall;live_music_venue;music;nightlife;performing_arts;public_api_establishment,763,,APIFY_GOOGLE_MAPS_SCRAPER,0xd42277c7c803069:0x4d65cb932bd12803,0xd42277c7c803069:0x4d65cb932bd12803,5577087546523985923,2026-10-07T09:40:50.939Z,2026-10-07T09:40:50.939Z,st_sala-de-conciertos.json
ChIJ_2TSWlspQg0RX07pxk2QW_w,Sala Rockvillle,CULTURAL_INFRASTRUCTURE,CONCERT_HALL,sala de conciertos,"Av. de Brasil, 3 esquina, C. de Orense, 32, 28020 Madrid","Sala Rockvillle, Av. de Brasil, 3 esquina, C. de Orense, 32, 28020 Madrid","Av. de Brasil, 3 esquina, C. de Orense, 32",Tetuán,Madrid,28020,Madrid,ES,40.4537499,-3.6943631999999997,+34638015650,http://www.rockville.es,rockville.es,https://www.google.com/maps/place/data=!3m1!4b1!4m2!3m1!1s0xd42295b5ad264ff:0xfc5b904dc6e94e5f,4.5,827,OPEN,True,Sala de conciertos,Sala de conciertos,concert_hall;art;auditorium;culture;education_and_culture;entertainment;entertainment_and_recreation;establishment;establishment_poi;event_venue;feature;hall;live_music_venue;music;nightlife;performing_arts;public_api_establishment,855,,APIFY_GOOGLE_MAPS_SCRAPER,0xd42295b5ad264ff:0xfc5b904dc6e94e5f,0xd42295b5ad264ff:0xfc5b904dc6e94e5f,18184286584162569823,2026-10-07T09:40:50.937Z,2026-10-07T09:40:50.937Z,st_sala-de-conciertos.json
ChIJ7QaeoUUlQg0R-1nhBGRpzyM,Sala la Trinchera,CULTURAL_INFRASTRUCTURE,CONCERT_HALL,sala de conciertos,"Mercado Numancia, Calle Josefa Díaz C. Castalia de Vallecas, esquina","Sala la Trinchera, Mercado Numancia, Calle Josefa Díaz C. Castalia de Vallecas, esquina","Mercado Numancia, Calle Josefa Díaz C. Castalia de Vallecas, esquina",Puente de Vallecas,Madrid,,Madrid,ES,40.3935118,-3.6578594,,https://primeralineavkbar.com/index.php/trinchera,primeralineavkbar.com,https://www.google.com/maps/place/data=!3m1!4b1!4m2!3m1!1s0xd422545a19e06ed:0x23cf696404e159fb,4.5,127,OPEN,True,Sala de conciertos,Sala de conciertos,concert_hall;art;auditorium;culture;education_and_culture;entertainment;entertainment_and_recreation;establishment;establishment_poi;event_venue;feature;hall;live_music_venue;music;nightlife;performing_arts;public_api_establishment,99,,APIFY_GOOGLE_MAPS_SCRAPER,0xd422545a19e06ed:0x23cf696404e159fb,0xd422545a19e06ed:0x23cf696404e159fb,2580396989806107131,2026-10-07T09:40:50.939Z,2026-10-07T09:40:50.939Z,st_sala-de-conciertos.json
ChIJkypEYnwoQg0Rcv7cT2S2JKs,Café Berlín,CULTURAL_INFRASTRUCTURE,CONCERT_HALL,sala de conciertos,"C, Cost.ª de los Ángeles, 20, 28013 Madrid","Café Berlín, C, Cost.ª de los Ángeles, 20, 28013 Madrid","C, Cost.ª de los Ángeles, 20",Centro,Madrid,28013,Madrid,ES,40.419588499999996,-3.7079429999999998,+34915597429,http://www.berlincafe.es,berlincafe.es,https://www.google.com/maps/place/data=!3m1!4b1!4m2!3m1!1s0xd42287c62442a93:0xab24b6644fdcfe72,4.4,5061,OPEN,True,Sala de conciertos,Sala de conciertos;Discoteca,concert_hall;art;auditorium;culture;dancing;disco;discos_and_night_clubs;education_and_culture;entertainment;entertainment_and_recreation;establishment;establishment_poi;event_venue;feature;hall;live_music_venue;music;night_club;nightlife;performing_arts;public_api_establishment,1857,,APIFY_GOOGLE_MAPS_SCRAPER,0xd42287c62442a93:0xab24b6644fdcfe72,0xd42287c62442a93:0xab24b6644fdcfe72,12332182221600128626,2026-10-07T09:40:50.939Z,2026-10-07T09:40:50.939Z,st_sala-de-conciertos.json
ChIJuZ9FcIYoQg0R0wAYlVu5yPM,Sala AZarte,CULTURAL_INFRASTRUCTURE,CONCERT_HALL,sala de conciertos,"C. de San Marcos, 19, Centro, 28004 Madrid","Sala AZarte, C. de San Marcos, 19, Centro, 28004 Madrid","C. de San Marcos, 19",Centro,Madrid,28004,Madrid,ES,40.421416699999995,-3.6983519,+34915226768,http://www.azarte.com,azarte.com,https://www.google.com/maps/place/data=!3m1!4b1!4m2!3m1!1s0xd42288670459fb9:0xf3c8b95b951800d3,4.4,436,OPEN,True,Teatro,Teatro,performing_arts_theater;art;culture;education_and_culture;entertainment;entertainment_and_recreation;establishment;establishment_poi;event_venue;feature;nightlife;performing_arts;public_api_establishment,65,,APIFY_GOOGLE_MAPS_SCRAPER,0xd42288670459fb9:0xf3c8b95b951800d3,0xd42288670459fb9:0xf3c8b95b951800d3,17566494149553160403,2026-10-07T09:40:50.940Z,2026-10-07T09:40:50.940Z,st_sala-de-conciertos.json
ChIJAXQ6nD8pQg0REk3Bkwrq-qc,Templete de Música (parque de la Bombilla),CULTURAL_INFRASTRUCTURE,CONCERT_HALL,sala de conciertos,"Moncloa - Aravaca, 28008 Madrid","Templete de Música (parque de la Bombilla), Moncloa - Aravaca, 28008 Madrid",,Moncloa - Aravaca,Madrid,28008,Madrid,ES,40.426704799999996,-3.7262237999999996,,,,https://www.google.com/maps/place/data=!3m1!4b1!4m2!3m1!1s0xd42293f9c3a7401:0xa7faea0a93c14d12,4.4,8,OPEN,False,Sala de conciertos,Sala de conciertos,concert_hall;art;auditorium;culture;education_and_culture;entertainment;entertainment_and_recreation;establishment;establishment_poi;event_venue;feature;hall;live_music_venue;music;nightlife;performing_arts;public_api_establishment,4,,APIFY_GOOGLE_MAPS_SCRAPER,0xd42293f9c3a7401:0xa7faea0a93c14d12,0xd42293f9c3a7401:0xa7faea0a93c14d12,12104244279661120786,2026-10-07T09:40:50.940Z,2026-10-07T09:40:50.940Z,st_sala-de-conciertos.json
ChIJIbFaj1soQg0R5SzkEW6BrH0,Galileo Galilei,CULTURAL_INFRASTRUCTURE,CONCERT_HALL,sala de conciertos,"C. de Galileo, 100, Chamberí, 28015 Madrid","Galileo Galilei, C. de Galileo, 100, Chamberí, 28015 Madrid","C. de Galileo, 100",Chamberí,Madrid,28015,Madrid,ES,40.438462099999995,-3.7097781999999997,+34915347557,http://www.salagalileogalilei.com,salagalileogalilei.com,https://www.google.com/maps/place/data=!3m1!4b1!4m2!3m1!1s0xd42285b8f5ab121:0x7dac816e11e42ce5,4.3,5367,OPEN,True,Sala de conciertos,Sala de conciertos,concert_hall;art;auditorium;culture;education_and_culture;entertainment;entertainment_and_recreation;establishment;establishment_poi;event_venue;feature;hall;live_music_venue;music;nightlife;performing_arts;public_api_establishment,3781,,APIFY_GOOGLE_MAPS_SCRAPER,0xd42285b8f5ab121:0x7dac816e11e42ce5,0xd42285b8f5ab121:0x7dac816e11e42ce5,9055755260481776869,2026-10-07T09:40:50.937Z,2026-10-07T09:40:50.937Z,st_sala-de-conciertos.json
ChIJ8RYzeIwoQg0RXzcYXQjegjo,Sala Honky Tonk Bar,CULTURAL_INFRASTRUCTURE,CONCERT_HALL,sala de conciertos,"Calle de Covarrubias, 24, Chamberí, 28010 Madrid","Sala Honky Tonk Bar, Calle de Covarrubias, 24, Chamberí, 28010 Madrid","Calle de Covarrubias, 24",Chamberí,Madrid,28010,Madrid,ES,40.4302247,-3.6976516,+34914456191,http://www.clubhonky.com,clubhonky.com,https://www.google.com/maps/place/data=!3m1!4b1!4m2!3m1!1s0xd42288c783316f1:0x3a82de085d18375f,4.3,3849,OPEN,True,Sala de conciertos,Sala de conciertos;Bar;Discoteca,concert_hall;art;auditorium;bar;bars_and_pubs;beverages;culture;dancing;disco;discos_and_night_clubs;education_and_culture;entertainment;entertainment_and_recreation;establishment;establishment_poi;event_venue;feature;food_and_drink;hall;live_music_venue;music;night_club;nightlife;performing_arts;public_api_establishment,877,,APIFY_GOOGLE_MAPS_SCRAPER,0xd42288c783316f1:0x3a82de085d18375f,0xd42288c783316f1:0x3a82de085d18375f,4216176328675178335,2026-10-07T09:40:50.939Z,2026-10-07T09:40:50.939Z,st_sala-de-conciertos.json
ChIJt8d3-oooQg0RQ6s40-wvRY8,Sala Clamores,CULTURAL_INFRASTRUCTURE,CONCERT_HALL,sala de conciertos,"C. de Alburquerque, 14, planta sótano, Chamberí, 28010 Madrid","Sala Clamores, C. de Alburquerque, 14, planta sótano, Chamberí, 28010 Madrid","C. de Alburquerque, 14, planta sótano",Chamberí,Madrid,28010,Madrid,ES,40.4310342,-3.7008764,+34914455480,http://www.salaclamores.es,salaclamores.es,https://www.google.com/maps/place/data=!3m1!4b1!4m2!3m1!1s0xd42288afa77c7b7:0x8f452fecd338ab43,4.3,3175,OPEN,True,Sala de conciertos,Sala de conciertos;Club;Coctelería;Discoteca;Club de jazz,concert_hall;art;association_or_organization;auditorium;bar;bars_and_pubs;beverages;club;cocktail_bar;culture;dancing;disco;discos_and_night_clubs;education_and_culture;entertainment;entertainment_and_recreation;establishment;establishment_poi;event_venue;feature;food_and_drink;hall;jazz_club;live_music_venue;music;night_club;nightlife;performing_arts;potentially_sensitive_entity;public_api_establishment;recreation,1406,,APIFY_GOOGLE_MAPS_SCRAPER,0xd42288afa77c7b7:0x8f452fecd338ab43,0xd42288afa77c7b7:0x8f452fecd338ab43,10323710415019223875,2026-10-07T09:40:50.939Z,2026-10-07T09:40:50.939Z,st_sala-de-conciertos.json
ChIJFwTeOIcoQg0RS-hPVCsHrhM,Sala El Sol,CULTURAL_INFRASTRUCTURE,CONCERT_HALL,sala de conciertos,"C. de los Jardines, 3, Centro, 28013 Madrid","Sala El Sol, C. de los Jardines, 3, Centro, 28013 Madrid","C. de los Jardines, 3",Centro,Madrid,28013,Madrid,ES,40.4190502,-3.7016592999999998,+34915224403,https://salaelsol.com,salaelsol.com,https://www.google.com/maps/place/data=!3m1!4b1!4m2!3m1!1s0xd42288738de0417:0x13ae072b544fe84b,4.3,2663,OPEN,False,Sala de conciertos,Sala de conciertos;Discoteca,disco;art;auditorium;concert_hall;culture;dancing;discos_and_night_clubs;education_and_culture;entertainment;entertainment_and_recreation;establishment;establishment_poi;event_venue;feature;hall;live_music_venue;music;night_club;nightlife;performing_arts;public_api_establishment,1439,Cerrado · Apertura: 20:00,APIFY_GOOGLE_MAPS_SCRAPER,0xd42288738de0417:0x13ae072b544fe84b,0xd42288738de0417:0x13ae072b544fe84b,1418078815347796043,2026-10-07T09:40:50.939Z,2026-10-07T09:40:50.939Z,st_sala-de-conciertos.json
ChIJK_d8Y4coQg0Rc-Nm0WkHcVc,Wurlitzer Ballroom,CULTURAL_INFRASTRUCTURE,CONCERT_HALL,sala de conciertos,"C. de las Tres Cruces, 12, Centro, 28013 Madrid","Wurlitzer Ballroom, C. de las Tres Cruces, 12, Centro, 28013 Madrid","C. de las Tres Cruces, 12",Centro,Madrid,28013,Madrid,ES,40.419719099999995,-3.7025531999999997,+34649767676,https://www.wurlitzerballroom.com,wurlitzerballroom.com,https://www.google.com/maps/place/data=!3m1!4b1!4m2!3m1!1s0xd422887637cf72b:0x57710769d166e373,4.3,2255,OPEN,True,Sala de conciertos,Sala de conciertos;Bar;Bar musical;Pub,concert_hall;art;auditorium;bar;bars_and_pubs;beverages;culture;education_and_culture;entertainment;entertainment_and_recreation;establishment;establishment_poi;event_venue;feature;food_and_drink;hall;live_music_venue;music;nightlife;performing_arts;piano;piano_bar;pub;public_api_establishment,1164,,APIFY_GOOGLE_MAPS_SCRAPER,0xd422887637cf72b:0x57710769d166e373,0xd422887637cf72b:0x57710769d166e373,6300825504734176115,2026-10-07T09:40:50.939Z,2026-10-07T09:40:50.939Z,st_sala-de-conciertos.json
ChIJY1G0LzUvQg0RTbvqEk5_3kg,Barracudas Rock Bar,CULTURAL_INFRASTRUCTURE,CONCERT_HALL,sala de conciertos,"Calle de Brescia, 19, Salamanca, 28028 Madrid","Barracudas Rock Bar, Calle de Brescia, 19, Salamanca, 28028 Madrid","Calle de Brescia, 19",Salamanca,Madrid,28028,Madrid,ES,40.4365734,-3.661809,+34693757061,http://www.barracudasrockbar.com,barracudasrockbar.com,https://www.google.com/maps/place/data=!3m1!4b1!4m2!3m1!1s0xd422f352fb45163:0x48de7f4e12eabb4d,4.3,670,OPEN,True,Sala de conciertos,Sala de conciertos,concert_hall;art;auditorium;culture;education_and_culture;entertainment;entertainment_and_recreation;establishment;establishment_poi;event_venue;feature;hall;live_music_venue;music;nightlife;performing_arts;public_api_establishment,300,,APIFY_GOOGLE_MAPS_SCRAPER,0xd422f352fb45163:0x48de7f4e12eabb4d,0xd422f352fb45163:0x48de7f4e12eabb4d,5250774188862126925,2026-10-07T09:40:50.939Z,2026-10-07T09:40:50.939Z,st_sala-de-conciertos.json
ChIJA3qFIXgpQg0R6rSrriLxsdo,La Sala,CULTURAL_INFRASTRUCTURE,CONCERT_HALL,sala de conciertos,"C. de la Fuente del Berro, 36, Salamanca, 28009 Madrid","La Sala, C. de la Fuente del Berro, 36, Salamanca, 28009 Madrid","C. de la Fuente del Berro, 36",Salamanca,Madrid,28009,Madrid,ES,40.4242068,-3.671166,,https://lasala.movistararena.es,movistararena.es,https://www.google.com/maps/place/data=!3m1!4b1!4m2!3m1!1s0xd42297821857a03:0xdab1f122aeabb4ea,4.3,207,OPEN,False,Sala de conciertos,Sala de conciertos,concert_hall;art;auditorium;culture;education_and_culture;entertainment;entertainment_and_recreation;establishment;establishment_poi;event_venue;feature;hall;live_music_venue;music;nightlife;performing_arts;public_api_establishment,226,,APIFY_GOOGLE_MAPS_SCRAPER,0xd42297821857a03:0xdab1f122aeabb4ea,0xd42297821857a03:0xdab1f122aeabb4ea,15758641702407746794,2026-10-07T09:40:50.937Z,2026-10-07T09:40:50.937Z,st_sala-de-conciertos.json
ChIJo3VKaXUoQg0RsXJcR1wG6AE,Sala La Riviera,CULTURAL_INFRASTRUCTURE,CONCERT_HALL,sala de conciertos,"P.º Bajo de la Virgen del Puerto, S/N, Arganzuela, 28005 Madrid","Sala La Riviera, P.º Bajo de la Virgen del Puerto, S/N, Arganzuela, 28005 Madrid","P.º Bajo de la Virgen del Puerto, S/N",Arganzuela,Madrid,28005,Madrid,ES,40.412999899999996,-3.7221514,+34913652415,http://www.salariviera.com/contacto,salariviera.com,https://www.google.com/maps/place/data=!3m1!4b1!4m2!3m1!1s0xd422875694a75a3:0x1e8065c475c72b1,4.2,14635,OPEN,False,Sala de conciertos,Sala de conciertos;Salón para eventos,concert_hall;art;auditorium;culture;education_and_culture;entertainment;entertainment_and_recreation;establishment;establishment_poi;event_venue;feature;function_room_facility;hall;live_music_venue;music;nightlife;performing_arts;public_api_establishment;rental;services,23371,,APIFY_GOOGLE_MAPS_SCRAPER,0xd422875694a75a3:0x1e8065c475c72b1,0xd422875694a75a3:0x1e8065c475c72b1,137366782038799025,2026-10-07T09:40:50.937Z,2026-10-07T09:40:50.937Z,st_sala-de-conciertos.json
ChIJPUNhogIpQg0RmvM3iBbvP1c,Moby Dick,CULTURAL_INFRASTRUCTURE,CONCERT_HALL,sala de conciertos,"Av. de Brasil, 5, Tetuán, 28020 Madrid","Moby Dick, Av. de Brasil, 5, Tetuán, 28020 Madrid","Av. de Brasil, 5",Tetuán,Madrid,28020,Madrid,ES,40.4544936,-3.6940413999999997,+34915557671,http://www.mobydickclub.com,mobydickclub.com,https://www.google.com/maps/place/data=!3m1!4b1!4m2!3m1!1s0xd422902a261433d:0x573fef168837f39a,4.2,2560,OPEN,True,Sala de conciertos,Sala de conciertos;Bar;Discoteca;Pub,concert_hall;art;auditorium;bar;bars_and_pubs;beverages;culture;dancing;disco;discos_and_night_clubs;education_and_culture;entertainment;entertainment_and_recreation;establishment;establishment_poi;event_venue;feature;food_and_drink;hall;live_music_venue;music;night_club;nightlife;performing_arts;pub;public_api_establishment,1018,,APIFY_GOOGLE_MAPS_SCRAPER,0xd422902a261433d:0x573fef168837f39a,0xd422902a261433d:0x573fef168837f39a,6287006484886188954,2026-10-07T09:40:50.939Z,2026-10-07T09:40:50.939Z,st_sala-de-conciertos.json
ChIJixrIOismQg0RSKOhrb2fnUs,Sala Juglar,CULTURAL_INFRASTRUCTURE,CONCERT_HALL,sala de conciertos,"C. de Lavapiés, 37, Centro, 28012 Madrid","Sala Juglar, C. de Lavapiés, 37, Centro, 28012 Madrid","C. de Lavapiés, 37",Centro,Madrid,28012,Madrid,ES,40.409714799999996,-3.7020994,,http://www.salajuglar.com,salajuglar.com,https://www.google.com/maps/place/data=!3m1!4b1!4m2!3m1!1s0xd42262b3ac81a8b:0x4b9d9fbdada1a348,4.2,659,OPEN,True,Bar,Bar,bar;bars_and_pubs;beverages;entertainment;entertainment_and_recreation;establishment;establishment_poi;feature;food_and_drink;nightlife;public_api_establishment,162,Cerrado · Apertura: 21:00,APIFY_GOOGLE_MAPS_SCRAPER,0xd42262b3ac81a8b:0x4b9d9fbdada1a348,0xd42262b3ac81a8b:0x4b9d9fbdada1a348,5448686761198854984,2026-10-07T09:40:50.940Z,2026-10-07T09:40:50.940Z,st_sala-de-conciertos.json
ChIJg9trDnkpQg0R4REtF7GRsoQ,Cadillac Solitario,CULTURAL_INFRASTRUCTURE,CONCERT_HALL,sala de conciertos,"C. de Fermín Caballero, 6, Loc C, Fuencarral-El Pardo, 28034 Madrid","Cadillac Solitario, C. de Fermín Caballero, 6, Loc C, Fuencarral-El Pardo, 28034 Madrid","C. de Fermín Caballero, 6, Loc C",Fuencarral-El Pardo,Madrid,28034,Madrid,ES,40.4874472,-3.6997036999999997,+34624601032,http://www.cadillacsolitario.com,cadillacsolitario.com,https://www.google.com/maps/place/data=!3m1!4b1!4m2!3m1!1s0xd4229790e6bdb83:0x84b291b1172d11e1,4.1,1091,OPEN,True,Sala de conciertos,Sala de conciertos;Discoteca;Lounge;Pub,concert_hall;art;auditorium;bar;bars_and_pubs;beverages;culture;dancing;disco;discos_and_night_clubs;education_and_culture;entertainment;entertainment_and_recreation;establishment;establishment_poi;event_venue;feature;food_and_drink;hall;live_music_venue;lounge;music;night_club;nightlife;performing_arts;pub;public_api_establishment,390,,APIFY_GOOGLE_MAPS_SCRAPER,0xd4229790e6bdb83:0x84b291b1172d11e1,0xd4229790e6bdb83:0x84b291b1172d11e1,9561865148645052897,2026-10-07T09:40:50.937Z,2026-10-07T09:40:50.937Z,st_sala-de-conciertos.json
ChIJM7oDDnwpQg0RhzNWdCe48Cg,SALA VESTA,CULTURAL_INFRASTRUCTURE,CONCERT_HALL,sala de conciertos,"C. del Barquillo, 29, Centro, 28004 Madrid","SALA VESTA, C. del Barquillo, 29, Centro, 28004 Madrid","C. del Barquillo, 29",Centro,Madrid,28004,Madrid,ES,40.4229791,-3.6956384,+34695909159,http://www.salavesta.com,salavesta.com,https://www.google.com/maps/place/data=!3m1!4b1!4m2!3m1!1s0xd42297c0e03ba33:0x28f0b82774563387,4.1,660,OPEN,True,Sala de conciertos,Sala de conciertos,concert_hall;art;auditorium;culture;education_and_culture;entertainment;entertainment_and_recreation;establishment;establishment_poi;event_venue;feature;hall;live_music_venue;music;nightlife;performing_arts;public_api_establishment,477,,APIFY_GOOGLE_MAPS_SCRAPER,0xd42297c0e03ba33:0x28f0b82774563387,0xd42297c0e03ba33:0x28f0b82774563387,2950060235522716551,2026-10-07T09:40:50.939Z,2026-10-07T09:40:50.939Z,st_sala-de-conciertos.json
ChIJrbWA-WQoQg0R2qgQ-us092U,SALA STAIRWAY,CULTURAL_INFRASTRUCTURE,CONCERT_HALL,sala de conciertos,"C. de San Bernardino, 8, Centro, 28015 Madrid","SALA STAIRWAY, C. de San Bernardino, 8, Centro, 28015 Madrid","C. de San Bernardino, 8",Centro,Madrid,28015,Madrid,ES,40.425052,-3.709968,,,,https://www.google.com/maps/place/data=!3m1!4b1!4m2!3m1!1s0xd422864f980b5ad:0x65f734ebfa10a8da,4.1,383,OPEN,True,Bar con música en directo,Bar con música en directo,live_music_bar;art;bar;bars_and_pubs;beverages;culture;education_and_culture;entertainment;entertainment_and_recreation;establishment;establishment_poi;event_venue;feature;food_and_drink;live_music_venue;music;nightlife;performing_arts;public_api_establishment,229,Cerrado · Apertura: 21:00,APIFY_GOOGLE_MAPS_SCRAPER,0xd422864f980b5ad:0x65f734ebfa10a8da,0xd422864f980b5ad:0x65f734ebfa10a8da,7347399505195608282,2026-10-07T09:40:50.939Z,2026-10-07T09:40:50.939Z,st_sala-de-conciertos.json
ChIJK9Ew6GcpQg0RzQoCRqYxc3Y,Sala UNI Madrid,CULTURAL_INFRASTRUCTURE,CONCERT_HALL,sala de conciertos,"C. de Cea Bermúdez, 21, Chamberí, 28003 Madrid","Sala UNI Madrid, C. de Cea Bermúdez, 21, Chamberí, 28003 Madrid","C. de Cea Bermúdez, 21",Chamberí,Madrid,28003,Madrid,ES,40.4386443,-3.7095095999999996,+34615840254,https://www.instagram.com/salaunimadrid,instagram.com,https://www.google.com/maps/place/data=!3m1!4b1!4m2!3m1!1s0xd422967e830d12b:0x767331a646020acd,4.1,210,OPEN,True,Sala de conciertos,Sala de conciertos;Discoteca,concert_hall;art;auditorium;culture;dancing;disco;discos_and_night_clubs;education_and_culture;entertainment;entertainment_and_recreation;establishment;establishment_poi;event_venue;feature;hall;live_music_venue;music;night_club;nightlife;performing_arts;public_api_establishment,61,,APIFY_GOOGLE_MAPS_SCRAPER,0xd422967e830d12b:0x767331a646020acd,0xd422967e830d12b:0x767331a646020acd,8535220309006093005,2026-10-07T09:40:50.939Z,2026-10-07T09:40:50.939Z,st_sala-de-conciertos.json
ChIJz1k79GMoQg0RoiwM82BdZbU,Siroco,CULTURAL_INFRASTRUCTURE,CONCERT_HALL,sala de conciertos,"C. de San Dimas, 3, Centro, 28015 Madrid","Siroco, C. de San Dimas, 3, Centro, 28015 Madrid","C. de San Dimas, 3",Centro,Madrid,28015,Madrid,ES,40.4269445,-3.7077563999999996,+34915933070,http://www.siroco.es,siroco.es,https://www.google.com/maps/place/data=!3m1!4b1!4m2!3m1!1s0xd422863f43b59cf:0xb5655d60f30c2ca2,4,2177,OPEN,True,Sala de conciertos,Sala de conciertos,concert_hall;art;auditorium;culture;education_and_culture;entertainment;entertainment_and_recreation;establishment;establishment_poi;event_venue;feature;hall;live_music_venue;music;nightlife;performing_arts;public_api_establishment,1071,,APIFY_GOOGLE_MAPS_SCRAPER,0xd422863f43b59cf:0xb5655d60f30c2ca2,0xd422863f43b59cf:0xb5655d60f30c2ca2,13070956164488637602,2026-10-07T09:40:50.939Z,2026-10-07T09:40:50.939Z,st_sala-de-conciertos.json
ChIJexHId9YnQg0Rhp3uwrgWgZQ,EL SÓTANO,CULTURAL_INFRASTRUCTURE,CONCERT_HALL,sala de conciertos,"C. de las Maldonadas, 6, Centro, 28005 Madrid","EL SÓTANO, C. de las Maldonadas, 6, Centro, 28005 Madrid","C. de las Maldonadas, 6",Centro,Madrid,28005,Madrid,ES,40.4110576,-3.7077339,,https://www.salaelsotano.com,salaelsotano.com,https://www.google.com/maps/place/data=!3m1!4b1!4m2!3m1!1s0xd4227d677c8117b:0x948116b8c2ee9d86,4,1376,OPEN,True,Sala de conciertos,Sala de conciertos;Discoteca,concert_hall;art;auditorium;culture;dancing;disco;discos_and_night_clubs;education_and_culture;entertainment;entertainment_and_recreation;establishment;establishment_poi;event_venue;feature;hall;live_music_venue;music;night_club;nightlife;performing_arts;public_api_establishment,437,,APIFY_GOOGLE_MAPS_SCRAPER,0xd4227d677c8117b:0x948116b8c2ee9d86,0xd4227d677c8117b:0x948116b8c2ee9d86,10700859172409220486,2026-10-07T09:40:50.939Z,2026-10-07T09:40:50.939Z,st_sala-de-conciertos.json
ChIJIT3qXgApQg0ROEem5J5SuAQ,Sala Lab/Wagon,CULTURAL_INFRASTRUCTURE,CONCERT_HALL,sala de conciertos,"Estación de Chamartín, Planta Ático, Chamartín, 28036 Madrid","Sala Lab/Wagon, Estación de Chamartín, Planta Ático, Chamartín, 28036 Madrid","Estación de Chamartín, Planta Ático",Chamartín,Madrid,28036,Madrid,ES,40.471477199999995,-3.6821004,,https://www.wagon.live,wagon.live,https://www.google.com/maps/place/data=!3m1!4b1!4m2!3m1!1s0xd4229005eea3d21:0x4b8529ee4a64738,4,247,OPEN,True,Sala de conciertos,Sala de conciertos;Club nocturno,concert_hall;art;auditorium;culture;dancing;discos_and_night_clubs;education_and_culture;entertainment;entertainment_and_recreation;establishment;establishment_poi;event_venue;feature;hall;live_music_venue;music;night_club;nightlife;performing_arts;public_api_establishment,139,,APIFY_GOOGLE_MAPS_SCRAPER,0xd4229005eea3d21:0x4b8529ee4a64738,0xd4229005eea3d21:0x4b8529ee4a64738,340112614260885304,2026-10-07T09:40:50.939Z,2026-10-07T09:40:50.939Z,st_sala-de-conciertos.json
ChIJB4ykFIkoQg0RjDw0on6Y6yQ,Sala But,CULTURAL_INFRASTRUCTURE,CONCERT_HALL,sala de conciertos,"C. de Barceló, 11, Loc B, Centro, 28004 Madrid","Sala But, C. de Barceló, 11, Loc B, Centro, 28004 Madrid","C. de Barceló, 11, Loc B",Centro,Madrid,28004,Madrid,ES,40.426975,-3.699763,+34914480698,https://salabut.es,salabut.es,https://www.google.com/maps/place/data=!3m1!4b1!4m2!3m1!1s0xd42288914a48c07:0x24eb987ea2343c8c,3.9,1796,OPEN,True,Discoteca,Discoteca,disco;art;dancing;discos_and_night_clubs;entertainment;entertainment_and_recreation;establishment;establishment_poi;feature;music;night_club;nightlife;performing_arts;public_api_establishment,1563,Cerrado · Apertura: 0:00 (vie),APIFY_GOOGLE_MAPS_SCRAPER,0xd42288914a48c07:0x24eb987ea2343c8c,0xd42288914a48c07:0x24eb987ea2343c8c,2660387674547043468,2026-10-07T09:40:50.939Z,2026-10-07T09:40:50.939Z,st_sala-de-conciertos.json
ChIJh8kHY4soQg0RYKSCg2ZzC5A,EVENTOS CHANGO CLUB,CULTURAL_INFRASTRUCTURE,CONCERT_HALL,sala de conciertos,"Calle de Covarrubias, 42, Chamberí, 28010 Madrid","EVENTOS CHANGO CLUB, Calle de Covarrubias, 42, Chamberí, 28010 Madrid","Calle de Covarrubias, 42",Chamberí,Madrid,28010,Madrid,ES,40.431687499999995,-3.6981325999999997,,https://salachango.es,salachango.es,https://www.google.com/maps/place/data=!3m1!4b1!4m2!3m1!1s0xd42288b6307c987:0x900b73668382a460,3.9,1689,OPEN,True,Sala de conciertos,Sala de conciertos;Discoteca;Salón para eventos;Organizador de eventos,disco;art;auditorium;ceremonial_occasions;concert_hall;culture;dancing;discos_and_night_clubs;education_and_culture;entertainment;entertainment_and_recreation;establishment;establishment_poi;event_venue;feature;function_room_facility;hall;live_music_venue;music;night_club;nightlife;party;party_planner;performing_arts;professional_services;public_api_establishment;rental;services;weddings,635,Cerrado · Apertura: 23:30,APIFY_GOOGLE_MAPS_SCRAPER,0xd42288b6307c987:0x900b73668382a460,0xd42288b6307c987:0x900b73668382a460,10379516650335675488,2026-10-07T09:40:50.939Z,2026-10-07T09:40:50.939Z,st_sala-de-conciertos.json
ChIJsWdYXmIoQg0RbilGnk4cix0,Maravillas Club,CULTURAL_INFRASTRUCTURE,CONCERT_HALL,sala de conciertos,"C. de San Vicente Ferrer, 33, Centro, 28004 Madrid","Maravillas Club, C. de San Vicente Ferrer, 33, Centro, 28004 Madrid","C. de San Vicente Ferrer, 33",Centro,Madrid,28004,Madrid,ES,40.425736799999996,-3.7043060999999997,+34674256152,http://www.maravillasclub.com,maravillasclub.com,https://www.google.com/maps/place/data=!3m1!4b1!4m2!3m1!1s0xd4228625e5867b1:0x1d8b1c4e9e46296e,3.9,1485,OPEN,True,Sala de conciertos,Sala de conciertos;Discoteca,disco;art;auditorium;concert_hall;culture;dancing;discos_and_night_clubs;education_and_culture;entertainment;entertainment_and_recreation;establishment;establishment_poi;event_venue;feature;hall;live_music_venue;music;night_club;nightlife;performing_arts;public_api_establishment,284,Cerrado · Apertura: 0:00 (jue),APIFY_GOOGLE_MAPS_SCRAPER,0xd4228625e5867b1:0x1d8b1c4e9e46296e,0xd4228625e5867b1:0x1d8b1c4e9e46296e,2128826372851116398,2026-10-07T09:40:50.940Z,2026-10-07T09:40:50.940Z,st_sala-de-conciertos.json
ChIJ9dcDmAIpQg0RxtTaNF6NVgA,Sala Nazca Live,CULTURAL_INFRASTRUCTURE,CONCERT_HALL,sala de conciertos,"C. de Orense, 24, Tetuán, 28020 Madrid","Sala Nazca Live, C. de Orense, 24, Tetuán, 28020 Madrid","C. de Orense, 24",Tetuán,Madrid,28020,Madrid,ES,40.451488399999995,-3.6943870999999997,,http://www.salanazcaconciertos.com,salanazcaconciertos.com,https://www.google.com/maps/place/data=!3m1!4b1!4m2!3m1!1s0xd4229029803d7f5:0x568d5e34dad4c6,3.9,1348,OPEN,True,Sala de conciertos,Sala de conciertos;Discoteca;Recinto para eventos,concert_hall;art;auditorium;culture;dancing;disco;discos_and_night_clubs;education_and_culture;entertainment;entertainment_and_recreation;establishment;establishment_poi;event_venue;feature;hall;live_music_venue;music;night_club;nightlife;performing_arts;public_api_establishment,943,,APIFY_GOOGLE_MAPS_SCRAPER,0xd4229029803d7f5:0x568d5e34dad4c6,0xd4229029803d7f5:0x568d5e34dad4c6,24362283750315206,2026-10-07T09:40:50.937Z,2026-10-07T09:40:50.937Z,st_sala-de-conciertos.json
ChIJKQLOFdgnQg0RrMVur0hvZkw,Hangar 48 - Sala de conciertos y clubbing en Madrid,CULTURAL_INFRASTRUCTURE,CONCERT_HALL,sala de conciertos,"C. de Bailén, 24, Centro, 28005 Madrid","Hangar 48 - Sala de conciertos y clubbing en Madrid, C. de Bailén, 24, Centro, 28005 Madrid","C. de Bailén, 24",Centro,Madrid,28005,Madrid,ES,40.4113993,-3.7140402999999997,+34663223026,https://www.hangar48.es,hangar48.es,https://www.google.com/maps/place/data=!3m1!4b1!4m2!3m1!1s0xd4227d815ce0229:0x4c666f48af6ec5ac,3.9,988,OPEN,True,Sala de conciertos,Sala de conciertos;Discoteca;Recinto para eventos;Salón para eventos,disco;art;auditorium;concert_hall;culture;dancing;discos_and_night_clubs;education_and_culture;entertainment;entertainment_and_recreation;establishment;establishment_poi;event_venue;feature;function_room_facility;hall;live_music_venue;music;night_club;nightlife;performing_arts;public_api_establishment;rental;services,745,Cerrado · Apertura: 20:30 (jue),APIFY_GOOGLE_MAPS_SCRAPER,0xd4227d815ce0229:0x4c666f48af6ec5ac,0xd4227d815ce0229:0x4c666f48af6ec5ac,5505209952478610860,2026-10-07T09:40:50.939Z,2026-10-07T09:40:50.939Z,st_sala-de-conciertos.json
ChIJq7GD-HwoQg0RTIwEaYIbzCY,Sala 0 Madrid,CULTURAL_INFRASTRUCTURE,CONCERT_HALL,sala de conciertos,"Gran Vía, 46, Centro, 28013 Madrid","Sala 0 Madrid, Gran Vía, 46, Centro, 28013 Madrid","Gran Vía, 46",Centro,Madrid,28013,Madrid,ES,40.4204447,-3.7058424999999997,+34917370247,http://www.super8.es,super8.es,https://www.google.com/maps/place/data=!3m1!4b1!4m2!3m1!1s0xd42287cf883b1ab:0x26cc1b8269048c4c,3.9,250,OPEN,True,Sala de conciertos,Sala de conciertos,concert_hall;art;auditorium;culture;education_and_culture;entertainment;entertainment_and_recreation;establishment;establishment_poi;event_venue;feature;hall;live_music_venue;music;nightlife;performing_arts;public_api_establishment,149,,APIFY_GOOGLE_MAPS_SCRAPER,0xd42287cf883b1ab:0x26cc1b8269048c4c,0xd42287cf883b1ab:0x26cc1b8269048c4c,2795639715611839564,2026-10-07T09:40:50.939Z,2026-10-07T09:40:50.939Z,st_sala-de-conciertos.json
ChIJyZd64ncoQg0RBmM5a2Upklo,ContraClub,CULTURAL_INFRASTRUCTURE,CONCERT_HALL,sala de conciertos,"C. de Bailén, 16, Centro, 28005 Madrid","ContraClub, C. de Bailén, 16, Centro, 28005 Madrid","C. de Bailén, 16",Centro,Madrid,28005,Madrid,ES,40.412608999999996,-3.713908,+34699741885,http://www.contraclub.es,contraclub.es,https://www.google.com/maps/place/data=!3m1!4b1!4m2!3m1!1s0xd422877e27a97c9:0x5a9229656b396306,3.8,1153,OPEN,True,Sala de conciertos,Sala de conciertos;Discoteca,concert_hall;art;auditorium;culture;dancing;disco;discos_and_night_clubs;education_and_culture;entertainment;entertainment_and_recreation;establishment;establishment_poi;event_venue;feature;hall;live_music_venue;music;night_club;nightlife;performing_arts;public_api_establishment,177,,APIFY_GOOGLE_MAPS_SCRAPER,0xd422877e27a97c9:0x5a9229656b396306,0xd422877e27a97c9:0x5a9229656b396306,6526324325580628742,2026-10-07T09:40:50.939Z,2026-10-07T09:40:50.939Z,st_sala-de-conciertos.json
ChIJIwCTH34oQg0RIMVoUvO2tdw,LAB theCLUB,CULTURAL_INFRASTRUCTURE,CONCERT_HALL,sala de conciertos,"Estación de Chamartín Planta Ático, 28036 Madrid","LAB theCLUB, Estación de Chamartín Planta Ático, 28036 Madrid",Estación de Chamartín Planta Ático,Chamartín,Madrid,28036,Madrid,ES,40.4713837,-3.6823609,+34678803910,https://www.labtheclub.com,labtheclub.com,https://www.google.com/maps/place/data=!3m1!4b1!4m2!3m1!1s0xd42287e1f930023:0xdcb5b6f35268c520,3.7,1070,OPEN,True,Sala de conciertos,Sala de conciertos;Club nocturno;Recinto para eventos;Restaurante,night_club;art;auditorium;concert_hall;culture;dancing;discos_and_night_clubs;eatery;education_and_culture;entertainment;entertainment_and_recreation;establishment;establishment_poi;event_venue;feature;food;food_and_drink;hall;live_music_venue;music;nightlife;performing_arts;public_api_establishment;restaurant;restaurant_or_cafe,478,Cerrado · Apertura: 23:59 (vie),APIFY_GOOGLE_MAPS_SCRAPER,0xd42287e1f930023:0xdcb5b6f35268c520,0xd42287e1f930023:0xdcb5b6f35268c520,15903818815304680736,2026-10-07T09:40:50.939Z,2026-10-07T09:40:50.939Z,st_sala-de-conciertos.json
ChIJfSyReGkpQg0RMgvuXkNVP08,Sala B Madrid,CULTURAL_INFRASTRUCTURE,CONCERT_HALL,sala de conciertos,"C. de Trafalgar, 6, Chamberí, 28010 Madrid","Sala B Madrid, C. de Trafalgar, 6, Chamberí, 28010 Madrid","C. de Trafalgar, 6",Chamberí,Madrid,28010,Madrid,ES,40.431280199999996,-3.7002028,,http://www.salabmadrid.com,salabmadrid.com,https://www.google.com/maps/place/data=!3m1!4b1!4m2!3m1!1s0xd42296978912c7d:0x4f3f55435eee0b32,3.7,717,OPEN,True,Sala de conciertos,Sala de conciertos;Discoteca;Salón para eventos;Club de jazz;Club musical;Club nocturno;Sala para jóvenes,concert_hall;art;association_or_organization;auditorium;bar;bars_and_pubs;beverages;culture;dancing;disco;discos_and_night_clubs;education_and_culture;entertainment;entertainment_and_recreation;establishment;establishment_poi;event_venue;feature;food_and_drink;function_room_facility;hall;jazz_club;live_music_venue;music;musical_club;night_club;nightlife;performing_arts;potentially_sensitive_entity;public_api_establishment;recreation;rental;scout_hall;services,132,,APIFY_GOOGLE_MAPS_SCRAPER,0xd42296978912c7d:0x4f3f55435eee0b32,0xd42296978912c7d:0x4f3f55435eee0b32,5710376600372906802,2026-10-07T09:40:50.939Z,2026-10-07T09:40:50.939Z,st_sala-de-conciertos.json
ChIJdz3TYSaIQQ0Rg08oOsBB-5o,Sala Live!!,CULTURAL_INFRASTRUCTURE,CONCERT_HALL,sala de conciertos,"Av. de Ntra. Sra. de Fátima, 42, Carabanchel, 28047 Madrid","Sala Live!!, Av. de Ntra. Sra. de Fátima, 42, Carabanchel, 28047 Madrid","Av. de Ntra. Sra. de Fátima, 42",Carabanchel,Madrid,28047,Madrid,ES,40.3835151,-3.7474971,+34915255444,http://www.lasala.biz,lasala.biz,https://www.google.com/maps/place/data=!3m1!4b1!4m2!3m1!1s0xd41882661d33d77:0x9afb41c03a284f83,3.7,400,OPEN,False,Discoteca,Discoteca,disco;art;dancing;discos_and_night_clubs;entertainment;entertainment_and_recreation;establishment;establishment_poi;feature;music;night_club;nightlife;performing_arts;public_api_establishment,211,Cerrado · Apertura: 17:00,APIFY_GOOGLE_MAPS_SCRAPER,0xd41882661d33d77:0x9afb41c03a284f83,0xd41882661d33d77:0x9afb41c03a284f83,11167591994860523395,2026-10-07T09:40:50.939Z,2026-10-07T09:40:50.939Z,st_sala-de-conciertos.json
ChIJYyxCnigmQg0Rr4Fy2Wjj2jw,Sala Zenith,CULTURAL_INFRASTRUCTURE,CONCERT_HALL,sala de conciertos,"C. de Atocha, 127, Centro, 28012 Madrid","Sala Zenith, C. de Atocha, 127, Centro, 28012 Madrid","C. de Atocha, 127",Centro,Madrid,28012,Madrid,ES,40.4096901,-3.6930397,+34683516474,,,https://www.google.com/maps/place/data=!3m1!4b1!4m2!3m1!1s0xd4226289e422c63:0x3cdae368d97281af,3.2,307,OPEN,False,Sala de conciertos,Sala de conciertos;Sala de baile;Club nocturno,concert_hall;art;auditorium;culture;dance_hall;dancing;discos_and_night_clubs;education_and_culture;entertainment;entertainment_and_recreation;establishment;establishment_poi;event_venue;feature;hall;live_music_venue;music;night_club;nightlife;performing_arts;public_api_establishment;recreation,52,,APIFY_GOOGLE_MAPS_SCRAPER,0xd4226289e422c63:0x3cdae368d97281af,0xd4226289e422c63:0x3cdae368d97281af,4385067226662863279,2026-10-07T09:40:50.939Z,2026-10-07T09:40:50.939Z,st_sala-de-conciertos.json
ChIJD_diA78pQg0RbEysDzNBnOc,Clases de canto en Madrid - Rivero Academy,EDUCATION,MUSIC_ACADEMY;MUSIC_SCHOOL;PRIVATE_TEACHER,academia de música;escuela de música;profesor de música,"C. de San Restituto, 18, Moncloa - Aravaca, 28039 Madrid","Clases de canto en Madrid - Rivero Academy, C. de San Restituto, 18, Moncloa - Aravaca, 28039 Madrid","C. de San Restituto, 18",Moncloa - Aravaca,Madrid,28039,Madrid,ES,40.4647679,-3.7110312999999997,+34603105856,https://www.riveroacademy.com,riveroacademy.com,https://www.google.com/maps/place/data=!3m1!4b1!4m2!3m1!1s0xd4229bf0362f70f:0xe79c41330fac4c6c,5,190,OPEN,True,Music school,Music school,music_school;art;education;education_and_culture;educational_institution;establishment;establishment_poi;feature;hobby_classes;institute;instruction;learning;music;music_classes;music_instruction;musical_institutions;performing_arts;professional_services;public_api_establishment;services;training_courses,189,Closed · Opens 10 am,APIFY_GOOGLE_MAPS_SCRAPER,0xd4229bf0362f70f:0xe79c41330fac4c6c,0xd4229bf0362f70f:0xe79c41330fac4c6c,16689286006690303084,2026-10-05T23:02:48.293Z,2026-10-07T09:39:05.475Z,st_academia-de-musica.json;st_escuela-de-musica.json;st_profesor-de-musica.json
ChIJ39BEfwwpQg0RSiHQOAEtqwY,Music Business Academy | Escuela de Industria Musical,EDUCATION,MUSIC_ACADEMY,academia de música,"Av. de América, 37, Chamartín, 28002 Madrid","Music Business Academy | Escuela de Industria Musical, Av. de América, 37, Chamartín, 28002 Madrid","Av. de América, 37",Chamartín,Madrid,28002,Madrid,ES,40.4398635,-3.6719725,+34679323588,https://www.mbacademy.es,mbacademy.es,https://www.google.com/maps/place/data=!3m1!4b1!4m2!3m1!1s0xd42290c7f44d0df:0x6ab2d0138d0214a,5,119,OPEN,True,Escuela de música,Escuela de música,music_school;art;education;education_and_culture;educational_institution;establishment;establishment_poi;feature;hobby_classes;institute;instruction;learning;music;music_classes;music_instruction;musical_institutions;performing_arts;professional_services;public_api_establishment;services;training_courses,75,Abierto · Cierre: 21:00,APIFY_GOOGLE_MAPS_SCRAPER,0xd42290c7f44d0df:0x6ab2d0138d0214a,0xd42290c7f44d0df:0x6ab2d0138d0214a,480527268516471114,2026-10-07T09:39:00.077Z,2026-10-07T09:39:00.077Z,st_academia-de-musica.json
ChIJaZM_ciApQg0RBFuR-YveNiQ,Action Piano Music School,EDUCATION,MUSIC_ACADEMY;MUSIC_SCHOOL;CONSERVATORY;PRIVATE_TEACHER,academia de música;escuela de música;conservatorio;profesor de música,"C. de Saxifraga, 4, Chamartín, 28036 Madrid","Action Piano Music School, C. de Saxifraga, 4, Chamartín, 28036 Madrid","C. de Saxifraga, 4",Chamartín,Madrid,28036,Madrid,ES,40.4657547,-3.6846468,+34608379370,https://accionpiano.com,accionpiano.com,https://www.google.com/maps/place/data=!3m1!4b1!4m2!3m1!1s0xd422920723f9369:0x2436de8bf9915b04,5,105,OPEN,True,Music school,Music school,music_school;art;education;education_and_culture;educational_institution;establishment;establishment_poi;feature;hobby_classes;institute;instruction;learning;music;music_classes;music_instruction;musical_institutions;performing_arts;professional_services;public_api_establishment;services;training_courses,43,Closed · Opens 9 am,APIFY_GOOGLE_MAPS_SCRAPER,0xd422920723f9369:0x2436de8bf9915b04,0xd422920723f9369:0x2436de8bf9915b04,2609517726876654340,2026-10-05T23:02:48.294Z,2026-10-07T09:39:05.475Z,st_academia-de-musica.json;st_escuela-de-musica.json;st_conservatorio.json;st_profesor-de-musica.json
ChIJx1N0ik8pQg0Ry7tOuRJJYJA,Rhythm on beat,EDUCATION,MUSIC_ACADEMY,academia de música,"Metro Diego de León, Calle de Martínez Izquierdo, 9, 28028 Madrid","Rhythm on beat, Metro Diego de León, Calle de Martínez Izquierdo, 9, 28028 Madrid","Metro Diego de León, Calle de Martínez Izquierdo, 9",Salamanca,Madrid,28028,Madrid,ES,40.4328302,-3.6711611,+34615224084,http://www.rhythmonbeat.com,rhythmonbeat.com,https://www.google.com/maps/place/data=!3m1!4b1!4m2!3m1!1s0xd42294f8a7453c7:0x90604912b94ebbcb,5,83,OPEN,True,Music school,Music school,music_school;art;education;education_and_culture;educational_institution;establishment;establishment_poi;feature;hobby_classes;institute;instruction;learning;music;music_classes;music_instruction;musical_institutions;performing_arts;professional_services;public_api_establishment;services;training_courses,58,Closed · Opens 2:30 pm,APIFY_GOOGLE_MAPS_SCRAPER,0xd42294f8a7453c7:0x90604912b94ebbcb,0xd42294f8a7453c7:0x90604912b94ebbcb,10403395483993029579,2026-10-05T23:02:48.294Z,2026-10-05T23:02:48.294Z,st_academia-de-musica.json
ChIJB9B7jUwpQg0RESzdEGgmcHQ,Clases de bajo en Madrid,EDUCATION,PRIVATE_TEACHER;MUSIC_SCHOOL,profesor de música;escuela de música,"Calle del Marqués de Viana, 69, 2 D, Tetuán, 28039 Madrid","Clases de bajo en Madrid, Calle del Marqués de Viana, 69, 2 D, Tetuán, 28039 Madrid","Calle del Marqués de Viana, 69, 2 D",Tetuán,Madrid,28039,Madrid,ES,40.462914,-3.7031359999999998,+34658081636,,,https://www.google.com/maps/place/data=!3m1!4b1!4m2!3m1!1s0xd42294c8d7bd007:0x7470266810dd2c11,5,76,OPEN,True,Profesor de música,Profesor de música,music_instructor;art;culture;education;education_and_culture;educational_institution;establishment;establishment_poi;feature;institute;instruction;learning;music;music_instruction;performing_arts;professional_services;public_api_establishment;school;services;training_courses,11,Cerrado · Apertura: 8:30,APIFY_GOOGLE_MAPS_SCRAPER,0xd42294c8d7bd007:0x7470266810dd2c11,0xd42294c8d7bd007:0x7470266810dd2c11,8390248334192618513,2026-10-06T23:08:30.346Z,2026-10-07T09:39:05.475Z,st_profesor-de-musica.json;st_escuela-de-musica.json
ChIJ09jJdLIoQg0R1flS20BI2F4,Sigfredo,EDUCATION,MUSIC_ACADEMY;PRIVATE_TEACHER,academia de música;profesor de música,"Calle del Porvenir, 9, Salamanca, 28028 Madrid","Sigfredo, Calle del Porvenir, 9, Salamanca, 28028 Madrid","Calle del Porvenir, 9",Salamanca,Madrid,28028,Madrid,ES,40.4244917,-3.6661620999999998,+34651739078,http://www.academiasigfredo.com,academiasigfredo.com,https://www.google.com/maps/place/data=!3m1!4b1!4m2!3m1!1s0xd4228b274c9d8d3:0x5ed84840db52f9d5,5,67,OPEN,True,Music school,Music school;Piano instructor,music_school;art;culture;education;education_and_culture;educational_institution;establishment;establishment_poi;feature;hobby_classes;institute;instruction;learning;music;music_classes;music_instruction;music_instructor;music_store;musical_institutions;performing_arts;piano;piano_instructor;professional_services;public_api_establishment;school;services;shopping;store;training_courses,25,Closed · Opens 10 am,APIFY_GOOGLE_MAPS_SCRAPER,0xd4228b274c9d8d3:0x5ed84840db52f9d5,0xd4228b274c9d8d3:0x5ed84840db52f9d5,6834291877929482709,2026-10-05T23:02:48.294Z,2026-10-07T09:39:05.476Z,st_academia-de-musica.json;st_profesor-de-musica.json
ChIJ1_9o7SgpQg0Re1wIltI6JhA,Clases de guitarra y música - Rafael Vasck,EDUCATION,PRIVATE_TEACHER;MUSIC_ACADEMY,profesor de música;academia de música,"C. de Orense, 17, Tetuán, 28020 Madrid","Clases de guitarra y música - Rafael Vasck, C. de Orense, 17, Tetuán, 28020 Madrid","C. de Orense, 17",Tetuán,Madrid,28020,Madrid,ES,40.449923399999996,-3.695395,+34655488861,https://www.instagram.com/rafaelvasck,instagram.com,https://www.google.com/maps/place/data=!3m1!4b1!4m2!3m1!1s0xd422928ed68ffd7:0x10263ad296085c7b,5,58,OPEN,True,Servicio de clases particulares,Servicio de clases particulares;Profesor de guitarra;Universidad musical,tutoring_service;aide_a_domicile;art;culture;education;education_and_culture;educational_institution;entertainment;entertainment_and_recreation;establishment;establishment_poi;feature;guitar_instructor;hobby_classes;institute;instruction;learning;music;music_classes;music_college;music_conservatory;music_instruction;music_instructor;music_store;musical_institutions;musician;musician_and_composer;performing_arts;professional_services;public_api_establishment;school;services;shopping;store;training_courses,6,Cerrado · Apertura: 10:00,APIFY_GOOGLE_MAPS_SCRAPER,0xd422928ed68ffd7:0x10263ad296085c7b,0xd422928ed68ffd7:0x10263ad296085c7b,1163682229856525435,2026-10-06T23:08:30.346Z,2026-10-07T09:39:05.475Z,st_profesor-de-musica.json;st_academia-de-musica.json
ChIJrYH83gAvQg0RyzpNPgwIuCk,Tu Profesor de Batería,EDUCATION,PRIVATE_TEACHER,profesor de música,"C. de Servator, 19 - L, 17, Hortaleza, 28043 Madrid","Tu Profesor de Batería, C. de Servator, 19 - L, 17, Hortaleza, 28043 Madrid","C. de Servator, 19 - L, 17",Hortaleza,Madrid,28043,Madrid,ES,40.464635799999996,-3.6476705999999997,+34618118918,http://www.tuprofesordebateria.com,tuprofesordebateria.com,https://www.google.com/maps/place/data=!3m1!4b1!4m2!3m1!1s0xd422f00defc81ad:0x29b8080c3e4d3acb,5,55,OPEN,True,Escuela de música,Escuela de música,music_school;art;education;education_and_culture;educational_institution;establishment;establishment_poi;feature;hobby_classes;institute;instruction;learning;music;music_classes;music_instruction;musical_institutions;performing_arts;professional_services;public_api_establishment;services;training_courses,28,Cerrado · Apertura: 9:30,APIFY_GOOGLE_MAPS_SCRAPER,0xd422f00defc81ad:0x29b8080c3e4d3acb,0xd422f00defc81ad:0x29b8080c3e4d3acb,3006161599947684555,2026-10-06T23:08:30.346Z,2026-10-07T09:39:05.475Z,st_profesor-de-musica.json
ChIJ47t9lXkpQg0R4JPutiRZMSk,CLASESGUITARRAMADRID.COM,EDUCATION,PRIVATE_TEACHER;MUSIC_SCHOOL,profesor de música;escuela de música,"C. de Sangenjo, 24, Fuencarral-El Pardo, 28034 Madrid","CLASESGUITARRAMADRID.COM, C. de Sangenjo, 24, Fuencarral-El Pardo, 28034 Madrid","C. de Sangenjo, 24",Fuencarral-El Pardo,Madrid,28034,Madrid,ES,40.4854383,-3.6987900999999996,,http://clasesguitarramadrid.com,clasesguitarramadrid.com,https://www.google.com/maps/place/data=!3m1!4b1!4m2!3m1!1s0xd422979957dbbe3:0x29315924b6ee93e0,5,50,OPEN,True,Profesor de guitarra,Profesor de guitarra;Centro de coaching;Profesor de música,guitar_instructor;art;coaching_center;culture;education;education_and_culture;educational_institution;establishment;establishment_poi;feature;hobby_classes;institute;instruction;learning;music;music_classes;music_instruction;music_instructor;musical_institutions;performing_arts;professional_services;public_api_establishment;school;services;training_courses,23,Cerrado · Apertura: 17:00,APIFY_GOOGLE_MAPS_SCRAPER,0xd422979957dbbe3:0x29315924b6ee93e0,0xd422979957dbbe3:0x29315924b6ee93e0,2968251643636650976,2026-10-06T23:08:30.346Z,2026-10-07T09:39:05.475Z,st_profesor-de-musica.json;st_escuela-de-musica.json
ChIJ4QwyEtsoQg0Rr7nBjirB76w,EnClavedeSí - Educación Musical para el Desarrollo Integral,EDUCATION,MUSIC_SCHOOL,escuela de música,"C. de García Luna, 5, Chamartín, 28002 Madrid","EnClavedeSí - Educación Musical para el Desarrollo Integral, C. de García Luna, 5, Chamartín, 28002 Madrid","C. de García Luna, 5",Chamartín,Madrid,28002,Madrid,ES,40.446033899999996,-3.6759893,+34657847384,http://www.enclavedesi.com,enclavedesi.com,https://www.google.com/maps/place/data=!3m1!4b1!4m2!3m1!1s0xd4228db12320ce1:0xacefc12a8ec1b9af,5,43,OPEN,True,Escuela de música,Escuela de música,music_school;art;education;education_and_culture;educational_institution;establishment;establishment_poi;feature;hobby_classes;institute;instruction;learning;music;music_classes;music_instruction;musical_institutions;performing_arts;professional_services;public_api_establishment;services;training_courses,8,Abierto · Cierre: 14:00 · Próxima apertura: 15:00,APIFY_GOOGLE_MAPS_SCRAPER,0xd4228db12320ce1:0xacefc12a8ec1b9af,0xd4228db12320ce1:0xacefc12a8ec1b9af,12461391082485299631,2026-10-07T09:38:54.691Z,2026-10-07T09:38:54.691Z,st_escuela-de-musica.json
ChIJa64dr6UpQg0RbK8s-3nPBvg,Música Bajo Llave,EDUCATION,MUSIC_ACADEMY;MUSIC_SCHOOL;PRIVATE_TEACHER,academia de música;escuela de música;profesor de música,"C. de Fernández de los Ríos, 49, LOC, Chamberí, 28015 Madrid","Música Bajo Llave, C. de Fernández de los Ríos, 49, LOC, Chamberí, 28015 Madrid","C. de Fernández de los Ríos, 49, LOC",Chamberí,Madrid,28015,Madrid,ES,40.4350849,-3.7111066,+34684219481,http://www.musicabajollave.com,musicabajollave.com,https://www.google.com/maps/place/data=!3m1!4b1!4m2!3m1!1s0xd4229a5af1dae6b:0xf806cf79fb2caf6c,5,42,OPEN,True,Music school,Music school,music_school;art;education;education_and_culture;educational_institution;establishment;establishment_poi;feature;hobby_classes;institute;instruction;learning;music;music_classes;music_instruction;musical_institutions;performing_arts;professional_services;public_api_establishment;services;training_courses,23,Closed · Opens 9 am,APIFY_GOOGLE_MAPS_SCRAPER,0xd4229a5af1dae6b:0xf806cf79fb2caf6c,0xd4229a5af1dae6b:0xf806cf79fb2caf6c,17872200294078394220,2026-10-05T23:02:48.294Z,2026-10-07T09:39:05.475Z,st_academia-de-musica.json;st_escuela-de-musica.json;st_profesor-de-musica.json
ChIJrXE2E5AnQg0RijjvhDXhcAg,"🎵 Clases de Música en Madrid - Piano, Guitarra, Ukelele, Canto y Composición",EDUCATION,PRIVATE_TEACHER,profesor de música,"C. del Barco, 34, Centro, 28004 Madrid","🎵 Clases de Música en Madrid - Piano, Guitarra, Ukelele, Canto y Composición, C. del Barco, 34, Centro, 28004 Madrid","C. del Barco, 34",Centro,Madrid,28004,Madrid,ES,40.423138699999996,-3.7022659,+34610036982,https://www.gabrielventuraguli.com,gabrielventuraguli.com,https://www.google.com/maps/place/data=!3m1!4b1!4m2!3m1!1s0xd422790133671ad:0x870e13584ef388a,5,33,OPEN,True,Escuela de música,Escuela de música;Centro de ocio;Escuela de arte;Profesor de guitarra;Profesor de música;Profesor de piano;Entrenador vocal,music_school;amusement_center;art;art_school;culture;education;education_and_culture;educational_institution;entertainment_and_recreation;establishment;establishment_poi;feature;guitar_instructor;higher_education;hobby_classes;institute;instruction;learning;music;music_classes;music_instruction;music_instructor;music_store;musical_institutions;musician_and_composer;performing_arts;piano;piano_instructor;professional_services;public_api_establishment;recreation;school;services;shopping;store;trade_school;training_courses;vocal_instructor,14,Cerrado · Apertura: 13:30,APIFY_GOOGLE_MAPS_SCRAPER,0xd422790133671ad:0x870e13584ef388a,0xd422790133671ad:0x870e13584ef388a,608233569674803338,2026-10-06T23:08:30.348Z,2026-10-06T23:08:30.348Z,st_profesor-de-musica.json
ChIJGZPciCcpQg0RMWtieuzbaZ0,Escuela Tutti Música,EDUCATION,MUSIC_ACADEMY;CONSERVATORY;PRIVATE_TEACHER,academia de música;conservatorio;profesor de música,"Calle de Puerto Rico, 21, Chamartín, 28016 Madrid","Escuela Tutti Música, Calle de Puerto Rico, 21, Chamartín, 28016 Madrid","Calle de Puerto Rico, 21",Chamartín,Madrid,28016,Madrid,ES,40.454731699999996,-3.6742836,+34910133184,https://www.escuelatuttimusica.com,escuelatuttimusica.com,https://www.google.com/maps/place/data=!3m1!4b1!4m2!3m1!1s0xd42292788dc9319:0x9d69dbec7a626b31,5,32,OPEN,True,Music school,Music school,music_school;art;education;education_and_culture;educational_institution;establishment;establishment_poi;feature;hobby_classes;institute;instruction;learning;music;music_classes;music_instruction;musical_institutions;performing_arts;professional_services;public_api_establishment;services;training_courses,13,Closed · Opens 4:30 pm,APIFY_GOOGLE_MAPS_SCRAPER,0xd42292788dc9319:0x9d69dbec7a626b31,0xd42292788dc9319:0x9d69dbec7a626b31,11342838945221339953,2026-10-05T23:02:48.294Z,2026-10-07T09:39:05.476Z,st_academia-de-musica.json;st_conservatorio.json;st_profesor-de-musica.json
ChIJM8neSeApQg0RnXzkz_8H0kg,Música con Cabeza,EDUCATION,MUSIC_ACADEMY,academia de música,"C. de Gaztambide, 60, Chamberí, 28015 Madrid","Música con Cabeza, C. de Gaztambide, 60, Chamberí, 28015 Madrid","C. de Gaztambide, 60",Chamberí,Madrid,28015,Madrid,ES,40.4385203,-3.7151753999999997,+34676769660,http://musicaconcabeza.com,musicaconcabeza.com,https://www.google.com/maps/place/data=!3m1!4b1!4m2!3m1!1s0xd4229e049dec933:0x48d207ffcfe47c9d,5,32,OPEN,True,Music school,Music school,music_school;art;education;education_and_culture;educational_institution;establishment;establishment_poi;feature;hobby_classes;institute;instruction;learning;music;music_classes;music_instruction;musical_institutions;performing_arts;professional_services;public_api_establishment;services;training_courses,10,Closed · Opens 11 am,APIFY_GOOGLE_MAPS_SCRAPER,0xd4229e049dec933:0x48d207ffcfe47c9d,0xd4229e049dec933:0x48d207ffcfe47c9d,5247265311125961885,2026-10-05T23:02:48.294Z,2026-10-07T09:39:00.077Z,st_academia-de-musica.json
ChIJD5-JTL8pQg0RZv3WVW2PlCE,Murillo Actividades Musicales,EDUCATION,MUSIC_ACADEMY;MUSIC_SCHOOL;PRIVATE_TEACHER,academia de música;escuela de música;profesor de música,"C. de San Gerardo, 36, Moncloa - Aravaca, 28035 Madrid","Murillo Actividades Musicales, C. de San Gerardo, 36, Moncloa - Aravaca, 28035 Madrid","C. de San Gerardo, 36",Moncloa - Aravaca,Madrid,28035,Madrid,ES,40.4684908,-3.7223295,+34640928514,https://www.facebook.com/murillomusicales,facebook.com,https://www.google.com/maps/place/data=!3m1!4b1!4m2!3m1!1s0xd4229bf4c899f0f:0x21948f6d55d6fd66,5,31,OPEN,True,Music school,Music school;Recording studio,music_school;art;design_services;education;education_and_culture;educational_institution;entertainment_and_recreation;establishment;establishment_poi;feature;hobbies;hobby_classes;institute;instruction;learning;music;music_classes;music_instruction;music_store;musical_institutions;performing_arts;photography;professional_services;public_api_establishment;recording_studio;services;shopping;store;training_courses;video,18,Closed · Opens 9 am,APIFY_GOOGLE_MAPS_SCRAPER,0xd4229bf4c899f0f:0x21948f6d55d6fd66,0xd4229bf4c899f0f:0x21948f6d55d6fd66,2419716599559159142,2026-10-05T23:02:48.294Z,2026-10-07T09:39:05.475Z,st_academia-de-musica.json;st_escuela-de-musica.json;st_profesor-de-musica.json
ChIJf9Vvd3YpQg0RZq5NP0Q4Pj4,Escuela de Voz Ana Santa,EDUCATION,MUSIC_SCHOOL;PRIVATE_TEACHER,escuela de música;profesor de música,"C. de Gonzalo Sandino, 6, Tetuán, 28039 Madrid","Escuela de Voz Ana Santa, C. de Gonzalo Sandino, 6, Tetuán, 28039 Madrid","C. de Gonzalo Sandino, 6",Tetuán,Madrid,28039,Madrid,ES,40.4628084,-3.6994114,,https://www.anasanta.net,anasanta.net,https://www.google.com/maps/place/data=!3m1!4b1!4m2!3m1!1s0xd422976776fd57f:0x3e3e38443f4dae66,5,30,OPEN,True,Music school,Music school,music_school;art;education;education_and_culture;educational_institution;establishment;establishment_poi;feature;hobby_classes;institute;instruction;learning;music;music_classes;music_instruction;musical_institutions;performing_arts;professional_services;public_api_establishment;services;training_courses,19,Closed · Opens 10 am,APIFY_GOOGLE_MAPS_SCRAPER,0xd422976776fd57f:0x3e3e38443f4dae66,0xd422976776fd57f:0x3e3e38443f4dae66,4485084144678579814,2026-10-05T22:38:56.343Z,2026-10-07T09:39:05.475Z,st_escuela-de-musica.json;st_profesor-de-musica.json
ChIJPzRSq9EoQg0RNlYPLmtrZ7E,Musical Arts (ESMAR Madrid),EDUCATION,CONSERVATORY,conservatorio,"C. de López de Hoyos, 168, Chamartín, 28002 Madrid","Musical Arts (ESMAR Madrid), C. de López de Hoyos, 168, Chamartín, 28002 Madrid","C. de López de Hoyos, 168",Chamartín,Madrid,28002,Madrid,ES,40.446649099999995,-3.6700968,+34913458941,http://musicalarts.es,musicalarts.es,https://www.google.com/maps/place/data=!3m1!4b1!4m2!3m1!1s0xd4228d1ab52343f:0xb1676b6b2e0f5636,5,29,OPEN,True,Universidad musical,Universidad musical,music_college;education_and_culture;establishment;establishment_poi;feature;public_api_establishment,9,Cerrado · Apertura: 9:30,APIFY_GOOGLE_MAPS_SCRAPER,0xd4228d1ab52343f:0xb1676b6b2e0f5636,0xd4228d1ab52343f:0xb1676b6b2e0f5636,12783304175392871990,2026-10-06T23:05:57.620Z,2026-10-07T09:38:49.886Z,st_conservatorio.json
ChIJ0z4eMqAvQg0Ro0BlVKbJLa4,Escuela Vau,EDUCATION,MUSIC_ACADEMY,academia de música,"C. Aracataca, 14, Loc, Hortaleza, 28033 Madrid","Escuela Vau, C. Aracataca, 14, Loc, Hortaleza, 28033 Madrid","C. Aracataca, 14, Loc",Hortaleza,Madrid,28033,Madrid,ES,40.473433799999995,-3.6378364999999997,,,,https://www.google.com/maps/place/data=!3m1!4b1!4m2!3m1!1s0xd422fa0321e3ed3:0xae2dc9a6546540a3,5,27,OPEN,True,Escuela de música,Escuela de música,music_school;art;education;education_and_culture;educational_institution;establishment;establishment_poi;feature;hobby_classes;institute;instruction;learning;music;music_classes;music_instruction;musical_institutions;performing_arts;professional_services;public_api_establishment;services;training_courses,27,Abierto · Cierre: 19:00,APIFY_GOOGLE_MAPS_SCRAPER,0xd422fa0321e3ed3:0xae2dc9a6546540a3,0xd422fa0321e3ed3:0xae2dc9a6546540a3,12550909452769116323,2026-10-07T09:39:00.077Z,2026-10-07T09:39:00.077Z,st_academia-de-musica.json
ChIJVxQlNskrQg0R4P-xBeoihhE,Space and Line,EDUCATION,MUSIC_ACADEMY;MUSIC_SCHOOL,academia de música;escuela de música,"C. del Monasterio de Oseira, 15, Fuencarral-El Pardo, 28049 Madrid","Space and Line, C. del Monasterio de Oseira, 15, Fuencarral-El Pardo, 28049 Madrid","C. del Monasterio de Oseira, 15",Fuencarral-El Pardo,Madrid,28049,Madrid,ES,40.510067899999996,-3.6969469999999998,+34917508395,http://espacioylinea.es,espacioylinea.es,https://www.google.com/maps/place/data=!3m1!4b1!4m2!3m1!1s0xd422bc936251457:0x118622ea05b1ffe0,5,27,OPEN,False,Music school,Music school,music_school;art;education;education_and_culture;educational_institution;establishment;establishment_poi;feature;hobby_classes;institute;instruction;learning;music;music_classes;music_instruction;musical_institutions;performing_arts;professional_services;public_api_establishment;services;training_courses,4,Closed · Opens 10 am,APIFY_GOOGLE_MAPS_SCRAPER,0xd422bc936251457:0x118622ea05b1ffe0,0xd422bc936251457:0x118622ea05b1ffe0,1262735134037245920,2026-10-05T23:02:48.294Z,2026-10-07T09:39:00.077Z,st_academia-de-musica.json;st_escuela-de-musica.json
ChIJD7UY9tMuQg0R1aWEm0alfGY,Clases Personalizadas de Guitarra en Madrid - Profesor Titulado,EDUCATION,PRIVATE_TEACHER,profesor de música,"C. de Matías Turrión, 16, Cdad. Lineal, 28043 Madrid","Clases Personalizadas de Guitarra en Madrid - Profesor Titulado, C. de Matías Turrión, 16, Cdad. Lineal, 28043 Madrid","C. de Matías Turrión, 16",Ciudad Lineal,Madrid,28043,Madrid,ES,40.460066,-3.6579584,+34619005708,https://sites.google.com/view/clases-guitarra-arturo-soria,google.com,https://www.google.com/maps/place/data=!3m1!4b1!4m2!3m1!1s0xd422ed3f618b50f:0x667ca5469b84a5d5,5,26,OPEN,True,Escuela de música,Escuela de música;Profesor de música;Profesor de guitarra,guitar_instructor;art;culture;education;education_and_culture;educational_institution;establishment;establishment_poi;feature;hobby_classes;institute;instruction;learning;music;music_classes;music_instruction;music_instructor;music_school;musical_institutions;performing_arts;professional_services;public_api_establishment;school;services;training_courses,10,Cerrado · Apertura: 8:00,APIFY_GOOGLE_MAPS_SCRAPER,0xd422ed3f618b50f:0x667ca5469b84a5d5,0xd422ed3f618b50f:0x667ca5469b84a5d5,7384959211656226261,2026-10-06T23:08:30.346Z,2026-10-07T09:39:05.475Z,st_profesor-de-musica.json
ChIJNVvU9VYoQg0RVph3--qcm24,Clases de Guitarra Estrecho. Método Carlos Domínguez Music,EDUCATION,PRIVATE_TEACHER;MUSIC_ACADEMY,profesor de música;academia de música,"C. de Pamplona, 59, Tetuán, 28039 Madrid","Clases de Guitarra Estrecho. Método Carlos Domínguez Music, C. de Pamplona, 59, Tetuán, 28039 Madrid","C. de Pamplona, 59",Tetuán,Madrid,28039,Madrid,ES,40.456179899999995,-3.7076067999999998,+34628890764,https://carlosdominguezmusic.com,carlosdominguezmusic.com,https://www.google.com/maps/place/data=!3m1!4b1!4m2!3m1!1s0xd422856f5d45b35:0x6e9b9ceafb779856,5,24,OPEN,True,Profesor de guitarra,Profesor de guitarra,guitar_instructor;art;culture;education;education_and_culture;educational_institution;establishment;establishment_poi;feature;hobby_classes;institute;instruction;learning;music;music_classes;music_instruction;music_instructor;musical_institutions;performing_arts;professional_services;public_api_establishment;school;services;training_courses,10,Cerrado · Apertura: 9:00,APIFY_GOOGLE_MAPS_SCRAPER,0xd422856f5d45b35:0x6e9b9ceafb779856,0xd422856f5d45b35:0x6e9b9ceafb779856,7970136498617423958,2026-10-06T23:08:30.346Z,2026-10-07T09:39:05.475Z,st_profesor-de-musica.json;st_academia-de-musica.json
ChIJnelK-vUoQg0R6AW13u9428c,Fernando Moreira,EDUCATION,PRIVATE_TEACHER,profesor de música,"C/ del Gral. Álvarez de Castro, 44, Chamberí, 28010 Madrid","Fernando Moreira, C/ del Gral. Álvarez de Castro, 44, Chamberí, 28010 Madrid","C/ del Gral. Álvarez de Castro, 44",Chamberí,Madrid,28010,Madrid,ES,40.4378561,-3.7025012999999998,+34653306095,http://www.fernandomoreira.es,fernandomoreira.es,https://www.google.com/maps/place/data=!3m1!4b1!4m2!3m1!1s0xd4228f5fa4ae99d:0xc7db78efdeb505e8,5,24,OPEN,True,Profesor de música,Profesor de música;Profesor de guitarra;Productor discográfico;Estudio de grabación,music_instructor;art;company;culture;design_services;education;education_and_culture;educational_institution;entertainment;entertainment_and_recreation;establishment;establishment_poi;feature;guitar_instructor;hobbies;hobby_classes;institute;instruction;learning;media;music;music_classes;music_instruction;music_producer;music_store;musical_institutions;musician;performing_arts;photography;professional_services;public_api_establishment;recording_studio;school;services;shopping;store;training_courses;video,6,Abierto · Cierre: 21:00,APIFY_GOOGLE_MAPS_SCRAPER,0xd4228f5fa4ae99d:0xc7db78efdeb505e8,0xd4228f5fa4ae99d:0xc7db78efdeb505e8,14401237205076215272,2026-10-07T09:39:05.476Z,2026-10-07T09:39:05.476Z,st_profesor-de-musica.json
ChIJr2f_IdEoQg0R_ORCfGjh440,MusicEscool,EDUCATION,MUSIC_ACADEMY;PRIVATE_TEACHER,academia de música;profesor de música,"C. de Sánchez Pacheco, 82, 4ª planta, Chamartín, 28002 Madrid","MusicEscool, C. de Sánchez Pacheco, 82, 4ª planta, Chamartín, 28002 Madrid","C. de Sánchez Pacheco, 82, 4ª planta",Chamartín,Madrid,28002,Madrid,ES,40.4482335,-3.6694739,,http://www.musicescool.com,musicescool.com,https://www.google.com/maps/place/data=!3m1!4b1!4m2!3m1!1s0xd4228d121ff67af:0x8de3e1687c42e4fc,5,23,OPEN,True,Music school,Music school,music_school;art;education;education_and_culture;educational_institution;establishment;establishment_poi;feature;hobby_classes;institute;instruction;learning;music;music_classes;music_instruction;musical_institutions;performing_arts;professional_services;public_api_establishment;services;training_courses,3,,APIFY_GOOGLE_MAPS_SCRAPER,0xd4228d121ff67af:0x8de3e1687c42e4fc,0xd4228d121ff67af:0x8de3e1687c42e4fc,10224263417938765052,2026-10-05T23:02:48.294Z,2026-10-06T23:08:30.348Z,st_academia-de-musica.json;st_profesor-de-musica.json
ChIJy6NuDpEpQg0RX6SWKDKFRH4,Clases de bajo en Madrid. Clases de bajo Online,EDUCATION,PRIVATE_TEACHER;MUSIC_SCHOOL,profesor de música;escuela de música,"C. de la Isla de Arosa, 29, Fuencarral-El Pardo, 28035 Madrid","Clases de bajo en Madrid. Clases de bajo Online, C. de la Isla de Arosa, 29, Fuencarral-El Pardo, 28035 Madrid","C. de la Isla de Arosa, 29",Fuencarral-El Pardo,Madrid,28035,Madrid,ES,40.4805831,-3.7164834,+34677491914,http://www.profesordebajo.com,profesordebajo.com,https://www.google.com/maps/place/data=!3m1!4b1!4m2!3m1!1s0xd4229910e6ea3cb:0x7e4485322896a45f,5,22,OPEN,True,Profesor de música,Profesor de música,music_instructor;art;culture;education;education_and_culture;educational_institution;establishment;establishment_poi;feature;institute;instruction;learning;music;music_instruction;performing_arts;professional_services;public_api_establishment;school;services;training_courses,9,Cerrado · Apertura: 9:00,APIFY_GOOGLE_MAPS_SCRAPER,0xd4229910e6ea3cb:0x7e4485322896a45f,0xd4229910e6ea3cb:0x7e4485322896a45f,9098543597671064671,2026-10-06T23:08:30.346Z,2026-10-07T09:39:05.475Z,st_profesor-de-musica.json;st_escuela-de-musica.json
ChIJCSbsW3QpQg0RcjqldrixUUo,Escuela Blak,EDUCATION,MUSIC_ACADEMY;MUSIC_SCHOOL;PRIVATE_TEACHER,academia de música;escuela de música;profesor de música,"C. de la Villa de Marín, 23, 1ª planta, Fuencarral-El Pardo, 28029 Madrid","Escuela Blak, C. de la Villa de Marín, 23, 1ª planta, Fuencarral-El Pardo, 28029 Madrid","C. de la Villa de Marín, 23, 1ª planta",Fuencarral-El Pardo,Madrid,28029,Madrid,ES,40.477002,-3.699524,+34913151606,http://www.escuelablak.com,escuelablak.com,https://www.google.com/maps/place/data=!3m1!4b1!4m2!3m1!1s0xd4229745bec2609:0x4a51b1b876a53a72,5,21,OPEN,True,Art school,Art school,art_school;art;education;education_and_culture;educational_institution;establishment;establishment_poi;feature;higher_education;hobby_classes;institute;instruction;learning;music;music_classes;music_instruction;music_school;musical_institutions;performing_arts;professional_services;public_api_establishment;services;trade_school;training_courses,4,,APIFY_GOOGLE_MAPS_SCRAPER,0xd4229745bec2609:0x4a51b1b876a53a72,0xd4229745bec2609:0x4a51b1b876a53a72,5355256837742869106,2026-10-05T23:02:48.293Z,2026-10-07T09:39:05.475Z,st_academia-de-musica.json;st_escuela-de-musica.json;st_profesor-de-musica.json
ChIJIb332c0pQg0RU8xZt1AwgIc,Madbeat Music Lab Academy (Escuela de música),EDUCATION,MUSIC_ACADEMY;MUSIC_SCHOOL;PRIVATE_TEACHER,academia de música;escuela de música;profesor de música,"C. de Sor Ángela de la Cruz, 26, Tetuán, 28020 Madrid","Madbeat Music Lab Academy (Escuela de música), C. de Sor Ángela de la Cruz, 26, Tetuán, 28020 Madrid","C. de Sor Ángela de la Cruz, 26",Tetuán,Madrid,28020,Madrid,ES,40.4601478,-3.6959258999999998,+34659548025,https://sites.google.com/view/madbeat/inicio,google.com,https://www.google.com/maps/place/data=!3m1!4b1!4m2!3m1!1s0xd4229cdd9f7bd21:0x87803050b759cc53,5,21,OPEN,True,Music school,Music school;Education center;Guitar instructor;Music instructor;Music producer;Musician and composer;Piano instructor,music_school;art;company;culture;education;education_and_culture;education_center;educational_institution;establishment;establishment_poi;feature;guitar_instructor;hobby_classes;institute;instruction;learning;media;music;music_classes;music_instruction;music_instructor;music_producer;music_store;musical_institutions;musician_and_composer;performing_arts;piano;piano_instructor;professional_services;public_api_establishment;school;services;shopping;store;training_courses,20,Closed · Opens 10 am,APIFY_GOOGLE_MAPS_SCRAPER,0xd4229cdd9f7bd21:0x87803050b759cc53,0xd4229cdd9f7bd21:0x87803050b759cc53,9763857115370867795,2026-10-05T23:02:48.294Z,2026-10-07T09:39:05.475Z,st_academia-de-musica.json;st_escuela-de-musica.json;st_profesor-de-musica.json
ChIJOwQcscQoQg0RkXwH5HhOTr0,Taller de Músicos y Artes Plásticas,EDUCATION,CONSERVATORY;PRIVATE_TEACHER,conservatorio;profesor de música,"C. Luis Vives, 3, Chamartín, 28002 Madrid","Taller de Músicos y Artes Plásticas, C. Luis Vives, 3, Chamartín, 28002 Madrid","C. Luis Vives, 3",Chamartín,Madrid,28002,Madrid,ES,40.4437912,-3.6766859999999997,+34640895291,https://tallerdemusicos.com,tallerdemusicos.com,https://www.google.com/maps/place/data=!3m1!4b1!4m2!3m1!1s0xd4228c4b11c043b:0xbd4e4e78e4077c91,5,20,OPEN,True,Escuela de música,Escuela de música;Escuela de arte,music_school;art;art_school;education;education_and_culture;educational_institution;establishment;establishment_poi;feature;higher_education;hobby_classes;institute;instruction;learning;music;music_classes;music_instruction;musical_institutions;performing_arts;professional_services;public_api_establishment;services;trade_school;training_courses,23,Cerrado · Apertura: 10:00,APIFY_GOOGLE_MAPS_SCRAPER,0xd4228c4b11c043b:0xbd4e4e78e4077c91,0xd4228c4b11c043b:0xbd4e4e78e4077c91,13640926602480549009,2026-10-06T23:05:57.620Z,2026-10-07T09:39:05.476Z,st_conservatorio.json;st_profesor-de-musica.json
ChIJB8UQ-FMoQg0RZ18yVdnv-UY,Rock Guitar Experience,EDUCATION,PRIVATE_TEACHER;MUSIC_ACADEMY,profesor de música;academia de música,"C. de Almansa, 47, Tetuán, 28039 Madrid","Rock Guitar Experience, C. de Almansa, 47, Tetuán, 28039 Madrid","C. de Almansa, 47",Tetuán,Madrid,28039,Madrid,ES,40.448872,-3.7078686,+34910233867,http://rockguitarexperience.es,rockguitarexperience.es,https://www.google.com/maps/place/data=!3m1!4b1!4m2!3m1!1s0xd422853f810c507:0x46f9efd955325f67,5,19,OPEN,True,Escuela de música,Escuela de música,music_school;art;education;education_and_culture;educational_institution;establishment;establishment_poi;feature;hobby_classes;institute;instruction;learning;music;music_classes;music_instruction;musical_institutions;performing_arts;professional_services;public_api_establishment;services;training_courses,5,Cerrado · Apertura: 10:00,APIFY_GOOGLE_MAPS_SCRAPER,0xd422853f810c507:0x46f9efd955325f67,0xd422853f810c507:0x46f9efd955325f67,5114382568572215143,2026-10-06T23:08:30.348Z,2026-10-07T09:39:05.475Z,st_profesor-de-musica.json;st_academia-de-musica.json
ChIJARZMpDkvQg0RlhTBDVQ596E,Singspiration Clases de Canto,EDUCATION,PRIVATE_TEACHER,profesor de música,"C. de Servator, 19, Hortaleza, 28043 Madrid","Singspiration Clases de Canto, C. de Servator, 19, Hortaleza, 28043 Madrid","C. de Servator, 19",Hortaleza,Madrid,28043,Madrid,ES,40.4647122,-3.6476906,+34675959285,,,https://www.google.com/maps/place/data=!3m1!4b1!4m2!3m1!1s0xd422f39a44c1601:0xa1f739540dc11496,5,19,OPEN,True,Profesor de música,Profesor de música,music_instructor;art;culture;education;education_and_culture;educational_institution;establishment;establishment_poi;feature;institute;instruction;learning;music;music_instruction;performing_arts;professional_services;public_api_establishment;school;services;training_courses,9,Cerrado · Apertura: 10:00,APIFY_GOOGLE_MAPS_SCRAPER,0xd422f39a44c1601:0xa1f739540dc11496,0xd422f39a44c1601:0xa1f739540dc11496,11670859992524723350,2026-10-06T23:08:30.346Z,2026-10-07T09:39:05.475Z,st_profesor-de-musica.json
ChIJayVXR16LF0gRC3KnC-3C7uM,Clases Canto Moderno y Técnica Vocal • Nadia Trobisch,EDUCATION,PRIVATE_TEACHER,profesor de música,"C. de Ferraz, 77, Moncloa - Aravaca, 28008 Madrid","Clases Canto Moderno y Técnica Vocal • Nadia Trobisch, C. de Ferraz, 77, Moncloa - Aravaca, 28008 Madrid","C. de Ferraz, 77",Moncloa - Aravaca,Madrid,28008,Madrid,ES,40.4321039,-3.7233886999999997,+34722171938,https://www.tusclasesparticulares.com/profesores/nadia-trobisch/opiniones,tusclasesparticulares.com,https://www.google.com/maps/place/data=!3m1!4b1!4m2!3m1!1s0x48178b5e4757256b:0xe3eec2ed0ba7720b,5,14,OPEN,True,Profesor de música,Profesor de música,music_instructor;art;culture;education;education_and_culture;educational_institution;entertainment;entertainment_and_recreation;establishment;establishment_poi;feature;institute;instruction;learning;music;music_instruction;music_store;musician;performing_arts;professional_services;public_api_establishment;school;services;shopping;store;training_courses,7,Cerrado · Apertura: 10:30 (jue),APIFY_GOOGLE_MAPS_SCRAPER,0x48178b5e4757256b:0xe3eec2ed0ba7720b,0x48178b5e4757256b:0xe3eec2ed0ba7720b,16424279214425338379,2026-10-06T23:08:30.346Z,2026-10-06T23:08:30.346Z,st_profesor-de-musica.json
ChIJp6DIjBspQg0R0MKrFl7aSt0,Escuela de Guitarra Laura Verdugo Del Rey,EDUCATION,PRIVATE_TEACHER,profesor de música,"C. del Padre Damián, 18, Chamartín, 28036 Madrid","Escuela de Guitarra Laura Verdugo Del Rey, C. del Padre Damián, 18, Chamartín, 28036 Madrid","C. del Padre Damián, 18",Chamartín,Madrid,28036,Madrid,ES,40.4557597,-3.6856506999999996,+34629203774,https://www.lauraverdugo.com,lauraverdugo.com,https://www.google.com/maps/place/data=!3m1!4b1!4m2!3m1!1s0xd42291b8cc8a0a7:0xdd4ada5e16abc2d0,5,11,OPEN,True,Profesor de guitarra,Profesor de guitarra,guitar_instructor;art;culture;education;education_and_culture;educational_institution;establishment;establishment_poi;feature;hobby_classes;institute;instruction;learning;music;music_classes;music_instruction;music_instructor;musical_institutions;performing_arts;professional_services;public_api_establishment;school;services;training_courses,2,Cerrado · Apertura: 15:00,APIFY_GOOGLE_MAPS_SCRAPER,0xd42291b8cc8a0a7:0xdd4ada5e16abc2d0,0xd42291b8cc8a0a7:0xdd4ada5e16abc2d0,15945797528300798672,2026-10-06T23:08:30.348Z,2026-10-06T23:08:30.348Z,st_profesor-de-musica.json
ChIJv7NT_3gpQg0Rvh1ehykUPWc,Enclave Music School,EDUCATION,MUSIC_ACADEMY;MUSIC_SCHOOL;CONSERVATORY,academia de música;escuela de música;conservatorio,"C. de Fermín Caballero, 14, Fuencarral-El Pardo, 28034 Madrid","Enclave Music School, C. de Fermín Caballero, 14, Fuencarral-El Pardo, 28034 Madrid","C. de Fermín Caballero, 14",Fuencarral-El Pardo,Madrid,28034,Madrid,ES,40.486728299999996,-3.7006546,+34917314399,https://www.enclavemusica.com,enclavemusica.com,https://www.google.com/maps/place/data=!3m1!4b1!4m2!3m1!1s0xd422978ff53b3bf:0x673d1429875e1dbe,5,9,OPEN,True,Art school,Art school;Music school,art_school;art;education;education_and_culture;educational_institution;establishment;establishment_poi;feature;higher_education;hobby_classes;institute;instruction;learning;music;music_classes;music_instruction;music_school;musical_institutions;performing_arts;professional_services;public_api_establishment;services;trade_school;training_courses,7,Closed · Opens 11 am,APIFY_GOOGLE_MAPS_SCRAPER,0xd422978ff53b3bf:0x673d1429875e1dbe,0xd422978ff53b3bf:0x673d1429875e1dbe,7439124328083234238,2026-10-05T23:02:48.293Z,2026-10-07T09:39:00.077Z,st_academia-de-musica.json;st_escuela-de-musica.json;st_conservatorio.json
ChIJMZN5t8QpQg0R_HQHMIZRBSE,Profesor de Piano,EDUCATION,PRIVATE_TEACHER,profesor de música,"C. de la Isla de Arosa, 29, Fuencarral-El Pardo, 28035 Madrid","Profesor de Piano, C. de la Isla de Arosa, 29, Fuencarral-El Pardo, 28035 Madrid","C. de la Isla de Arosa, 29",Fuencarral-El Pardo,Madrid,28035,Madrid,ES,40.4805831,-3.7164834,,https://clasesdepiano.directormusical.com,directormusical.com,https://www.google.com/maps/place/data=!3m1!4b1!4m2!3m1!1s0xd4229c4b7799331:0x21055186300774fc,5,7,OPEN,True,Profesor de piano,Profesor de piano;Universidad musical,piano_instructor;art;culture;education;education_and_culture;educational_institution;entertainment;entertainment_and_recreation;establishment;establishment_poi;feature;institute;instruction;learning;music;music_college;music_instruction;music_instructor;music_store;musical_institutions;musician;performing_arts;piano;professional_services;public_api_establishment;school;services;shopping;store;training_courses,7,Abierto 24 horas,APIFY_GOOGLE_MAPS_SCRAPER,0xd4229c4b7799331:0x21055186300774fc,0xd4229c4b7799331:0x21055186300774fc,2379397614908437756,2026-10-06T23:08:30.346Z,2026-10-07T09:39:05.475Z,st_profesor-de-musica.json
ChIJVcgmRCIpQg0READyiFC8ZwE,Musicaviva 21 Escuela de Música y Danza Chamartín,EDUCATION,MUSIC_ACADEMY;MUSIC_SCHOOL,academia de música;escuela de música,"P.º de La Habana, 137, Chamartín, 28036 Madrid","Musicaviva 21 Escuela de Música y Danza Chamartín, P.º de La Habana, 137, Chamartín, 28036 Madrid","P.º de La Habana, 137",Chamartín,Madrid,28036,Madrid,ES,40.4611076,-3.6808378,+34913507806,http://musicaviva21.es,musicaviva21.es,https://www.google.com/maps/place/data=!3m1!4b1!4m2!3m1!1s0xd4229224426c855:0x167bc5088f20010,5,6,OPEN,True,Music school,Music school;School,music_school;art;education;education_and_culture;educational_institution;establishment;establishment_poi;feature;hobby_classes;institute;instruction;learning;music;music_classes;music_instruction;musical_institutions;performing_arts;professional_services;public_api_establishment;school;services;training_courses,6,Closed · Opens 4:30 pm,APIFY_GOOGLE_MAPS_SCRAPER,0xd4229224426c855:0x167bc5088f20010,0xd4229224426c855:0x167bc5088f20010,101256570720092176,2026-10-05T23:02:48.294Z,2026-10-07T09:39:00.077Z,st_academia-de-musica.json;st_escuela-de-musica.json
ChIJiUBukigvQg0RLKld20j3Hpw,Arturo Soria - Conservatorio,EDUCATION,CONSERVATORY,conservatorio,"Cdad. Lineal, 28043 Madrid","Arturo Soria - Conservatorio, Cdad. Lineal, 28043 Madrid",,Ciudad Lineal,Madrid,,Madrid,ES,40.4518676,-3.6532293,,,,https://www.google.com/maps/place/data=!3m1!4b1!4m2!3m1!1s0xd422f28926e4089:0x9c1ef748db5da92c,5,4,OPEN,True,Parada de autobús,Parada de autobús,bus_stop;establishment;establishment_poi;feature;public_api_establishment;transit_station;transit_stop;transportation_infrastructure;transportation_service,1,,APIFY_GOOGLE_MAPS_SCRAPER,0xd422f28926e4089:0x9c1ef748db5da92c,0xd422f28926e4089:0x9c1ef748db5da92c,11249700811508132140,2026-10-06T23:05:57.620Z,2026-10-07T09:38:49.886Z,st_conservatorio.json
ChIJRVb7JbooQg0Rb13AZQvDyog,MIGUEL BORRALLO – TENOR,EDUCATION,CONSERVATORY,conservatorio,"Calle de Lagasca, 87, Esc. Dcha. 3 D, Salamanca, 28006 Madrid","MIGUEL BORRALLO – TENOR, Calle de Lagasca, 87, Esc. Dcha. 3 D, Salamanca, 28006 Madrid","Calle de Lagasca, 87, Esc. Dcha. 3 D",Salamanca,Madrid,28006,Madrid,ES,40.4317585,-3.6847876,+34627537340,,,https://www.google.com/maps/place/data=!3m1!4b1!4m2!3m1!1s0xd4228ba25fb5645:0x88cac30b65c05d6f,5,4,OPEN,True,Conservatorio de música,Conservatorio de música,conservatory_of_music;art;culture;education;education_and_culture;educational_institution;establishment;establishment_poi;feature;instruction;music;musical_institutions;performing_arts;public_api_establishment;school;training_courses,5,Abierto · Cierre: 20:00,APIFY_GOOGLE_MAPS_SCRAPER,0xd4228ba25fb5645:0x88cac30b65c05d6f,0xd4228ba25fb5645:0x88cac30b65c05d6f,9856905188172914031,2026-10-07T09:38:49.886Z,2026-10-07T09:38:49.886Z,st_conservatorio.json
ChIJCZ5PXAEpQg0REWvKsv4a16M,El Bosque de los Violines,EDUCATION,CONSERVATORY,conservatorio,"C. de Bravo Murillo, 85, Chamberí, 28003 Madrid","El Bosque de los Violines, C. de Bravo Murillo, 85, Chamberí, 28003 Madrid","C. de Bravo Murillo, 85",Chamberí,Madrid,28003,Madrid,ES,40.4449104,-3.7046048,,http://www.elbosquedelosviolines.com,elbosquedelosviolines.com,https://www.google.com/maps/place/data=!3m1!4b1!4m2!3m1!1s0xd4229015c4f9e09:0xa3d71afeb2ca6b11,5,2,OPEN,False,Escuela de música,Escuela de música,music_school;art;education;education_and_culture;educational_institution;establishment;establishment_poi;feature;hobby_classes;institute;instruction;learning;music;music_classes;music_instruction;musical_institutions;performing_arts;professional_services;public_api_establishment;services;training_courses,7,,APIFY_GOOGLE_MAPS_SCRAPER,0xd4229015c4f9e09:0xa3d71afeb2ca6b11,0xd4229015c4f9e09:0xa3d71afeb2ca6b11,11805934629398670097,2026-10-06T23:05:57.620Z,2026-10-07T09:38:49.886Z,st_conservatorio.json
ChIJz87sd2kpQg0RRDDFNSWsQ7I,Estudio de música Viktor Babakovsky,EDUCATION,PRIVATE_TEACHER,profesor de música,"C. de Ferraz, 77, Calle de Joaquín Costa, 55, 28008 Madrid","Estudio de música Viktor Babakovsky, C. de Ferraz, 77, Calle de Joaquín Costa, 55, 28008 Madrid","C. de Ferraz, 77, Calle de Joaquín Costa, 55",Moncloa - Aravaca,Madrid,28008,Madrid,ES,40.4321039,-3.7233886999999997,+34613769372,https://www.viktorbabakovsky.com,viktorbabakovsky.com,https://www.google.com/maps/place/data=!3m1!4b1!4m2!3m1!1s0xd42296977eccecf:0xb243ac2535c53044,5,2,OPEN,True,Escuela de música,Escuela de música;Servicio de clases particulares,music_school;aide_a_domicile;art;education;education_and_culture;educational_institution;establishment;establishment_poi;feature;hobby_classes;institute;instruction;learning;music;music_classes;music_instruction;musical_institutions;performing_arts;professional_services;public_api_establishment;services;training_courses;tutoring_service,5,Abierto · Cierre: 21:00,APIFY_GOOGLE_MAPS_SCRAPER,0xd42296977eccecf:0xb243ac2535c53044,0xd42296977eccecf:0xb243ac2535c53044,12845299838006669380,2026-10-07T09:39:05.476Z,2026-10-07T09:39:05.476Z,st_profesor-de-musica.json
ChIJzSPBPEonQg0RIL6b4oxPoP8,Fábrica de la Voz,EDUCATION,PRIVATE_TEACHER,profesor de música,"C. del Dr. Mariani, 8, Tetuán, 28039 Madrid","Fábrica de la Voz, C. del Dr. Mariani, 8, Tetuán, 28039 Madrid","C. del Dr. Mariani, 8",Tetuán,Madrid,28039,Madrid,ES,40.4578744,-3.7024046999999998,+34675915668,http://www.meetup.com/fabricadelavoz,meetup.com,https://www.google.com/maps/place/data=!3m1!4b1!4m2!3m1!1s0xd42274a3cc123cd:0xffa04f8ce29bbe20,5,2,OPEN,True,Escuela de música,Escuela de música,music_school;art;education;education_and_culture;educational_institution;establishment;establishment_poi;feature;hobby_classes;institute;instruction;learning;music;music_classes;music_instruction;musical_institutions;performing_arts;professional_services;public_api_establishment;services;training_courses,17,Cerrado · Apertura: 19:30,APIFY_GOOGLE_MAPS_SCRAPER,0xd42274a3cc123cd:0xffa04f8ce29bbe20,0xd42274a3cc123cd:0xffa04f8ce29bbe20,18419809942461201952,2026-10-06T23:08:30.346Z,2026-10-07T09:39:05.475Z,st_profesor-de-musica.json
ChIJy6hK3KAvQg0R0-0NnJEBBLc,La Musicoteca Escuela de Música,EDUCATION,MUSIC_ACADEMY;MUSIC_SCHOOL;PRIVATE_TEACHER,academia de música;escuela de música;profesor de música,"Calle de Puerto Rico, 8A, Loc Lateral, Chamartín, 28016 Madrid","La Musicoteca Escuela de Música, Calle de Puerto Rico, 8A, Loc Lateral, Chamartín, 28016 Madrid","Calle de Puerto Rico, 8A, Loc Lateral",Chamartín,Madrid,28016,Madrid,ES,40.453284599999996,-3.6741523999999997,+34660647823,http://www.lamusicoteca.com,lamusicoteca.com,https://www.google.com/maps/place/data=!3m1!4b1!4m2!3m1!1s0xd422fa0dc4aa8cb:0xb70401919c0dedd3,4.9,149,OPEN,True,Music school,Music school,music_school;art;education;education_and_culture;educational_institution;establishment;establishment_poi;feature;hobby_classes;institute;instruction;learning;music;music_classes;music_instruction;musical_institutions;performing_arts;professional_services;public_api_establishment;services;training_courses,10,Closed · Opens 4 pm,APIFY_GOOGLE_MAPS_SCRAPER,0xd422fa0dc4aa8cb:0xb70401919c0dedd3,0xd422fa0dc4aa8cb:0xb70401919c0dedd3,13187667333747699155,2026-10-05T23:02:48.293Z,2026-10-07T09:39:05.475Z,st_academia-de-musica.json;st_escuela-de-musica.json;st_profesor-de-musica.json
ChIJaQeIn1EpQg0RjKaJAwIqQkY,Escuela de música Suena Tetuán,EDUCATION,MUSIC_ACADEMY;MUSIC_SCHOOL;PRIVATE_TEACHER,academia de música;escuela de música;profesor de música,"C. del Dr. Mariani, 8, Local C4B, Tetuán, 28039 Madrid","Escuela de música Suena Tetuán, C. del Dr. Mariani, 8, Local C4B, Tetuán, 28039 Madrid","C. del Dr. Mariani, 8, Local C4B",Tetuán,Madrid,28039,Madrid,ES,40.4578744,-3.7024192,+34641632974,http://www.suenatetuan.com,suenatetuan.com,https://www.google.com/maps/place/data=!3m1!4b1!4m2!3m1!1s0xd4229519f880769:0x46422a020389a68c,4.9,61,OPEN,True,Music school,Music school;Guitar instructor;Music instructor,music_school;art;culture;education;education_and_culture;educational_institution;establishment;establishment_poi;feature;guitar_instructor;hobby_classes;institute;instruction;learning;music;music_classes;music_instruction;music_instructor;musical_institutions;performing_arts;professional_services;public_api_establishment;school;services;training_courses,27,Closed · Opens 11 am,APIFY_GOOGLE_MAPS_SCRAPER,0xd4229519f880769:0x46422a020389a68c,0xd4229519f880769:0x46422a020389a68c,5062655119255512716,2026-10-05T23:02:48.293Z,2026-10-07T09:39:05.475Z,st_academia-de-musica.json;st_escuela-de-musica.json;st_profesor-de-musica.json
ChIJ_R759WAoQg0RWGB-xYxMRhk,Escuela Arcos Centro Pedagógico Musical SL,EDUCATION,MUSIC_SCHOOL;MUSIC_ACADEMY,escuela de música;academia de música,"Calle de Vallehermoso, 40, C. de Casarrubuelos, 10, 28015 Madrid","Escuela Arcos Centro Pedagógico Musical SL, Calle de Vallehermoso, 40, C. de Casarrubuelos, 10, 28015 Madrid","Calle de Vallehermoso, 40, C. de Casarrubuelos, 10",Chamberí,Madrid,28015,Madrid,ES,40.4346324,-3.7083516999999997,+34914484882,https://www.arcosmusica.com,arcosmusica.com,https://www.google.com/maps/place/data=!3m1!4b1!4m2!3m1!1s0xd422860f5f91efd:0x19464c8cc57e6058,4.9,53,OPEN,True,Music school,Music school,music_school;art;education;education_and_culture;educational_institution;establishment;establishment_poi;feature;hobby_classes;institute;instruction;learning;music;music_classes;music_instruction;musical_institutions;performing_arts;professional_services;public_api_establishment;services;training_courses,25,Closed · Opens 10 am,APIFY_GOOGLE_MAPS_SCRAPER,0xd422860f5f91efd:0x19464c8cc57e6058,0xd422860f5f91efd:0x19464c8cc57e6058,1821227266810470488,2026-10-05T22:38:56.343Z,2026-10-07T09:39:00.077Z,st_escuela-de-musica.json;st_academia-de-musica.json
ChIJY14WKlgoQg0R6I_DpDZTUD4,School of Music with Heart,EDUCATION,MUSIC_ACADEMY;MUSIC_SCHOOL;CONSERVATORY;PRIVATE_TEACHER,academia de música;escuela de música;conservatorio;profesor de música,"Calle de Ramiro II, 7, Chamberí, 28003 Madrid","School of Music with Heart, Calle de Ramiro II, 7, Chamberí, 28003 Madrid","Calle de Ramiro II, 7",Chamberí,Madrid,28003,Madrid,ES,40.4431843,-3.704913,+34676822491,http://www.musicaconcorazon.com,musicaconcorazon.com,https://www.google.com/maps/place/data=!3m1!4b1!4m2!3m1!1s0xd4228582a165e63:0x3e505336a4c38fe8,4.9,47,OPEN,True,Music school,Music school,music_school;art;education;education_and_culture;educational_institution;establishment;establishment_poi;feature;hobby_classes;institute;instruction;learning;music;music_classes;music_instruction;musical_institutions;performing_arts;professional_services;public_api_establishment;services;training_courses,22,Closed · Opens 4 pm,APIFY_GOOGLE_MAPS_SCRAPER,0xd4228582a165e63:0x3e505336a4c38fe8,0xd4228582a165e63:0x3e505336a4c38fe8,4490180322646003688,2026-10-05T23:02:48.294Z,2026-10-07T09:39:05.475Z,st_academia-de-musica.json;st_escuela-de-musica.json;st_conservatorio.json;st_profesor-de-musica.json
ChIJ51GIJkwmQg0Rn1HXt99xc5w,Academia de Música Contemporánea & Artes,EDUCATION,MUSIC_ACADEMY,academia de música,"C. de Sebastián Gómez, 5, planta 5 - local A, Usera, 28026 Madrid","Academia de Música Contemporánea & Artes, C. de Sebastián Gómez, 5, planta 5 - local A, Usera, 28026 Madrid","C. de Sebastián Gómez, 5, planta 5 - local A",Usera,Madrid,28026,Madrid,ES,40.385596199999995,-3.6980682,+34912927962,http://www.amcontemporanea.es,amcontemporanea.es,https://www.google.com/maps/place/data=!3m1!4b1!4m2!3m1!1s0xd42264c268851e7:0x9c7371dfb7d7519f,4.9,44,OPEN,True,Music school,Music school;Art school;Dance school,music_school;art;art_school;centres;dance_school;dancing;education;education_and_culture;educational_institution;entertainment_and_recreation;establishment;establishment_poi;feature;higher_education;hobby_classes;institute;instruction;learning;learning_center;music;music_classes;music_instruction;musical_institutions;performing_arts;professional_services;public_api_establishment;recreation;services;sports;sports_school;trade_school;training_center;training_courses,29,Closed · Opens 11 am,APIFY_GOOGLE_MAPS_SCRAPER,0xd42264c268851e7:0x9c7371dfb7d7519f,0xd42264c268851e7:0x9c7371dfb7d7519f,11273479497914470815,2026-10-05T23:02:48.294Z,2026-10-07T09:39:00.077Z,st_academia-de-musica.json
ChIJGf_NF5EpQg0RzNBelNLmA7k,Escuela de música Fama,EDUCATION,MUSIC_ACADEMY;MUSIC_SCHOOL;PRIVATE_TEACHER,"academia de música;escuela de música;escuela de música, conservatorio, academia de música, banda de música, orquesta, coro, asociación musical, tienda de instrumentos musicales, luthier, reparación de instrumentos musicales, estudio de grabación, sala de ensayo;profesor de música","C. de la Isla de Arosa, 23, posterior, Fuencarral-El Pardo, 28035 Madrid","Escuela de música Fama, C. de la Isla de Arosa, 23, posterior, Fuencarral-El Pardo, 28035 Madrid","C. de la Isla de Arosa, 23, posterior",Fuencarral-El Pardo,Madrid,28035,Madrid,ES,40.479987,-3.7159956999999997,+34917398301,http://www.escuelamusicafama.es,escuelamusicafama.es,https://www.google.com/maps/place/data=!3m1!4b1!4m2!3m1!1s0xd42299117cdff19:0xb903e6d2945ed0cc,4.9,37,OPEN,True,Music school,Music school,music_school;art;education;education_and_culture;educational_institution;establishment;establishment_poi;feature;hobby_classes;institute;instruction;learning;music;music_classes;music_instruction;musical_institutions;performing_arts;professional_services;public_api_establishment;services;training_courses,68,Closed · Opens 5:30 pm,APIFY_GOOGLE_MAPS_SCRAPER,0xd42299117cdff19:0xb903e6d2945ed0cc,0xd42299117cdff19:0xb903e6d2945ed0cc,13331753114053562572,2026-10-05T23:02:48.293Z,2026-10-07T09:39:05.475Z,st_academia-de-musica.json;st_escuela-de-musica.json;tabla00.json;st_profesor-de-musica.json
ChIJrcE9TmEoQg0RYeqjkJxgQZM,La Escuela de Música Soto Mesa,EDUCATION,MUSIC_ACADEMY;MUSIC_SCHOOL,academia de música;escuela de música,"C. de Sta. Cruz de Marcenado, 1, Centro, 28015 Madrid","La Escuela de Música Soto Mesa, C. de Sta. Cruz de Marcenado, 1, Centro, 28015 Madrid","C. de Sta. Cruz de Marcenado, 1",Centro,Madrid,28015,Madrid,ES,40.428815,-3.707001,+34915934855,http://www.sotomesa.com,sotomesa.com,https://www.google.com/maps/place/data=!3m1!4b1!4m2!3m1!1s0xd4228614e3dc1ad:0x9341609c90a3ea61,4.9,35,OPEN,True,Escuela de música,Escuela de música,music_school;art;education;education_and_culture;educational_institution;establishment;establishment_poi;feature;hobby_classes;institute;instruction;learning;music;music_classes;music_instruction;musical_institutions;performing_arts;professional_services;public_api_establishment;services;training_courses,22,Abierto · Cierre: 21:30,APIFY_GOOGLE_MAPS_SCRAPER,0xd4228614e3dc1ad:0x9341609c90a3ea61,0xd4228614e3dc1ad:0x9341609c90a3ea61,10610868422619425377,2026-10-07T09:39:00.077Z,2026-10-07T09:39:00.077Z,st_academia-de-musica.json;st_escuela-de-musica.json
ChIJLY7CBHQpQg0RMZVALYaO5g4,Clases de Violín | Método Suzuki,EDUCATION,PRIVATE_TEACHER;MUSIC_ACADEMY,profesor de música;academia de música,"C. de Fernández de los Ríos, 30, Chamberí, 28015 Madrid","Clases de Violín | Método Suzuki, C. de Fernández de los Ríos, 30, Chamberí, 28015 Madrid","C. de Fernández de los Ríos, 30",Chamberí,Madrid,28015,Madrid,ES,40.435242699999996,-3.7074195,+34618182727,https://violinclases.com,violinclases.com,https://www.google.com/maps/place/data=!3m1!4b1!4m2!3m1!1s0xd42297404c28e2d:0xee68e862d409531,4.9,28,OPEN,True,Escuela de música,Escuela de música,music_school;art;education;education_and_culture;educational_institution;establishment;establishment_poi;feature;hobby_classes;institute;instruction;learning;music;music_classes;music_instruction;musical_institutions;performing_arts;professional_services;public_api_establishment;services;training_courses,9,Cerrado · Apertura: 10:00,APIFY_GOOGLE_MAPS_SCRAPER,0xd42297404c28e2d:0xee68e862d409531,0xd42297404c28e2d:0xee68e862d409531,1073702268110411057,2026-10-06T23:08:30.348Z,2026-10-07T09:39:05.475Z,st_profesor-de-musica.json;st_academia-de-musica.json
ChIJicJuN2QlQg0RIX3lZcQ4Z5A,Academia de Música Manuel de Falla,EDUCATION,MUSIC_ACADEMY,academia de música,"C. de Villablanca, 7, Loc, Vicálvaro, 28032 Madrid","Academia de Música Manuel de Falla, C. de Villablanca, 7, Loc, Vicálvaro, 28032 Madrid","C. de Villablanca, 7, Loc",Vicálvaro,Madrid,28032,Madrid,ES,40.4089673,-3.6075695999999997,+34911697099,http://www.academiamanueldefalla.com,academiamanueldefalla.com,https://www.google.com/maps/place/data=!3m1!4b1!4m2!3m1!1s0xd422564376ec289:0x906738c465e57d21,4.9,26,OPEN,True,Music school,Music school,music_school;art;education;education_and_culture;educational_institution;establishment;establishment_poi;feature;hobby_classes;institute;instruction;learning;music;music_classes;music_instruction;musical_institutions;performing_arts;professional_services;public_api_establishment;services;training_courses,1,Closed · Opens 10 am,APIFY_GOOGLE_MAPS_SCRAPER,0xd422564376ec289:0x906738c465e57d21,0xd422564376ec289:0x906738c465e57d21,10405347880237104417,2026-10-05T23:02:48.294Z,2026-10-05T23:02:48.294Z,st_academia-de-musica.json
ChIJAziHcrIpQg0Rr8OHWUhl2QU,Musicaminando,EDUCATION,MUSIC_SCHOOL;CONSERVATORY;PRIVATE_TEACHER;MUSIC_ACADEMY,escuela de música;conservatorio;profesor de música;academia de música,"Av. del Dr. Federico Rubio y Galí, 73, Moncloa - Aravaca, 28040 Madrid","Musicaminando, Av. del Dr. Federico Rubio y Galí, 73, Moncloa - Aravaca, 28040 Madrid","Av. del Dr. Federico Rubio y Galí, 73",Moncloa - Aravaca,Madrid,28040,Madrid,ES,40.4566527,-3.7138388,+34634503879,https://escuelamusicaminando.com,escuelamusicaminando.com,https://www.google.com/maps/place/data=!3m1!4b1!4m2!3m1!1s0xd4229b272873803:0x5d965485987c3af,4.9,13,OPEN,True,Music school,Music school;School,music_school;art;education;education_and_culture;educational_institution;establishment;establishment_poi;feature;hobby_classes;institute;instruction;learning;music;music_classes;music_instruction;musical_institutions;performing_arts;professional_services;public_api_establishment;school;services;training_courses,1,,APIFY_GOOGLE_MAPS_SCRAPER,0xd4229b272873803:0x5d965485987c3af,0xd4229b272873803:0x5d965485987c3af,421479401549972399,2026-10-05T22:38:56.343Z,2026-10-07T09:39:05.475Z,st_escuela-de-musica.json;st_conservatorio.json;st_profesor-de-musica.json;st_academia-de-musica.json
ChIJN47xjEQpQg0R9eAIR_1cxTI,"Clases de Canto, Guitarra y Bajo– Balanza",EDUCATION,PRIVATE_TEACHER;MUSIC_SCHOOL,profesor de música;escuela de música,"C/ de Sánchez Preciado, 41, Moncloa - Aravaca, 28039 Madrid","Clases de Canto, Guitarra y Bajo– Balanza, C/ de Sánchez Preciado, 41, Moncloa - Aravaca, 28039 Madrid","C/ de Sánchez Preciado, 41",Moncloa - Aravaca,Madrid,28039,Madrid,ES,40.4608832,-3.7112482,,,,https://www.google.com/maps/place/data=!3m1!4b1!4m2!3m1!1s0xd4229448cf18e37:0x32c55cfd4708e0f5,4.9,10,OPEN,True,Escuela,Escuela,school_house;establishment;establishment_poi;feature;public_api_establishment,14,Cerrado · Apertura: 9:00,APIFY_GOOGLE_MAPS_SCRAPER,0xd4229448cf18e37:0x32c55cfd4708e0f5,0xd4229448cf18e37:0x32c55cfd4708e0f5,3658432515196641525,2026-10-06T23:08:30.346Z,2026-10-07T09:39:05.475Z,st_profesor-de-musica.json;st_escuela-de-musica.json
ChIJBX5-jzwpQg0RM-7KKl-EV6w,Milbby,EDUCATION,MUSIC_SCHOOL;PRIVATE_TEACHER;MUSIC_ACADEMY,escuela de música;profesor de música;academia de música,"C.C. La Vaguada, Av. de Monforte de Lemos, 36, Fuencarral-El Pardo, 28029 Madrid","Milbby, C.C. La Vaguada, Av. de Monforte de Lemos, 36, Fuencarral-El Pardo, 28029 Madrid","C.C. La Vaguada, Av. de Monforte de Lemos, 36",Fuencarral-El Pardo,Madrid,28029,Madrid,ES,40.4798999,-3.7052552,+34911978689,http://www.milbby.com,milbby.com,https://www.google.com/maps/place/data=!3m1!4b1!4m2!3m1!1s0xd42293c8f7e7e05:0xac57845f2acaee33,4.8,2852,OPEN,True,Art supply store,Art supply store;Calligraphy lesson;Game store;Handicraft school;Knit shop;Painting lessons;Model shop;Sewing shop;Stationery store;Wool store,art_supply_store;art;art_center;art_school;calligraphy_lesson;childrens_store;culture;decoration;education;education_and_culture;educational_institution;entertainment;entertainment_and_recreation;establishment;establishment_poi;feature;game_store;games;handicraft_school;higher_education;hobby_classes;hobby_store;institute;instruction;knit_shop;learning;music;music_classes;music_instruction;music_school;musical_institutions;novelty_store;painting_lessons;peinture;performing_arts;professional_services;public_api_establishment;recreation;scale_model_shop;services;sewing_shop;shopping;stationery_store;store;toy_store;toys;trade_school;training_courses;wool_store,215,Closed · Opens 10 am,APIFY_GOOGLE_MAPS_SCRAPER,0xd42293c8f7e7e05:0xac57845f2acaee33,0xd42293c8f7e7e05:0xac57845f2acaee33,12418540041772133939,2026-10-05T22:38:56.343Z,2026-10-07T09:39:05.475Z,st_escuela-de-musica.json;st_profesor-de-musica.json;st_academia-de-musica.json
ChIJ7TcJYV8oQg0RAwYkMn9VMwI,La Escuela de Canal,EDUCATION,MUSIC_ACADEMY;MUSIC_SCHOOL;CONSERVATORY;PRIVATE_TEACHER,academia de música;escuela de música;conservatorio;profesor de música,"Gta. del Gral. Álvarez de Castro, 1, Chamberí, 28010 Madrid","La Escuela de Canal, Gta. del Gral. Álvarez de Castro, 1, Chamberí, 28010 Madrid","Gta. del Gral. Álvarez de Castro, 1",Chamberí,Madrid,28010,Madrid,ES,40.4368603,-3.7031096,+34609587430,http://www.laescueladecanal.com,laescueladecanal.com,https://www.google.com/maps/place/data=!3m1!4b1!4m2!3m1!1s0xd42285f610937ed:0x233557f32240603,4.8,46,OPEN,True,Music school,Music school;Art school;Ballet school;Conservatory of music;Dance school;Drum school;Guitar instructor;Jazz club;Music instructor;Piano instructor,music_school;art;art_school;ballet_school;bar;bars_and_pubs;beverages;centres;conservatory_of_music;culture;dance_school;dancing;discos_and_night_clubs;drum_school;education;education_and_culture;educational_institution;entertainment;entertainment_and_recreation;establishment;establishment_poi;event_venue;feature;food_and_drink;guitar_instructor;higher_education;hobby_classes;institute;instruction;jazz_club;learning;learning_center;live_music_venue;music;music_classes;music_instruction;music_instructor;music_store;musical_institutions;night_club;nightlife;performing_arts;piano;piano_instructor;professional_services;public_api_establishment;recreation;school;services;shopping;sports;sports_school;store;trade_school;training_center;training_courses,139,Closed · Opens 3 pm,APIFY_GOOGLE_MAPS_SCRAPER,0xd42285f610937ed:0x233557f32240603,0xd42285f610937ed:0x233557f32240603,158564416678528515,2026-10-05T23:02:48.294Z,2026-10-07T09:39:05.475Z,st_academia-de-musica.json;st_escuela-de-musica.json;st_conservatorio.json;st_profesor-de-musica.json
ChIJU9R8jf8nQg0RBmanmGA0hJA,Clases de canto en Madrid Profesor Diego Kaminsky,EDUCATION,PRIVATE_TEACHER,profesor de música,"C. de la Milagrosa, nº12, 1º izquierda, Latina, 28011 Madrid","Clases de canto en Madrid Profesor Diego Kaminsky, C. de la Milagrosa, nº12, 1º izquierda, Latina, 28011 Madrid","C. de la Milagrosa, nº12, 1º izquierda",Latina,Madrid,28011,Madrid,ES,40.4098992,-3.7360735,+34661307847,https://diegokaminsky.es,diegokaminsky.es,https://www.google.com/maps/place/data=!3m1!4b1!4m2!3m1!1s0xd4227ff8d7cd453:0x9084346098a76606,4.8,34,OPEN,True,Escuela de música,Escuela de música;Profesor de música;Entrenador vocal,music_school;art;culture;education;education_and_culture;educational_institution;establishment;establishment_poi;feature;hobby_classes;institute;instruction;learning;music;music_classes;music_instruction;music_instructor;musical_institutions;performing_arts;professional_services;public_api_establishment;school;services;training_courses;vocal_instructor,22,Cerrado · Apertura: 10:00,APIFY_GOOGLE_MAPS_SCRAPER,0xd4227ff8d7cd453:0x9084346098a76606,0xd4227ff8d7cd453:0x9084346098a76606,10413505827870041606,2026-10-06T23:08:30.348Z,2026-10-07T09:39:05.475Z,st_profesor-de-musica.json
ChIJbx4z7kspQg0Roag3ptkxV_A,Cursos Musicales - Grupo Talía,EDUCATION,MUSIC_ACADEMY,academia de música,"C. de Serrano Galvache, 2, Cdad. Lineal, 28033 Madrid","Cursos Musicales - Grupo Talía, C. de Serrano Galvache, 2, Cdad. Lineal, 28033 Madrid","C. de Serrano Galvache, 2",Ciudad Lineal,Madrid,28033,Madrid,ES,40.4714764,-3.6682897,+34913185928,http://www.cursosmusicales.es,cursosmusicales.es,https://www.google.com/maps/place/data=!3m1!4b1!4m2!3m1!1s0xd42294bee331e6f:0xf05731d9a637a8a1,4.8,34,OPEN,True,Escuela de música,Escuela de música,music_school;art;education;education_and_culture;educational_institution;establishment;establishment_poi;feature;hobby_classes;institute;instruction;learning;music;music_classes;music_instruction;musical_institutions;performing_arts;professional_services;public_api_establishment;services;training_courses,25,Cerrado · Apertura: 16:00,APIFY_GOOGLE_MAPS_SCRAPER,0xd42294bee331e6f:0xf05731d9a637a8a1,0xd42294bee331e6f:0xf05731d9a637a8a1,17318365702942861473,2026-10-07T09:39:00.077Z,2026-10-07T09:39:00.077Z,st_academia-de-musica.json
ChIJj6KwKk0vQg0RILSEQnIqBNY,Tempo Musical - Centro Autorizado de Enseñanzas Artísticas Profesionales de Música,EDUCATION,CONSERVATORY,conservatorio,"C. de Ramón de Aguinaga, 15, Salamanca, 28028 Madrid","Tempo Musical - Centro Autorizado de Enseñanzas Artísticas Profesionales de Música, C. de Ramón de Aguinaga, 15, Salamanca, 28028 Madrid","C. de Ramón de Aguinaga, 15",Salamanca,Madrid,28028,Madrid,ES,40.4269108,-3.6622877,+34639246983,https://tempomusical.es,tempomusical.es,https://www.google.com/maps/place/data=!3m1!4b1!4m2!3m1!1s0xd422f4d2ab0a28f:0xd6042a724284b420,4.8,32,OPEN,True,Escuela de música,Escuela de música,music_school;art;education;education_and_culture;educational_institution;establishment;establishment_poi;feature;hobby_classes;institute;instruction;learning;music;music_classes;music_instruction;musical_institutions;performing_arts;professional_services;public_api_establishment;services;training_courses,61,,APIFY_GOOGLE_MAPS_SCRAPER,0xd422f4d2ab0a28f:0xd6042a724284b420,0xd422f4d2ab0a28f:0xd6042a724284b420,15421497694254052384,2026-10-06T23:05:57.620Z,2026-10-07T09:38:49.886Z,st_conservatorio.json
ChIJoRbFmcgoQg0RFMk6FdKErPw,Music Institute of Madrid,EDUCATION,MUSIC_ACADEMY;MUSIC_SCHOOL;PRIVATE_TEACHER;CONSERVATORY,academia de música;escuela de música;profesor de música;conservatorio,"C. de Cartagena, 76, Salamanca, 28028 Madrid","Music Institute of Madrid, C. de Cartagena, 76, Salamanca, 28028 Madrid","C. de Cartagena, 76",Salamanca,Madrid,28028,Madrid,ES,40.4378678,-3.6718159999999997,+34639640816,http://www.escuelaimm.com,escuelaimm.com,https://www.google.com/maps/place/data=!3m1!4b1!4m2!3m1!1s0xd4228c899c516a1:0xfcac84d2153ac914,4.8,30,OPEN,True,Music school,Music school,music_school;art;education;education_and_culture;educational_institution;establishment;establishment_poi;feature;hobby_classes;institute;instruction;learning;music;music_classes;music_instruction;musical_institutions;performing_arts;professional_services;public_api_establishment;services;training_courses,36,Closed · Opens 10 am,APIFY_GOOGLE_MAPS_SCRAPER,0xd4228c899c516a1:0xfcac84d2153ac914,0xd4228c899c516a1:0xfcac84d2153ac914,18207073431386245396,2026-10-05T23:02:48.294Z,2026-10-07T09:39:05.475Z,st_academia-de-musica.json;st_escuela-de-musica.json;st_profesor-de-musica.json;st_conservatorio.json
ChIJyT-KAQAvQg0RyrYYRNxd7EQ,La Cafeterìa del Conservatorio,EDUCATION,CONSERVATORY,conservatorio,"C. del Estrecho de Mesina, 2, Cdad. Lineal, 28043 Madrid","La Cafeterìa del Conservatorio, C. del Estrecho de Mesina, 2, Cdad. Lineal, 28043 Madrid","C. del Estrecho de Mesina, 2",Ciudad Lineal,Madrid,28043,Madrid,ES,40.45192,-3.652244,,,,https://www.google.com/maps/place/data=!3m1!4b1!4m2!3m1!1s0xd422f00018a3fc9:0x44ec5ddc4418b6ca,4.8,8,OPEN,True,Cafetería,Cafetería,coffee_shop;beverages;cafe;coffe_container;coffee;establishment;establishment_poi;feature;food;food_and_drink;food_store;public_api_establishment;restaurant_or_cafe;shopping;store;tea_and_coffee_merchant,32,Cerrado · Apertura: 9:00,APIFY_GOOGLE_MAPS_SCRAPER,0xd422f00018a3fc9:0x44ec5ddc4418b6ca,0xd422f00018a3fc9:0x44ec5ddc4418b6ca,4966447689699473098,2026-10-06T23:05:57.620Z,2026-10-07T09:38:49.886Z,st_conservatorio.json
ChIJsxE8-kUpQg0Rxz4SjGRPxO0,Escuela Municipal de Música de Ciudad Lineal,EDUCATION,MUSIC_SCHOOL;CONSERVATORY;MUSIC_ACADEMY,escuela de música;conservatorio;academia de música,"C. de la Dalia, 4, Cdad. Lineal, 28033 Madrid","Escuela Municipal de Música de Ciudad Lineal, C. de la Dalia, 4, Cdad. Lineal, 28033 Madrid","C. de la Dalia, 4",Ciudad Lineal,Madrid,28033,Madrid,ES,40.4794796,-3.6666562999999996,+34919359627,http://madrid.es/escuelasdemusicaydanza,madrid.es,https://www.google.com/maps/place/data=!3m1!4b1!4m2!3m1!1s0xd422945fa3c11b3:0xedc44f648c123ec7,4.8,4,OPEN,False,Music school,Music school,music_school;art;education;education_and_culture;educational_institution;establishment;establishment_poi;feature;hobby_classes;institute;instruction;learning;music;music_classes;music_instruction;musical_institutions;performing_arts;professional_services;public_api_establishment;services;training_courses,7,Closed · Opens 4 pm,APIFY_GOOGLE_MAPS_SCRAPER,0xd422945fa3c11b3:0xedc44f648c123ec7,0xd422945fa3c11b3:0xedc44f648c123ec7,17132906175689539271,2026-10-05T22:38:56.343Z,2026-10-07T09:39:00.077Z,st_escuela-de-musica.json;st_conservatorio.json;st_academia-de-musica.json
ChIJncGxaGMoQg0RMRCTJoF2bjo,Escuela Superior de Canto de Madrid,EDUCATION,MUSIC_SCHOOL;CONSERVATORY,escuela de música;conservatorio,"C. de San Bernardo, 44, Centro, 28015 Madrid","Escuela Superior de Canto de Madrid, C. de San Bernardo, 44, Centro, 28015 Madrid","C. de San Bernardo, 44",Centro,Madrid,28015,Madrid,ES,40.4245575,-3.7072570999999996,+34915328533,http://www.escm.es,escm.es,https://www.google.com/maps/place/data=!3m1!4b1!4m2!3m1!1s0xd42286368b1c19d:0x3a6e768126931031,4.7,75,OPEN,True,Music school,Music school;Conservatory of music,music_school;art;conservatory_of_music;culture;education;education_and_culture;educational_institution;establishment;establishment_poi;feature;hobby_classes;institute;instruction;learning;music;music_classes;music_instruction;musical_institutions;performing_arts;professional_services;public_api_establishment;school;services;training_courses,201,Closed · Opens 8 am,APIFY_GOOGLE_MAPS_SCRAPER,0xd42286368b1c19d:0x3a6e768126931031,0xd42286368b1c19d:0x3a6e768126931031,4210432998708023345,2026-10-05T22:38:56.344Z,2026-10-07T09:38:54.691Z,st_escuela-de-musica.json;st_conservatorio.json
ChIJ2weGN7goQg0R8OkKdOkQZSU,Academia de música y canto | Preludio,EDUCATION,MUSIC_ACADEMY;MUSIC_SCHOOL;PRIVATE_TEACHER,academia de música;escuela de música;profesor de música,"Calle de Juan Bravo, 62, 1ºB, Salamanca, 28006 Madrid","Academia de música y canto | Preludio, Calle de Juan Bravo, 62, 1ºB, Salamanca, 28006 Madrid","Calle de Juan Bravo, 62, 1ºB",Salamanca,Madrid,28006,Madrid,ES,40.432212799999995,-3.6737290999999996,+34616511129,https://academiapreludio.com,academiapreludio.com,https://www.google.com/maps/place/data=!3m1!4b1!4m2!3m1!1s0xd4228b8378607db:0x256510e9740ae9f0,4.7,60,OPEN,True,Music school,Music school;Drum school;Guitar instructor;Music instructor,music_school;art;culture;drum_school;education;education_and_culture;educational_institution;establishment;establishment_poi;feature;guitar_instructor;hobby_classes;institute;instruction;learning;music;music_classes;music_instruction;music_instructor;musical_institutions;performing_arts;professional_services;public_api_establishment;school;services;training_courses,45,Closed · Opens 10 am,APIFY_GOOGLE_MAPS_SCRAPER,0xd4228b8378607db:0x256510e9740ae9f0,0xd4228b8378607db:0x256510e9740ae9f0,2694578546911406576,2026-10-05T23:02:48.293Z,2026-10-07T09:39:05.475Z,st_academia-de-musica.json;st_escuela-de-musica.json;st_profesor-de-musica.json
ChIJUSq3iGkoQg0RNwlG8ONB9cc,Centro Progreso Musical,EDUCATION,MUSIC_ACADEMY;CONSERVATORY;PRIVATE_TEACHER;MUSIC_SCHOOL,academia de música;conservatorio;profesor de música;escuela de música,"C. del Tutor, 52, Moncloa - Aravaca, 28008 Madrid","Centro Progreso Musical, C. del Tutor, 52, Moncloa - Aravaca, 28008 Madrid","C. del Tutor, 52",Moncloa - Aravaca,Madrid,28008,Madrid,ES,40.431017399999995,-3.7178464,+34915495036,http://www.progresomusical.com,progresomusical.com,https://www.google.com/maps/place/data=!3m1!4b1!4m2!3m1!1s0xd42286988b72a51:0xc7f541e3f0460937,4.7,59,OPEN,True,Music school,Music school,music_school;art;education;education_and_culture;educational_institution;establishment;establishment_poi;feature;hobby_classes;institute;instruction;learning;music;music_classes;music_instruction;musical_institutions;performing_arts;professional_services;public_api_establishment;services;training_courses,24,Closed · Opens 10 am,APIFY_GOOGLE_MAPS_SCRAPER,0xd42286988b72a51:0xc7f541e3f0460937,0xd42286988b72a51:0xc7f541e3f0460937,14408495030086273335,2026-10-05T23:02:48.294Z,2026-10-07T09:39:05.475Z,st_academia-de-musica.json;st_conservatorio.json;st_profesor-de-musica.json;st_escuela-de-musica.json
ChIJrY1omuEnQg0RRUg9yo8Mw3E,Madrid School of Music Combo,EDUCATION,MUSIC_ACADEMY,academia de música,"C. de Caramuel, 42, Local 6, Latina, 28011 Madrid","Madrid School of Music Combo, C. de Caramuel, 42, Local 6, Latina, 28011 Madrid","C. de Caramuel, 42, Local 6",Latina,Madrid,28011,Madrid,ES,40.409479,-3.7287429999999997,+34601122057,http://www.escuelacombo.com,escuelacombo.com,https://www.google.com/maps/place/data=!3m1!4b1!4m2!3m1!1s0xd4227e19a688dad:0x71c30c8fca3d4845,4.7,51,OPEN,True,Music school,Music school;Music college;Yoga instructor,music_school;art;education;education_and_culture;educational_institution;establishment;establishment_poi;feature;hobby_classes;institute;instruction;learning;music;music_classes;music_college;music_instruction;musical_institutions;performing_arts;professional_services;public_api_establishment;services;training_courses;yoga_instructor,41,Closed · Opens 10 am,APIFY_GOOGLE_MAPS_SCRAPER,0xd4227e19a688dad:0x71c30c8fca3d4845,0xd4227e19a688dad:0x71c30c8fca3d4845,8197409558457305157,2026-10-05T23:02:48.294Z,2026-10-07T09:39:00.077Z,st_academia-de-musica.json
ChIJgzdx8WsoQg0RbNcpaIE6cl4,Conservatorio de Música Adolfo Salazar,EDUCATION,CONSERVATORY,conservatorio,"C. de Ferraz, 62, Moncloa - Aravaca, 28008 Madrid","Conservatorio de Música Adolfo Salazar, C. de Ferraz, 62, Moncloa - Aravaca, 28008 Madrid","C. de Ferraz, 62",Moncloa - Aravaca,Madrid,28008,Madrid,ES,40.4281651,-3.7189286999999998,+34915414925,https://site.educa.madrid.org/cpm.adolfosalazar.madrid,madrid.org,https://www.google.com/maps/place/data=!3m1!4b1!4m2!3m1!1s0xd42286bf1713783:0x5e723a816829d76c,4.7,50,OPEN,False,Conservatorio de música,Conservatorio de música,conservatory_of_music;art;culture;education;education_and_culture;educational_institution;establishment;establishment_poi;feature;instruction;music;musical_institutions;performing_arts;public_api_establishment;school;training_courses,18,,APIFY_GOOGLE_MAPS_SCRAPER,0xd42286bf1713783:0x5e723a816829d76c,0xd42286bf1713783:0x5e723a816829d76c,6805566314383005548,2026-10-06T23:05:57.620Z,2026-10-07T09:38:49.885Z,st_conservatorio.json
ChIJB18NR7QoQg0R5eKYfw-gCsM,21st Century Music,EDUCATION,MUSIC_ACADEMY,academia de música,"C. de Roma, 20, Salamanca, 28028 Madrid","21st Century Music, C. de Roma, 20, Salamanca, 28028 Madrid","C. de Roma, 20",Salamanca,Madrid,28028,Madrid,ES,40.430945,-3.6660497,+34917130180,http://www.escuelademusicamoderna.com,escuelademusicamoderna.com,https://www.google.com/maps/place/data=!3m1!4b1!4m2!3m1!1s0xd4228b4470d5f07:0xc30aa00f7f98e2e5,4.7,41,OPEN,False,Music school,Music school,music_school;art;education;education_and_culture;educational_institution;establishment;establishment_poi;feature;hobby_classes;institute;instruction;learning;music;music_classes;music_instruction;musical_institutions;performing_arts;professional_services;public_api_establishment;services;training_courses,25,Closed · Opens 10 am,APIFY_GOOGLE_MAPS_SCRAPER,0xd4228b4470d5f07:0xc30aa00f7f98e2e5,0xd4228b4470d5f07:0xc30aa00f7f98e2e5,14054221575588733669,2026-10-05T23:02:48.294Z,2026-10-07T09:39:00.077Z,st_academia-de-musica.json
ChIJVTTp1FMoQg0RLsCrapU-NMo,Authorized Education Center Musical Santa Cecilia,EDUCATION,MUSIC_ACADEMY;CONSERVATORY;PRIVATE_TEACHER;MUSIC_SCHOOL,academia de música;conservatorio;profesor de música;escuela de música,"C. del Vivero, 4, Moncloa - Aravaca, 28040 Madrid","Authorized Education Center Musical Santa Cecilia, C. del Vivero, 4, Moncloa - Aravaca, 28040 Madrid","C. del Vivero, 4",Moncloa - Aravaca,Madrid,28040,Madrid,ES,40.448485,-3.7104079999999997,+34915353795,https://www.santacecilia.info,santacecilia.info,https://www.google.com/maps/place/data=!3m1!4b1!4m2!3m1!1s0xd422853d4e93455:0xca343e956aabc02e,4.7,40,OPEN,True,Music school,Music school;Ballet school;Conservatory of music;Dance school;Music instructor;Piano instructor,music_school;art;ballet_school;centres;conservatory_of_music;culture;dance_school;dancing;education;education_and_culture;educational_institution;entertainment_and_recreation;establishment;establishment_poi;feature;hobby_classes;institute;instruction;learning;learning_center;music;music_classes;music_instruction;music_instructor;music_store;musical_institutions;performing_arts;piano;piano_instructor;professional_services;public_api_establishment;recreation;school;services;shopping;sports;sports_school;store;training_center;training_courses,28,Closed · Opens 10 am,APIFY_GOOGLE_MAPS_SCRAPER,0xd422853d4e93455:0xca343e956aabc02e,0xd422853d4e93455:0xca343e956aabc02e,14570339505911087150,2026-10-05T23:02:48.294Z,2026-10-07T09:39:05.475Z,st_academia-de-musica.json;st_conservatorio.json;st_profesor-de-musica.json;st_escuela-de-musica.json
ChIJn1Wb2N0oQg0Rtg8cd-XeRvM,Enseñanza Musical Katarina Gurska,EDUCATION,CONSERVATORY,conservatorio,"C. del Genil, 13, Chamartín, 28002 Madrid","Enseñanza Musical Katarina Gurska, C. del Genil, 13, Chamartín, 28002 Madrid","C. del Genil, 13",Chamartín,Madrid,28002,Madrid,ES,40.449186499999996,-3.6808984999999996,+34915635555,http://www.katarinagurska.com,katarinagurska.com,https://www.google.com/maps/place/data=!3m1!4b1!4m2!3m1!1s0xd4228ddd89b559f:0xf346dee5771c0fb6,4.7,30,OPEN,True,Escuela de música,Escuela de música,music_school;art;education;education_and_culture;educational_institution;establishment;establishment_poi;feature;hobby_classes;institute;instruction;learning;music;music_classes;music_instruction;musical_institutions;performing_arts;professional_services;public_api_establishment;services;training_courses,88,Cerrado · Apertura: 10:00,APIFY_GOOGLE_MAPS_SCRAPER,0xd4228ddd89b559f:0xf346dee5771c0fb6,0xd4228ddd89b559f:0xf346dee5771c0fb6,17529943676713439158,2026-10-06T23:05:57.620Z,2026-10-07T09:38:49.886Z,st_conservatorio.json
ChIJe8y4CKAuQg0RGqVbXddhjDM,Musicaviva 21 Escuela de Música y Danza,EDUCATION,MUSIC_ACADEMY,academia de música,"P.º de San Millán de la Cogolla, 9, Fuencarral-El Pardo, 28050 Madrid","Musicaviva 21 Escuela de Música y Danza, P.º de San Millán de la Cogolla, 9, Fuencarral-El Pardo, 28050 Madrid","P.º de San Millán de la Cogolla, 9",Fuencarral-El Pardo,Madrid,28050,Madrid,ES,40.504795099999996,-3.6714452,+34914274482,http://www.musicaviva21.es,musicaviva21.es,https://www.google.com/maps/place/data=!3m1!4b1!4m2!3m1!1s0xd422ea008b8cc7b:0x338c61d75d5ba51a,4.7,23,OPEN,True,Music school,Music school;Ballet school;Dance school;Flamenco school;Hip hop dance class,music_school;art;ballet_school;centres;culture;dance_school;dancing;education;education_and_culture;educational_institution;entertainment;entertainment_and_recreation;establishment;establishment_poi;feature;flamenco;flamenco_school;hip_hop_dance_class;hobby_classes;institute;instruction;learning;learning_center;music;music_classes;music_instruction;musical_institutions;performing_arts;professional_services;public_api_establishment;recreation;services;sports;sports_school;training_center;training_courses;western_dance_classes,31,Closed · Opens 4:30 pm,APIFY_GOOGLE_MAPS_SCRAPER,0xd422ea008b8cc7b:0x338c61d75d5ba51a,0xd422ea008b8cc7b:0x338c61d75d5ba51a,3714451370285966618,2026-10-05T23:02:48.294Z,2026-10-07T09:39:00.077Z,st_academia-de-musica.json
ChIJSTCkLeQuQg0R9tQv3hFijRI,STARS Escuela de Canto y Artes Escénicas,EDUCATION,CONSERVATORY,conservatorio,"Centro Comercial Palacio de Hielo, C. de Silvano, 77, Hortaleza, 28043 Madrid","STARS Escuela de Canto y Artes Escénicas, Centro Comercial Palacio de Hielo, C. de Silvano, 77, Hortaleza, 28043 Madrid","Centro Comercial Palacio de Hielo, C. de Silvano, 77",Hortaleza,Madrid,28043,Madrid,ES,40.463138199999996,-3.6364538,+34696404766,https://escueladecantostars.com,escueladecantostars.com,https://www.google.com/maps/place/data=!3m1!4b1!4m2!3m1!1s0xd422ee42da43049:0x128d6211de2fd4f6,4.7,23,OPEN,True,Escuela,Escuela,school_house;establishment;establishment_poi;feature;public_api_establishment,194,Abierto 24 horas,APIFY_GOOGLE_MAPS_SCRAPER,0xd422ee42da43049:0x128d6211de2fd4f6,0xd422ee42da43049:0x128d6211de2fd4f6,1336832493280548086,2026-10-06T23:05:57.620Z,2026-10-06T23:05:57.620Z,st_conservatorio.json
ChIJaUG1RDspQg0RV2njIJfAHy8,Centro de Alto Rendimiento Musical,EDUCATION,CONSERVATORY;MUSIC_ACADEMY,conservatorio;academia de música,"Av. del Comandante Franco, 10, Chamartín, 28016 Madrid","Centro de Alto Rendimiento Musical, Av. del Comandante Franco, 10, Chamartín, 28016 Madrid","Av. del Comandante Franco, 10",Chamartín,Madrid,28016,Madrid,ES,40.4652568,-3.6769667,+34913532797,http://www.centroaltorendimientomusical.com,centroaltorendimientomusical.com,https://www.google.com/maps/place/data=!3m1!4b1!4m2!3m1!1s0xd42293b44b54169:0x2f1fc09720e36957,4.7,22,OPEN,True,Escuela de música,Escuela de música,music_school;art;education;education_and_culture;educational_institution;establishment;establishment_poi;feature;hobby_classes;institute;instruction;learning;music;music_classes;music_instruction;musical_institutions;performing_arts;professional_services;public_api_establishment;services;training_courses,15,Cerrado · Apertura: 8:30,APIFY_GOOGLE_MAPS_SCRAPER,0xd42293b44b54169:0x2f1fc09720e36957,0xd42293b44b54169:0x2f1fc09720e36957,3395644399385012567,2026-10-06T23:05:57.620Z,2026-10-07T09:39:00.077Z,st_conservatorio.json;st_academia-de-musica.json
ChIJLdVjCVcpQg0RGMwy5Eyni0M,Adictos a las Teclas Escuela de Música,EDUCATION,MUSIC_SCHOOL;CONSERVATORY;PRIVATE_TEACHER;MUSIC_ACADEMY,escuela de música;conservatorio;profesor de música;academia de música,"C. de Santiago de Compostela, 62, Fuencarral-El Pardo, 28034 Madrid","Adictos a las Teclas Escuela de Música, C. de Santiago de Compostela, 62, Fuencarral-El Pardo, 28034 Madrid","C. de Santiago de Compostela, 62",Fuencarral-El Pardo,Madrid,28034,Madrid,ES,40.481868999999996,-3.7093026,+34670671775,https://www.adictosalasteclas.com,adictosalasteclas.com,https://www.google.com/maps/place/data=!3m1!4b1!4m2!3m1!1s0xd4229570963d52d:0x438ba74ce432cc18,4.7,14,OPEN,True,Music school,Music school,music_school;art;education;education_and_culture;educational_institution;establishment;establishment_poi;feature;hobby_classes;institute;instruction;learning;music;music_classes;music_instruction;musical_institutions;performing_arts;professional_services;public_api_establishment;services;training_courses,5,Closed · Opens 10 am,APIFY_GOOGLE_MAPS_SCRAPER,0xd4229570963d52d:0x438ba74ce432cc18,0xd4229570963d52d:0x438ba74ce432cc18,4867167770991840280,2026-10-05T22:38:56.343Z,2026-10-07T09:39:05.475Z,st_escuela-de-musica.json;st_conservatorio.json;st_profesor-de-musica.json;st_academia-de-musica.json
ChIJzYxxycgpQg0RRYX6quho2Nw,Talleres Musicales • Jordi Sánchez,EDUCATION,PRIVATE_TEACHER,profesor de música,"C. de Chile, 25, local, Chamartín, 28016 Madrid","Talleres Musicales • Jordi Sánchez, C. de Chile, 25, local, Chamartín, 28016 Madrid","C. de Chile, 25, local",Chamartín,Madrid,28016,Madrid,ES,40.4597305,-3.6756447,+34913599073,https://www.talleresmusicales.es,talleresmusicales.es,https://www.google.com/maps/place/data=!3m1!4b1!4m2!3m1!1s0xd4229c8c9718ccd:0xdcd868e8aafa8545,4.7,12,OPEN,True,Escuela de música,Escuela de música;Profesor de piano,music_school;art;culture;education;education_and_culture;educational_institution;entertainment;entertainment_and_recreation;establishment;establishment_poi;feature;hobby_classes;institute;instruction;learning;music;music_classes;music_instruction;music_instructor;music_store;musical_institutions;musician;performing_arts;piano;piano_instructor;professional_services;public_api_establishment;school;services;shopping;store;training_courses,24,,APIFY_GOOGLE_MAPS_SCRAPER,0xd4229c8c9718ccd:0xdcd868e8aafa8545,0xd4229c8c9718ccd:0xdcd868e8aafa8545,15913584631823893829,2026-10-06T23:08:30.346Z,2026-10-07T09:39:05.476Z,st_profesor-de-musica.json
ChIJlTM0jI4nQg0RwSQGocNlAtA,CIEM Federico Moreno Torroba,EDUCATION,CONSERVATORY,conservatorio,"Calle de Clara Campoamor, 10, Carabanchel, 28025 Madrid","CIEM Federico Moreno Torroba, Calle de Clara Campoamor, 10, Carabanchel, 28025 Madrid","Calle de Clara Campoamor, 10",Carabanchel,Madrid,28025,Madrid,ES,40.3832017,-3.7351836,+34914698614,http://www.ciemmorenotorroba.com,ciemmorenotorroba.com,https://www.google.com/maps/place/data=!3m1!4b1!4m2!3m1!1s0xd42278e8c343395:0xd00265c3a10624c1,4.6,97,OPEN,False,Conservatorio de música,Conservatorio de música;Escuela de música,conservatory_of_music;art;culture;education;education_and_culture;educational_institution;establishment;establishment_poi;feature;hobby_classes;institute;instruction;learning;music;music_classes;music_instruction;music_school;musical_institutions;performing_arts;professional_services;public_api_establishment;school;services;training_courses,27,Cerrado · Apertura: 8:00,APIFY_GOOGLE_MAPS_SCRAPER,0xd42278e8c343395:0xd00265c3a10624c1,0xd42278e8c343395:0xd00265c3a10624c1,14988654400736994497,2026-10-06T23:05:57.620Z,2026-10-07T09:38:49.885Z,st_conservatorio.json
ChIJa17RZ44oQg0RIog2X04NewU,ACADEMY OF ART,EDUCATION,MUSIC_ACADEMY,academia de música,"Cl. de Ayala, 110, Salamanca, 28006 Madrid","ACADEMY OF ART, Cl. de Ayala, 110, Salamanca, 28006 Madrid","Cl. de Ayala, 110",Salamanca,Madrid,28006,Madrid,ES,40.427214,-3.674441,+34627802566,http://www.academiadelarte.es,academiadelarte.es,https://www.google.com/maps/place/data=!3m1!4b1!4m2!3m1!1s0xd42288e67d15e6b:0x57b0d4e5f368822,4.6,51,OPEN,True,Music school,Music school;Dance school;Recording studio,music_school;art;centres;dance_school;dancing;design_services;education;education_and_culture;educational_institution;entertainment_and_recreation;establishment;establishment_poi;feature;hobbies;hobby_classes;institute;instruction;learning;learning_center;music;music_classes;music_instruction;music_store;musical_institutions;performing_arts;photography;professional_services;public_api_establishment;recording_studio;recreation;services;shopping;sports;sports_school;store;training_center;training_courses;video,33,Closed · Opens 12 pm,APIFY_GOOGLE_MAPS_SCRAPER,0xd42288e67d15e6b:0x57b0d4e5f368822,0xd42288e67d15e6b:0x57b0d4e5f368822,394924022581069858,2026-10-05T23:02:48.294Z,2026-10-05T23:02:48.294Z,st_academia-de-musica.json
ChIJL1drEWcpQg0RmZmYLakSxjk,Escuela Municipal de Música Carmelo Alonso Bernaola,EDUCATION,MUSIC_ACADEMY;MUSIC_SCHOOL;CONSERVATORY,academia de música;escuela de música;conservatorio,"Av. Soto Palacios, 7, Fuencarral-El Pardo, 28034 Madrid","Escuela Municipal de Música Carmelo Alonso Bernaola, Av. Soto Palacios, 7, Fuencarral-El Pardo, 28034 Madrid","Av. Soto Palacios, 7",Fuencarral-El Pardo,Madrid,28034,Madrid,ES,40.488707,-3.6845073999999998,+34913340931,http://madrid.es/escuelasdemusicaydanza,madrid.es,https://www.google.com/maps/place/data=!3m1!4b1!4m2!3m1!1s0xd422967116b572f:0x39c612a92d989999,4.6,42,OPEN,False,Music school,Music school,music_school;art;education;education_and_culture;educational_institution;establishment;establishment_poi;feature;hobby_classes;institute;instruction;learning;music;music_classes;music_instruction;musical_institutions;performing_arts;professional_services;public_api_establishment;services;training_courses,4,Closed · Opens 5 pm,APIFY_GOOGLE_MAPS_SCRAPER,0xd422967116b572f:0x39c612a92d989999,0xd422967116b572f:0x39c612a92d989999,4163035423374350745,2026-10-05T23:02:48.294Z,2026-10-07T09:39:00.077Z,st_academia-de-musica.json;st_escuela-de-musica.json;st_conservatorio.json
ChIJSfTxVc4rQg0RkI_Nkn7f7RY,Escuela de Música Sol Menor,EDUCATION,MUSIC_ACADEMY,academia de música,"Av. del Monasterio de El Escorial, 77, Fuencarral-El Pardo, 28049 Madrid","Escuela de Música Sol Menor, Av. del Monasterio de El Escorial, 77, Fuencarral-El Pardo, 28049 Madrid","Av. del Monasterio de El Escorial, 77",Fuencarral-El Pardo,Madrid,28049,Madrid,ES,40.5072146,-3.6956814,+34911735752,https://www.solmenor.es,solmenor.es,https://www.google.com/maps/place/data=!3m1!4b1!4m2!3m1!1s0xd422bce55f1f449:0x16eddf7e92cd8f90,4.6,21,OPEN,True,Music school,Music school,music_school;art;education;education_and_culture;educational_institution;establishment;establishment_poi;feature;hobby_classes;institute;instruction;learning;music;music_classes;music_instruction;musical_institutions;performing_arts;professional_services;public_api_establishment;services;training_courses,6,Closed · Opens 4 pm,APIFY_GOOGLE_MAPS_SCRAPER,0xd422bce55f1f449:0x16eddf7e92cd8f90,0xd422bce55f1f449:0x16eddf7e92cd8f90,1652222373036658576,2026-10-05T23:02:48.294Z,2026-10-05T23:02:48.294Z,st_academia-de-musica.json
ChIJBUzbNqEvQg0RTLZb3Z3LJBw,Escuela de Rock - Rockservatory,EDUCATION,PRIVATE_TEACHER,profesor de música,"C. de Cronos, 24, San Blas-Canillejas, 28037 Madrid","Escuela de Rock - Rockservatory, C. de Cronos, 24, San Blas-Canillejas, 28037 Madrid","C. de Cronos, 24",San Blas-Canillejas,Madrid,28037,Madrid,ES,40.440741599999996,-3.6181014,+34648276117,http://www.rockservatorymadrid.com,rockservatorymadrid.com,https://www.google.com/maps/place/data=!3m1!4b1!4m2!3m1!1s0xd422fa136db4c05:0x1c24cb9ddd5bb64c,4.5,200,OPEN,True,Escuela de música,Escuela de música;Profesor de guitarra;Profesor de música;Estudio de grabación,music_school;art;culture;design_services;education;education_and_culture;educational_institution;entertainment_and_recreation;establishment;establishment_poi;feature;guitar_instructor;hobbies;hobby_classes;institute;instruction;learning;music;music_classes;music_instruction;music_instructor;music_store;musical_institutions;performing_arts;photography;professional_services;public_api_establishment;recording_studio;school;services;shopping;store;training_courses;video,27,Cerrado · Apertura: 18:30,APIFY_GOOGLE_MAPS_SCRAPER,0xd422fa136db4c05:0x1c24cb9ddd5bb64c,0xd422fa136db4c05:0x1c24cb9ddd5bb64c,2027969611107645004,2026-10-06T23:08:30.346Z,2026-10-06T23:08:30.346Z,st_profesor-de-musica.json
ChIJQfVbrNMnQg0Rtt6RkKmHCuo,Real Conservatorio Profesional de Danza Mariemma,EDUCATION,CONSERVATORY,conservatorio,"C. Padre Amigo, 5, Carabanchel, 28025 Madrid","Real Conservatorio Profesional de Danza Mariemma, C. Padre Amigo, 5, Carabanchel, 28025 Madrid","C. Padre Amigo, 5",Carabanchel,Madrid,28025,Madrid,ES,40.379056,-3.737291,+34914680651,https://rcpdmariemma.com,rcpdmariemma.com,https://www.google.com/maps/place/data=!3m1!4b1!4m2!3m1!1s0xd4227d3ac5bf541:0xea0a87a99091deb6,4.5,144,OPEN,True,Academia de baile,Academia de baile,dance_school;art;centres;dancing;education;education_and_culture;entertainment_and_recreation;establishment;establishment_poi;feature;hobby_classes;institute;instruction;learning;learning_center;performing_arts;public_api_establishment;recreation;sports;sports_school;training_center;training_courses,69,Cerrado · Apertura: 9:00,APIFY_GOOGLE_MAPS_SCRAPER,0xd4227d3ac5bf541:0xea0a87a99091deb6,0xd4227d3ac5bf541:0xea0a87a99091deb6,16864440916986945206,2026-10-06T23:05:57.620Z,2026-10-07T09:38:49.886Z,st_conservatorio.json
ChIJD2ZXmSgvQg0R6tYKMeChbdM,Conservatorio Profesional de Música Arturo Soria,EDUCATION,CONSERVATORY,conservatorio,"C. del Estrecho de Mesina, 2, Cdad. Lineal, 28043 Madrid","Conservatorio Profesional de Música Arturo Soria, C. del Estrecho de Mesina, 2, Cdad. Lineal, 28043 Madrid","C. del Estrecho de Mesina, 2",Ciudad Lineal,Madrid,28043,Madrid,ES,40.4518193,-3.6520441,+34914135090,https://site.educa.madrid.org/cpm.ciudadlineal.madrid,madrid.org,https://www.google.com/maps/place/data=!3m1!4b1!4m2!3m1!1s0xd422f289957660f:0xd36da1e0310ad6ea,4.5,131,OPEN,False,Conservatorio de música,Conservatorio de música;Escuela,conservatory_of_music;art;culture;education;education_and_culture;educational_institution;establishment;establishment_poi;feature;instruction;music;musical_institutions;performing_arts;public_api_establishment;school;training_courses,57,Cerrado · Apertura: 9:00,APIFY_GOOGLE_MAPS_SCRAPER,0xd422f289957660f:0xd36da1e0310ad6ea,0xd422f289957660f:0xd36da1e0310ad6ea,15235011098731796202,2026-10-06T23:05:57.620Z,2026-10-07T09:38:49.885Z,st_conservatorio.json
ChIJI_zz8-4mQg0Rf-TCwbjiJKI,Conservatorio Profesional de Danza Carmen Amaya,EDUCATION,CONSERVATORY,conservatorio,"Av. de la Felicidad, 27, Villaverde, 28041 Madrid","Conservatorio Profesional de Danza Carmen Amaya, Av. de la Felicidad, 27, Villaverde, 28041 Madrid","Av. de la Felicidad, 27",Villaverde,Madrid,28041,Madrid,ES,40.359765499999995,-3.6888053999999997,+34913170013,http://www.conservatoriodanza.com,conservatoriodanza.com,https://www.google.com/maps/place/data=!3m1!4b1!4m2!3m1!1s0xd4226eef3f3fc23:0xa224e2b8c1c2e47f,4.5,87,OPEN,True,Academia de baile,Academia de baile,dance_school;art;centres;dancing;education;education_and_culture;entertainment_and_recreation;establishment;establishment_poi;feature;hobby_classes;institute;instruction;learning;learning_center;performing_arts;public_api_establishment;recreation;sports;sports_school;training_center;training_courses,13,Cerrado · Apertura: 8:00,APIFY_GOOGLE_MAPS_SCRAPER,0xd4226eef3f3fc23:0xa224e2b8c1c2e47f,0xd4226eef3f3fc23:0xa224e2b8c1c2e47f,11683712616458544255,2026-10-06T23:05:57.620Z,2026-10-07T09:38:49.886Z,st_conservatorio.json
ChIJS7lD8wKIQQ0Rg6gD6by0DHE,Conservatorio Profesional de Música Teresa Berganza,EDUCATION,CONSERVATORY,conservatorio,"C. del Palmípedo, 3, Latina, 28047 Madrid","Conservatorio Profesional de Música Teresa Berganza, C. del Palmípedo, 3, Latina, 28047 Madrid","C. del Palmípedo, 3",Latina,Madrid,28047,Madrid,ES,40.4034773,-3.7449817,+34915265072,http://www.conservatorioteresaberganza.com,conservatorioteresaberganza.com,https://www.google.com/maps/place/data=!3m1!4b1!4m2!3m1!1s0xd418802f343b94b:0x710cb4bce903a883,4.5,85,OPEN,False,Conservatorio de música,Conservatorio de música,conservatory_of_music;art;culture;education;education_and_culture;educational_institution;establishment;establishment_poi;feature;instruction;music;musical_institutions;performing_arts;public_api_establishment;school;training_courses,22,,APIFY_GOOGLE_MAPS_SCRAPER,0xd418802f343b94b:0x710cb4bce903a883,0xd418802f343b94b:0x710cb4bce903a883,8146084549462567043,2026-10-06T23:05:57.620Z,2026-10-07T09:38:49.885Z,st_conservatorio.json
ChIJI_zz8-4mQg0RuFuLrj4oFkU,Conservatorio Profesional de Música Victoria de los Ángeles,EDUCATION,CONSERVATORY,conservatorio,"Av. de la Felicidad, 27, Villaverde, 28041 Madrid","Conservatorio Profesional de Música Victoria de los Ángeles, Av. de la Felicidad, 27, Villaverde, 28041 Madrid","Av. de la Felicidad, 27",Villaverde,Madrid,28041,Madrid,ES,40.3597761,-3.6889722999999996,+34913180342,http://www.conservatoriovictoriadelosangeles.es,conservatoriovictoriadelosangeles.es,https://www.google.com/maps/place/data=!3m1!4b1!4m2!3m1!1s0xd4226eef3f3fc23:0x4516283eae8b5bb8,4.5,82,OPEN,False,Conservatorio de música,Conservatorio de música,conservatory_of_music;art;culture;education;education_and_culture;educational_institution;establishment;establishment_poi;feature;instruction;music;musical_institutions;performing_arts;public_api_establishment;school;training_courses,15,Cerrado · Apertura: 9:00,APIFY_GOOGLE_MAPS_SCRAPER,0xd4226eef3f3fc23:0x4516283eae8b5bb8,0xd4226eef3f3fc23:0x4516283eae8b5bb8,4978210687786113976,2026-10-06T23:05:57.620Z,2026-10-07T09:38:49.885Z,st_conservatorio.json
ChIJT35oMlYoQg0RrQAb8YM6lFc,Centro Superior Katarina Gurska,EDUCATION,CONSERVATORY,conservatorio,"Calle de Sta Engracia, 181, Chamberí, 28003 Madrid","Centro Superior Katarina Gurska, Calle de Sta Engracia, 181, Chamberí, 28003 Madrid","Calle de Sta Engracia, 181",Chamberí,Madrid,28003,Madrid,ES,40.445892199999996,-3.7037212999999998,+34911819919,http://www.katarinagurska.com,katarinagurska.com,https://www.google.com/maps/place/data=!3m1!4b1!4m2!3m1!1s0xd42285632687e4f:0x57943a83f11b00ad,4.5,52,OPEN,True,Escuela de música,Escuela de música,music_school;art;education;education_and_culture;educational_institution;establishment;establishment_poi;feature;hobby_classes;institute;instruction;learning;music;music_classes;music_instruction;musical_institutions;performing_arts;professional_services;public_api_establishment;services;training_courses,121,Cerrado · Apertura: 9:00,APIFY_GOOGLE_MAPS_SCRAPER,0xd42285632687e4f:0x57943a83f11b00ad,0xd42285632687e4f:0x57943a83f11b00ad,6310733316213113005,2026-10-06T23:05:57.620Z,2026-10-07T09:38:49.885Z,st_conservatorio.json
ChIJsbNQydouQg0R5qCXHvHiijk,Escuela Municipal de Música Federico Chueca,EDUCATION,MUSIC_SCHOOL;CONSERVATORY,escuela de música;conservatorio,"C. de Benita Ávila, 23, Hortaleza, 28043 Madrid","Escuela Municipal de Música Federico Chueca, C. de Benita Ávila, 23, Hortaleza, 28043 Madrid","C. de Benita Ávila, 23",Hortaleza,Madrid,28043,Madrid,ES,40.4649946,-3.6505158,+34917593235,http://madrid.es/escuelasdemusicaydanza,madrid.es,https://www.google.com/maps/place/data=!3m1!4b1!4m2!3m1!1s0xd422edac950b3b1:0x398ae2f11e97a0e6,4.4,36,OPEN,False,Music school,Music school,music_school;art;education;education_and_culture;educational_institution;establishment;establishment_poi;feature;hobby_classes;institute;instruction;learning;music;music_classes;music_instruction;musical_institutions;performing_arts;professional_services;public_api_establishment;services;training_courses,6,Closed · Opens 5 pm,APIFY_GOOGLE_MAPS_SCRAPER,0xd422edac950b3b1:0x398ae2f11e97a0e6,0xd422edac950b3b1:0x398ae2f11e97a0e6,4146375932176212198,2026-10-05T22:38:56.343Z,2026-10-07T09:38:54.691Z,st_escuela-de-musica.json;st_conservatorio.json
ChIJfQ1zQ2IoQg0RCrfn-zQHarU,Escuela de Música Creativa,EDUCATION,MUSIC_ACADEMY;CONSERVATORY;PRIVATE_TEACHER;MUSIC_SCHOOL,academia de música;conservatorio;profesor de música;escuela de música,"C. de la Palma, 35, Centro, 28004 Madrid","Escuela de Música Creativa, C. de la Palma, 35, Centro, 28004 Madrid","C. de la Palma, 35",Centro,Madrid,28004,Madrid,ES,40.4263358,-3.7044775999999997,+34915211156,https://www.musicacreativa.com,musicacreativa.com,https://www.google.com/maps/place/data=!3m1!4b1!4m2!3m1!1s0xd42286243730d7d:0xb56a0734fbe7b70a,4.3,104,OPEN,True,Music school,Music school;Conservatory of music;Flamenco school;Music college;Music conservatory;Music instructor,music_school;art;centres;conservatory_of_music;culture;dance_school;dancing;education;education_and_culture;educational_institution;entertainment;entertainment_and_recreation;establishment;establishment_poi;feature;flamenco;flamenco_school;hobby_classes;institute;instruction;learning;learning_center;music;music_classes;music_college;music_conservatory;music_instruction;music_instructor;musical_institutions;performing_arts;professional_services;public_api_establishment;recreation;school;services;sports;sports_school;training_center;training_courses,40,Closed · Opens 9:30 am,APIFY_GOOGLE_MAPS_SCRAPER,0xd42286243730d7d:0xb56a0734fbe7b70a,0xd42286243730d7d:0xb56a0734fbe7b70a,13072268792542246666,2026-10-05T23:02:48.294Z,2026-10-07T09:39:05.475Z,st_academia-de-musica.json;st_conservatorio.json;st_profesor-de-musica.json;st_escuela-de-musica.json
ChIJyS1_ko4nQg0R1bEa8kHX6To,Conservatorio Superior de Danza María de Ávila,EDUCATION,CONSERVATORY,conservatorio,"Calle Gral. Ricardos, 177, Carabanchel, 28025 Madrid","Conservatorio Superior de Danza María de Ávila, Calle Gral. Ricardos, 177, Carabanchel, 28025 Madrid","Calle Gral. Ricardos, 177",Carabanchel,Madrid,28025,Madrid,ES,40.3833772,-3.7344717,+34914220979,http://www.csdma.es,csdma.es,https://www.google.com/maps/place/data=!3m1!4b1!4m2!3m1!1s0xd42278e927f2dc9:0x3ae9d741f21ab1d5,4.3,23,OPEN,False,Academia de baile,Academia de baile,dance_school;art;centres;dancing;education;education_and_culture;entertainment_and_recreation;establishment;establishment_poi;feature;hobby_classes;institute;instruction;learning;learning_center;performing_arts;public_api_establishment;recreation;sports;sports_school;training_center;training_courses,13,Abierto · Cierre: 21:00,APIFY_GOOGLE_MAPS_SCRAPER,0xd42278e927f2dc9:0x3ae9d741f21ab1d5,0xd42278e927f2dc9:0x3ae9d741f21ab1d5,4245160802008084949,2026-10-07T09:38:49.886Z,2026-10-07T09:38:49.886Z,st_conservatorio.json
ChIJMz4bh54pQg0RXUSTVAZ12o4,Espacio Dual Escuela de cerámica,EDUCATION,MUSIC_SCHOOL;PRIVATE_TEACHER,escuela de música;profesor de música,"Pl. de Mondariz, 13, Fuencarral-El Pardo, 28029 Madrid","Espacio Dual Escuela de cerámica, Pl. de Mondariz, 13, Fuencarral-El Pardo, 28029 Madrid","Pl. de Mondariz, 13",Fuencarral-El Pardo,Madrid,28029,Madrid,ES,40.4784376,-3.7055852999999996,+34685430593,http://espaciodual.es,espaciodual.es,https://www.google.com/maps/place/data=!3m1!4b1!4m2!3m1!1s0xd42299e871b3e33:0x8eda75065493445d,4.3,19,OPEN,True,Art school,Art school;Ceramic manufacturer;Pottery store,art_school;art;ceramic_manufacturer;ceramics;company;education;education_and_culture;educational_institution;establishment;establishment_poi;feature;higher_education;hobby_classes;industry;institute;instruction;learning;manufacturer;music;music_classes;music_instruction;music_school;musical_institutions;performing_arts;pottery_store;production;professional_services;public_api_establishment;services;shopping;store;trade_school;training_courses,15,Closed · Opens 11 am,APIFY_GOOGLE_MAPS_SCRAPER,0xd42299e871b3e33:0x8eda75065493445d,0xd42299e871b3e33:0x8eda75065493445d,10293668568357880925,2026-10-05T22:38:56.343Z,2026-10-07T09:39:05.475Z,st_escuela-de-musica.json;st_profesor-de-musica.json
ChIJdz4hpJwpQg0RuD4GbcjN7l4,Musical Martí VAM - Centro de Música y Danza - Herrera Oria,EDUCATION,MUSIC_ACADEMY;MUSIC_SCHOOL;CONSERVATORY,academia de música;escuela de música;conservatorio,"Edificio San Agustín, C. de Ginzo de Limia, 47, 3° Planta, Fuencarral-El Pardo, 28034 Madrid","Musical Martí VAM - Centro de Música y Danza - Herrera Oria, Edificio San Agustín, C. de Ginzo de Limia, 47, 3° Planta, Fuencarral-El Pardo, 28034 Madrid","Edificio San Agustín, C. de Ginzo de Limia, 47, 3° Planta",Fuencarral-El Pardo,Madrid,28034,Madrid,ES,40.483511199999995,-3.7067576,+34665262771,https://musicalmartivam.com,musicalmartivam.com,https://www.google.com/maps/place/data=!3m1!4b1!4m2!3m1!1s0xd42299ca4213e77:0x5eeecdc86d063eb8,4.3,18,OPEN,True,Music school,Music school;Conservatory of music,conservatory_of_music;art;culture;education;education_and_culture;educational_institution;establishment;establishment_poi;feature;hobby_classes;institute;instruction;learning;music;music_classes;music_instruction;music_school;musical_institutions;performing_arts;professional_services;public_api_establishment;school;services;training_courses,107,Closed · Opens 12:30 pm,APIFY_GOOGLE_MAPS_SCRAPER,0xd42299ca4213e77:0x5eeecdc86d063eb8,0xd42299ca4213e77:0x5eeecdc86d063eb8,6840631144728641208,2026-10-05T23:02:48.293Z,2026-10-07T09:39:00.077Z,st_academia-de-musica.json;st_escuela-de-musica.json;st_conservatorio.json
ChIJM7gPwNsoQg0RustgHF85aeM,Escuela Municipal de Música María Rodrigo,EDUCATION,MUSIC_SCHOOL,escuela de música,"C. de Mantuano, 51, Chamartín, 28002 Madrid","Escuela Municipal de Música María Rodrigo, C. de Mantuano, 51, Chamartín, 28002 Madrid","C. de Mantuano, 51",Chamartín,Madrid,28002,Madrid,ES,40.448337099999996,-3.6762322999999997,+34915152351,http://madrid.es/escuelasdemusicaydanza,madrid.es,https://www.google.com/maps/place/data=!3m1!4b1!4m2!3m1!1s0xd4228dbc00fb833:0xe369395f1c60cbba,4.3,11,OPEN,False,Music school,Music school,music_school;art;education;education_and_culture;educational_institution;establishment;establishment_poi;feature;hobby_classes;institute;instruction;learning;music;music_classes;music_instruction;musical_institutions;performing_arts;professional_services;public_api_establishment;services;training_courses,1,Closed · Opens 5 pm,APIFY_GOOGLE_MAPS_SCRAPER,0xd4228dbc00fb833:0xe369395f1c60cbba,0xd4228dbc00fb833:0xe369395f1c60cbba,16386691799825042362,2026-10-05T22:38:56.343Z,2026-10-07T09:38:54.691Z,st_escuela-de-musica.json
ChIJ7w432ygmQg0RKQ4uUCT65ko,Real Conservatorio Superior de Música de Madrid,EDUCATION,CONSERVATORY,conservatorio,"C. de Sta. Isabel, 53, Centro, 28012 Madrid","Real Conservatorio Superior de Música de Madrid, C. de Sta. Isabel, 53, Centro, 28012 Madrid","C. de Sta. Isabel, 53",Centro,Madrid,28012,Madrid,ES,40.4091717,-3.6942966,+34915392901,https://rcsmm.eu,rcsmm.eu,https://www.google.com/maps/place/data=!3m1!4b1!4m2!3m1!1s0xd422628db370eef:0x4ae6fa24502e0e29,4.2,163,OPEN,False,Conservatorio de música,Conservatorio de música,conservatory_of_music;art;culture;education;education_and_culture;educational_institution;establishment;establishment_poi;feature;instruction;music;musical_institutions;performing_arts;public_api_establishment;school;training_courses,436,Cerrado · Apertura: 8:30,APIFY_GOOGLE_MAPS_SCRAPER,0xd422628db370eef:0x4ae6fa24502e0e29,0xd422628db370eef:0x4ae6fa24502e0e29,5397276237321080361,2026-10-06T23:05:57.620Z,2026-10-07T09:38:49.885Z,st_conservatorio.json
ChIJ6zuOjGQoQg0RWFBPemkTD-g,Conservatorio Profesional de Música Amaniel,EDUCATION,CONSERVATORY,conservatorio,"C. de Amaniel, 2, Centro, 28015 Madrid","Conservatorio Profesional de Música Amaniel, C. de Amaniel, 2, Centro, 28015 Madrid","C. de Amaniel, 2",Centro,Madrid,28015,Madrid,ES,40.4249753,-3.7090449,+34915312843,https://site.educa.madrid.org/cpm.amaniel.madrid,madrid.org,https://www.google.com/maps/place/data=!3m1!4b1!4m2!3m1!1s0xd4228648c8e3beb:0xe80f13697a4f5058,4.2,78,OPEN,False,Conservatorio de música,Conservatorio de música,conservatory_of_music;art;culture;education;education_and_culture;educational_institution;establishment;establishment_poi;feature;instruction;music;musical_institutions;performing_arts;public_api_establishment;school;training_courses,25,Cerrado · Apertura: 9:00,APIFY_GOOGLE_MAPS_SCRAPER,0xd4228648c8e3beb:0xe80f13697a4f5058,0xd4228648c8e3beb:0xe80f13697a4f5058,16721605285194453080,2026-10-06T23:05:57.620Z,2026-10-07T09:38:49.885Z,st_conservatorio.json
ChIJkzqszK0pQg0RPK8gNuCjkXw,Escuela Municipal de Música Manuel Vázquez Montalbán,EDUCATION,MUSIC_SCHOOL;CONSERVATORY;MUSIC_ACADEMY,escuela de música;conservatorio;academia de música,"Calle de Francos Rodríguez esquina con, Av. de Pablo Iglesias, 28039 Madrid","Escuela Municipal de Música Manuel Vázquez Montalbán, Calle de Francos Rodríguez esquina con, Av. de Pablo Iglesias, 28039 Madrid","Calle de Francos Rodríguez esquina con, Av. de Pablo Iglesias",Tetuán,Madrid,28039,Madrid,ES,40.4575026,-3.7105287999999996,+34913118748,http://madrid.es/escuelasdemusicaydanza,madrid.es,https://www.google.com/maps/place/data=!3m1!4b1!4m2!3m1!1s0xd4229adccac3a93:0x7c91a3e03620af3c,4.2,23,OPEN,False,Music school,Music school,music_school;art;education;education_and_culture;educational_institution;establishment;establishment_poi;feature;hobby_classes;institute;instruction;learning;music;music_classes;music_instruction;musical_institutions;performing_arts;professional_services;public_api_establishment;services;training_courses,3,Closed · Opens 5 pm,APIFY_GOOGLE_MAPS_SCRAPER,0xd4229adccac3a93:0x7c91a3e03620af3c,0xd4229adccac3a93:0x7c91a3e03620af3c,8976135715702222652,2026-10-05T22:38:56.343Z,2026-10-07T09:39:00.077Z,st_escuela-de-musica.json;st_conservatorio.json;st_academia-de-musica.json
ChIJV6RufpopQg0RqLcawmUIj1I,Aula 1 - La Escuela de Música Soto Mesa,EDUCATION,MUSIC_ACADEMY;MUSIC_SCHOOL;CONSERVATORY;PRIVATE_TEACHER,academia de música;escuela de música;conservatorio;profesor de música,"Av. de Betanzos, 62, Fuencarral-El Pardo, 28034 Madrid","Aula 1 - La Escuela de Música Soto Mesa, Av. de Betanzos, 62, Fuencarral-El Pardo, 28034 Madrid","Av. de Betanzos, 62",Fuencarral-El Pardo,Madrid,28034,Madrid,ES,40.4811348,-3.7128101,+34918334041,http://www.sotomesa.com,sotomesa.com,https://www.google.com/maps/place/data=!3m1!4b1!4m2!3m1!1s0xd42299a7e6ea457:0x528f0865c21ab7a8,4.2,14,OPEN,True,Music school,Music school;School,music_school;art;education;education_and_culture;educational_institution;establishment;establishment_poi;feature;hobby_classes;institute;instruction;learning;music;music_classes;music_instruction;musical_institutions;performing_arts;professional_services;public_api_establishment;school;services;training_courses,7,Closed · Opens 4 pm,APIFY_GOOGLE_MAPS_SCRAPER,0xd42299a7e6ea457:0x528f0865c21ab7a8,0xd42299a7e6ea457:0x528f0865c21ab7a8,5948982865920964520,2026-10-05T23:02:48.293Z,2026-10-07T09:39:05.475Z,st_academia-de-musica.json;st_escuela-de-musica.json;st_conservatorio.json;st_profesor-de-musica.json
ChIJ3wT5lR8rQg0Rgt17K0Vg9EE,Escuela de Ballet y Piano Di Mare Corporán,EDUCATION,CONSERVATORY,conservatorio,"Av del Santuario de Valverde, 11, Fuencarral-El Pardo, 28049 Madrid","Escuela de Ballet y Piano Di Mare Corporán, Av del Santuario de Valverde, 11, Fuencarral-El Pardo, 28049 Madrid","Av del Santuario de Valverde, 11",Fuencarral-El Pardo,Madrid,28049,Madrid,ES,40.505817799999996,-3.707217,+34671877971,,,https://www.google.com/maps/place/data=!3m1!4b1!4m2!3m1!1s0xd422b1f95f904df:0x41f460452b7bdd82,4.1,9,OPEN,True,Institución educativa,Institución educativa,educational_institution;education;education_and_culture;establishment;establishment_poi;feature;public_api_establishment,13,Abierto · Cierre: 21:00,APIFY_GOOGLE_MAPS_SCRAPER,0xd422b1f95f904df:0x41f460452b7bdd82,0xd422b1f95f904df:0x41f460452b7bdd82,4752529356981263746,2026-10-07T09:38:49.886Z,2026-10-07T09:38:49.886Z,st_conservatorio.json
ChIJKxQ9ep0pQg0RcHSUws1MLA4,I.E.S. PRINCE FELIPE,EDUCATION,MUSIC_SCHOOL,escuela de música,"C. de Finisterre, 60, Fuencarral-El Pardo, 28029 Madrid","I.E.S. PRINCE FELIPE, C. de Finisterre, 60, Fuencarral-El Pardo, 28029 Madrid","C. de Finisterre, 60",Fuencarral-El Pardo,Madrid,28029,Madrid,ES,40.480561699999996,-3.7027611,+34913146312,https://site.educa.madrid.org/ies.principefelipe.madrid,madrid.org,https://www.google.com/maps/place/data=!3m1!4b1!4m2!3m1!1s0xd42299d7a3d142b:0xe2c4ccdc2947470,3.7,242,OPEN,True,Education center,Education center;High school,education_center;education;education_and_culture;educational_institution;establishment;establishment_poi;feature;general_education_school;high_school;public_api_establishment;school;secondary_school,25,Closed · Opens 8 am,APIFY_GOOGLE_MAPS_SCRAPER,0xd42299d7a3d142b:0xe2c4ccdc2947470,0xd42299d7a3d142b:0xe2c4ccdc2947470,1021275662122775664,2026-10-05T22:38:56.343Z,2026-10-05T22:38:56.343Z,st_escuela-de-musica.json
ChIJg3erThcoQg0Rm1rvlrpCvGU,Conservatorio Profesional de Danza Fortea,EDUCATION,CONSERVATORY,conservatorio,"P.º del Comandante Fortea, 42, Moncloa - Aravaca, 28008 Madrid","Conservatorio Profesional de Danza Fortea, P.º del Comandante Fortea, 42, Moncloa - Aravaca, 28008 Madrid","P.º del Comandante Fortea, 42",Moncloa - Aravaca,Madrid,28008,Madrid,ES,40.4275752,-3.7323798,+34915412360,https://site.educa.madrid.org/cpd.comandantefortea.madrid,madrid.org,https://www.google.com/maps/place/data=!3m1!4b1!4m2!3m1!1s0xd4228174eab7783:0x65bc42ba96ef5a9b,3.4,60,OPEN,False,Academia de baile,Academia de baile;Escuela de flamenco,dance_school;art;centres;culture;dancing;education;education_and_culture;entertainment;entertainment_and_recreation;establishment;establishment_poi;feature;flamenco;flamenco_school;hobby_classes;institute;instruction;learning;learning_center;music;performing_arts;public_api_establishment;recreation;sports;sports_school;training_center;training_courses,2,Cerrado · Apertura: 9:00,APIFY_GOOGLE_MAPS_SCRAPER,0xd4228174eab7783:0x65bc42ba96ef5a9b,0xd4228174eab7783:0x65bc42ba96ef5a9b,7330807662615943835,2026-10-06T23:05:57.620Z,2026-10-07T09:38:49.885Z,st_conservatorio.json
ChIJ76R6jY4nQg0RU1JZhRicWg4,Centro Integrado de Enseñanzas Artísticas de Música y Educación Secundaria Federico Moreno Torroba,EDUCATION,CONSERVATORY,conservatorio,"Calle Gral. Ricardos, 177, Carabanchel, 28025 Madrid","Centro Integrado de Enseñanzas Artísticas de Música y Educación Secundaria Federico Moreno Torroba, Calle Gral. Ricardos, 177, Carabanchel, 28025 Madrid","Calle Gral. Ricardos, 177",Carabanchel,Madrid,28025,Madrid,ES,40.3833899,-3.7344765,+34914698614,https://site.educa.madrid.org/cim.morenotorroba.madrid,madrid.org,https://www.google.com/maps/place/data=!3m1!4b1!4m2!3m1!1s0xd42278e8d7aa4ef:0xe5a9c1885595253,3.3,4,OPEN,False,Conservatorio de música,Conservatorio de música,conservatory_of_music;art;culture;education;education_and_culture;educational_institution;establishment;establishment_poi;feature;instruction;music;musical_institutions;performing_arts;public_api_establishment;school;training_courses,0,,APIFY_GOOGLE_MAPS_SCRAPER,0xd42278e8d7aa4ef:0xe5a9c1885595253,0xd42278e8d7aa4ef:0xe5a9c1885595253,1034310693565321811,2026-10-06T23:05:57.620Z,2026-10-07T09:38:49.886Z,st_conservatorio.json
ChIJ8448JZcpQg0RWNi7PV7VASw,Escuela de Baile y Musica - Madrid,EDUCATION,MUSIC_ACADEMY;MUSIC_SCHOOL,academia de música;escuela de música,"Av. de Monforte de Lemos, 164, Fuencarral-El Pardo, 28029 Madrid","Escuela de Baile y Musica - Madrid, Av. de Monforte de Lemos, 164, Fuencarral-El Pardo, 28029 Madrid","Av. de Monforte de Lemos, 164",Fuencarral-El Pardo,Madrid,28029,Madrid,ES,40.477885,-3.715144,,,,https://www.google.com/maps/place/data=!3m1!4b1!4m2!3m1!1s0xd422997253c8ef3:0x2c01d55e3dbbd858,1,1,OPEN,False,Academia de baile,Academia de baile,dance_school;art;centres;dancing;education;education_and_culture;entertainment_and_recreation;establishment;establishment_poi;feature;hobby_classes;institute;instruction;learning;learning_center;performing_arts;public_api_establishment;recreation;sports;sports_school;training_center;training_courses,1,,APIFY_GOOGLE_MAPS_SCRAPER,0xd422997253c8ef3:0x2c01d55e3dbbd858,0xd422997253c8ef3:0x2c01d55e3dbbd858,3171050213384902744,2026-10-07T09:39:00.077Z,2026-10-07T09:39:00.077Z,st_academia-de-musica.json;st_escuela-de-musica.json
ChIJiULnXGMpQg0RDqEbCo1CsR8,Clases de Guitarra - Santiago Stok,EDUCATION,PRIVATE_TEACHER;MUSIC_SCHOOL,profesor de música;escuela de música,"Av. de El Ferrol, 4, Fuencarral-El Pardo, 28029 Madrid","Clases de Guitarra - Santiago Stok, Av. de El Ferrol, 4, Fuencarral-El Pardo, 28029 Madrid","Av. de El Ferrol, 4",Fuencarral-El Pardo,Madrid,28029,Madrid,ES,40.474849899999995,-3.7035169999999997,+34672845252,https://www.youtube.com/@santiagostok2348/videos,youtube.com,https://www.google.com/maps/place/data=!3m1!4b1!4m2!3m1!1s0xd4229635ce74289:0x1fb1428d0a1ba10e,,0,OPEN,True,Profesor de guitarra,Profesor de guitarra,guitar_instructor;art;culture;education;education_and_culture;educational_institution;establishment;establishment_poi;feature;hobby_classes;institute;instruction;learning;music;music_classes;music_instruction;music_instructor;musical_institutions;performing_arts;professional_services;public_api_establishment;school;services;training_courses,6,,APIFY_GOOGLE_MAPS_SCRAPER,0xd4229635ce74289:0x1fb1428d0a1ba10e,0xd4229635ce74289:0x1fb1428d0a1ba10e,2283679659580956942,2026-10-06T23:08:30.346Z,2026-10-07T09:39:05.475Z,st_profesor-de-musica.json;st_escuela-de-musica.json
ChIJO1fiZwAvQg0RAXidXv2_NWE,Conservatorio,EDUCATION,CONSERVATORY,conservatorio,"C. de Diego Ayllón, 3A, Cdad. Lineal, 28043 Madrid","Conservatorio, C. de Diego Ayllón, 3A, Cdad. Lineal, 28043 Madrid","C. de Diego Ayllón, 3A",Ciudad Lineal,Madrid,28043,Madrid,ES,40.4516628,-3.6514151,,,,https://www.google.com/maps/place/data=!3m1!4b1!4m2!3m1!1s0xd422f0067e2573b:0x6135bffd5e9d7801,,0,OPEN,False,Escuela universitaria,Escuela universitaria,college;education;education_and_culture;educational_institution;establishment;establishment_poi;feature;public_api_establishment,1,,APIFY_GOOGLE_MAPS_SCRAPER,0xd422f0067e2573b:0x6135bffd5e9d7801,0xd422f0067e2573b:0x6135bffd5e9d7801,7004715890379683841,2026-10-06T23:05:57.620Z,2026-10-07T09:38:49.885Z,st_conservatorio.json
ChIJX9azBnIpQg0Re2zrqV5GbFA,Escuela de Música Madrid,EDUCATION,MUSIC_SCHOOL,escuela de música,"C. del Poeta Joan Maragall, 23, Tetuán, 28020 Madrid","Escuela de Música Madrid, C. del Poeta Joan Maragall, 23, Tetuán, 28020 Madrid","C. del Poeta Joan Maragall, 23",Tetuán,Madrid,28020,Madrid,ES,40.4578043,-3.6929583,+34658013760,https://escuelademusicamadrid.es,escuelademusicamadrid.es,https://www.google.com/maps/place/data=!3m1!4b1!4m2!3m1!1s0xd42297206b3d65f:0x506c465ea9eb6c7b,,0,OPEN,True,Music school,Music school,music_school;art;education;education_and_culture;educational_institution;establishment;establishment_poi;feature;hobby_classes;institute;instruction;learning;music;music_classes;music_instruction;musical_institutions;performing_arts;professional_services;public_api_establishment;services;training_courses,1,Closed · Opens 9 am,APIFY_GOOGLE_MAPS_SCRAPER,0xd42297206b3d65f:0x506c465ea9eb6c7b,0xd42297206b3d65f:0x506c465ea9eb6c7b,5795084192910634107,2026-10-05T22:38:56.343Z,2026-10-07T09:38:54.691Z,st_escuela-de-musica.json
ChIJLyhwKn4pQg0Rx2JrKl8gvwM,Musikae Global Music,EDUCATION,MUSIC_ACADEMY,academia de música,"Av. de Pablo Iglesias, 50, Tetuán, 28039 Madrid","Musikae Global Music, Av. de Pablo Iglesias, 50, Tetuán, 28039 Madrid","Av. de Pablo Iglesias, 50",Tetuán,Madrid,28039,Madrid,ES,40.4501053,-3.7099287999999997,+34650261155,,,https://www.google.com/maps/place/data=!3m1!4b1!4m2!3m1!1s0xd42297e2a70282f:0x3bf205f2a6b62c7,,0,OPEN,True,Escuela de música,Escuela de música,music_school;art;education;education_and_culture;educational_institution;establishment;establishment_poi;feature;hobby_classes;institute;instruction;learning;music;music_classes;music_instruction;musical_institutions;performing_arts;professional_services;public_api_establishment;services;training_courses,3,Abierto · Cierre: 22:00,APIFY_GOOGLE_MAPS_SCRAPER,0xd42297e2a70282f:0x3bf205f2a6b62c7,0xd42297e2a70282f:0x3bf205f2a6b62c7,269970095771181767,2026-10-07T09:39:00.077Z,2026-10-07T09:39:00.077Z,st_academia-de-musica.json
ChIJ5V-7_bsoQg0RHmNyVwNMuB4,Escuela de Música en Madrid | La Armonía de Vivir,EDUCATION;INSTRUMENTS,MUSIC_ACADEMY;RENTAL,"academia de música;escuela de música, conservatorio, academia de música, banda de música, orquesta, coro, asociación musical, tienda de instrumentos musicales, luthier, reparación de instrumentos musicales, estudio de grabación, sala de ensayo;alquiler de instrumentos musicales","Calle del General Díaz Porlier, 36, Loc, Salamanca, 28001 Madrid","Escuela de Música en Madrid | La Armonía de Vivir, Calle del General Díaz Porlier, 36, Loc, Salamanca, 28001 Madrid","Calle del General Díaz Porlier, 36, Loc",Salamanca,Madrid,28001,Madrid,ES,40.428173,-3.6765005,+34625553559,https://escuelamusicamadrid.es,escuelamusicamadrid.es,https://www.google.com/maps/place/data=!3m1!4b1!4m2!3m1!1s0xd4228bbfdbb5fe5:0x1eb84c035772631e,5,145,OPEN,True,Music school,Music school;Guitar instructor;Music instructor;Piano instructor;School house;Training center;Tutoring service,music_school;aide_a_domicile;art;culture;education;education_and_culture;educational_institution;establishment;establishment_poi;feature;guitar_instructor;hobby_classes;institute;instruction;learning;music;music_classes;music_instruction;music_instructor;music_store;musical_institutions;performing_arts;piano;piano_instructor;professional_services;public_api_establishment;school;school_house;services;shopping;store;training_center;training_courses;tutoring_service,45,Closed · Opens 10 am,APIFY_GOOGLE_MAPS_SCRAPER,0xd4228bbfdbb5fe5:0x1eb84c035772631e,0xd4228bbfdbb5fe5:0x1eb84c035772631e,2213602794088325918,2026-10-05T23:02:48.294Z,2026-10-07T09:39:47.719Z,st_academia-de-musica.json;tabla00.json;st_alquiler-de-instrumentos-musicales.json
ChIJc95BBwYvQg0RFzfgk8tWmAI,Planet Music Madrid,EDUCATION;INSTRUMENTS,MUSIC_ACADEMY;MUSIC_SCHOOL;CONSERVATORY;RENTAL;PRIVATE_TEACHER,academia de música;escuela de música;conservatorio;alquiler de instrumentos musicales;profesor de música,"C. de Agustín Calvo, 47, 2ª planta, Hortaleza, 28043 Madrid","Planet Music Madrid, C. de Agustín Calvo, 47, 2ª planta, Hortaleza, 28043 Madrid","C. de Agustín Calvo, 47, 2ª planta",Hortaleza,Madrid,28043,Madrid,ES,40.464537799999995,-3.6469974,+34699975564,https://planetmusicmadrid.es,planetmusicmadrid.es,https://www.google.com/maps/place/data=!3m1!4b1!4m2!3m1!1s0xd422f060741de73:0x29856cb93e03717,4.9,160,OPEN,True,Music school,Music school,music_school;art;education;education_and_culture;educational_institution;establishment;establishment_poi;feature;hobby_classes;institute;instruction;learning;music;music_classes;music_instruction;musical_institutions;performing_arts;professional_services;public_api_establishment;services;training_courses,27,Closed · Opens 4:30 pm,APIFY_GOOGLE_MAPS_SCRAPER,0xd422f060741de73:0x29856cb93e03717,0xd422f060741de73:0x29856cb93e03717,186994816895170327,2026-10-05T23:02:48.293Z,2026-10-07T09:39:47.719Z,st_academia-de-musica.json;st_escuela-de-musica.json;st_conservatorio.json;st_alquiler-de-instrumentos-musicales.json;st_profesor-de-musica.json
ChIJmwVqZwYpQg0R2Ulo34BUCeo,"Conservatory of Music ""Joaquín Turina""",EDUCATION;INSTRUMENTS,MUSIC_SCHOOL;CONSERVATORY;RENTAL,escuela de música;conservatorio;alquiler de instrumentos musicales,"C. de Ceuta, 18, Tetuán, 28039 Madrid","Conservatory of Music ""Joaquín Turina"", C. de Ceuta, 18, Tetuán, 28039 Madrid","C. de Ceuta, 18",Tetuán,Madrid,28039,Madrid,ES,40.4622367,-3.6986220999999997,+34915717640,http://www.educa.madrid.org/cpm.joaquinturina.madrid,educa.madrid.org,https://www.google.com/maps/place/data=!3m1!4b1!4m2!3m1!1s0xd422906676a059b:0xea095480df6849d9,4.3,49,OPEN,True,Conservatory of music,Conservatory of music,conservatory_of_music;art;culture;education;education_and_culture;educational_institution;establishment;establishment_poi;feature;instruction;music;musical_institutions;performing_arts;public_api_establishment;school;training_courses,29,Closed · Opens 9 am,APIFY_GOOGLE_MAPS_SCRAPER,0xd422906676a059b:0xea095480df6849d9,0xd422906676a059b:0xea095480df6849d9,16864103192146233817,2026-10-05T22:38:56.344Z,2026-10-07T09:39:47.719Z,st_escuela-de-musica.json;st_conservatorio.json;st_alquiler-de-instrumentos-musicales.json
ChIJq5bk5y4pQg0RgmF2wAspn74,Fernando Acaso | Locutor online y actor de doblaje,EDUCATION;MUSIC_PRODUCTION,MUSIC_SCHOOL;RECORDING_STUDIO;PRIVATE_TEACHER,escuela de música;estudio de grabación;profesor de música,"C. de Finisterre, 5, Fuencarral-El Pardo, 28029 Madrid","Fernando Acaso | Locutor online y actor de doblaje, C. de Finisterre, 5, Fuencarral-El Pardo, 28029 Madrid","C. de Finisterre, 5",Fuencarral-El Pardo,Madrid,28029,Madrid,ES,40.4756916,-3.7009149,+34639493775,,,https://www.google.com/maps/place/data=!3m1!4b1!4m2!3m1!1s0xd42292ee7e496ab:0xbe9f290bc0766182,,0,OPEN,True,Recording studio,Recording studio;Vocal instructor,recording_studio;art;culture;design_services;education;education_and_culture;educational_institution;entertainment_and_recreation;establishment;establishment_poi;feature;hobbies;hobby_classes;institute;instruction;learning;music;music_classes;music_instruction;music_instructor;music_store;performing_arts;photography;professional_services;public_api_establishment;school;services;shopping;store;training_courses;video;vocal_instructor,9,Open 24 hours,APIFY_GOOGLE_MAPS_SCRAPER,0xd42292ee7e496ab:0xbe9f290bc0766182,0xd42292ee7e496ab:0xbe9f290bc0766182,13735742518953664898,2026-10-05T22:38:56.343Z,2026-10-07T09:40:30.383Z,st_escuela-de-musica.json;st_estudio-de-grabacion.json;st_profesor-de-musica.json
ChIJ7el16DovQg0Rw-3gw_uhlPI,Escuela de Música Orquesta - Clases de música en Madrid,EDUCATION;PERFORMING,MUSIC_ACADEMY;CULTURAL_ASSOCIATION;ORCHESTRA;MUSIC_SCHOOL;PRIVATE_TEACHER,"academia de música;escuela de música, conservatorio, academia de música, banda de música, orquesta, coro, asociación musical, tienda de instrumentos musicales, luthier, reparación de instrumentos musicales, estudio de grabación, sala de ensayo;asociación musical;orquesta;escuela de música;profesor de música","C. de la Madre Antonia París, 2, Cdad. Lineal, 28027 Madrid","Escuela de Música Orquesta - Clases de música en Madrid, C. de la Madre Antonia París, 2, Cdad. Lineal, 28027 Madrid","C. de la Madre Antonia París, 2",Ciudad Lineal,Madrid,28027,Madrid,ES,40.4439292,-3.6516987999999997,+34914032316,http://www.escuelademusicaorquesta.es,escuelademusicaorquesta.es,https://www.google.com/maps/place/data=!3m1!4b1!4m2!3m1!1s0xd422f3ae875e9ed:0xf294a1fbc3e0edc3,5,61,OPEN,True,Music school,Music school;Musical club;Musician,music_school;art;association_or_organization;education;education_and_culture;educational_institution;entertainment;entertainment_and_recreation;establishment;establishment_poi;feature;hobby_classes;institute;instruction;learning;music;music_classes;music_instruction;music_store;musical_club;musical_institutions;musician;performing_arts;potentially_sensitive_entity;professional_services;public_api_establishment;services;shopping;store;training_courses,61,Closed · Opens 10 am,APIFY_GOOGLE_MAPS_SCRAPER,0xd422f3ae875e9ed:0xf294a1fbc3e0edc3,0xd422f3ae875e9ed:0xf294a1fbc3e0edc3,17479774156426898883,2026-10-05T23:02:48.294Z,2026-10-07T09:39:33.383Z,st_academia-de-musica.json;tabla00.json;st_asociacion-musical.json;st_orquesta.json;st_escuela-de-musica.json;st_profesor-de-musica.json
ChIJ3fIGFR8pQg0RyXIVcAmrRvc,Forum Musikae - Escuela Superior de Música,EDUCATION;PERFORMING,MUSIC_ACADEMY;MUSIC_SCHOOL;CONSERVATORY;PRIVATE_TEACHER;ORCHESTRA,academia de música;escuela de música;conservatorio;profesor de música;orquesta,"C. de Piquer, 3, Cdad. Lineal, 28033 Madrid","Forum Musikae - Escuela Superior de Música, C. de Piquer, 3, Cdad. Lineal, 28033 Madrid","C. de Piquer, 3",Ciudad Lineal,Madrid,28033,Madrid,ES,40.4655762,-3.6645049999999997,+34913028926,http://www.forummusikae.com,forummusikae.com,https://www.google.com/maps/place/data=!3m1!4b1!4m2!3m1!1s0xd42291f1506f2dd:0xf746ab09701572c9,5,31,OPEN,True,Music school,Music school,music_school;art;education;education_and_culture;educational_institution;establishment;establishment_poi;feature;hobby_classes;institute;instruction;learning;music;music_classes;music_instruction;musical_institutions;performing_arts;professional_services;public_api_establishment;services;training_courses,87,Closed · Opens 9 am,APIFY_GOOGLE_MAPS_SCRAPER,0xd42291f1506f2dd:0xf746ab09701572c9,0xd42291f1506f2dd:0xf746ab09701572c9,17818117032761455305,2026-10-05T23:02:48.294Z,2026-10-07T09:39:18.134Z,st_academia-de-musica.json;st_escuela-de-musica.json;st_conservatorio.json;st_profesor-de-musica.json;st_orquesta.json
ChIJ51jGgjAnQg0RtrGEmmbQV20,Artes Búho,EDUCATION;PERFORMING,MUSIC_ACADEMY;CULTURAL_ASSOCIATION,academia de música;asociación musical,"Av del Manzanares, 196, Usera, 28026 Madrid","Artes Búho, Av del Manzanares, 196, Usera, 28026 Madrid","Av del Manzanares, 196",Usera,Madrid,28026,Madrid,ES,40.393046999999996,-3.7029699999999997,+34623977757,https://artesbuho.com,artesbuho.com,https://www.google.com/maps/place/data=!3m1!4b1!4m2!3m1!1s0xd42273082c658e7:0x6d57d0669a84b1b6,4.9,74,OPEN,True,Music school,Music school;Art school;Dance school;Theater company,music_school;art;art_school;association_or_organization;attraction;centres;company;culture;dance_school;dancing;education;education_and_culture;educational_institution;entertainment;entertainment_and_recreation;establishment;establishment_poi;feature;higher_education;hobby_classes;institute;instruction;learning;learning_center;media;music;music_classes;music_instruction;musical_institutions;performing_arts;potentially_sensitive_entity;professional_services;public_api_establishment;recreation;services;sports;sports_school;theater_company;trade_school;training_center;training_courses,40,Closed · Opens 10 am,APIFY_GOOGLE_MAPS_SCRAPER,0xd42273082c658e7:0x6d57d0669a84b1b6,0xd42273082c658e7:0x6d57d0669a84b1b6,7878995212205601206,2026-10-05T23:02:48.294Z,2026-10-07T09:39:33.383Z,st_academia-de-musica.json;st_asociacion-musical.json
ChIJo0P8v64pQg0Ryk_N0SZr4L0,Integral Canto Raquel Soto,EDUCATION;PERFORMING,MUSIC_ACADEMY;MUSIC_SCHOOL;CHOIR;PRIVATE_TEACHER,academia de música;escuela de música;coro;profesor de música,"C. de Manuel Ferrero, 9, Chamartín, 28036 Madrid","Integral Canto Raquel Soto, C. de Manuel Ferrero, 9, Chamartín, 28036 Madrid","C. de Manuel Ferrero, 9",Chamartín,Madrid,28036,Madrid,ES,40.4688665,-3.6844995999999997,+34686108255,https://clasesdecantomadrid.es,clasesdecantomadrid.es,https://www.google.com/maps/place/data=!3m1!4b1!4m2!3m1!1s0xd4229aebffc43a3:0xbde06b26d1cd4fca,4.8,65,OPEN,True,Music school,Music school,music_school;art;education;education_and_culture;educational_institution;establishment;establishment_poi;feature;hobby_classes;institute;instruction;learning;music;music_classes;music_instruction;musical_institutions;performing_arts;professional_services;public_api_establishment;services;training_courses,5,Closed · Opens 10 am,APIFY_GOOGLE_MAPS_SCRAPER,0xd4229aebffc43a3:0xbde06b26d1cd4fca,0xd4229aebffc43a3:0xbde06b26d1cd4fca,13682053482424389578,2026-10-05T23:02:48.294Z,2026-10-07T09:39:23.600Z,st_academia-de-musica.json;st_escuela-de-musica.json;st_coro.json;st_profesor-de-musica.json
ChIJ7_2XAzowQg0R3jLklNQUNpM,Escuela Coral de Madrid,EDUCATION;PERFORMING,MUSIC_SCHOOL;CONSERVATORY;CULTURAL_ASSOCIATION;CHOIR;PRIVATE_TEACHER,escuela de música;conservatorio;asociación musical;coro;profesor de música,"C. de Francos Rodríguez, 5, Tetuán, 28039 Madrid","Escuela Coral de Madrid, C. de Francos Rodríguez, 5, Tetuán, 28039 Madrid","C. de Francos Rodríguez, 5",Tetuán,Madrid,28039,Madrid,ES,40.4551003,-3.7040498,+34606292988,https://www.escuelacoraldemadrid.com,escuelacoraldemadrid.com,https://www.google.com/maps/place/data=!3m1!4b1!4m2!3m1!1s0xd42303a0397fdef:0x933614d494e432de,4.8,31,OPEN,True,Music school,Music school,music_school;art;education;education_and_culture;educational_institution;establishment;establishment_poi;feature;hobby_classes;institute;instruction;learning;music;music_classes;music_instruction;musical_institutions;performing_arts;professional_services;public_api_establishment;services;training_courses,10,Closed · Opens 5 pm,APIFY_GOOGLE_MAPS_SCRAPER,0xd42303a0397fdef:0x933614d494e432de,0xd42303a0397fdef:0x933614d494e432de,10607688875581387486,2026-10-05T22:38:56.343Z,2026-10-07T09:39:33.383Z,st_escuela-de-musica.json;st_conservatorio.json;st_asociacion-musical.json;st_coro.json;st_profesor-de-musica.json
ChIJzbWd8OYpQg0RLXr-WB8Kneg,Alquiler Sonido Madrid,INSTRUMENTS,RENTAL,alquiler de instrumentos musicales,"Paseo de la Castellana 101, 1º 1ª (Oficina 1, P.º de la Castellana, 103, 28046 Madrid","Alquiler Sonido Madrid, Paseo de la Castellana 101, 1º 1ª (Oficina 1, P.º de la Castellana, 103, 28046 Madrid","Paseo de la Castellana 101, 1º 1ª (Oficina 1, P.º de la Castellana, 103",Tetuán,Madrid,28046,Madrid,ES,40.453731,-3.691065,+34651707065,https://www.alquilersonidomadrid.net,alquilersonidomadrid.net,https://www.google.com/maps/place/data=!3m1!4b1!4m2!3m1!1s0xd4229e6f09db5cd:0xe89d0a1f58fe7a2d,5,130,OPEN,True,Alquiler de equipo audiovisual,Alquiler de equipo audiovisual,audio_visual_equipment_rental_service;appliances;business_related;business_service;electrical_equipment;establishment;establishment_poi;feature;public_api_establishment;rental;services,50,Abierto ahora,APIFY_GOOGLE_MAPS_SCRAPER,0xd4229e6f09db5cd:0xe89d0a1f58fe7a2d,0xd4229e6f09db5cd:0xe89d0a1f58fe7a2d,16761564517896190509,2026-10-06T23:08:52.095Z,2026-10-07T09:39:47.719Z,st_alquiler-de-instrumentos-musicales.json
ChIJU1A6_MAnQg0Ru5ydJO8m118,INNOVA SOUND SL,INSTRUMENTS,RENTAL;DISTRIBUTION,alquiler de instrumentos musicales;distribuidor de instrumentos musicales,"C. Marzo, 64, San Blas-Canillejas, 28022 Madrid","INNOVA SOUND SL, C. Marzo, 64, San Blas-Canillejas, 28022 Madrid","C. Marzo, 64",San Blas-Canillejas,Madrid,28022,Madrid,ES,40.445806999999995,-3.5632373,+34629736436,https://www.innovasound.es,innovasound.es,https://www.google.com/maps/place/data=!3m1!4b1!4m2!3m1!1s0xd4227c0fc3a5053:0x5fd726ef249d9cbb,5,82,OPEN,True,Alquiler de equipo audiovisual,Alquiler de equipo audiovisual;Proveedor de equipos audiovisuales;Tienda de material para DJ;Tienda de iluminación;Servicio de alquiler de equipos para fiestas;Organizador de eventos;Proveedor de equipos de iluminación de escenarios;Tienda de alquilar de equipos de música;Tienda de equipos de sonido,audio_visual_equipment_rental_service;appliance_store;appliances;art;audio_visual_equipment_supplier;business_related;business_service;ceremonial_occasions;company;construction;contractor;cuisine;decoration;dj_supply_store;electrical_and_electronics_stores;electrical_equipment;electrical_goods;electrics;electronics;electronics_store;engineer;entertainment_and_recreation;establishment;establishment_poi;facility_contractor;feature;home_furnishings;home_goods_store;home_improvement_store;home_services;homes;interior;interior_decoration;lighting;lighting_store;music;music_store;party;party_equipment_rental_service;party_planner;party_service;performing_arts;professional_services;public_api_establishment;recreation;rental;services;shopping;stage_lighting_equipment_supplier;stereo_rental_store;stereo_store;store;utility_contractor;weddings;wood,4,Cerrado · Apertura: 9:00,APIFY_GOOGLE_MAPS_SCRAPER,0xd4227c0fc3a5053:0x5fd726ef249d9cbb,0xd4227c0fc3a5053:0x5fd726ef249d9cbb,6906031362149293243,2026-10-06T23:08:52.096Z,2026-10-07T09:39:52.372Z,st_alquiler-de-instrumentos-musicales.json;st_distribuidor-de-instrumentos-musicales.json
ChIJyU-fxrYpQg0RDq72Lku2crA,"DiscoMad - Alquiler altavoces, sonido y equipo audiovisual Madrid",INSTRUMENTS,RENTAL,alquiler de instrumentos musicales,"C. de Garellano, 17, Tetuán, 28039 Madrid","DiscoMad - Alquiler altavoces, sonido y equipo audiovisual Madrid, C. de Garellano, 17, Tetuán, 28039 Madrid","C. de Garellano, 17",Tetuán,Madrid,28039,Madrid,ES,40.449002899999996,-3.7062019999999998,+34662308695,https://disco-mad.com,disco-mad.com,https://www.google.com/maps/place/data=!3m1!4b1!4m2!3m1!1s0xd4229b6c69f4fc9:0xb072b64b2ef6ae0e,5,65,OPEN,True,Alquiler de equipo audiovisual,Alquiler de equipo audiovisual;Asesor audiovisual;Taller de reparación de equipos audiovisuales;Proveedor de equipos audiovisuales;Proveedor de equipos audiovisuales de cine;DJ;Tienda de material para DJ;Servicio de alquiler de equipos para fiestas;Proveedor de equipos de iluminación de escenarios;Tienda de equipos de sonido,audio_visual_equipment_rental_service;appliance_repair_service;appliance_store;appliances;art;audio_visual_consultant;audio_visual_equipment_repair_service;audio_visual_equipment_supplier;business_related;business_service;cinema_equipment_supplier;company;construction;consultant;contractor;craft;cuisine;dj;dj_supply_store;electrical;electrical_and_electronics_stores;electrical_equipment;electrical_goods;electrics;electronics;electronics_store;engineer;entertainment;entertainment_and_recreation;establishment;establishment_poi;facility_contractor;feature;home_electronics;home_goods_store;home_services;homes;housekeepings;music;music_store;party;party_equipment_rental_service;party_service;performing_arts;potentially_sensitive_entity;professional_services;public_api_establishment;recreation;rental;repairs;services;shopping;stage_lighting_equipment_supplier;stereo_store;store;utility_contractor,40,Cerrado · Apertura: 10:00,APIFY_GOOGLE_MAPS_SCRAPER,0xd4229b6c69f4fc9:0xb072b64b2ef6ae0e,0xd4229b6c69f4fc9:0xb072b64b2ef6ae0e,12714425132047052302,2026-10-06T23:08:52.095Z,2026-10-07T09:39:47.719Z,st_alquiler-de-instrumentos-musicales.json
ChIJT9-y-7ApQg0RdLE1wmJYib0,La Guitarroteca,INSTRUMENTS,SECOND_HAND;RETAIL,instrumentos musicales de segunda mano;tienda de instrumentos musicales,"Cl. de Ayala, 105, Salamanca, 28009 Madrid","La Guitarroteca, Cl. de Ayala, 105, Salamanca, 28009 Madrid","Cl. de Ayala, 105",Salamanca,Madrid,28009,Madrid,ES,40.4271965,-3.6701770999999996,+34911163396,https://laguitarroteca.com,laguitarroteca.com,https://www.google.com/maps/place/data=!3m1!4b1!4m2!3m1!1s0xd4229b0fbb2df4f:0xbd895862c235b174,5,49,OPEN,True,Tienda de música,Tienda de música,music_store;art;establishment;establishment_poi;feature;music;performing_arts;public_api_establishment;shopping;store,4,Cerrado · Apertura: 10:30,APIFY_GOOGLE_MAPS_SCRAPER,0xd4229b0fbb2df4f:0xbd895862c235b174,0xd4229b0fbb2df4f:0xbd895862c235b174,13657544526166077812,2026-10-06T23:08:48.245Z,2026-10-07T09:39:43.685Z,st_instrumentos-musicales-de-segunda-mano.json;st_tienda-de-instrumentos-musicales.json
ChIJX3EQa2IoQg0Rpz12Q6atXBE,4 NOTAS,INSTRUMENTS,SECOND_HAND,instrumentos musicales de segunda mano,"Pl. del Dos de Mayo, 2, Centro, 28004 Madrid","4 NOTAS, Pl. del Dos de Mayo, 2, Centro, 28004 Madrid","Pl. del Dos de Mayo, 2",Centro,Madrid,28004,Madrid,ES,40.4267721,-3.7045801999999997,+34660559527,http://www.4notas.com,4notas.com,https://www.google.com/maps/place/data=!3m1!4b1!4m2!3m1!1s0xd4228626b10715f:0x115cada643763da7,5,47,OPEN,True,location,,musician;art;entertainment;entertainment_and_recreation;establishment;establishment_poi;feature;music;music_store;performing_arts;public_api_establishment;shopping;store,25,,APIFY_GOOGLE_MAPS_SCRAPER,0xd4228626b10715f:0x115cada643763da7,0xd4228626b10715f:0x115cada643763da7,1251065726110154151,2026-10-06T23:08:48.245Z,2026-10-06T23:08:48.245Z,st_instrumentos-musicales-de-segunda-mano.json
ChIJZ-BiLgkpQg0RnR55ykCDPN4,Grupo Laudes,INSTRUMENTS,DISTRIBUTION;RETAIL,distribuidor de instrumentos musicales;tienda de instrumentos musicales,"P.º de la Castellana, 203, Tetuán, 28046 Madrid","Grupo Laudes, P.º de la Castellana, 203, Tetuán, 28046 Madrid","P.º de la Castellana, 203",Tetuán,Madrid,28046,Madrid,ES,40.46888,-3.68893,+34661440958,http://www.grupolaudes.es,grupolaudes.es,https://www.google.com/maps/place/data=!3m1!4b1!4m2!3m1!1s0xd4229092e62e067:0xde3c8340ca791e9d,5,45,OPEN,True,Organizador de eventos,Organizador de eventos,party_planner;art;ceremonial_occasions;entertainment;entertainment_and_recreation;establishment;establishment_poi;feature;music;music_management_and_promotion;music_store;musician;party;performing_arts;professional_services;public_api_establishment;services;shopping;store;weddings,60,Cerrado · Apertura: 9:00,APIFY_GOOGLE_MAPS_SCRAPER,0xd4229092e62e067:0xde3c8340ca791e9d,0xd4229092e62e067:0xde3c8340ca791e9d,16013818689320722077,2026-10-06T23:08:56.054Z,2026-10-07T09:39:52.371Z,st_distribuidor-de-instrumentos-musicales.json;st_tienda-de-instrumentos-musicales.json
ChIJy_WRgSolQg0RZm1-smgAZh8,Elestudio - Cabina DJ,INSTRUMENTS,RENTAL,alquiler de instrumentos musicales,"Cam. de las Hormigueras, 124, Villa de Vallecas, 28031 Madrid","Elestudio - Cabina DJ, Cam. de las Hormigueras, 124, Villa de Vallecas, 28031 Madrid","Cam. de las Hormigueras, 124",Villa de Vallecas,Madrid,28031,Madrid,ES,40.373956199999995,-3.6441518,+34614812202,https://www.instagram.com/elestudio.music?stkn=MXcwc202aXpsZXJ2ZA==,instagram.com,https://www.google.com/maps/place/data=!3m1!4b1!4m2!3m1!1s0xd42252a8191f5cb:0x1f660068b27e6d66,5,31,OPEN,True,Estudio de grabación,Estudio de grabación;Servicio de alquiler de instrumentos musicales,recording_studio;art;design_services;entertainment_and_recreation;establishment;establishment_poi;feature;hobbies;music;music_store;musical_instrument_rental_service;performing_arts;photography;public_api_establishment;rental;services;shopping;store;video,14,Abierto 24 horas,APIFY_GOOGLE_MAPS_SCRAPER,0xd42252a8191f5cb:0x1f660068b27e6d66,0xd42252a8191f5cb:0x1f660068b27e6d66,2262496312471481702,2026-10-06T23:08:52.096Z,2026-10-06T23:08:52.096Z,st_alquiler-de-instrumentos-musicales.json
ChIJi-ruNygmQg0Rp_Jojq6thwo,Camac Iberica (La casa del arpa),INSTRUMENTS,RENTAL;SECOND_HAND,alquiler de instrumentos musicales;instrumentos musicales de segunda mano,"C. de San Pedro, 7, Centro, 28014 Madrid","Camac Iberica (La casa del arpa), C. de San Pedro, 7, Centro, 28014 Madrid","C. de San Pedro, 7",Centro,Madrid,28014,Madrid,ES,40.411995999999995,-3.6946950999999997,+34619648968,http://es.camac-harps.com/es,camac-harps.com,https://www.google.com/maps/place/data=!3m1!4b1!4m2!3m1!1s0xd42262837eeea8b:0xa87adae8e68f2a7,5,24,OPEN,True,Tienda de instrumentos musicales,Tienda de instrumentos musicales,musical_instrument_store;art;establishment;establishment_poi;feature;music;music_store;performing_arts;public_api_establishment;sheet_music_and_musical_instruments;shopping;store,32,,APIFY_GOOGLE_MAPS_SCRAPER,0xd42262837eeea8b:0xa87adae8e68f2a7,0xd42262837eeea8b:0xa87adae8e68f2a7,758766027460375207,2026-10-06T23:08:52.096Z,2026-10-07T09:39:43.685Z,st_alquiler-de-instrumentos-musicales.json;st_instrumentos-musicales-de-segunda-mano.json
ChIJI9DEw-8nQg0RVZgy-h8Buec,La Boutique del Violín,INSTRUMENTS,DISTRIBUTION,distribuidor de instrumentos musicales,"C. Casimiro Escudero, 14, Carabanchel, 28025 Madrid","La Boutique del Violín, C. Casimiro Escudero, 14, Carabanchel, 28025 Madrid","C. Casimiro Escudero, 14",Carabanchel,Madrid,28025,Madrid,ES,40.389912599999995,-3.7432914999999998,+34910589693,http://www.musicalprincesa.com,musicalprincesa.com,https://www.google.com/maps/place/data=!3m1!4b1!4m2!3m1!1s0xd4227efc3c4d023:0xe7b9011ffa329855,5,7,OPEN,False,Tienda de instrumentos musicales,Tienda de instrumentos musicales,musical_instrument_store;art;establishment;establishment_poi;feature;music;music_store;performing_arts;public_api_establishment;sheet_music_and_musical_instruments;shopping;store,1,Cerrado · Apertura: 10:00,APIFY_GOOGLE_MAPS_SCRAPER,0xd4227efc3c4d023:0xe7b9011ffa329855,0xd4227efc3c4d023:0xe7b9011ffa329855,16697378330306058325,2026-10-06T23:08:56.054Z,2026-10-07T09:39:52.372Z,st_distribuidor-de-instrumentos-musicales.json
ChIJyeWvZKMvQg0RSxwbQcxslQo,Sala Bohemia,INSTRUMENTS,RENTAL,alquiler de instrumentos musicales,"C. de Matamorosa, 3, Cdad. Lineal, 28017 Madrid","Sala Bohemia, C. de Matamorosa, 3, Cdad. Lineal, 28017 Madrid","C. de Matamorosa, 3",Ciudad Lineal,Madrid,28017,Madrid,ES,40.4200865,-3.6301495999999998,+34691671703,,,https://www.google.com/maps/place/data=!3m1!4b1!4m2!3m1!1s0xd422fa364afe5c9:0xa956ccc411b1c4b,5,6,OPEN,True,Servicio de alquiler de instrumentos musicales,Servicio de alquiler de instrumentos musicales,musical_instrument_rental_service;art;establishment;establishment_poi;feature;music;performing_arts;public_api_establishment;rental;services,10,,APIFY_GOOGLE_MAPS_SCRAPER,0xd422fa364afe5c9:0xa956ccc411b1c4b,0xd422fa364afe5c9:0xa956ccc411b1c4b,762635336430591051,2026-10-06T23:08:52.096Z,2026-10-07T09:39:47.719Z,st_alquiler-de-instrumentos-musicales.json
ChIJscQgBLEpQg0RshS6TLG4xfs,Planeta Corchea,INSTRUMENTS,RETAIL,tienda de instrumentos musicales,"Calle del Olmo, 10, Centro, 28012 Madrid","Planeta Corchea, Calle del Olmo, 10, Centro, 28012 Madrid","Calle del Olmo, 10",Centro,Madrid,28012,Madrid,ES,40.4116253,-3.7003850999999996,+34635440063,https://planetacorchea.com,planetacorchea.com,https://www.google.com/maps/place/data=!3m1!4b1!4m2!3m1!1s0xd4229b10420c4b1:0xfbc5b8b14cba14b2,5,3,OPEN,True,Musical instrument store,Musical instrument store,musical_instrument_store;art;establishment;establishment_poi;feature;music;music_store;performing_arts;public_api_establishment;sheet_music_and_musical_instruments;shopping;store,32,Open 24 hours,APIFY_GOOGLE_MAPS_SCRAPER,0xd4229b10420c4b1:0xfbc5b8b14cba14b2,0xd4229b10420c4b1:0xfbc5b8b14cba14b2,18142109745567896754,2026-10-05T23:13:55.187Z,2026-10-05T23:13:55.187Z,st_tienda-de-instrumentos-musicales.json
ChIJ66pR6ofoAAkRAjMbGkAU0ls,Producciones Sonomusic,INSTRUMENTS,RENTAL,alquiler de instrumentos musicales,"C. de Arboleda, 14, Loc AR043B, Puente de Vallecas, 28031 Madrid","Producciones Sonomusic, C. de Arboleda, 14, Loc AR043B, Puente de Vallecas, 28031 Madrid","C. de Arboleda, 14, Loc AR043B",Puente de Vallecas,Madrid,28031,Madrid,ES,40.385809099999996,-3.6259756,+34620743562,https://producciones-sonomusic.com,producciones-sonomusic.com,https://www.google.com/maps/place/data=!3m1!4b1!4m2!3m1!1s0x900e887ea51aaeb:0x5bd214401a1b3302,5,3,OPEN,True,Alquiler de equipo audiovisual,Alquiler de equipo audiovisual;Organizador de eventos;Escenario;Proveedor de equipos de iluminación de escenarios,audio_visual_equipment_rental_service;appliances;business_related;business_service;ceremonial_occasions;company;electrical_equipment;establishment;establishment_poi;event_venue;feature;party;party_planner;professional_services;public_api_establishment;rental;services;stage;stage_lighting_equipment_supplier;weddings,19,Abierto · Cierre: 0:00,APIFY_GOOGLE_MAPS_SCRAPER,0x900e887ea51aaeb:0x5bd214401a1b3302,0x900e887ea51aaeb:0x5bd214401a1b3302,6616373068109132546,2026-10-07T09:39:47.719Z,2026-10-07T09:39:47.719Z,st_alquiler-de-instrumentos-musicales.json
ChIJHyV7-rcoQg0RSfgDxWTyZSs,Sadepra SA,INSTRUMENTS,DISTRIBUTION,distribuidor de instrumentos musicales,"C. de Eraso, 6, 4º C, Salamanca, 28028 Madrid","Sadepra SA, C. de Eraso, 6, 4º C, Salamanca, 28028 Madrid","C. de Eraso, 6, 4º C",Salamanca,Madrid,28028,Madrid,ES,40.433605,-3.6720256,+34917242800,,,https://www.google.com/maps/place/data=!3m1!4b1!4m2!3m1!1s0xd4228b7fa7b251f:0x2b65f264c503f849,5,3,OPEN,True,Tienda de instrumentos musicales,Tienda de instrumentos musicales;Proveedor de equipos eléctricos,electrical_equipment_supplier;art;company;electrical_equipment;electronics;establishment;establishment_poi;feature;music;music_store;musical_instrument_store;performing_arts;public_api_establishment;sheet_music_and_musical_instruments;shopping;store,8,Cerrado · Apertura: 9:00,APIFY_GOOGLE_MAPS_SCRAPER,0xd4228b7fa7b251f:0x2b65f264c503f849,0xd4228b7fa7b251f:0x2b65f264c503f849,3127172030894700617,2026-10-06T23:08:56.054Z,2026-10-07T09:39:52.372Z,st_distribuidor-de-instrumentos-musicales.json
ChIJMUJoejEnQg0RrQnHvWicVAc,"BATS, Alquiler de instrumentos por suscripción",INSTRUMENTS,RENTAL,alquiler de instrumentos musicales,"C/ de Francisco Vitoria, 5, Retiro, 28007 Madrid","BATS, Alquiler de instrumentos por suscripción, C/ de Francisco Vitoria, 5, Retiro, 28007 Madrid","C/ de Francisco Vitoria, 5",Retiro,Madrid,28007,Madrid,ES,40.4083319,-3.6737363999999997,+34654969691,http://www.batsss.es,batsss.es,https://www.google.com/maps/place/data=!3m1!4b1!4m2!3m1!1s0xd4227317a684231:0x7549c68bdc709ad,5,2,OPEN,True,Servicio de alquiler de instrumentos musicales,Servicio de alquiler de instrumentos musicales,musical_instrument_rental_service;art;establishment;establishment_poi;feature;music;performing_arts;public_api_establishment;rental;services,11,Cerrado · Apertura: 9:30,APIFY_GOOGLE_MAPS_SCRAPER,0xd4227317a684231:0x7549c68bdc709ad,0xd4227317a684231:0x7549c68bdc709ad,528219029983660461,2026-10-06T23:08:52.095Z,2026-10-07T09:39:47.719Z,st_alquiler-de-instrumentos-musicales.json
ChIJW3Bh2kUlQg0RAHu4Nsjv0n8,Backline Music Madrid (Alquiler de instrumentos),INSTRUMENTS,RENTAL,alquiler de instrumentos musicales,"C. Gamonal, 5, planta 1 local 12, Villa de Vallecas, 28031 Madrid","Backline Music Madrid (Alquiler de instrumentos), C. Gamonal, 5, planta 1 local 12, Villa de Vallecas, 28031 Madrid","C. Gamonal, 5, planta 1 local 12",Villa de Vallecas,Madrid,28031,Madrid,ES,40.3721928,-3.6466403,+34616145337,,,https://www.google.com/maps/place/data=!3m1!4b1!4m2!3m1!1s0xd422545da61705b:0x7fd2efc836b87b00,5,2,OPEN,False,Servicio de alquiler de instrumentos musicales,Servicio de alquiler de instrumentos musicales;DJ;Agencia de alquiler de equipos;Festival;Servicio de alquiler de equipos para karaoke,musical_instrument_rental_service;art;business_related;business_service;company;dj;entertainment;entertainment_and_recreation;equipment_rental_agency;establishment;establishment_poi;event_venue;feature;festival;karaoke_equipment_rental_service;machinery;music;party;performing_arts;production;public_api_establishment;rental;services;tourism;vacances,1,Cerrado · Apertura: 9:00,APIFY_GOOGLE_MAPS_SCRAPER,0xd422545da61705b:0x7fd2efc836b87b00,0xd422545da61705b:0x7fd2efc836b87b00,9210687831116643072,2026-10-06T23:08:52.095Z,2026-10-07T09:39:47.719Z,st_alquiler-de-instrumentos-musicales.json
ChIJDXxXm58pQg0RxehCnQF3OdQ,Tienda de instrumentos musicales,INSTRUMENTS,RETAIL;DISTRIBUTION,tienda de instrumentos musicales;distribuidor de instrumentos musicales,"C. de Cristóbal Bordiú, 22, Chamberí, 28003 Madrid","Tienda de instrumentos musicales, C. de Cristóbal Bordiú, 22, Chamberí, 28003 Madrid","C. de Cristóbal Bordiú, 22",Chamberí,Madrid,28003,Madrid,ES,40.443078299999996,-3.701205,+34604175194,,,https://www.google.com/maps/place/data=!3m1!4b1!4m2!3m1!1s0xd42299f9b577c0d:0xd43977019d42e8c5,5,2,OPEN,False,Musical instrument store,Musical instrument store,musical_instrument_store;art;establishment;establishment_poi;feature;music;music_store;performing_arts;public_api_establishment;sheet_music_and_musical_instruments;shopping;store,1,Closed · Opens 6:30 am,APIFY_GOOGLE_MAPS_SCRAPER,0xd42299f9b577c0d:0xd43977019d42e8c5,0xd42299f9b577c0d:0xd43977019d42e8c5,15292384858530310341,2026-10-05T23:13:55.186Z,2026-10-07T09:39:52.371Z,st_tienda-de-instrumentos-musicales.json;st_distribuidor-de-instrumentos-musicales.json
ChIJ84xmsdsoQg0RTkut8Uw5P2M,Melting Pot Records,INSTRUMENTS,SECOND_HAND,instrumentos musicales de segunda mano,"C. de Pérez Ayuso, 2, Chamartín, 28002 Madrid","Melting Pot Records, C. de Pérez Ayuso, 2, Chamartín, 28002 Madrid","C. de Pérez Ayuso, 2",Chamartín,Madrid,28002,Madrid,ES,40.4473809,-3.6752067,+34660796189,https://www.meltingpot-records.net,meltingpot-records.net,https://www.google.com/maps/place/data=!3m1!4b1!4m2!3m1!1s0xd4228dbb1668cf3:0x633f394cf1ad4b4e,4.9,176,OPEN,True,Tienda de discos,Tienda de discos;Tienda de material para DJ;Comercio,record_store;art;dj_supply_store;establishment;establishment_poi;feature;music;music_store;performing_arts;public_api_establishment;shopping;store,39,Cerrado · Apertura: 13:00,APIFY_GOOGLE_MAPS_SCRAPER,0xd4228dbb1668cf3:0x633f394cf1ad4b4e,0xd4228dbb1668cf3:0x633f394cf1ad4b4e,7151497735922600782,2026-10-06T23:08:48.245Z,2026-10-06T23:08:48.245Z,st_instrumentos-musicales-de-segunda-mano.json
ChIJ14rkstUnQg0RdHTm3H37oew,Liquidator Music,INSTRUMENTS,SECOND_HAND,instrumentos musicales de segunda mano,"C. de las Dos Hermanas, 22, Centro, 28012 Madrid","Liquidator Music, C. de las Dos Hermanas, 22, Centro, 28012 Madrid","C. de las Dos Hermanas, 22",Centro,Madrid,28012,Madrid,ES,40.4103315,-3.7061409999999997,+34915322764,http://www.liquidatormusic.com,liquidatormusic.com,https://www.google.com/maps/place/data=!3m1!4b1!4m2!3m1!1s0xd4227d5b2e48ad7:0xeca1fb7ddce67474,4.9,154,OPEN,True,Tienda de discos,Tienda de discos,record_store;art;establishment;establishment_poi;feature;music;music_store;performing_arts;public_api_establishment;shopping;store,78,Cerrado · Apertura: 11:00,APIFY_GOOGLE_MAPS_SCRAPER,0xd4227d5b2e48ad7:0xeca1fb7ddce67474,0xd4227d5b2e48ad7:0xeca1fb7ddce67474,17051186182196982900,2026-10-06T23:08:48.244Z,2026-10-07T09:39:43.685Z,st_instrumentos-musicales-de-segunda-mano.json
ChIJd-CHFfEpQg0RqWra8hwhwLg,La Armonia de Vivir | Centro de desarrollo integral,INSTRUMENTS,RENTAL,alquiler de instrumentos musicales,"Calle del General Díaz Porlier, 36, Loc, Salamanca, 28001 Madrid","La Armonia de Vivir | Centro de desarrollo integral, Calle del General Díaz Porlier, 36, Loc, Salamanca, 28001 Madrid","Calle del General Díaz Porlier, 36, Loc",Salamanca,Madrid,28001,Madrid,ES,40.428185,-3.676841,+34912602183,https://laarmoniadevivir.es,laarmoniadevivir.es,https://www.google.com/maps/place/data=!3m1!4b1!4m2!3m1!1s0xd4229f11587e077:0xb8c0211cf2da6aa9,4.9,82,OPEN,True,Escuela de música,Escuela de música;Instructor de ajedrez;Escuela básica;Escuela de artes marciales,music_school;art;centres;chess_instructor;education;education_and_culture;educational_institution;entertainment_and_recreation;establishment;establishment_poi;feature;general_education_school;hauptschule;health;health_and_beauty;hobby_classes;institute;instruction;learning;learning_center;martial_arts;martial_arts_school;music;music_classes;music_instruction;musical_institutions;performing_arts;physical_fitness_program;places_of_interest;potentially_sensitive_entity;professional_services;public_api_establishment;recreation;school;secondary_school;services;sports;sports_activity_location;sports_school;training_courses,31,Cerrado · Apertura: 11:00,APIFY_GOOGLE_MAPS_SCRAPER,0xd4229f11587e077:0xb8c0211cf2da6aa9,0xd4229f11587e077:0xb8c0211cf2da6aa9,13312676906724387497,2026-10-06T23:08:52.096Z,2026-10-07T09:39:47.719Z,st_alquiler-de-instrumentos-musicales.json
ChIJfx6cEaYnQg0RFm-YmXVXy4g,Cellos En Fa,INSTRUMENTS,RENTAL,alquiler de instrumentos musicales,"C. de José Domingo Rus, 7, Hortaleza, 28043 Madrid","Cellos En Fa, C. de José Domingo Rus, 7, Hortaleza, 28043 Madrid","C. de José Domingo Rus, 7",Hortaleza,Madrid,28043,Madrid,ES,40.4640412,-3.6344604,+34645243987,http://cellosenfa.es,cellosenfa.es,https://www.google.com/maps/place/data=!3m1!4b1!4m2!3m1!1s0xd4227a6119c1e7f:0x88cb577599986f16,4.9,45,OPEN,True,Servicio de alquiler de instrumentos musicales,Servicio de alquiler de instrumentos musicales;Tienda de instrumentos musicales,musical_instrument_rental_service;art;establishment;establishment_poi;feature;music;music_store;musical_instrument_store;performing_arts;public_api_establishment;rental;services;sheet_music_and_musical_instruments;shopping;store,16,,APIFY_GOOGLE_MAPS_SCRAPER,0xd4227a6119c1e7f:0x88cb577599986f16,0xd4227a6119c1e7f:0x88cb577599986f16,9857068372030156566,2026-10-06T23:08:52.095Z,2026-10-07T09:39:47.719Z,st_alquiler-de-instrumentos-musicales.json
ChIJpdBKa_YnQg0R4n7Jfvrjwa8,Jacks on the Rocks: Alquiler,INSTRUMENTS,RENTAL,alquiler de instrumentos musicales,"C. de Eduardo Requenas, 10, Puente de Vallecas, 28053 Madrid","Jacks on the Rocks: Alquiler, C. de Eduardo Requenas, 10, Puente de Vallecas, 28053 Madrid","C. de Eduardo Requenas, 10",Puente de Vallecas,Madrid,28053,Madrid,ES,40.3906385,-3.6657553,+34914783000,http://www.jacksalquiler.com,jacksalquiler.com,https://www.google.com/maps/place/data=!3m1!4b1!4m2!3m1!1s0xd4227f66b4ad0a5:0xafc1e3fa7ec97ee2,4.9,8,OPEN,True,Alquiler de equipo audiovisual,Alquiler de equipo audiovisual,audio_visual_equipment_rental_service;appliances;business_related;business_service;electrical_equipment;establishment;establishment_poi;feature;public_api_establishment;rental;services,29,Cerrado · Apertura: 11:00,APIFY_GOOGLE_MAPS_SCRAPER,0xd4227f66b4ad0a5:0xafc1e3fa7ec97ee2,0xd4227f66b4ad0a5:0xafc1e3fa7ec97ee2,12664654292151008994,2026-10-06T23:08:52.095Z,2026-10-07T09:39:47.719Z,st_alquiler-de-instrumentos-musicales.json
ChIJ9ZGs8ygmQg0REJEO1oYjQGQ,Saxtienda,INSTRUMENTS,RETAIL;DISTRIBUTION;SECOND_HAND,tienda de instrumentos musicales;distribuidor de instrumentos musicales;instrumentos musicales de segunda mano,"C. de Atocha, 98, 2ºC, Centro, 28012 Madrid","Saxtienda, C. de Atocha, 98, 2ºC, Centro, 28012 Madrid","C. de Atocha, 98, 2ºC",Centro,Madrid,28012,Madrid,ES,40.410468,-3.6956759999999997,+34912901788,http://www.saxtienda.com,saxtienda.com,https://www.google.com/maps/place/data=!3m1!4b1!4m2!3m1!1s0xd422628f3ac91f5:0x64402386d60e9110,4.8,1181,OPEN,True,Musical instrument store,Musical instrument store;Stringed instrument maker,musical_instrument_store;art;establishment;establishment_poi;feature;music;music_store;performing_arts;public_api_establishment;sheet_music_and_musical_instruments;shopping;store;stringed_intrument_maker,27,Closed · Opens 11 am,APIFY_GOOGLE_MAPS_SCRAPER,0xd422628f3ac91f5:0x64402386d60e9110,0xd422628f3ac91f5:0x64402386d60e9110,7223812864326144272,2026-10-05T23:13:55.186Z,2026-10-07T09:39:52.371Z,st_tienda-de-instrumentos-musicales.json;st_distribuidor-de-instrumentos-musicales.json;st_instrumentos-musicales-de-segunda-mano.json
ChIJg1mI_LAoQg0RYkkeBiuFUmo,Todoukeleles.com,INSTRUMENTS,RETAIL;DISTRIBUTION;SECOND_HAND,tienda de instrumentos musicales;distribuidor de instrumentos musicales;instrumentos musicales de segunda mano,"Cl. de Ayala, 105, Salamanca, 28009 Madrid","Todoukeleles.com, Cl. de Ayala, 105, Salamanca, 28009 Madrid","Cl. de Ayala, 105",Salamanca,Madrid,28009,Madrid,ES,40.4271367,-3.6700968,+34911163396,http://www.todoukeleles.com,todoukeleles.com,https://www.google.com/maps/place/data=!3m1!4b1!4m2!3m1!1s0xd4228b0fc885983:0x6a52852b061e4962,4.8,406,OPEN,True,Musical instrument store,Musical instrument store,musical_instrument_store;art;establishment;establishment_poi;feature;music;music_store;performing_arts;public_api_establishment;sheet_music_and_musical_instruments;shopping;store,45,Closed · Opens 10:30 am,APIFY_GOOGLE_MAPS_SCRAPER,0xd4228b0fc885983:0x6a52852b061e4962,0xd4228b0fc885983:0x6a52852b061e4962,7661332335943371106,2026-10-05T23:13:55.186Z,2026-10-07T09:39:52.371Z,st_tienda-de-instrumentos-musicales.json;st_distribuidor-de-instrumentos-musicales.json;st_instrumentos-musicales-de-segunda-mano.json
ChIJo0bP9-QoQg0RTqWyE8faJWI,Alquiler Altavoces Madrid,INSTRUMENTS,RENTAL,alquiler de instrumentos musicales,"P.º de la Castellana, 114, Chamartín, 28046 Madrid","Alquiler Altavoces Madrid, P.º de la Castellana, 114, Chamartín, 28046 Madrid","P.º de la Castellana, 114",Chamartín,Madrid,28046,Madrid,ES,40.44712,-3.6902725999999997,+34606666086,https://altavocesmadrid.com,altavocesmadrid.com,https://www.google.com/maps/place/data=!3m1!4b1!4m2!3m1!1s0xd4228e4f7cf46a3:0x6225dac713b2a54e,4.8,56,OPEN,True,Alquiler de equipo audiovisual,Alquiler de equipo audiovisual;Empresa de organización de eventos;Discoteca móvil;Servicio de alquiler de equipos para fiestas,audio_visual_equipment_rental_service;appliances;art;business_related;business_service;electrical_equipment;entertainment;entertainment_and_recreation;establishment;establishment_poi;event_management_company;feature;mobile_disco;music;party;party_equipment_rental_service;party_service;performing_arts;professional_services;public_api_establishment;recreation;rental;services,61,Abierto 24 horas,APIFY_GOOGLE_MAPS_SCRAPER,0xd4228e4f7cf46a3:0x6225dac713b2a54e,0xd4228e4f7cf46a3:0x6225dac713b2a54e,7072299338419053902,2026-10-06T23:08:52.095Z,2026-10-07T09:39:47.719Z,st_alquiler-de-instrumentos-musicales.json
ChIJW9quJBglQg0Rr5HWTnh_FgA,Alquileres Vk Dj / Karaoke / Fotomaton / Equipos de Imagen y sonido @alquileresvk en Tiktok / Instagram,INSTRUMENTS,RENTAL,alquiler de instrumentos musicales,"Av. de la Democracia, 7, Puente de Vallecas, 28031 Madrid","Alquileres Vk Dj / Karaoke / Fotomaton / Equipos de Imagen y sonido @alquileresvk en Tiktok / Instagram, Av. de la Democracia, 7, Puente de Vallecas, 28031 Madrid","Av. de la Democracia, 7",Puente de Vallecas,Madrid,28031,Madrid,ES,40.3844035,-3.6253449,+34687124808,https://www.alquileresvk.com,alquileresvk.com,https://www.google.com/maps/place/data=!3m1!4b1!4m2!3m1!1s0xd42251824aeda5b:0x167f784ed691af,4.7,219,OPEN,True,Alquiler de equipo audiovisual,Alquiler de equipo audiovisual;DJ;Servicio de alquiler de equipos de oficina;Tienda de equipos de sonido;Karaoke,audio_visual_equipment_rental_service;adult_entertainment;appliances;art;business_related;business_service;company;dj;electrical_and_electronics_stores;electrical_equipment;electrical_goods;electrics;electronics;electronics_store;entertainment;entertainment_and_recreation;establishment;establishment_poi;feature;furniture;homes;music;office_equipment_rental_service;office_supply;party;performing_arts;professional_services;public_api_establishment;rental;services;shopping;stereo_store;store;suppliers;video_karaoke,71,Cerrado · Apertura: 11:00,APIFY_GOOGLE_MAPS_SCRAPER,0xd42251824aeda5b:0x167f784ed691af,0xd42251824aeda5b:0x167f784ed691af,6332604183122351,2026-10-06T23:08:52.096Z,2026-10-07T09:39:47.719Z,st_alquiler-de-instrumentos-musicales.json
ChIJQcvrC5QvQg0RogW1bYzk8gg,Todobajos,INSTRUMENTS,RETAIL;DISTRIBUTION;SECOND_HAND,tienda de instrumentos musicales;distribuidor de instrumentos musicales;instrumentos musicales de segunda mano,"C. de Suecia, 88, San Blas-Canillejas, 28022 Madrid","Todobajos, C. de Suecia, 88, San Blas-Canillejas, 28022 Madrid","C. de Suecia, 88",San Blas,Madrid,28022,Madrid,ES,40.431492299999995,-3.6053761,+34913067597,http://www.todobajos.es,todobajos.es,https://www.google.com/maps/place/data=!3m1!4b1!4m2!3m1!1s0xd422f940bebcb41:0x8f2e48c6db505a2,4.7,197,OPEN,True,Musical instrument store,Musical instrument store,musical_instrument_store;art;establishment;establishment_poi;feature;music;music_store;performing_arts;public_api_establishment;sheet_music_and_musical_instruments;shopping;store,123,Closed · Opens 11 am,APIFY_GOOGLE_MAPS_SCRAPER,0xd422f940bebcb41:0x8f2e48c6db505a2,0xd422f940bebcb41:0x8f2e48c6db505a2,644828988454536610,2026-10-05T23:13:55.186Z,2026-10-07T09:39:52.371Z,st_tienda-de-instrumentos-musicales.json;st_distribuidor-de-instrumentos-musicales.json;st_instrumentos-musicales-de-segunda-mano.json
ChIJD2j6MAQpQg0RGlS3VLNOeGc,Guitarras Ramírez,INSTRUMENTS,RETAIL;SECOND_HAND,tienda de instrumentos musicales;instrumentos musicales de segunda mano,"C. de la Paz, 8, Centro, 28012 Madrid","Guitarras Ramírez, C. de la Paz, 8, Centro, 28012 Madrid","C. de la Paz, 8",Centro,Madrid,28012,Madrid,ES,40.4150929,-3.7043904999999997,+34680122262,https://www.guitarrasramirez.com,guitarrasramirez.com,https://www.google.com/maps/place/data=!3m1!4b1!4m2!3m1!1s0xd42290430fa680f:0x67784eb354b7541a,4.7,165,OPEN,True,Guitar store,Guitar store;Music store;Musical instrument store,guitar_store;art;establishment;establishment_poi;feature;music;music_store;musical_instrument_store;performing_arts;public_api_establishment;sheet_music_and_musical_instruments;shopping;store,136,Closed · Opens 10 am,APIFY_GOOGLE_MAPS_SCRAPER,0xd42290430fa680f:0x67784eb354b7541a,0xd42290430fa680f:0x67784eb354b7541a,7455795715239269402,2026-10-05T23:13:55.186Z,2026-10-07T09:39:43.685Z,st_tienda-de-instrumentos-musicales.json;st_instrumentos-musicales-de-segunda-mano.json
ChIJ7csHvvEoQg0RtmkxMevCMaw,Bosco,INSTRUMENTS,RETAIL,tienda de instrumentos musicales,"Calle de Fernández de la Hoz, 78, Chamberí, 28003 Madrid","Bosco, Calle de Fernández de la Hoz, 78, Chamberí, 28003 Madrid","Calle de Fernández de la Hoz, 78",Chamberí,Madrid,28003,Madrid,ES,40.4401595,-3.6942741999999997,+34914426426,http://bosco.es,bosco.es,https://www.google.com/maps/place/data=!3m1!4b1!4m2!3m1!1s0xd4228f1be07cbed:0xac31c2eb313169b6,4.6,705,OPEN,True,Restaurant,Restaurant;Live music bar,restaurant;art;bar;bars_and_pubs;beverages;culture;eatery;education_and_culture;entertainment;entertainment_and_recreation;establishment;establishment_poi;event_venue;feature;food;food_and_drink;live_music_bar;live_music_venue;music;nightlife;performing_arts;public_api_establishment;restaurant_or_cafe,812,Closed · Opens 12 pm,APIFY_GOOGLE_MAPS_SCRAPER,0xd4228f1be07cbed:0xac31c2eb313169b6,0xd4228f1be07cbed:0xac31c2eb313169b6,12407912763780852150,2026-10-05T23:13:55.187Z,2026-10-05T23:13:55.187Z,st_tienda-de-instrumentos-musicales.json
ChIJuclz7SomQg0RIAIefh8a2kY,Olmo 10 Música,INSTRUMENTS,RETAIL;RENTAL;DISTRIBUTION;SECOND_HAND,tienda de instrumentos musicales;alquiler de instrumentos musicales;distribuidor de instrumentos musicales;instrumentos musicales de segunda mano,"C/ de San Fidel, 36, Cdad. Lineal, 28017 Madrid","Olmo 10 Música, C/ de San Fidel, 36, Cdad. Lineal, 28017 Madrid","C/ de San Fidel, 36",Ciudad Lineal,Madrid,28017,Madrid,ES,40.4269694,-3.6407654,+34695559850,http://www.olmo10musica.net,olmo10musica.net,https://www.google.com/maps/place/data=!3m1!4b1!4m2!3m1!1s0xd42262aed73c9b9:0x46da1a1f7e1e0220,4.5,72,OPEN,True,Musical instrument store,Musical instrument store,musical_instrument_store;art;establishment;establishment_poi;feature;music;music_store;performing_arts;public_api_establishment;sheet_music_and_musical_instruments;shopping;store,37,Closed · Opens 9:30 am,APIFY_GOOGLE_MAPS_SCRAPER,0xd42262aed73c9b9:0x46da1a1f7e1e0220,0xd42262aed73c9b9:0x46da1a1f7e1e0220,5105421850140082720,2026-10-05T23:13:55.186Z,2026-10-07T09:39:52.371Z,st_tienda-de-instrumentos-musicales.json;st_alquiler-de-instrumentos-musicales.json;st_distribuidor-de-instrumentos-musicales.json;st_instrumentos-musicales-de-segunda-mano.json
ChIJpezqIQQpQg0RqNRSkRXoiPE,Cash Converters,INSTRUMENTS,DISTRIBUTION;SECOND_HAND,distribuidor de instrumentos musicales;instrumentos musicales de segunda mano,"C. de Sor Ángela de la Cruz, 33, Tetuán, 28020 Madrid","Cash Converters, C. de Sor Ángela de la Cruz, 33, Tetuán, 28020 Madrid","C. de Sor Ángela de la Cruz, 33",Tetuán,Madrid,28020,Madrid,ES,40.4600037,-3.6973111,+34915716838,https://www.cashconverters.es/tiendas/madrid/sor-angela-de-la-cruz,cashconverters.es,https://www.google.com/maps/place/data=!3m1!4b1!4m2!3m1!1s0xd42290421eaeca5:0xf188e8159152d4a8,4.4,2295,OPEN,True,Tienda de artículos de segunda mano,Tienda de artículos de segunda mano;Tienda de móviles;Tienda de electrónica;Comerciante de oro;Comprador de joyas;Agencia de préstamos;Tienda de fotografía;Tienda de ordenadores de segunda mano;Tienda de videojuegos,second_hand_shop;appliance_store;audio_visual_equipment_supplier;camera_store;cell_phone_store;company;computer_service;computer_store;computers;construction;contractor;cuisine;design_services;electrical_and_electronics_stores;electrical_equipment;electrical_goods;electrics;electronics;electronics_store;engineer;entertainment;entertainment_and_recreation;establishment;establishment_poi;facility_contractor;fashion;fashion_accessories_store;feature;finance;financial_institution;game_store;games;gold_dealer;home_electronics;home_goods_store;home_services;homes;jeweler;jewelry_buyer;jewelry_store;loan_agency;mobile_phone;photo_shop;photographer;photography;photography_service;potentially_sensitive_entity;professional_services;public_api_establishment;services;shopping;store;telecommunications;used;used_computer_store;utility_contractor;video_game_store,110,Cerrado · Apertura: 10:00,APIFY_GOOGLE_MAPS_SCRAPER,0xd42290421eaeca5:0xf188e8159152d4a8,0xd42290421eaeca5:0xf188e8159152d4a8,17404415939303363752,2026-10-06T23:08:56.054Z,2026-10-07T09:39:52.372Z,st_distribuidor-de-instrumentos-musicales.json;st_instrumentos-musicales-de-segunda-mano.json
ChIJ-ZYGNygmQg0RKsNNaJF-rSg,Guitarras Juan Álvarez,INSTRUMENTS,RETAIL,tienda de instrumentos musicales,"C. de San Pedro, 7, Centro, 28014 Madrid","Guitarras Juan Álvarez, C. de San Pedro, 7, Centro, 28014 Madrid","C. de San Pedro, 7",Centro,Madrid,28014,Madrid,ES,40.4119988,-3.6947462,+34914292033,http://www.guitarrasjuanalvarez.es,guitarrasjuanalvarez.es,https://www.google.com/maps/place/data=!3m1!4b1!4m2!3m1!1s0xd422628370696f9:0x28ad7e91684dc32a,4.4,123,OPEN,True,Tienda de instrumentos musicales,Tienda de instrumentos musicales,musical_instrument_store;art;establishment;establishment_poi;feature;music;music_store;performing_arts;public_api_establishment;sheet_music_and_musical_instruments;shopping;store,25,Abierto · Cierre: 13:30 · Próxima apertura: 17:00,APIFY_GOOGLE_MAPS_SCRAPER,0xd422628370696f9:0x28ad7e91684dc32a,0xd422628370696f9:0x28ad7e91684dc32a,2931138095473345322,2026-10-07T09:39:38.892Z,2026-10-07T09:39:38.892Z,st_tienda-de-instrumentos-musicales.json
ChIJG-XFOtUmQg0RfZOdOg50hzE,Jeff Percussion,INSTRUMENTS,DISTRIBUTION,distribuidor de instrumentos musicales,"Polígono Empresarial de, C. Laguna del Marquesado, 49, H, 28021 Madrid","Jeff Percussion, Polígono Empresarial de, C. Laguna del Marquesado, 49, H, 28021 Madrid","Polígono Empresarial de, C. Laguna del Marquesado, 49, H",Villaverde,Madrid,28021,Madrid,ES,40.3332358,-3.7097355999999997,+34917982156,https://jeffpercussion.com,jeffpercussion.com,https://www.google.com/maps/place/data=!3m1!4b1!4m2!3m1!1s0xd4226d53ac5e51b:0x3187740e3a9d937d,4.4,37,OPEN,True,Tienda de música,Tienda de música;Servicio de comercio electrónico,music_store;art;company;computers;e_commerce_service;electronics;establishment;establishment_poi;feature;home_electronics;internet;music;performing_arts;public_api_establishment;shopping;store,4,Cerrado · Apertura: 9:00,APIFY_GOOGLE_MAPS_SCRAPER,0xd4226d53ac5e51b:0x3187740e3a9d937d,0xd4226d53ac5e51b:0x3187740e3a9d937d,3568948834176177021,2026-10-06T23:08:56.054Z,2026-10-07T09:39:52.372Z,st_distribuidor-de-instrumentos-musicales.json
ChIJ-WYHzgYpQg0Ryv52SXPnHZQ,Tienda de segunda mano - Real Cash (Bravo Murillo),INSTRUMENTS,SECOND_HAND,instrumentos musicales de segunda mano,"C. de Bravo Murillo, 263, Tetuán, 28020 Madrid","Tienda de segunda mano - Real Cash (Bravo Murillo), C. de Bravo Murillo, 263, Tetuán, 28020 Madrid","C. de Bravo Murillo, 263",Tetuán,Madrid,28020,Madrid,ES,40.4596514,-3.6996773999999997,+34915717293,http://www.realcash.es,realcash.es,https://www.google.com/maps/place/data=!3m1!4b1!4m2!3m1!1s0xd422906ce0766f9:0x941de7734976feca,4.3,685,OPEN,True,Tienda de artículos de segunda mano,Tienda de artículos de segunda mano;Tienda de segunda mano,second_hand_shop;company;discount_store;disposal;electric_utility_company;electrics;energy;establishment;establishment_poi;feature;industry;production;professional_services;public_api_establishment;services;shopping;store;thrift_store;used;waste_management_service,80,Cerrado · Apertura: 10:30,APIFY_GOOGLE_MAPS_SCRAPER,0xd422906ce0766f9:0x941de7734976feca,0xd422906ce0766f9:0x941de7734976feca,10672941174277734090,2026-10-06T23:08:48.244Z,2026-10-07T09:39:43.685Z,st_instrumentos-musicales-de-segunda-mano.json
ChIJxa7diLQoQg0RddBFUbmEsb4,Cash Converters,INSTRUMENTS,SECOND_HAND,instrumentos musicales de segunda mano,"C. Alcalá, 231, Salamanca, 28028 Madrid","Cash Converters, C. Alcalá, 231, Salamanca, 28028 Madrid","C. Alcalá, 231",Salamanca,Madrid,28028,Madrid,ES,40.4302375,-3.6647429999999996,+34913555335,https://www.cashconverters.es/tiendas/madrid/alcala,cashconverters.es,https://www.google.com/maps/place/data=!3m1!4b1!4m2!3m1!1s0xd4228b488ddaec5:0xbeb184b95145d075,4.2,1638,OPEN,True,Tienda de artículos de segunda mano,Tienda de artículos de segunda mano;Tienda de móviles;Tienda de electrónica;Comerciante de oro;Comprador de joyas;Agencia de préstamos;Tienda de fotografía;Tienda de ordenadores de segunda mano;Tienda de videojuegos,second_hand_shop;appliance_store;audio_visual_equipment_supplier;camera_store;cell_phone_store;company;computer_service;computer_store;computers;construction;contractor;cuisine;design_services;electrical_and_electronics_stores;electrical_equipment;electrical_goods;electrics;electronics;electronics_store;engineer;entertainment;entertainment_and_recreation;establishment;establishment_poi;facility_contractor;fashion;fashion_accessories_store;feature;finance;financial_institution;game_store;games;gold_dealer;home_electronics;home_goods_store;home_services;homes;jeweler;jewelry_buyer;jewelry_store;loan_agency;mobile_phone;photo_shop;photographer;photography;photography_service;potentially_sensitive_entity;professional_services;public_api_establishment;services;shopping;store;telecommunications;used;used_computer_store;utility_contractor;video_game_store,134,Abierto · Cierre: 20:30,APIFY_GOOGLE_MAPS_SCRAPER,0xd4228b488ddaec5:0xbeb184b95145d075,0xd4228b488ddaec5:0xbeb184b95145d075,13740909869551439989,2026-10-07T09:39:43.685Z,2026-10-07T09:39:43.685Z,st_instrumentos-musicales-de-segunda-mano.json
ChIJOQzrNtIoQg0Rsy6UsXHF3vg,Cash Converters,INSTRUMENTS,SECOND_HAND,instrumentos musicales de segunda mano,"C. del Corazón de María, 70, Chamartín, 28002 Madrid","Cash Converters, C. del Corazón de María, 70, Chamartín, 28002 Madrid","C. del Corazón de María, 70",Chamartín,Madrid,28002,Madrid,ES,40.4466891,-3.6661661999999997,+34914163951,https://www.cashconverters.es/tiendas/madrid/corazon-de-maria,cashconverters.es,https://www.google.com/maps/place/data=!3m1!4b1!4m2!3m1!1s0xd4228d236eb0c39:0xf8dec571b1942eb3,4.2,1003,OPEN,True,Tienda de artículos de segunda mano,Tienda de artículos de segunda mano;Tienda de móviles;Tienda de electrónica;Comerciante de oro;Comprador de joyas;Agencia de préstamos;Tienda de fotografía;Tienda de ordenadores de segunda mano;Tienda de videojuegos,second_hand_shop;appliance_store;audio_visual_equipment_supplier;camera_store;cell_phone_store;company;computer_service;computer_store;computers;construction;contractor;cuisine;design_services;electrical_and_electronics_stores;electrical_equipment;electrical_goods;electrics;electronics;electronics_store;engineer;entertainment;entertainment_and_recreation;establishment;establishment_poi;facility_contractor;fashion;fashion_accessories_store;feature;finance;financial_institution;game_store;games;gold_dealer;home_electronics;home_goods_store;home_services;homes;jeweler;jewelry_buyer;jewelry_store;loan_agency;mobile_phone;photo_shop;photographer;photography;photography_service;potentially_sensitive_entity;professional_services;public_api_establishment;services;shopping;store;telecommunications;used;used_computer_store;utility_contractor;video_game_store,67,Cerrado · Apertura: 10:00,APIFY_GOOGLE_MAPS_SCRAPER,0xd4228d236eb0c39:0xf8dec571b1942eb3,0xd4228d236eb0c39:0xf8dec571b1942eb3,17932987858337148595,2026-10-06T23:08:48.245Z,2026-10-07T09:39:43.685Z,st_instrumentos-musicales-de-segunda-mano.json
ChIJO0JTRYcoQg0RO6JTkYv8yKI,Killer's Discos,INSTRUMENTS,SECOND_HAND,instrumentos musicales de segunda mano,"C. de la Montera, 28, Centro, 28004 Madrid","Killer's Discos, C. de la Montera, 28, Centro, 28004 Madrid","C. de la Montera, 28",Centro,Madrid,28004,Madrid,ES,40.418697699999996,-3.7021371,+34915214433,http://www.discoskillers.com,discoskillers.com,https://www.google.com/maps/place/data=!3m1!4b1!4m2!3m1!1s0xd4228874553423b:0xa2c8fc8b9153a23b,4.2,483,OPEN,True,Tienda de discos,Tienda de discos,record_store;art;establishment;establishment_poi;feature;music;music_store;performing_arts;public_api_establishment;shopping;store,188,Cerrado · Apertura: 10:00,APIFY_GOOGLE_MAPS_SCRAPER,0xd4228874553423b:0xa2c8fc8b9153a23b,0xd4228874553423b:0xa2c8fc8b9153a23b,11729902905855287867,2026-10-06T23:08:48.244Z,2026-10-07T09:39:43.685Z,st_instrumentos-musicales-de-segunda-mano.json
ChIJB67y9H0sQg0ROTKx1b0QFS8,Call & Play Madrid,INSTRUMENTS,RENTAL;DISTRIBUTION,alquiler de instrumentos musicales;distribuidor de instrumentos musicales,"Av. de los Hermanos Granda, 3, San Blas-Canillejas, 28022 Madrid","Call & Play Madrid, Av. de los Hermanos Granda, 3, San Blas-Canillejas, 28022 Madrid","Av. de los Hermanos Granda, 3",San Blas-Canillejas,Madrid,28022,Madrid,ES,40.445547999999995,-3.5581655,+34914905036,http://www.callandplay.eu,callandplay.eu,https://www.google.com/maps/place/data=!3m1!4b1!4m2!3m1!1s0xd422c7df4f2ae07:0x2f1510bdd5b13239,4.2,87,OPEN,True,Servicio de alquiler de instrumentos musicales,Servicio de alquiler de instrumentos musicales;Proveedor de equipos audiovisuales;Tienda de instrumentos musicales,musical_instrument_rental_service;appliance_store;art;audio_visual_equipment_supplier;company;construction;contractor;cuisine;electrical_and_electronics_stores;electrical_goods;electrics;electronics;electronics_store;engineer;establishment;establishment_poi;facility_contractor;feature;home_goods_store;home_services;homes;music;music_store;musical_instrument_store;performing_arts;professional_services;public_api_establishment;rental;services;sheet_music_and_musical_instruments;shopping;store;utility_contractor,10,Cerrado · Apertura: 10:00,APIFY_GOOGLE_MAPS_SCRAPER,0xd422c7df4f2ae07:0x2f1510bdd5b13239,0xd422c7df4f2ae07:0x2f1510bdd5b13239,3392636301813559865,2026-10-06T23:08:52.095Z,2026-10-07T09:39:52.372Z,st_alquiler-de-instrumentos-musicales.json;st_distribuidor-de-instrumentos-musicales.json
ChIJ-4Uq_mAoQg0R05r5vY3Boso,Cash Converters,INSTRUMENTS,SECOND_HAND,instrumentos musicales de segunda mano,"C. de San Bernardo, 97, Chamberí, 28015 Madrid","Cash Converters, C. de San Bernardo, 97, Chamberí, 28015 Madrid","C. de San Bernardo, 97",Chamberí,Madrid,28015,Madrid,ES,40.430432599999996,-3.7057664999999997,+34914469990,https://www.cashconverters.es/tiendas/madrid/san-bernardo,cashconverters.es,https://www.google.com/maps/place/data=!3m1!4b1!4m2!3m1!1s0xd422860fe2a85fb:0xcaa2c18dbdf99ad3,4.1,1382,OPEN,True,Tienda de artículos de segunda mano,Tienda de artículos de segunda mano;Tienda de móviles;Tienda de electrónica;Comerciante de oro;Comprador de joyas;Agencia de préstamos;Tienda de fotografía;Tienda de ordenadores de segunda mano;Tienda de videojuegos,second_hand_shop;appliance_store;audio_visual_equipment_supplier;camera_store;cell_phone_store;company;computer_service;computer_store;computers;construction;contractor;cuisine;design_services;electrical_and_electronics_stores;electrical_equipment;electrical_goods;electrics;electronics;electronics_store;engineer;entertainment;entertainment_and_recreation;establishment;establishment_poi;facility_contractor;fashion;fashion_accessories_store;feature;finance;financial_institution;game_store;games;gold_dealer;home_electronics;home_goods_store;home_services;homes;jeweler;jewelry_buyer;jewelry_store;loan_agency;mobile_phone;photo_shop;photographer;photography;photography_service;potentially_sensitive_entity;professional_services;public_api_establishment;services;shopping;store;telecommunications;used;used_computer_store;utility_contractor;video_game_store,155,Cerrado · Apertura: 10:00,APIFY_GOOGLE_MAPS_SCRAPER,0xd422860fe2a85fb:0xcaa2c18dbdf99ad3,0xd422860fe2a85fb:0xcaa2c18dbdf99ad3,14601445756410370771,2026-10-06T23:08:48.245Z,2026-10-07T09:39:43.685Z,st_instrumentos-musicales-de-segunda-mano.json
ChIJFzqO-TUvQg0RWYoAUa8k_C0,Telkron electrónica y componentes,INSTRUMENTS,DISTRIBUTION,distribuidor de instrumentos musicales,"Av. Donostiarra, 13, Cdad. Lineal, 28027 Madrid","Telkron electrónica y componentes, Av. Donostiarra, 13, Cdad. Lineal, 28027 Madrid","Av. Donostiarra, 13",Ciudad Lineal,Madrid,28027,Madrid,ES,40.435014599999995,-3.6575854999999997,+34913264260,http://www.telkron.es,telkron.es,https://www.google.com/maps/place/data=!3m1!4b1!4m2!3m1!1s0xd422f35f98e3a17:0x2dfc24af51008a59,4.1,263,OPEN,True,Tienda de componentes electrónicos,Tienda de componentes electrónicos;Tienda de electricidad,electronic_parts_supplier;company;construction;electric_utility_company;electrical;electrical_and_electronics_stores;electrical_goods;electrical_supply_store;electrics;electronics;energy;equipment_supplier;establishment;establishment_poi;feature;industrial_equipment_supplier;industry;manufacturer;production;public_api_establishment;services;shopping;store;suppliers,10,Cerrado · Apertura: 8:00,APIFY_GOOGLE_MAPS_SCRAPER,0xd422f35f98e3a17:0x2dfc24af51008a59,0xd422f35f98e3a17:0x2dfc24af51008a59,3313563761234709081,2026-10-06T23:08:56.054Z,2026-10-07T09:39:52.372Z,st_distribuidor-de-instrumentos-musicales.json
ChIJ98GfcuwuQg0R-7SwuEnca-c,Call & Play Tienda,INSTRUMENTS,RETAIL;RENTAL;DISTRIBUTION;SECOND_HAND,tienda de instrumentos musicales;alquiler de instrumentos musicales;distribuidor de instrumentos musicales;instrumentos musicales de segunda mano,"Av. de Bucaramanga, 2, Hortaleza, 28033 Madrid","Call & Play Tienda, Av. de Bucaramanga, 2, Hortaleza, 28033 Madrid","Av. de Bucaramanga, 2",Hortaleza,Madrid,28033,Madrid,ES,40.4717828,-3.6359497,+34913817101,http://www.callandplay.eu,callandplay.eu,https://www.google.com/maps/place/data=!3m1!4b1!4m2!3m1!1s0xd422eec729fc1f7:0xe76bdc49b8b0b4fb,4.1,114,OPEN,True,Musical instrument store,Musical instrument store,musical_instrument_store;art;establishment;establishment_poi;feature;music;music_store;performing_arts;public_api_establishment;sheet_music_and_musical_instruments;shopping;store,35,Closed · Opens 10 am,APIFY_GOOGLE_MAPS_SCRAPER,0xd422eec729fc1f7:0xe76bdc49b8b0b4fb,0xd422eec729fc1f7:0xe76bdc49b8b0b4fb,16675664254458705147,2026-10-05T23:13:55.186Z,2026-10-07T09:39:52.371Z,st_tienda-de-instrumentos-musicales.json;st_alquiler-de-instrumentos-musicales.json;st_distribuidor-de-instrumentos-musicales.json;st_instrumentos-musicales-de-segunda-mano.json
ChIJOVdELb8lQg0RNoqghcFZI1c,Alquilerdeinstrumentos.Com,INSTRUMENTS,RENTAL;DISTRIBUTION;SECOND_HAND;RETAIL,alquiler de instrumentos musicales;distribuidor de instrumentos musicales;instrumentos musicales de segunda mano;tienda de instrumentos musicales,"C. de San Claudio, 57, Puente de Vallecas, 28038 Madrid","Alquilerdeinstrumentos.Com, C. de San Claudio, 57, Puente de Vallecas, 28038 Madrid","C. de San Claudio, 57",Puente de Vallecas,Madrid,28038,Madrid,ES,40.3901866,-3.6397931,+34654232876,http://www.alquilerdeinstrumentos.com,alquilerdeinstrumentos.com,https://www.google.com/maps/place/data=!3m1!4b1!4m2!3m1!1s0xd4225bf2d445739:0x572359c185a08a36,4.1,31,OPEN,True,Tienda de instrumentos musicales,Tienda de instrumentos musicales,musical_instrument_store;art;establishment;establishment_poi;feature;music;music_store;performing_arts;public_api_establishment;sheet_music_and_musical_instruments;shopping;store,18,Cerrado · Apertura: 9:00,APIFY_GOOGLE_MAPS_SCRAPER,0xd4225bf2d445739:0x572359c185a08a36,0xd4225bf2d445739:0x572359c185a08a36,6278960993190054454,2026-10-06T23:08:52.095Z,2026-10-07T09:39:52.372Z,st_alquiler-de-instrumentos-musicales.json;st_distribuidor-de-instrumentos-musicales.json;st_instrumentos-musicales-de-segunda-mano.json;st_tienda-de-instrumentos-musicales.json
ChIJrQJFX44oQg0RqOnpf8QnYPk,microFusa Shop Madrid,INSTRUMENTS,RETAIL;RENTAL;DISTRIBUTION;SECOND_HAND,tienda de instrumentos musicales;alquiler de instrumentos musicales;distribuidor de instrumentos musicales;instrumentos musicales de segunda mano,"C. de Ardemans, 9, Salamanca, 28028 Madrid","microFusa Shop Madrid, C. de Ardemans, 9, Salamanca, 28028 Madrid","C. de Ardemans, 9",Salamanca,Madrid,28028,Madrid,ES,40.4336063,-3.6717538999999997,+34917024587,https://www.microfusa.com/tienda,microfusa.com,https://www.google.com/maps/place/data=!3m1!4b1!4m2!3m1!1s0xd42288e5f4502ad:0xf96027c47fe9e9a8,4,507,OPEN,True,Musical instrument store,Musical instrument store;Audio visual equipment supplier;DJ supply store;Home audio store,musical_instrument_store;appliance_store;art;audio_visual_equipment_supplier;company;construction;contractor;cuisine;dj_supply_store;electrical_and_electronics_stores;electrical_goods;electrics;electronics;electronics_store;engineer;establishment;establishment_poi;facility_contractor;feature;home_goods_store;home_services;homes;music;music_store;performing_arts;professional_services;public_api_establishment;services;sheet_music_and_musical_instruments;shopping;stereo_store;store;utility_contractor,109,Closed · Opens 4 pm,APIFY_GOOGLE_MAPS_SCRAPER,0xd42288e5f4502ad:0xf96027c47fe9e9a8,0xd42288e5f4502ad:0xf96027c47fe9e9a8,17969406238121388456,2026-10-05T23:13:55.186Z,2026-10-07T09:39:52.371Z,st_tienda-de-instrumentos-musicales.json;st_alquiler-de-instrumentos-musicales.json;st_distribuidor-de-instrumentos-musicales.json;st_instrumentos-musicales-de-segunda-mano.json
ChIJxczXnegmQg0RqrTIB73_F1k,tabasco rock,INSTRUMENTS,RENTAL,alquiler de instrumentos musicales,"C. de Sáhara, 10, Villaverde, 28041 Madrid","tabasco rock, C. de Sáhara, 10, Villaverde, 28041 Madrid","C. de Sáhara, 10",Villaverde,Madrid,28041,Madrid,ES,40.3561878,-3.6926495,+34628794069,,,https://www.google.com/maps/place/data=!3m1!4b1!4m2!3m1!1s0xd4226e89dd7ccc5:0x5917ffbd07c8b4aa,4,1,OPEN,True,Servicio de alquiler de instrumentos musicales,Servicio de alquiler de instrumentos musicales,musical_instrument_rental_service;art;establishment;establishment_poi;feature;music;performing_arts;public_api_establishment;rental;services,2,,APIFY_GOOGLE_MAPS_SCRAPER,0xd4226e89dd7ccc5:0x5917ffbd07c8b4aa,0xd4226e89dd7ccc5:0x5917ffbd07c8b4aa,6419880981184427178,2026-10-06T23:08:52.095Z,2026-10-07T09:39:47.719Z,st_alquiler-de-instrumentos-musicales.json
ChIJietDZvooQg0RFBv-WJni--I,Karaoke Marfil,INSTRUMENTS,RENTAL,alquiler de instrumentos musicales,"Calle de Modesto Lafuente, 63, Chamberí, 28003 Madrid","Karaoke Marfil, Calle de Modesto Lafuente, 63, Chamberí, 28003 Madrid","Calle de Modesto Lafuente, 63",Chamberí,Madrid,28003,Madrid,ES,40.444724699999995,-3.6958647,+34696941628,https://www.karaokemarfil.es,karaokemarfil.es,https://www.google.com/maps/place/data=!3m1!4b1!4m2!3m1!1s0xd4228fa6643eb89:0xe2fbe29958fe1b14,3.4,731,OPEN,True,Karaoke,Karaoke;Discoteca;Club de karaoke,karaoke_bar;art;association_or_organization;bar;bars_and_pubs;beverages;club;dancing;disco;discos_and_night_clubs;entertainment;entertainment_and_recreation;establishment;establishment_poi;feature;food_and_drink;health;health_and_beauty;karaoke;karate_club;martial_arts;martial_arts_club;music;night_club;nightlife;performing_arts;physical_fitness_program;potentially_sensitive_entity;public_api_establishment;sports;sports_club,72,Abierto · Cierre: 3:00 · Próxima apertura: 19:00,APIFY_GOOGLE_MAPS_SCRAPER,0xd4228fa6643eb89:0xe2fbe29958fe1b14,0xd4228fa6643eb89:0xe2fbe29958fe1b14,16355915619977009940,2026-10-06T23:08:52.096Z,2026-10-06T23:08:52.096Z,st_alquiler-de-instrumentos-musicales.json
ChIJrTwbzdMpQg0R6J8fOkVBvgc,AIMAS Technologies,INSTRUMENTS,DISTRIBUTION,distribuidor de instrumentos musicales,"C/ de Fernández de Oviedo, 8, Chamartín, 28002 Madrid","AIMAS Technologies, C/ de Fernández de Oviedo, 8, Chamartín, 28002 Madrid","C/ de Fernández de Oviedo, 8",Chamartín,Madrid,28002,Madrid,ES,40.446446,-3.6715559,+34915532214,http://www.aimas.es,aimas.es,https://www.google.com/maps/place/data=!3m1!4b1!4m2!3m1!1s0xd4229d3cd1b3cad:0x7be41453a1f9fe8,3.3,12,OPEN,True,Taller de reparación de instrumentos musicales,Taller de reparación de instrumentos musicales;Servicios de ingeniería eléctrica;Tienda de equipos de sonido,stereo_store;art;company;electrical_and_electronics_stores;electrical_goods;electrics;electronic_engineer;electronics;electronics_store;engineer;establishment;establishment_poi;feature;music;musical_instrument_repair_shop;performing_arts;professional_services;public_api_establishment;repairs;services;shopping;store,10,Cerrado · Apertura: 10:00,APIFY_GOOGLE_MAPS_SCRAPER,0xd4229d3cd1b3cad:0x7be41453a1f9fe8,0xd4229d3cd1b3cad:0x7be41453a1f9fe8,557955169424220136,2026-10-06T23:08:56.054Z,2026-10-07T09:39:52.372Z,st_distribuidor-de-instrumentos-musicales.json
ChIJ9b4IRIqJQQ0RnuvuuIedZLM,"Compramos guitarras española,clásica, flamenca",INSTRUMENTS,DISTRIBUTION;SECOND_HAND,distribuidor de instrumentos musicales;instrumentos musicales de segunda mano,"C. de Ricla, Carabanchel, 28047 Madrid","Compramos guitarras española,clásica, flamenca, C. de Ricla, Carabanchel, 28047 Madrid",C. de Ricla,Carabanchel,Madrid,28047,Madrid,ES,40.389312499999996,-3.7439055,+34692487833,https://compramos-instrumentos-musicales.negocio.site,negocio.site,https://www.google.com/maps/place/data=!3m1!4b1!4m2!3m1!1s0xd41898a4408bef5:0xb3649d87b8eeeb9e,2.9,11,OPEN,False,Tienda de instrumentos musicales de segunda mano,Tienda de instrumentos musicales de segunda mano,used_musical_instrument_store;art;establishment;establishment_poi;feature;music;music_store;musical_instrument_store;performing_arts;public_api_establishment;second_hand_shop;sheet_music_and_musical_instruments;shopping;store;used,21,Cerrado · Apertura: 9:00,APIFY_GOOGLE_MAPS_SCRAPER,0xd41898a4408bef5:0xb3649d87b8eeeb9e,0xd41898a4408bef5:0xb3649d87b8eeeb9e,12926630036708977566,2026-10-06T23:08:56.054Z,2026-10-07T09:39:52.372Z,st_distribuidor-de-instrumentos-musicales.json;st_instrumentos-musicales-de-segunda-mano.json
ChIJOz5Odo4oQg0RDDWQNr1RfvU,La Tienda de los Musicales - Visita nuestra web,INSTRUMENTS,RETAIL;DISTRIBUTION;SECOND_HAND,tienda de instrumentos musicales;distribuidor de instrumentos musicales;instrumentos musicales de segunda mano,"Gran Vía, 78, Centro, 28013 Madrid","La Tienda de los Musicales - Visita nuestra web, Gran Vía, 78, Centro, 28013 Madrid","Gran Vía, 78",Centro,Madrid,28013,Madrid,ES,40.4235445,-3.7096594,,https://latiendadelosmusicales.es,latiendadelosmusicales.es,https://www.google.com/maps/place/data=!3m1!4b1!4m2!3m1!1s0xd42288e764e3e3b:0xf57e51bd3690350c,2.8,41,OPEN,True,Music store,Music store,music_store;art;establishment;establishment_poi;feature;music;performing_arts;public_api_establishment;shopping;store,25,Closed · Opens 11 am,APIFY_GOOGLE_MAPS_SCRAPER,0xd42288e764e3e3b:0xf57e51bd3690350c,0xd42288e764e3e3b:0xf57e51bd3690350c,17689666259463976204,2026-10-05T23:13:55.186Z,2026-10-07T09:39:52.371Z,st_tienda-de-instrumentos-musicales.json;st_distribuidor-de-instrumentos-musicales.json;st_instrumentos-musicales-de-segunda-mano.json
ChIJCWRpLWUoQg0Rh8BEc5YYFlE,Bax-shop | Bax Music ES,INSTRUMENTS,SECOND_HAND,instrumentos musicales de segunda mano,"C. de Manzanares, 4, Arganzuela, 28005 Madrid","Bax-shop | Bax Music ES, C. de Manzanares, 4, Arganzuela, 28005 Madrid","C. de Manzanares, 4",Arganzuela,Madrid,28005,Madrid,ES,40.413112999999996,-3.7182039999999996,+34911235052,https://www.bax-shop.es,bax-shop.es,https://www.google.com/maps/place/data=!3m1!4b1!4m2!3m1!1s0xd4228652d696409:0x511618967344c087,1.6,103,OPEN,True,Centro de llamadas,Centro de llamadas;Tienda de material para DJ;Tienda de guitarras;Tienda de música;Tienda de instrumentos musicales;Tienda de pianos;Tienda de partituras;Tienda de instrumentos musicales de segunda mano,call_center;art;bpo_company;company;dj_supply_store;establishment;establishment_poi;feature;guitar_store;music;music_store;musical_instrument_store;performing_arts;piano;piano_store;professional_services;public_api_establishment;second_hand_shop;services;services_companies;sheet_music_and_musical_instruments;sheet_music_store;shopping;store;used;used_musical_instrument_store,2,,APIFY_GOOGLE_MAPS_SCRAPER,0xd4228652d696409:0x511618967344c087,0xd4228652d696409:0x511618967344c087,5842884601017843847,2026-10-06T23:08:48.245Z,2026-10-06T23:08:48.245Z,st_instrumentos-musicales-de-segunda-mano.json
ChIJe45uIWgnQg0RZHRGlvW79WI,Tienda de instrumentos musicales,INSTRUMENTS,DISTRIBUTION,distribuidor de instrumentos musicales,"C. Vía Carpetana, 173, Carabanchel, 28025 Madrid","Tienda de instrumentos musicales, C. Vía Carpetana, 173, Carabanchel, 28025 Madrid","C. Vía Carpetana, 173",Carabanchel,Madrid,28025,Madrid,ES,40.3904948,-3.7432510999999997,+34604385403,,,https://www.google.com/maps/place/data=!3m1!4b1!4m2!3m1!1s0xd422768216e8e7b:0x62f5bbf596467464,,0,OPEN,True,Tienda de instrumentos musicales,Tienda de instrumentos musicales,musical_instrument_store;art;establishment;establishment_poi;feature;music;music_store;performing_arts;public_api_establishment;sheet_music_and_musical_instruments;shopping;store,1,Cerrado · Apertura: 10:00,APIFY_GOOGLE_MAPS_SCRAPER,0xd422768216e8e7b:0x62f5bbf596467464,0xd422768216e8e7b:0x62f5bbf596467464,7130812248473629796,2026-10-06T23:08:56.054Z,2026-10-07T09:39:52.372Z,st_distribuidor-de-instrumentos-musicales.json
ChIJeWOU5VcoQg0RQXmapjsoiaU,sonido profesional,INSTRUMENTS,DISTRIBUTION,distribuidor de instrumentos musicales,"Calle de María de Guzmán, 6, Chamberí, 28003 Madrid","sonido profesional, Calle de María de Guzmán, 6, Chamberí, 28003 Madrid","Calle de María de Guzmán, 6",Chamberí,Madrid,28003,Madrid,ES,40.44426,-3.7034719,+34915532214,,,https://www.google.com/maps/place/data=!3m1!4b1!4m2!3m1!1s0xd422857e5946379:0xa589283ba69a7941,,0,OPEN,False,Comercio,Comercio,store;establishment;establishment_poi;feature;public_api_establishment;shopping,1,Cerrado · Apertura: 10:00,APIFY_GOOGLE_MAPS_SCRAPER,0xd422857e5946379:0xa589283ba69a7941,0xd422857e5946379:0xa589283ba69a7941,11928109324730792257,2026-10-06T23:08:56.054Z,2026-10-07T09:39:52.372Z,st_distribuidor-de-instrumentos-musicales.json
ChIJlbMs4ikmQg0RjwPA5Ta1NbU,Tununtunumba | Tienda de instrumentos musicales,INSTRUMENTS;CRAFT_AND_REPAIR,RETAIL;PIANO_TECHNICIAN;RENTAL;DISTRIBUTION;SECOND_HAND,tienda de instrumentos musicales;afinador de pianos;alquiler de instrumentos musicales;distribuidor de instrumentos musicales;instrumentos musicales de segunda mano,"Calle de Sta. María, 34, Centro, 28014 Madrid","Tununtunumba | Tienda de instrumentos musicales, Calle de Sta. María, 34, Centro, 28014 Madrid","Calle de Sta. María, 34",Centro,Madrid,28014,Madrid,ES,40.412800399999995,-3.6968859999999997,+34914200450,https://tununtunumba.com,tununtunumba.com,https://www.google.com/maps/place/data=!3m1!4b1!4m2!3m1!1s0xd422629e22cb395:0xb535b536e5c0038f,4.9,619,OPEN,True,Musical instrument store,Musical instrument store,musical_instrument_store;art;establishment;establishment_poi;feature;music;music_store;performing_arts;public_api_establishment;sheet_music_and_musical_instruments;shopping;store,116,Closed · Opens 10 am,APIFY_GOOGLE_MAPS_SCRAPER,0xd422629e22cb395:0xb535b536e5c0038f,0xd422629e22cb395:0xb535b536e5c0038f,13057541942018048911,2026-10-05T23:13:55.185Z,2026-10-07T09:40:20.825Z,st_tienda-de-instrumentos-musicales.json;st_afinador-de-pianos.json;st_alquiler-de-instrumentos-musicales.json;st_distribuidor-de-instrumentos-musicales.json;st_instrumentos-musicales-de-segunda-mano.json
ChIJWRfxl48oQg0RCmEER8_X0Y4,Rincón Musical,INSTRUMENTS;CRAFT_AND_REPAIR,RETAIL;PIANO_TECHNICIAN;RENTAL;DISTRIBUTION;SECOND_HAND;INSTRUMENT_REPAIR;RESTORATION,tienda de instrumentos musicales;afinador de pianos;alquiler de instrumentos musicales;distribuidor de instrumentos musicales;instrumentos musicales de segunda mano;reparación de instrumentos musicales;restauración de instrumentos musicales,"Pl. de las Salesas, 3, Centro, 28004 Madrid","Rincón Musical, Pl. de las Salesas, 3, Centro, 28004 Madrid","Pl. de las Salesas, 3",Centro,Madrid,28004,Madrid,ES,40.4246336,-3.6948537,+34913192919,http://rinconmusical.es,rinconmusical.es,https://www.google.com/maps/place/data=!3m1!4b1!4m2!3m1!1s0xd42288f97f11759:0x8ed1d7cf4704610a,4.9,360,OPEN,True,Piano store,Piano store,piano_store;art;establishment;establishment_poi;feature;music;music_store;musical_instrument_store;performing_arts;piano;public_api_establishment;sheet_music_and_musical_instruments;shopping;store,141,Closed · Opens 10 am,APIFY_GOOGLE_MAPS_SCRAPER,0xd42288f97f11759:0x8ed1d7cf4704610a,0xd42288f97f11759:0x8ed1d7cf4704610a,10291243908767965450,2026-10-05T23:13:55.186Z,2026-10-07T09:40:25.333Z,st_tienda-de-instrumentos-musicales.json;st_afinador-de-pianos.json;st_alquiler-de-instrumentos-musicales.json;st_distribuidor-de-instrumentos-musicales.json;st_instrumentos-musicales-de-segunda-mano.json;st_reparacion-de-instrumentos-musicales.json;st_restauracion-de-instrumentos-musicales.json
ChIJgRYdgyYmQg0RYJ9OOyfBGOE,Electrónica Baile,INSTRUMENTS;CRAFT_AND_REPAIR,RETAIL;DISTRIBUTION;SECOND_HAND;INSTRUMENT_REPAIR,tienda de instrumentos musicales;distribuidor de instrumentos musicales;instrumentos musicales de segunda mano;reparación de instrumentos musicales,"Cl. de San Maximiliano, 13, 2a, Cdad. Lineal, 28017 Madrid","Electrónica Baile, Cl. de San Maximiliano, 13, 2a, Cdad. Lineal, 28017 Madrid","Cl. de San Maximiliano, 13, 2a",Ciudad Lineal,Madrid,28017,Madrid,ES,40.4237956,-3.6553744999999997,+34917728996,https://www.electronicabaile.com,electronicabaile.com,https://www.google.com/maps/place/data=!3m1!4b1!4m2!3m1!1s0xd422626831d1681:0xe118c1273b4e9f60,4.9,177,OPEN,True,Musical instrument store,Musical instrument store;Electronic parts supplier;Musical instrument repair shop,musical_instrument_store;art;company;electronic_parts_supplier;electronics;equipment_supplier;establishment;establishment_poi;feature;industrial_equipment_supplier;industry;manufacturer;music;music_store;musical_instrument_repair_shop;performing_arts;production;professional_services;public_api_establishment;repairs;services;sheet_music_and_musical_instruments;shopping;store;suppliers,13,Closed · Opens 9:30 am,APIFY_GOOGLE_MAPS_SCRAPER,0xd422626831d1681:0xe118c1273b4e9f60,0xd422626831d1681:0xe118c1273b4e9f60,16219926432217735008,2026-10-05T23:13:55.186Z,2026-10-07T09:40:02.028Z,st_tienda-de-instrumentos-musicales.json;st_distribuidor-de-instrumentos-musicales.json;st_instrumentos-musicales-de-segunda-mano.json;st_reparacion-de-instrumentos-musicales.json
ChIJR5v4Q9knQg0Rd7FEyparmTU,Home of the Flute,INSTRUMENTS;CRAFT_AND_REPAIR,RETAIL;RENTAL;INSTRUMENT_REPAIR,tienda de instrumentos musicales;alquiler de instrumentos musicales;reparación de instrumentos musicales,"Calle de Santa Casilda, 1, Arganzuela, 28005 Madrid","Home of the Flute, Calle de Santa Casilda, 1, Arganzuela, 28005 Madrid","Calle de Santa Casilda, 1",Arganzuela,Madrid,28005,Madrid,ES,40.4048583,-3.7133952999999997,+34914731126,https://elhogardelaflautatravesera.com,elhogardelaflautatravesera.com,https://www.google.com/maps/place/data=!3m1!4b1!4m2!3m1!1s0xd4227d943f89b47:0x3599ab96ca44b177,4.9,109,OPEN,True,Musical instrument store,Musical instrument store;Musical instrument rental service;Musical instrument repair shop,musical_instrument_store;art;establishment;establishment_poi;feature;music;music_store;musical_instrument_rental_service;musical_instrument_repair_shop;performing_arts;professional_services;public_api_establishment;rental;repairs;services;sheet_music_and_musical_instruments;shopping;store,55,Closed · Opens 10 am,APIFY_GOOGLE_MAPS_SCRAPER,0xd4227d943f89b47:0x3599ab96ca44b177,0xd4227d943f89b47:0x3599ab96ca44b177,3862306819573854583,2026-10-05T23:13:55.186Z,2026-10-07T09:40:02.028Z,st_tienda-de-instrumentos-musicales.json;st_alquiler-de-instrumentos-musicales.json;st_reparacion-de-instrumentos-musicales.json
ChIJg1mI_LAoQg0RfboZZp8ZDfw,Cuerdasguitarra.com,INSTRUMENTS;CRAFT_AND_REPAIR,RETAIL;DISTRIBUTION;INSTRUMENT_REPAIR,tienda de instrumentos musicales;distribuidor de instrumentos musicales;reparación de instrumentos musicales,"Cl. de Ayala, 105, Salamanca, 28009 Madrid","Cuerdasguitarra.com, Cl. de Ayala, 105, Salamanca, 28009 Madrid","Cl. de Ayala, 105",Salamanca,Madrid,28009,Madrid,ES,40.4271965,-3.6701770999999996,+34911163396,http://www.cuerdasguitarra.com,cuerdasguitarra.com,https://www.google.com/maps/place/data=!3m1!4b1!4m2!3m1!1s0xd4228b0fc885983:0xfc0d199f6619ba7d,4.9,97,OPEN,True,Musical instrument store,Musical instrument store,musical_instrument_store;art;establishment;establishment_poi;feature;music;music_store;performing_arts;public_api_establishment;sheet_music_and_musical_instruments;shopping;store,6,Closed · Opens 10:30 am,APIFY_GOOGLE_MAPS_SCRAPER,0xd4228b0fc885983:0xfc0d199f6619ba7d,0xd4228b0fc885983:0xfc0d199f6619ba7d,18162201044658535037,2026-10-05T23:13:55.186Z,2026-10-07T09:40:02.028Z,st_tienda-de-instrumentos-musicales.json;st_distribuidor-de-instrumentos-musicales.json;st_reparacion-de-instrumentos-musicales.json
ChIJF3Htg4UoQg0RuYd9SMLn-Ng,Musical Barquillo Sl.,INSTRUMENTS;CRAFT_AND_REPAIR,RETAIL;DISTRIBUTION;SECOND_HAND;INSTRUMENT_REPAIR,tienda de instrumentos musicales;distribuidor de instrumentos musicales;instrumentos musicales de segunda mano;reparación de instrumentos musicales,"C. del Barquillo, 32, Centro, 28004 Madrid","Musical Barquillo Sl., C. del Barquillo, 32, Centro, 28004 Madrid","C. del Barquillo, 32",Centro,Madrid,28004,Madrid,ES,40.422917999999996,-3.695556,+34915234452,http://www.musicalbarquillo.com,musicalbarquillo.com,https://www.google.com/maps/place/data=!3m1!4b1!4m2!3m1!1s0xd42288583ed7117:0xd8f8e7c2487d87b9,4.8,392,OPEN,True,Home audio store,Home audio store,stereo_store;company;electrical_and_electronics_stores;electrical_goods;electrics;electronics;electronics_store;establishment;establishment_poi;feature;public_api_establishment;shopping;store,42,Closed · Opens 10 am,APIFY_GOOGLE_MAPS_SCRAPER,0xd42288583ed7117:0xd8f8e7c2487d87b9,0xd42288583ed7117:0xd8f8e7c2487d87b9,15634500928042534841,2026-10-05T23:13:55.186Z,2026-10-07T09:40:02.029Z,st_tienda-de-instrumentos-musicales.json;st_distribuidor-de-instrumentos-musicales.json;st_instrumentos-musicales-de-segunda-mano.json;st_reparacion-de-instrumentos-musicales.json
ChIJe_tfWokoQg0RoK7NVTtYLxE,"MUSICAL PERALES, instrumentos de viento",INSTRUMENTS;CRAFT_AND_REPAIR,RETAIL;DISTRIBUTION;SECOND_HAND;INSTRUMENT_REPAIR;BRASS_REPAIR;WOODWIND_REPAIR,tienda de instrumentos musicales;distribuidor de instrumentos musicales;instrumentos musicales de segunda mano;reparación de instrumentos musicales;reparación instrumentos de metal;reparación instrumentos de viento,"C/ de Emilio Carrere, 4, Chamberí, 28015 Madrid","MUSICAL PERALES, instrumentos de viento, C/ de Emilio Carrere, 4, Chamberí, 28015 Madrid","C/ de Emilio Carrere, 4",Chamberí,Madrid,28015,Madrid,ES,40.4312451,-3.7093637,+34915917391,https://musical-perales.es,musical-perales.es,https://www.google.com/maps/place/data=!3m1!4b1!4m2!3m1!1s0xd4228895a5ffb7b:0x112f583b55cdaea0,4.8,117,OPEN,True,Musical instrument store,Musical instrument store;Store,musical_instrument_store;art;establishment;establishment_poi;feature;music;music_store;performing_arts;public_api_establishment;sheet_music_and_musical_instruments;shopping;store,6,Closed · Opens 10 am,APIFY_GOOGLE_MAPS_SCRAPER,0xd4228895a5ffb7b:0x112f583b55cdaea0,0xd4228895a5ffb7b:0x112f583b55cdaea0,1238305434416033440,2026-10-05T23:13:55.185Z,2026-10-07T09:40:16.358Z,st_tienda-de-instrumentos-musicales.json;st_distribuidor-de-instrumentos-musicales.json;st_instrumentos-musicales-de-segunda-mano.json;st_reparacion-de-instrumentos-musicales.json;st_reparacion-instrumentos-de-metal.json;st_reparacion-instrumentos-de-viento.json
ChIJQRfVp4onQg0RXs7P1evGpWo,Musical Princesa,INSTRUMENTS;CRAFT_AND_REPAIR,RETAIL;PIANO_TECHNICIAN;RENTAL;DISTRIBUTION;SECOND_HAND;BRASS_REPAIR,tienda de instrumentos musicales;afinador de pianos;alquiler de instrumentos musicales;distribuidor de instrumentos musicales;instrumentos musicales de segunda mano;reparación instrumentos de metal,"C. Vía Carpetana, 173, BAJO;LOCUTORIO, Carabanchel, 28047 Madrid","Musical Princesa, C. Vía Carpetana, 173, BAJO;LOCUTORIO, Carabanchel, 28047 Madrid","C. Vía Carpetana, 173, BAJO;LOCUTORIO",Carabanchel,Madrid,28047,Madrid,ES,40.3905422,-3.7433962999999997,+34914220722,http://www.musicalprincesa.com,musicalprincesa.com,https://www.google.com/maps/place/data=!3m1!4b1!4m2!3m1!1s0xd42278aa7d51741:0x6aa5c6ebd5cfce5e,4.7,939,OPEN,True,Musical instrument store,Musical instrument store,musical_instrument_store;art;establishment;establishment_poi;feature;music;music_store;performing_arts;public_api_establishment;sheet_music_and_musical_instruments;shopping;store,172,Closed · Opens 10 am,APIFY_GOOGLE_MAPS_SCRAPER,0xd42278aa7d51741:0x6aa5c6ebd5cfce5e,0xd42278aa7d51741:0x6aa5c6ebd5cfce5e,7684767055384399454,2026-10-05T23:13:55.185Z,2026-10-07T09:40:20.825Z,st_tienda-de-instrumentos-musicales.json;st_afinador-de-pianos.json;st_alquiler-de-instrumentos-musicales.json;st_distribuidor-de-instrumentos-musicales.json;st_instrumentos-musicales-de-segunda-mano.json;st_reparacion-instrumentos-de-metal.json
ChIJc8-sqCkmQg0Rm-dFjDZytJg,The Guitarreria Madrid,INSTRUMENTS;CRAFT_AND_REPAIR,RETAIL;PIANO_TECHNICIAN;SECOND_HAND;LUTHIER,tienda de instrumentos musicales;afinador de pianos;instrumentos musicales de segunda mano;luthier,"C. de Atocha, 99, Centro, 28012 Madrid","The Guitarreria Madrid, C. de Atocha, 99, Centro, 28012 Madrid","C. de Atocha, 99",Centro,Madrid,28012,Madrid,ES,40.4109208,-3.6958702,+34910814341,http://www.laguitarreriademadrid.es,laguitarreriademadrid.es,https://www.google.com/maps/place/data=!3m1!4b1!4m2!3m1!1s0xd422629a8accf73:0x98b472368c45e79b,4.7,152,OPEN,True,Guitar store,Guitar store;Musical instrument repair shop;Musical instrument store,guitar_store;art;establishment;establishment_poi;feature;music;music_store;musical_instrument_repair_shop;musical_instrument_store;performing_arts;professional_services;public_api_establishment;repairs;services;sheet_music_and_musical_instruments;shopping;store,177,Closed · Opens 10 am,APIFY_GOOGLE_MAPS_SCRAPER,0xd422629a8accf73:0x98b472368c45e79b,0xd422629a8accf73:0x98b472368c45e79b,11003545368180156315,2026-10-05T23:13:55.187Z,2026-10-07T09:40:20.825Z,st_tienda-de-instrumentos-musicales.json;st_afinador-de-pianos.json;st_instrumentos-musicales-de-segunda-mano.json;st_luthier.json
ChIJ5-m-e3koQg0RisVyNk-i9Go,GUITARRERIA MARIANO CONDE,INSTRUMENTS;CRAFT_AND_REPAIR,DISTRIBUTION;RESTORATION;SECOND_HAND,distribuidor de instrumentos musicales;restauración de instrumentos musicales;instrumentos musicales de segunda mano,"C. de la Amnistía, 1, Centro, 28013 Madrid","GUITARRERIA MARIANO CONDE, C. de la Amnistía, 1, Centro, 28013 Madrid","C. de la Amnistía, 1",Centro,Madrid,28013,Madrid,ES,40.417178299999996,-3.7100562999999998,+34915218155,https://marianoconde.com,marianoconde.com,https://www.google.com/maps/place/data=!3m1!4b1!4m2!3m1!1s0xd4228797bbee9e7:0x6af4a24f3672c58a,4.7,133,OPEN,True,Tienda de guitarras,Tienda de guitarras;Servicio de restauración artística,guitar_store;art;art_restoration_service;establishment;establishment_poi;feature;music;music_store;musical_instrument_store;performing_arts;professional_services;public_api_establishment;services;sheet_music_and_musical_instruments;shopping;store,103,Cerrado · Apertura: 10:00,APIFY_GOOGLE_MAPS_SCRAPER,0xd4228797bbee9e7:0x6af4a24f3672c58a,0xd4228797bbee9e7:0x6af4a24f3672c58a,7706963323437368714,2026-10-06T23:08:56.054Z,2026-10-07T09:40:25.333Z,st_distribuidor-de-instrumentos-musicales.json;st_restauracion-de-instrumentos-musicales.json;st_instrumentos-musicales-de-segunda-mano.json
ChIJtQglXNQuQg0RRu6VAkGjuoY,Guitar Hiro,INSTRUMENTS;CRAFT_AND_REPAIR,RETAIL;PIANO_TECHNICIAN;DISTRIBUTION;SECOND_HAND;INSTRUMENT_REPAIR;LUTHIER,tienda de instrumentos musicales;afinador de pianos;distribuidor de instrumentos musicales;instrumentos musicales de segunda mano;reparación de instrumentos musicales;luthier,"Calle del Cardenal Silíceo, 19, Chamartín, 28002 Madrid","Guitar Hiro, Calle del Cardenal Silíceo, 19, Chamartín, 28002 Madrid","Calle del Cardenal Silíceo, 19",Chamartín,Madrid,28002,Madrid,ES,40.4445692,-3.6703652,+34648266675,http://www.guitar-hiro.com,guitar-hiro.com,https://www.google.com/maps/place/data=!3m1!4b1!4m2!3m1!1s0xd422ed45c2508b5:0x86baa3410295ee46,4.7,109,OPEN,True,Musical instrument store,Musical instrument store;Music school;Musical instrument repair shop,musical_instrument_store;art;education;education_and_culture;educational_institution;establishment;establishment_poi;feature;hobby_classes;institute;instruction;learning;music;music_classes;music_instruction;music_school;music_store;musical_institutions;musical_instrument_repair_shop;performing_arts;professional_services;public_api_establishment;repairs;services;sheet_music_and_musical_instruments;shopping;store;training_courses,81,Closed · Opens 11 am,APIFY_GOOGLE_MAPS_SCRAPER,0xd422ed45c2508b5:0x86baa3410295ee46,0xd422ed45c2508b5:0x86baa3410295ee46,9708251446362107462,2026-10-05T23:13:55.185Z,2026-10-07T09:40:20.825Z,st_tienda-de-instrumentos-musicales.json;st_afinador-de-pianos.json;st_distribuidor-de-instrumentos-musicales.json;st_instrumentos-musicales-de-segunda-mano.json;st_reparacion-de-instrumentos-musicales.json;st_luthier.json
ChIJ94h0oO6JQQ0Roqn8HFvz7Ds,Acordeones Cristo,INSTRUMENTS;CRAFT_AND_REPAIR,RETAIL;SECOND_HAND;INSTRUMENT_REPAIR,tienda de instrumentos musicales;instrumentos musicales de segunda mano;reparación de instrumentos musicales,"Autovía del Suroeste, 298, Latina, 28011 Madrid","Acordeones Cristo, Autovía del Suroeste, 298, Latina, 28011 Madrid","Autovía del Suroeste, 298",Latina,Madrid,28011,Madrid,ES,40.401845,-3.7610531,+34687673575,https://acordeonescristo.es,acordeonescristo.es,https://www.google.com/maps/place/data=!3m1!4b1!4m2!3m1!1s0xd4189eea07488f7:0x3becf35b1cfca9a2,4.7,80,OPEN,True,Musical instrument store,Musical instrument store,musical_instrument_store;art;establishment;establishment_poi;feature;music;music_store;performing_arts;public_api_establishment;sheet_music_and_musical_instruments;shopping;store,47,Closed · Opens 9:30 am,APIFY_GOOGLE_MAPS_SCRAPER,0xd4189eea07488f7:0x3becf35b1cfca9a2,0xd4189eea07488f7:0x3becf35b1cfca9a2,4318093715395357090,2026-10-05T23:13:55.187Z,2026-10-07T09:40:02.029Z,st_tienda-de-instrumentos-musicales.json;st_instrumentos-musicales-de-segunda-mano.json;st_reparacion-de-instrumentos-musicales.json
ChIJcY4x9_EoQg0RkYF0L3dCLdw,Madrid Musical Malaga8,INSTRUMENTS;CRAFT_AND_REPAIR,RETAIL;RENTAL;DISTRIBUTION;SECOND_HAND;LUTHIER,tienda de instrumentos musicales;alquiler de instrumentos musicales;distribuidor de instrumentos musicales;instrumentos musicales de segunda mano;luthier,"C. de Málaga, 8, Chamberí, 28003 Madrid","Madrid Musical Malaga8, C. de Málaga, 8, Chamberí, 28003 Madrid","C. de Málaga, 8",Chamberí,Madrid,28003,Madrid,ES,40.4387697,-3.6933645999999998,+34914427222,https://www.malaga8.com,malaga8.com,https://www.google.com/maps/place/data=!3m1!4b1!4m2!3m1!1s0xd4228f1f7318e71:0xdc2d42772f748191,4.6,1856,OPEN,True,Musical instrument store,Musical instrument store;Battery store;Drum store;Guitar store;Music store;Piano store,musical_instrument_store;art;battery_store;drum_store;establishment;establishment_poi;feature;guitar_store;music;music_store;performing_arts;piano;piano_store;public_api_establishment;sheet_music_and_musical_instruments;shopping;store,561,Closed · Opens 10:30 am,APIFY_GOOGLE_MAPS_SCRAPER,0xd4228f1f7318e71:0xdc2d42772f748191,0xd4228f1f7318e71:0xdc2d42772f748191,15865410141960831377,2026-10-05T23:13:55.185Z,2026-10-07T09:39:56.474Z,st_tienda-de-instrumentos-musicales.json;st_alquiler-de-instrumentos-musicales.json;st_distribuidor-de-instrumentos-musicales.json;st_instrumentos-musicales-de-segunda-mano.json;st_luthier.json
ChIJYR3yfHkoQg0RZHP17EToW9g,Instrumentos Musicales Musical 72,INSTRUMENTS;CRAFT_AND_REPAIR,RETAIL;RENTAL;DISTRIBUTION;SECOND_HAND;INSTRUMENT_REPAIR,tienda de instrumentos musicales;alquiler de instrumentos musicales;distribuidor de instrumentos musicales;instrumentos musicales de segunda mano;reparación de instrumentos musicales,"Calle de la Independencia, 3, Centro, 28013 Madrid","Instrumentos Musicales Musical 72, Calle de la Independencia, 3, Centro, 28013 Madrid","Calle de la Independencia, 3",Centro,Madrid,28013,Madrid,ES,40.417608699999995,-3.7100446,+34915401672,http://www.intermusic-pro.com,intermusic-pro.com,https://www.google.com/maps/place/data=!3m1!4b1!4m2!3m1!1s0xd4228797cf21d61:0xd85be844ecf57364,4.6,432,OPEN,True,Musical instrument store,Musical instrument store,musical_instrument_store;art;establishment;establishment_poi;feature;music;music_store;performing_arts;public_api_establishment;sheet_music_and_musical_instruments;shopping;store,63,Closed · Opens 10 am,APIFY_GOOGLE_MAPS_SCRAPER,0xd4228797cf21d61:0xd85be844ecf57364,0xd4228797cf21d61:0xd85be844ecf57364,15590309917804032868,2026-10-05T23:13:55.185Z,2026-10-07T09:40:02.028Z,st_tienda-de-instrumentos-musicales.json;st_alquiler-de-instrumentos-musicales.json;st_distribuidor-de-instrumentos-musicales.json;st_instrumentos-musicales-de-segunda-mano.json;st_reparacion-de-instrumentos-musicales.json
ChIJb9dRXT8vQg0R9L5iLu9A8fc,Musical Domínguez,INSTRUMENTS;CRAFT_AND_REPAIR,RETAIL;PIANO_TECHNICIAN;RENTAL;DISTRIBUTION;SECOND_HAND;INSTRUMENT_REPAIR,tienda de instrumentos musicales;afinador de pianos;alquiler de instrumentos musicales;distribuidor de instrumentos musicales;instrumentos musicales de segunda mano;reparación de instrumentos musicales,"C. de Elfo, 102, Cdad. Lineal, 28027 Madrid","Musical Domínguez, C. de Elfo, 102, Cdad. Lineal, 28027 Madrid","C. de Elfo, 102",Ciudad Lineal,Madrid,28027,Madrid,ES,40.4355979,-3.6459363,+34914088134,http://musicaldominguez.blogspot.com,blogspot.com,https://www.google.com/maps/place/data=!3m1!4b1!4m2!3m1!1s0xd422f3f5d51d76f:0xf7f140ef2e62bef4,4.6,321,OPEN,True,Guitar store,Guitar store,guitar_store;art;establishment;establishment_poi;feature;music;music_store;musical_instrument_store;performing_arts;public_api_establishment;sheet_music_and_musical_instruments;shopping;store,46,Closed · Opens 10:30 am,APIFY_GOOGLE_MAPS_SCRAPER,0xd422f3f5d51d76f:0xf7f140ef2e62bef4,0xd422f3f5d51d76f:0xf7f140ef2e62bef4,17866132592775053044,2026-10-05T23:13:55.185Z,2026-10-07T09:40:20.825Z,st_tienda-de-instrumentos-musicales.json;st_afinador-de-pianos.json;st_alquiler-de-instrumentos-musicales.json;st_distribuidor-de-instrumentos-musicales.json;st_instrumentos-musicales-de-segunda-mano.json;st_reparacion-de-instrumentos-musicales.json
ChIJiefdynsoQg0RSIx9mnYXHUo,Hazen,INSTRUMENTS;CRAFT_AND_REPAIR,RETAIL;RENTAL;DISTRIBUTION;SECOND_HAND;WOODWIND_REPAIR,tienda de instrumentos musicales;alquiler de instrumentos musicales;distribuidor de instrumentos musicales;instrumentos musicales de segunda mano;reparación instrumentos de viento,"C. de Arrieta, 8, Centro, 28013 Madrid","Hazen, C. de Arrieta, 8, Centro, 28013 Madrid","C. de Arrieta, 8",Centro,Madrid,28013,Madrid,ES,40.4190156,-3.710388,+34915594554,http://www.hazen.es,hazen.es,https://www.google.com/maps/place/data=!3m1!4b1!4m2!3m1!1s0xd42287bcadde789:0x4a1d17769a7d8c48,4.5,746,OPEN,True,Musical instrument store,Musical instrument store;Drum store;Guitar store;Music store;Musical instrument rental service;Piano store;Sheet music store;Violin shop,musical_instrument_store;art;drum_store;establishment;establishment_poi;feature;guitar_store;music;music_store;musical_instrument_rental_service;performing_arts;piano;piano_store;public_api_establishment;rental;services;sheet_music_and_musical_instruments;sheet_music_store;shopping;store;violin_shop,352,Closed · Opens 10 am,APIFY_GOOGLE_MAPS_SCRAPER,0xd42287bcadde789:0x4a1d17769a7d8c48,0xd42287bcadde789:0x4a1d17769a7d8c48,5340450531296775240,2026-10-05T23:13:55.186Z,2026-10-07T09:40:07.619Z,st_tienda-de-instrumentos-musicales.json;st_alquiler-de-instrumentos-musicales.json;st_distribuidor-de-instrumentos-musicales.json;st_instrumentos-musicales-de-segunda-mano.json;st_reparacion-instrumentos-de-viento.json
ChIJS3kvqY0oQg0R-m4yH1rBEKs,POLIMUSICA,INSTRUMENTS;CRAFT_AND_REPAIR,RETAIL;PIANO_TECHNICIAN;RENTAL;DISTRIBUTION;SECOND_HAND;INSTRUMENT_REPAIR,tienda de instrumentos musicales;afinador de pianos;alquiler de instrumentos musicales;distribuidor de instrumentos musicales;instrumentos musicales de segunda mano;reparación de instrumentos musicales,"C. de Caracas, 6, Chamberí, 28010 Madrid","POLIMUSICA, C. de Caracas, 6, Chamberí, 28010 Madrid","C. de Caracas, 6",Chamberí,Madrid,28010,Madrid,ES,40.4306476,-3.6947449999999997,+34913194857,https://www.polimusica.es,polimusica.es,https://www.google.com/maps/place/data=!3m1!4b1!4m2!3m1!1s0xd42288da92f794b:0xab10c15a1f326efa,4.5,136,OPEN,True,Piano store,Piano store;Piano maker;Piano moving service;Piano repair service;Piano tuning service,piano_store;art;craft;domestic_services;establishment;establishment_poi;feature;home_services;homes;moving_company;music;music_store;musical_instrument_store;performing_arts;piano;piano_maker;piano_moving_service;piano_repair_service;piano_tuning_service;potentially_sensitive_entity;production;professional_services;public_api_establishment;repairs;services;sheet_music_and_musical_instruments;shopping;store;transportation_service,47,Closed · Opens 10:15 am,APIFY_GOOGLE_MAPS_SCRAPER,0xd42288da92f794b:0xab10c15a1f326efa,0xd42288da92f794b:0xab10c15a1f326efa,12326564772927663866,2026-10-05T23:13:55.186Z,2026-10-07T09:40:20.825Z,st_tienda-de-instrumentos-musicales.json;st_afinador-de-pianos.json;st_alquiler-de-instrumentos-musicales.json;st_distribuidor-de-instrumentos-musicales.json;st_instrumentos-musicales-de-segunda-mano.json;st_reparacion-de-instrumentos-musicales.json
ChIJw3ng6LcoQg0R5FQUaOBPCS4,microFusa ArdeMadrid,INSTRUMENTS;CRAFT_AND_REPAIR,RETAIL;RENTAL;DISTRIBUTION;SECOND_HAND;INSTRUMENT_REPAIR,tienda de instrumentos musicales;alquiler de instrumentos musicales;distribuidor de instrumentos musicales;instrumentos musicales de segunda mano;reparación de instrumentos musicales,"C. de Ardemans, 9, Salamanca, 28028 Madrid","microFusa ArdeMadrid, C. de Ardemans, 9, Salamanca, 28028 Madrid","C. de Ardemans, 9",Salamanca,Madrid,28028,Madrid,ES,40.4337419,-3.671741,+34913615046,https://www.ardemadrid.com,ardemadrid.com,https://www.google.com/maps/place/data=!3m1!4b1!4m2!3m1!1s0xd4228b7e8e079c3:0x2e094fe0681454e4,4.3,987,OPEN,True,Musical instrument store,Musical instrument store;Guitar store;Musical instrument repair shop,musical_instrument_store;art;establishment;establishment_poi;feature;guitar_store;music;music_store;musical_instrument_repair_shop;performing_arts;professional_services;public_api_establishment;repairs;services;sheet_music_and_musical_instruments;shopping;store,173,Closed · Opens 4 pm,APIFY_GOOGLE_MAPS_SCRAPER,0xd4228b7e8e079c3:0x2e094fe0681454e4,0xd4228b7e8e079c3:0x2e094fe0681454e4,3317270425772512484,2026-10-05T23:13:55.185Z,2026-10-07T09:39:52.371Z,st_tienda-de-instrumentos-musicales.json;st_alquiler-de-instrumentos-musicales.json;st_distribuidor-de-instrumentos-musicales.json;st_instrumentos-musicales-de-segunda-mano.json;st_reparacion-de-instrumentos-musicales.json
ChIJJWnufpYpQg0RBGCEMO6scmU,Sonitube,INSTRUMENTS;CRAFT_AND_REPAIR,DISTRIBUTION;INSTRUMENT_REPAIR;BRASS_REPAIR;WOODWIND_REPAIR;RESTORATION,distribuidor de instrumentos musicales;reparación de instrumentos musicales;reparación instrumentos de metal;reparación instrumentos de viento;restauración de instrumentos musicales,"C. de La Bañeza, 44, Fuencarral-El Pardo, 28035 Madrid","Sonitube, C. de La Bañeza, 44, Fuencarral-El Pardo, 28035 Madrid","C. de La Bañeza, 44",Fuencarral-El Pardo,Madrid,28035,Madrid,ES,40.475784399999995,-3.7179122,+34913861012,https://sonitube.es,sonitube.es,https://www.google.com/maps/place/data=!3m1!4b1!4m2!3m1!1s0xd4229967eee6925:0x6572acee30846004,4.1,128,OPEN,True,Taller de reparaciones eléctricas,Taller de reparaciones eléctricas;Tienda de electrónica,establishment_poi;company;electrical_and_electronics_stores;electrical_goods;electrical_repair_shop;electrics;electronics;electronics_store;establishment;feature;professional_services;public_api_establishment;repairs;services;shopping;store,9,Cerrado · Apertura: 9:00,APIFY_GOOGLE_MAPS_SCRAPER,0xd4229967eee6925:0x6572acee30846004,0xd4229967eee6925:0x6572acee30846004,7310095284191911940,2026-10-06T23:08:56.054Z,2026-10-07T09:40:25.333Z,st_distribuidor-de-instrumentos-musicales.json;st_reparacion-de-instrumentos-musicales.json;st_reparacion-instrumentos-de-metal.json;st_reparacion-instrumentos-de-viento.json;st_restauracion-de-instrumentos-musicales.json
ChIJD_hJStwlQg0RkY8gmJU-YAU,ATEMUSIC,INSTRUMENTS;CRAFT_AND_REPAIR,RENTAL;SECOND_HAND;INSTRUMENT_REPAIR;BRASS_REPAIR;WOODWIND_REPAIR;RESTORATION,alquiler de instrumentos musicales;instrumentos musicales de segunda mano;reparación de instrumentos musicales;reparación instrumentos de metal;reparación instrumentos de viento;restauración de instrumentos musicales,"C. Teniente Muñoz Díaz, 29, Puente de Vallecas, 28018 Madrid","ATEMUSIC, C. Teniente Muñoz Díaz, 29, Puente de Vallecas, 28018 Madrid","C. Teniente Muñoz Díaz, 29",Puente de Vallecas,Madrid,28018,Madrid,ES,40.391355399999995,-3.6559022999999997,+34914788953,http://www.atemusic.es,atemusic.es,https://www.google.com/maps/place/data=!3m1!4b1!4m2!3m1!1s0xd4225dc4a49f80f:0x5603e9598208f91,3.9,152,OPEN,True,Taller de reparación de instrumentos musicales,Taller de reparación de instrumentos musicales,musical_instrument_repair_shop;art;establishment;establishment_poi;feature;music;performing_arts;professional_services;public_api_establishment;repairs;services,9,Cerrado · Apertura: 9:30,APIFY_GOOGLE_MAPS_SCRAPER,0xd4225dc4a49f80f:0x5603e9598208f91,0xd4225dc4a49f80f:0x5603e9598208f91,387378380177182609,2026-10-06T23:08:52.096Z,2026-10-07T09:40:25.333Z,st_alquiler-de-instrumentos-musicales.json;st_instrumentos-musicales-de-segunda-mano.json;st_reparacion-de-instrumentos-musicales.json;st_reparacion-instrumentos-de-metal.json;st_reparacion-instrumentos-de-viento.json;st_restauracion-de-instrumentos-musicales.json
ChIJXf6XnNUpQg0R88rR-oToOWQ,Hifi Center,INSTRUMENTS;CRAFT_AND_REPAIR,DISTRIBUTION;SECOND_HAND;INSTRUMENT_REPAIR,distribuidor de instrumentos musicales;instrumentos musicales de segunda mano;reparación de instrumentos musicales,"Calle del Gral. Ramírez de Madrid, 12, Tetuán, 28020 Madrid","Hifi Center, Calle del Gral. Ramírez de Madrid, 12, Tetuán, 28020 Madrid","Calle del Gral. Ramírez de Madrid, 12",Tetuán,Madrid,28020,Madrid,ES,40.4548446,-3.6977895,+34915705223,https://www.hificenter.es,hificenter.es,https://www.google.com/maps/place/data=!3m1!4b1!4m2!3m1!1s0xd4229d59c97fe5d:0x6439e884fad1caf3,3.7,291,OPEN,True,Taller de reparación de equipos audiovisuales,Taller de reparación de equipos audiovisuales,audio_visual_equipment_repair_service;appliance_repair_service;craft;electrical;electrical_goods;electrics;establishment;establishment_poi;feature;home_electronics;home_services;homes;housekeepings;potentially_sensitive_entity;professional_services;public_api_establishment;repairs;services,21,Cerrado · Apertura: 8:00,APIFY_GOOGLE_MAPS_SCRAPER,0xd4229d59c97fe5d:0x6439e884fad1caf3,0xd4229d59c97fe5d:0x6439e884fad1caf3,7222059135306681075,2026-10-06T23:08:56.054Z,2026-10-07T09:40:02.027Z,st_distribuidor-de-instrumentos-musicales.json;st_instrumentos-musicales-de-segunda-mano.json;st_reparacion-de-instrumentos-musicales.json
ChIJAVN8NhkmQg0R_S3q60XAaiw,La Rueda Musical,INSTRUMENTS;CRAFT_AND_REPAIR,SECOND_HAND;BRASS_REPAIR;WOODWIND_REPAIR,instrumentos musicales de segunda mano;reparación instrumentos de metal;reparación instrumentos de viento,"C. del Poeta Esteban de Villegas, 18, 1-E, Retiro, 28014 Madrid","La Rueda Musical, C. del Poeta Esteban de Villegas, 18, 1-E, Retiro, 28014 Madrid","C. del Poeta Esteban de Villegas, 18, 1-E",Retiro,Madrid,28014,Madrid,ES,40.408184399999996,-3.6789353,+34679967540,,,https://www.google.com/maps/place/data=!3m1!4b1!4m2!3m1!1s0xd422619367c5301:0x2c6ac045ebea2dfd,,0,OPEN,True,Taller de reparación de instrumentos musicales,Taller de reparación de instrumentos musicales;Tienda de instrumentos musicales de segunda mano,musical_instrument_repair_shop;art;establishment;establishment_poi;feature;music;music_store;musical_instrument_store;performing_arts;professional_services;public_api_establishment;repairs;second_hand_shop;services;sheet_music_and_musical_instruments;shopping;store;used;used_musical_instrument_store,9,Cerrado · Apertura: 16:00,APIFY_GOOGLE_MAPS_SCRAPER,0xd422619367c5301:0x2c6ac045ebea2dfd,0xd422619367c5301:0x2c6ac045ebea2dfd,3200581891743428093,2026-10-06T23:08:48.245Z,2026-10-07T09:40:16.359Z,st_instrumentos-musicales-de-segunda-mano.json;st_reparacion-instrumentos-de-metal.json;st_reparacion-instrumentos-de-viento.json
ChIJW90MQXQmQg0RTfIXcVTTbig,Jacks on the Rocks: Locales de ensayo,INSTRUMENTS;CRAFT_AND_REPAIR;MUSIC_PRODUCTION,RENTAL;BRASS_REPAIR;REHEARSAL_ROOM,alquiler de instrumentos musicales;reparación instrumentos de metal;sala de ensayo,"C. de Eduardo Requenas, 21, Puente de Vallecas, 28053 Madrid","Jacks on the Rocks: Locales de ensayo, C. de Eduardo Requenas, 21, Puente de Vallecas, 28053 Madrid","C. de Eduardo Requenas, 21",Puente de Vallecas,Madrid,28053,Madrid,ES,40.390082,-3.665907,+34914783000,http://www.jacksontherocks.es,jacksontherocks.es,https://www.google.com/maps/place/data=!3m1!4b1!4m2!3m1!1s0xd422674410cdd5b:0x286ed3547117f24d,4.7,158,OPEN,True,Alquiler de equipo audiovisual,Alquiler de equipo audiovisual;Agencia de alquiler de equipos;Escuela de música;Tienda de música;Servicio de alquiler de instrumentos musicales;Tienda de instrumentos musicales;Estudio de grabación;Escenario;Servicio de reparación de equipos de música,audio_visual_equipment_rental_service;appliances;art;business_related;business_service;company;design_services;education;education_and_culture;educational_institution;electrical_equipment;entertainment_and_recreation;equipment_rental_agency;establishment;establishment_poi;event_venue;feature;hobbies;hobby_classes;institute;instruction;learning;machinery;music;music_classes;music_instruction;music_school;music_store;musical_institutions;musical_instrument_rental_service;musical_instrument_store;performing_arts;photography;production;professional_services;public_api_establishment;recording_studio;rental;repairs;services;sheet_music_and_musical_instruments;shopping;stage;stereo_repair_service;store;training_courses;video,107,Cerrado · Apertura: 16:00,APIFY_GOOGLE_MAPS_SCRAPER,0xd422674410cdd5b:0x286ed3547117f24d,0xd422674410cdd5b:0x286ed3547117f24d,2913498368583397965,2026-10-06T23:08:52.096Z,2026-10-07T09:40:36.588Z,st_alquiler-de-instrumentos-musicales.json;st_reparacion-instrumentos-de-metal.json;st_sala-de-ensayo.json
ChIJ78EU_w0pQg0RbotQq2J2lwc,Salas de Ensayo Madrid | Piano Rooms | Escuela de Música,INSTRUMENTS;MUSIC_PRODUCTION,RENTAL;REHEARSAL_ROOM,alquiler de instrumentos musicales;sala de ensayo,"C. de Joaquín Costa, 55, Chamartín, 28002 Madrid","Salas de Ensayo Madrid | Piano Rooms | Escuela de Música, C. de Joaquín Costa, 55, Chamartín, 28002 Madrid","C. de Joaquín Costa, 55",Chamartín,Madrid,28002,Madrid,ES,40.4415682,-3.6813021999999997,+34617140599,https://salasdeensayo.madrid,salasdeensayo.madrid,https://www.google.com/maps/place/data=!3m1!4b1!4m2!3m1!1s0xd42290dff14c1ef:0x7977662ab508b6e,4.9,133,OPEN,True,Sala de ensayos,Sala de ensayos;Profesor de guitarra;Universidad musical;Escuela de música;Profesor de piano;Estudio de grabación,rehearsa_studio;art;culture;design_services;education;education_and_culture;educational_institution;entertainment_and_recreation;establishment;establishment_poi;feature;guitar_instructor;hobbies;hobby_classes;institute;instruction;learning;music;music_classes;music_college;music_instruction;music_instructor;music_school;music_store;musical_institutions;performing_arts;photography;piano;piano_instructor;professional_services;public_api_establishment;recording_studio;school;services;shopping;store;training_courses;video,54,Cerrado · Apertura: 7:00,APIFY_GOOGLE_MAPS_SCRAPER,0xd42290dff14c1ef:0x7977662ab508b6e,0xd42290dff14c1ef:0x7977662ab508b6e,547036045901859694,2026-10-06T23:08:52.095Z,2026-10-07T09:40:36.588Z,st_alquiler-de-instrumentos-musicales.json;st_sala-de-ensayo.json
ChIJH4LTEIcpQg0RVzPsJmOtbEw,Musical Mastia | músicos para bodas y eventos,INSTRUMENTS;MUSIC_PRODUCTION,SECOND_HAND;PRODUCER;RETAIL,instrumentos musicales de segunda mano;productor musical;tienda de instrumentos musicales,"P.º de la Castellana, 194, Chamartín, 28046 Madrid","Musical Mastia | músicos para bodas y eventos, P.º de la Castellana, 194, Chamartín, 28046 Madrid","P.º de la Castellana, 194",Chamartín,Madrid,28046,Madrid,ES,40.4616743,-3.6889681999999997,+34668886373,http://www.musicalmastia.es,musicalmastia.es,https://www.google.com/maps/place/data=!3m1!4b1!4m2!3m1!1s0xd42298710d3821f:0x4c6cad6326ec3357,4.9,56,OPEN,True,Organizador de bodas,Organizador de bodas,musician;art;ceremonial_occasions;company;entertainment;entertainment_and_recreation;establishment;establishment_poi;feature;music;music_store;performing_arts;personal_services;professional_services;public_api_establishment;services;shopping;store;wedding_planner;wedding_service;weddings,99,Cerrado · Apertura: 10:00,APIFY_GOOGLE_MAPS_SCRAPER,0xd42298710d3821f:0x4c6cad6326ec3357,0xd42298710d3821f:0x4c6cad6326ec3357,5506967085733655383,2026-10-06T23:08:48.245Z,2026-10-07T09:40:41.317Z,st_instrumentos-musicales-de-segunda-mano.json;st_productor-musical.json;st_tienda-de-instrumentos-musicales.json
ChIJXe80ql0oQg0R-uNPP_dRVxU,El Argonauta,INSTRUMENTS;MUSIC_PRODUCTION,RETAIL;PUBLISHER;SECOND_HAND,tienda de instrumentos musicales;editorial musical;instrumentos musicales de segunda mano,"C. de Fernández de los Ríos, 50, Chamberí, 28015 Madrid","El Argonauta, C. de Fernández de los Ríos, 50, Chamberí, 28015 Madrid","C. de Fernández de los Ríos, 50",Chamberí,Madrid,28015,Madrid,ES,40.43533,-3.7104817,+34915439441,https://www.elargonauta.com,elargonauta.com,https://www.google.com/maps/place/data=!3m1!4b1!4m2!3m1!1s0xd42285daa34ef5d:0x155751f73f4fe3fa,4.8,409,OPEN,True,Book store,Book store,book_store;books;culture;education_and_culture;establishment;establishment_poi;feature;public_api_establishment;shopping;store,68,Closed · Opens 10 am,APIFY_GOOGLE_MAPS_SCRAPER,0xd42285daa34ef5d:0x155751f73f4fe3fa,0xd42285daa34ef5d:0x155751f73f4fe3fa,1537787920131286010,2026-10-05T23:13:55.187Z,2026-10-07T09:40:46.249Z,st_tienda-de-instrumentos-musicales.json;st_editorial-musical.json;st_instrumentos-musicales-de-segunda-mano.json
ChIJFcQjbAcpQg0RZL5mnU434Nc,Locales de Ensayo Tablada 25,INSTRUMENTS;MUSIC_PRODUCTION,RENTAL;REHEARSAL_ROOM,alquiler de instrumentos musicales;sala de ensayo,"C. de Tablada, 25, Tetuán, 28039 Madrid","Locales de Ensayo Tablada 25, C. de Tablada, 25, Tetuán, 28039 Madrid","C. de Tablada, 25",Tetuán,Madrid,28039,Madrid,ES,40.460392399999996,-3.7019287999999997,+34913116795,http://www.tablada25.info,tablada25.info,https://www.google.com/maps/place/data=!3m1!4b1!4m2!3m1!1s0xd4229076c23c415:0xd7e0374e9d66be64,4.7,354,OPEN,True,Sala de ensayos,Sala de ensayos,rehearsa_studio;art;establishment;establishment_poi;feature;music;performing_arts;public_api_establishment,452,Cerrado · Apertura: 10:30,APIFY_GOOGLE_MAPS_SCRAPER,0xd4229076c23c415:0xd7e0374e9d66be64,0xd4229076c23c415:0xd7e0374e9d66be64,15555493923725426276,2026-10-06T23:08:52.095Z,2026-10-07T09:40:36.588Z,st_alquiler-de-instrumentos-musicales.json;st_sala-de-ensayo.json
ChIJITjYnCUmQg0REYMM-GkEfh8,Pandora's Vox Locales de Ensayo,INSTRUMENTS;MUSIC_PRODUCTION,RENTAL;REHEARSAL_ROOM,alquiler de instrumentos musicales;sala de ensayo,"C. de Rafael de Riego, 8, Arganzuela, 28045 Madrid","Pandora's Vox Locales de Ensayo, C. de Rafael de Riego, 8, Arganzuela, 28045 Madrid","C. de Rafael de Riego, 8",Arganzuela,Madrid,28045,Madrid,ES,40.405626999999996,-3.692109,+34912300174,http://www.pandorasvox.es,pandorasvox.es,https://www.google.com/maps/place/data=!3m1!4b1!4m2!3m1!1s0xd4226259cd83821:0x1f7e0469f80c8311,4.7,330,OPEN,True,Estudio de grabación,Estudio de grabación;Escuela de música;Servicio de alquiler de instrumentos musicales;Bar musical,recording_studio;art;bar;bars_and_pubs;beverages;culture;design_services;education;education_and_culture;educational_institution;entertainment;entertainment_and_recreation;establishment;establishment_poi;event_venue;feature;food_and_drink;hobbies;hobby_classes;institute;instruction;learning;live_music_venue;music;music_classes;music_instruction;music_school;music_store;musical_institutions;musical_instrument_rental_service;nightlife;performing_arts;photography;piano;piano_bar;professional_services;public_api_establishment;rental;services;shopping;store;training_courses;video,125,Cerrado · Apertura: 10:00,APIFY_GOOGLE_MAPS_SCRAPER,0xd4226259cd83821:0x1f7e0469f80c8311,0xd4226259cd83821:0x1f7e0469f80c8311,2269256115420955409,2026-10-06T23:08:52.096Z,2026-10-07T09:40:36.588Z,st_alquiler-de-instrumentos-musicales.json;st_sala-de-ensayo.json
ChIJKelcxcr29WARXeNRtHUkTT4,Urbanstart: Locales de ensayo en Madrid,INSTRUMENTS;MUSIC_PRODUCTION,RENTAL;REHEARSAL_ROOM,alquiler de instrumentos musicales;sala de ensayo,"Pl. de Cascorro, 4, Centro, 28005 Madrid","Urbanstart: Locales de ensayo en Madrid, Pl. de Cascorro, 4, Centro, 28005 Madrid","Pl. de Cascorro, 4",Centro,Madrid,28005,Madrid,ES,40.410878499999995,-3.7069493999999996,+34683601001,https://urbanstart.es,urbanstart.es,https://www.google.com/maps/place/data=!3m1!4b1!4m2!3m1!1s0x60f5f6cac55ce929:0x3e4d2475b451e35d,4.7,48,OPEN,True,Sala de ensayos,Sala de ensayos,rehearsa_studio;art;establishment;establishment_poi;feature;music;performing_arts;public_api_establishment,20,Cerrado · Apertura: 10:00,APIFY_GOOGLE_MAPS_SCRAPER,0x60f5f6cac55ce929:0x3e4d2475b451e35d,0x60f5f6cac55ce929:0x3e4d2475b451e35d,4489284491513291613,2026-10-06T23:08:52.096Z,2026-10-07T09:40:36.588Z,st_alquiler-de-instrumentos-musicales.json;st_sala-de-ensayo.json
ChIJ7exXzXUvQg0Rty6wSvsSAu0,Locales de Ensayo Hangar 19,INSTRUMENTS;MUSIC_PRODUCTION,RENTAL;REHEARSAL_ROOM,alquiler de instrumentos musicales;sala de ensayo,"C. de Servator, 19, Hortaleza, 28043 Madrid","Locales de Ensayo Hangar 19, C. de Servator, 19, Hortaleza, 28043 Madrid","C. de Servator, 19",Hortaleza,Madrid,28043,Madrid,ES,40.464635799999996,-3.6476705999999997,+34668503928,https://www.hangar19.com.es,hangar19.com.es,https://www.google.com/maps/place/data=!3m1!4b1!4m2!3m1!1s0xd422f75cd57eced:0xed0212fb4ab02eb7,4.5,184,OPEN,True,Sala de ensayos,Sala de ensayos,rehearsa_studio;art;establishment;establishment_poi;feature;music;performing_arts;public_api_establishment,31,,APIFY_GOOGLE_MAPS_SCRAPER,0xd422f75cd57eced:0xed0212fb4ab02eb7,0xd422f75cd57eced:0xed0212fb4ab02eb7,17078233607441493687,2026-10-06T23:08:52.095Z,2026-10-07T09:40:36.588Z,st_alquiler-de-instrumentos-musicales.json;st_sala-de-ensayo.json
ChIJ2bLu8IkmQg0RjH-2Qeef8I8,Locales de Ensayo Castle Rock,INSTRUMENTS;MUSIC_PRODUCTION,RENTAL;REHEARSAL_ROOM,alquiler de instrumentos musicales;sala de ensayo,"Aparcamiento, Av. Sta. Catalina, 5, Puente de Vallecas, 28053 Madrid","Locales de Ensayo Castle Rock, Aparcamiento, Av. Sta. Catalina, 5, Puente de Vallecas, 28053 Madrid","Aparcamiento, Av. Sta. Catalina, 5",Puente de Vallecas,Madrid,28053,Madrid,ES,40.372050099999996,-3.6760283,+34651556103,http://www.localescastlerock.com/madrid,localescastlerock.com,https://www.google.com/maps/place/data=!3m1!4b1!4m2!3m1!1s0xd422689f0eeb2d9:0x8ff09fe741b67f8c,4.3,110,OPEN,True,Comercio,Comercio,store;establishment;establishment_poi;feature;public_api_establishment;shopping,5,Abierto 24 horas,APIFY_GOOGLE_MAPS_SCRAPER,0xd422689f0eeb2d9:0x8ff09fe741b67f8c,0xd422689f0eeb2d9:0x8ff09fe741b67f8c,10371965757422993292,2026-10-06T23:08:52.096Z,2026-10-07T09:40:36.589Z,st_alquiler-de-instrumentos-musicales.json;st_sala-de-ensayo.json
ChIJkT7CHMkoQg0RH33BpGNJy1g,Ritmo y Compás,INSTRUMENTS;PERFORMING;CRAFT_AND_REPAIR;MUSIC_PRODUCTION,RENTAL;CULTURAL_ASSOCIATION;RESTORATION;REHEARSAL_ROOM,alquiler de instrumentos musicales;asociación musical;restauración de instrumentos musicales;sala de ensayo,"C. de Tomás Redondo, 2, Hortaleza, 28033 Madrid","Ritmo y Compás, C. de Tomás Redondo, 2, Hortaleza, 28033 Madrid","C. de Tomás Redondo, 2",Hortaleza,Madrid,28033,Madrid,ES,40.471733,-3.6297544999999998,+34913552800,http://www.ritmoycompas.com,ritmoycompas.com,https://www.google.com/maps/place/data=!3m1!4b1!4m2!3m1!1s0xd4228c91cc23e91:0x58cb4963a4c17d1f,4.8,183,OPEN,True,Servicio de alquiler de instrumentos musicales,Servicio de alquiler de instrumentos musicales;Club musical;Escuela de música;Taller de reparación de instrumentos musicales;Tienda de instrumentos musicales;Estudio de grabación;Sala de ensayos,music_school;art;association_or_organization;design_services;education;education_and_culture;educational_institution;entertainment;entertainment_and_recreation;establishment;establishment_poi;feature;hobbies;hobby_classes;institute;instruction;learning;music;music_classes;music_conservatory;music_instruction;music_store;musical_club;musical_institutions;musical_instrument_rental_service;musical_instrument_repair_shop;musical_instrument_store;musician;performing_arts;photography;potentially_sensitive_entity;professional_services;public_api_establishment;recording_studio;rehearsa_studio;rental;repairs;services;sheet_music_and_musical_instruments;shopping;store;training_courses;video,72,Cerrado · Apertura: 10:00,APIFY_GOOGLE_MAPS_SCRAPER,0xd4228c91cc23e91:0x58cb4963a4c17d1f,0xd4228c91cc23e91:0x58cb4963a4c17d1f,6398288387924655391,2026-10-06T23:08:52.096Z,2026-10-07T09:40:36.588Z,st_alquiler-de-instrumentos-musicales.json;st_asociacion-musical.json;st_restauracion-de-instrumentos-musicales.json;st_sala-de-ensayo.json
ChIJsYk8DcEoQg0Rp4hLHxMu8TE,Overtónica - Cursos De Dj Y Producción Musical,MUSIC_PRODUCTION,PRODUCER,productor musical,"P.º de Extremadura, 168 posterior, Loc 6, Latina, 28011 Madrid","Overtónica - Cursos De Dj Y Producción Musical, P.º de Extremadura, 168 posterior, Loc 6, Latina, 28011 Madrid","P.º de Extremadura, 168 posterior, Loc 6",Latina,Madrid,28011,Madrid,ES,40.4094888,-3.7402439,+34910052526,https://www.overtonica.com,overtonica.com,https://www.google.com/maps/place/data=!3m1!4b1!4m2!3m1!1s0xd4228c10d3c89b1:0x31f12e131f4b88a7,5,188,OPEN,True,Escuela de música,Escuela de música,music_school;art;education;education_and_culture;educational_institution;establishment;establishment_poi;feature;hobby_classes;institute;instruction;learning;music;music_classes;music_instruction;musical_institutions;performing_arts;professional_services;public_api_establishment;services;training_courses,50,,APIFY_GOOGLE_MAPS_SCRAPER,0xd4228c10d3c89b1:0x31f12e131f4b88a7,0xd4228c10d3c89b1:0x31f12e131f4b88a7,3598708236910037159,2026-10-06T23:09:24.716Z,2026-10-06T23:09:24.716Z,st_productor-musical.json
ChIJPRPoSA8vQg0RxO43M450_do,MainTrack Studio,MUSIC_PRODUCTION,RECORDING_STUDIO;PRODUCER;REHEARSAL_ROOM,estudio de grabación;productor musical;sala de ensayo,"C. Carolina Coronado, 11, Loc 1, Cdad. Lineal, 28017 Madrid","MainTrack Studio, C. Carolina Coronado, 11, Loc 1, Cdad. Lineal, 28017 Madrid","C. Carolina Coronado, 11, Loc 1",Ciudad Lineal,Madrid,28017,Madrid,ES,40.4303099,-3.6450337,+34611199189,http://maintrackstudio.com,maintrackstudio.com,https://www.google.com/maps/place/data=!3m1!4b1!4m2!3m1!1s0xd422f0f48e8133d:0xdafd748e3337eec4,5,178,OPEN,True,Estudio de grabación,Estudio de grabación,recording_studio;art;design_services;entertainment_and_recreation;establishment;establishment_poi;feature;hobbies;music;music_store;performing_arts;photography;public_api_establishment;shopping;store;video,74,Cerrado · Apertura: 9:00,APIFY_GOOGLE_MAPS_SCRAPER,0xd422f0f48e8133d:0xdafd748e3337eec4,0xd422f0f48e8133d:0xdafd748e3337eec4,15779896823469567684,2026-10-06T23:09:17.255Z,2026-10-07T09:40:41.317Z,st_estudio-de-grabacion.json;st_productor-musical.json;st_sala-de-ensayo.json
ChIJr5dULXMnQg0R_c_qShe7QFY,Producciones Eche - Producción Audiovisual,MUSIC_PRODUCTION,RECORDING_STUDIO;PRODUCER,estudio de grabación;productor musical,"C. de Manuel Tovar, 33, Fuencarral-El Pardo, 28034 Madrid","Producciones Eche - Producción Audiovisual, C. de Manuel Tovar, 33, Fuencarral-El Pardo, 28034 Madrid","C. de Manuel Tovar, 33",Fuencarral-El Pardo,Madrid,28034,Madrid,ES,40.4887887,-3.6901582,+34626409337,http://www.produccioneseche.com,produccioneseche.com,https://www.google.com/maps/place/data=!3m1!4b1!4m2!3m1!1s0xd4227732d5497af:0x5640bb174aeacffd,5,109,OPEN,True,Servicio de producción de vídeo,Servicio de producción de vídeo;Productora cinematográfica;Estudio cinematográfico;Productor discográfico;Servicio de fotografía;Estudio de fotografía;Estudio de grabación;Servicio de videoconferencia;Servicio de edición de vídeo,video_production_service;art;ceremonial_occasions;company;culture;design_services;dvd_and_video_services;education_and_culture;entertainment_and_recreation;establishment;establishment_poi;feature;film_production_company;general_services;hobbies;industry;manufacturer;media;movie_studio;music;music_management_and_promotion;music_producer;music_store;performing_arts;photographer;photography;photography_service;photography_studio;production;professional_services;public_api_establishment;recording_studio;services;services_companies;shopping;store;video;video_conferencing_service;video_editing_service;weddings,56,Cerrado · Apertura: 9:00,APIFY_GOOGLE_MAPS_SCRAPER,0xd4227732d5497af:0x5640bb174aeacffd,0xd4227732d5497af:0x5640bb174aeacffd,6215173194486829053,2026-10-06T23:09:17.256Z,2026-10-07T09:40:41.317Z,st_estudio-de-grabacion.json;st_productor-musical.json
ChIJ4-5EznooQg0RyaOLpHTNpsA,Bendito Sonido,MUSIC_PRODUCTION,RECORDING_STUDIO,estudio de grabación,"C. de González Sola, 5, Tetuán, 28029 Madrid","Bendito Sonido, C. de González Sola, 5, Tetuán, 28029 Madrid","C. de González Sola, 5",Tetuán,Madrid,28029,Madrid,ES,40.4666663,-3.6950138999999997,+34910580089,http://www.benditosonido.com,benditosonido.com,https://www.google.com/maps/place/data=!3m1!4b1!4m2!3m1!1s0xd42287ace44eee3:0xc0a6cd74a48ba3c9,5,98,OPEN,True,Estudio de grabación,Estudio de grabación,recording_studio;art;design_services;entertainment_and_recreation;establishment;establishment_poi;feature;hobbies;music;music_store;performing_arts;photography;public_api_establishment;shopping;store;video,13,Cerrado · Apertura: 10:00,APIFY_GOOGLE_MAPS_SCRAPER,0xd42287ace44eee3:0xc0a6cd74a48ba3c9,0xd42287ace44eee3:0xc0a6cd74a48ba3c9,13882008802276647881,2026-10-06T23:09:17.255Z,2026-10-07T09:40:30.383Z,st_estudio-de-grabacion.json
ChIJU2Xwb7MnQg0RFzTkca7GwJU,Lasting Noise Recording Studio,MUSIC_PRODUCTION,RECORDING_STUDIO,estudio de grabación,"C. de Ramón Luján, 12, Usera, 28026 Madrid","Lasting Noise Recording Studio, C. de Ramón Luján, 12, Usera, 28026 Madrid","C. de Ramón Luján, 12",Usera,Madrid,28026,Madrid,ES,40.386722,-3.7048105999999996,+34607395443,http://www.lastingnoise.com,lastingnoise.com,https://www.google.com/maps/place/data=!3m1!4b1!4m2!3m1!1s0xd4227b36ff06553:0x95c0c6ae71e43417,5,97,OPEN,True,Estudio de grabación,Estudio de grabación;Productor discográfico,recording_studio;art;company;culture;design_services;education_and_culture;entertainment;entertainment_and_recreation;establishment;establishment_poi;feature;hobbies;media;music;music_producer;music_store;musician;musician_and_composer;performing_arts;photography;public_api_establishment;shopping;store;video,45,Cerrado · Apertura: 10:00,APIFY_GOOGLE_MAPS_SCRAPER,0xd4227b36ff06553:0x95c0c6ae71e43417,0xd4227b36ff06553:0x95c0c6ae71e43417,10790843159717098519,2026-10-06T23:09:17.256Z,2026-10-07T09:40:30.383Z,st_estudio-de-grabacion.json
ChIJ8Ycc16UpQg0Rg55-14pQR-4,Mad Bunker,MUSIC_PRODUCTION,RECORDING_STUDIO,estudio de grabación,"C. de Molina, 40, Tetuán, 28029 Madrid","Mad Bunker, C. de Molina, 40, Tetuán, 28029 Madrid","C. de Molina, 40",Tetuán,Madrid,28029,Madrid,ES,40.471059,-3.7008562,,http://madbunker.es,madbunker.es,https://www.google.com/maps/place/data=!3m1!4b1!4m2!3m1!1s0xd4229a5d71c87f1:0xee47508ad77e9e83,5,84,OPEN,True,Estudio de grabación,Estudio de grabación;Empresa de networking empresarial;Recinto para eventos;Salón para eventos,function_room_facility;art;business_networking_company;company;design_services;entertainment_and_recreation;establishment;establishment_poi;event_venue;feature;hall;hobbies;music;music_store;performing_arts;photography;public_api_establishment;recording_studio;rental;services;services_companies;shopping;store;video,101,Cerrado · Apertura: 9:00,APIFY_GOOGLE_MAPS_SCRAPER,0xd4229a5d71c87f1:0xee47508ad77e9e83,0xd4229a5d71c87f1:0xee47508ad77e9e83,17169780661624413827,2026-10-06T23:09:17.255Z,2026-10-07T09:40:30.383Z,st_estudio-de-grabacion.json
ChIJS5_MCdcvQg0R68uAE7yKj0w,CERO STUDIOS Madrid,MUSIC_PRODUCTION,RECORDING_STUDIO,estudio de grabación,"C. de Milán, 34, Planta 4, Hortaleza, 28043 Madrid","CERO STUDIOS Madrid, C. de Milán, 34, Planta 4, Hortaleza, 28043 Madrid","C. de Milán, 34, Planta 4",Hortaleza,Madrid,28043,Madrid,ES,40.4586945,-3.6478832999999997,+34644456710,http://www.cerostudios.com,cerostudios.com,https://www.google.com/maps/place/data=!3m1!4b1!4m2!3m1!1s0xd422fd709cc9f4b:0x4c8f8abc1380cbeb,5,48,OPEN,True,Estudio de grabación,Estudio de grabación,recording_studio;art;design_services;entertainment_and_recreation;establishment;establishment_poi;feature;hobbies;music;music_store;performing_arts;photography;public_api_establishment;shopping;store;video,18,Abierto 24 horas,APIFY_GOOGLE_MAPS_SCRAPER,0xd422fd709cc9f4b:0x4c8f8abc1380cbeb,0xd422fd709cc9f4b:0x4c8f8abc1380cbeb,5516780608937839595,2026-10-06T23:09:17.256Z,2026-10-06T23:09:17.256Z,st_estudio-de-grabacion.json
ChIJ0ZAcm6glQg0RHMPx9ptppBo,Cuatro Por Cuatro Locales de Ensayo,MUSIC_PRODUCTION,REHEARSAL_ROOM,sala de ensayo,"Avenida de la Democracia, 7 Edificio Indubuilding-5 nave 603, 28031 Madrid","Cuatro Por Cuatro Locales de Ensayo, Avenida de la Democracia, 7 Edificio Indubuilding-5 nave 603, 28031 Madrid","Avenida de la Democracia, 7 Edificio Indubuilding-5 nave 603",Puente de Vallecas,Madrid,28031,Madrid,ES,40.384310299999996,-3.6250959,+34637490339,https://www.cuatroporcuatro.info,cuatroporcuatro.info,https://www.google.com/maps/place/data=!3m1!4b1!4m2!3m1!1s0xd4225a89b1c90d1:0x1aa4699bf6f1c31c,5,48,OPEN,True,Escuela de música,Escuela de música,music_school;art;education;education_and_culture;educational_institution;establishment;establishment_poi;feature;hobby_classes;institute;instruction;learning;music;music_classes;music_instruction;musical_institutions;performing_arts;professional_services;public_api_establishment;services;training_courses,32,Abierto 24 horas,APIFY_GOOGLE_MAPS_SCRAPER,0xd4225a89b1c90d1:0x1aa4699bf6f1c31c,0xd4225a89b1c90d1:0x1aa4699bf6f1c31c,1919775459750560540,2026-10-06T23:09:20.826Z,2026-10-07T09:40:36.588Z,st_sala-de-ensayo.json
ChIJy3yk07glQg0RAOHQQqnXjIo,Aire Estudio de Grabación,MUSIC_PRODUCTION,RECORDING_STUDIO,estudio de grabación,"C. de San Claudio, 148, Loc 8, Puente de Vallecas, 28038 Madrid","Aire Estudio de Grabación, C. de San Claudio, 148, Loc 8, Puente de Vallecas, 28038 Madrid","C. de San Claudio, 148, Loc 8",Puente de Vallecas,Madrid,28038,Madrid,ES,40.3887103,-3.6401261,+34620834445,https://www.aire-estudio.es,aire-estudio.es,https://www.google.com/maps/place/data=!3m1!4b1!4m2!3m1!1s0xd4225b8d3a47ccb:0x8a8cd7a942d0e100,5,42,OPEN,True,Estudio de grabación,Estudio de grabación,recording_studio;art;design_services;entertainment_and_recreation;establishment;establishment_poi;feature;hobbies;music;music_store;performing_arts;photography;public_api_establishment;shopping;store;video,64,Cerrado · Apertura: 9:00,APIFY_GOOGLE_MAPS_SCRAPER,0xd4225b8d3a47ccb:0x8a8cd7a942d0e100,0xd4225b8d3a47ccb:0x8a8cd7a942d0e100,9983591595943977216,2026-10-06T23:09:17.256Z,2026-10-07T09:40:30.383Z,st_estudio-de-grabacion.json
ChIJV1lblTEmQg0RpOA0Oi_mdMI,Ministerio del estéreo,MUSIC_PRODUCTION,RECORDING_STUDIO;PRODUCER,estudio de grabación;productor musical,"Av. de Pablo Iglesias, 92, Tetuán, 28039 Madrid","Ministerio del estéreo, Av. de Pablo Iglesias, 92, Tetuán, 28039 Madrid","Av. de Pablo Iglesias, 92",Tetuán,Madrid,28039,Madrid,ES,40.456522899999996,-3.7117408999999997,+34623464932,https://www.ministeriodelestereo.com,ministeriodelestereo.com,https://www.google.com/maps/place/data=!3m1!4b1!4m2!3m1!1s0xd422631955b5957:0xc274e62f3a34e0a4,5,34,OPEN,True,Estudio de grabación,Estudio de grabación,recording_studio;art;design_services;entertainment_and_recreation;establishment;establishment_poi;feature;hobbies;music;music_store;performing_arts;photography;public_api_establishment;shopping;store;video,5,Cerrado · Apertura: 10:00,APIFY_GOOGLE_MAPS_SCRAPER,0xd422631955b5957:0xc274e62f3a34e0a4,0xd422631955b5957:0xc274e62f3a34e0a4,14012077431170850980,2026-10-06T23:09:17.255Z,2026-10-07T09:40:41.317Z,st_estudio-de-grabacion.json;st_productor-musical.json
ChIJh69KCiYpQg0R2-JUtAkmCOE,One Soul Studio,MUSIC_PRODUCTION,RECORDING_STUDIO,estudio de grabación,"C. de Artajona, 10, Moncloa - Aravaca, 28039 Madrid","One Soul Studio, C. de Artajona, 10, Moncloa - Aravaca, 28039 Madrid","C. de Artajona, 10",Moncloa - Aravaca,Madrid,28039,Madrid,ES,40.4640342,-3.7176270999999996,+34690295539,https://onesoulstudio.com,onesoulstudio.com,https://www.google.com/maps/place/data=!3m1!4b1!4m2!3m1!1s0xd4229260a4aaf87:0xe1082609b454e2db,5,28,OPEN,True,Estudio de grabación,Estudio de grabación,recording_studio;art;design_services;entertainment_and_recreation;establishment;establishment_poi;feature;hobbies;music;music_store;performing_arts;photography;public_api_establishment;shopping;store;video,26,Cerrado · Apertura: 10:00,APIFY_GOOGLE_MAPS_SCRAPER,0xd4229260a4aaf87:0xe1082609b454e2db,0xd4229260a4aaf87:0xe1082609b454e2db,16215252281469493979,2026-10-06T23:09:17.255Z,2026-10-07T09:40:30.383Z,st_estudio-de-grabacion.json
ChIJW_KMjGkvQg0RbCn-svZaLlE,AAldea Estudio,MUSIC_PRODUCTION,RECORDING_STUDIO,estudio de grabación,"C. de Teruel, 11, Loc K, Tetuán, 28020 Madrid","AAldea Estudio, C. de Teruel, 11, Loc K, Tetuán, 28020 Madrid","C. de Teruel, 11, Loc K",Tetuán,Madrid,28020,Madrid,ES,40.452003,-3.7021271999999996,+34670684357,,,https://www.google.com/maps/place/data=!3m1!4b1!4m2!3m1!1s0xd422f698c8cf25b:0x512e5af6b2fe296c,5,27,OPEN,True,Estudio de grabación,Estudio de grabación,recording_studio;art;design_services;entertainment_and_recreation;establishment;establishment_poi;feature;hobbies;music;music_store;performing_arts;photography;public_api_establishment;shopping;store;video,13,Abierto · Cierre: 22:00,APIFY_GOOGLE_MAPS_SCRAPER,0xd422f698c8cf25b:0x512e5af6b2fe296c,0xd422f698c8cf25b:0x512e5af6b2fe296c,5849712981612308844,2026-10-07T09:40:30.383Z,2026-10-07T09:40:30.383Z,st_estudio-de-grabacion.json
ChIJDWoGaqcpQg0RexRMfDKK8GU,Retrológico Estudio,MUSIC_PRODUCTION,RECORDING_STUDIO;PRODUCER,estudio de grabación;productor musical,"C. de Alberto Aguilera, 14, Chamberí, 28015 Madrid","Retrológico Estudio, C. de Alberto Aguilera, 14, Chamberí, 28015 Madrid","C. de Alberto Aguilera, 14",Chamberí,Madrid,28015,Madrid,ES,40.4299864,-3.7079614,+34677547829,https://retrologico.com,retrologico.com,https://www.google.com/maps/place/data=!3m1!4b1!4m2!3m1!1s0xd4229a76a066a0d:0x65f08a327c4c147b,5,25,OPEN,True,Estudio de grabación,Estudio de grabación;Productor discográfico,recording_studio;art;company;culture;design_services;education_and_culture;entertainment_and_recreation;establishment;establishment_poi;feature;hobbies;media;music;music_producer;music_store;musician_and_composer;performing_arts;photography;public_api_establishment;shopping;store;video,58,Cerrado · Apertura: 9:00,APIFY_GOOGLE_MAPS_SCRAPER,0xd4229a76a066a0d:0x65f08a327c4c147b,0xd4229a76a066a0d:0x65f08a327c4c147b,7345522941679637627,2026-10-06T23:09:17.256Z,2026-10-07T09:40:41.317Z,st_estudio-de-grabacion.json;st_productor-musical.json
ChIJOY3PHe0pQg0RKjtgmuXL4L4,Alondra Music,MUSIC_PRODUCTION,PUBLISHER,editorial musical,"C. de Ramón Gómez de la Serna, 66, 5C, Fuencarral-El Pardo, 28035 Madrid","Alondra Music, C. de Ramón Gómez de la Serna, 66, 5C, Fuencarral-El Pardo, 28035 Madrid","C. de Ramón Gómez de la Serna, 66, 5C",Fuencarral-El Pardo,Madrid,28035,Madrid,ES,40.480734299999995,-3.7249624999999997,+34913734437,,,https://www.google.com/maps/place/data=!3m1!4b1!4m2!3m1!1s0xd4229ed1dcf8d39:0xbee0cbe59a603b2a,5,23,OPEN,True,Editorial,Editorial,publisher;b_to_b_companies;books;company;establishment;establishment_poi;feature;media;printing_industry;public_api_establishment,5,Abierto · Cierre: 20:00,APIFY_GOOGLE_MAPS_SCRAPER,0xd4229ed1dcf8d39:0xbee0cbe59a603b2a,0xd4229ed1dcf8d39:0xbee0cbe59a603b2a,13754217448987441962,2026-10-07T09:40:46.249Z,2026-10-07T09:40:46.249Z,st_editorial-musical.json
ChIJE_OzTwApQg0RbN3m34NszPM,LAND HO! audiovisual solutions,MUSIC_PRODUCTION,PRODUCER;PUBLISHER,productor musical;editorial musical,"Calle de la Coruña, 11, Tetuán, 28020 Madrid","LAND HO! audiovisual solutions, Calle de la Coruña, 11, Tetuán, 28020 Madrid","Calle de la Coruña, 11",Tetuán,Madrid,28020,Madrid,ES,40.4554556,-3.7008473,+34915798656,http://www.estudiograbacionmadrid.es,estudiograbacionmadrid.es,https://www.google.com/maps/place/data=!3m1!4b1!4m2!3m1!1s0xd4229004fb3f313:0xf3cc6c83dfe6dd6c,5,22,OPEN,True,Estudio de grabación,Estudio de grabación;Servicio de tecnología de eventos;Diseñador gráfico;Registro de la propiedad intelectual;Productora discográfica,recording_studio;architecture_and_design_companies;art;association_or_organization;b_to_b_companies;books;business_related;business_service;company;craft;design;design_services;digital_media;entertainment_and_recreation;establishment;establishment_poi;event_technology_service;feature;government;government_office;graphic_designer;hobbies;industry;intellectual_property_registry;local_government_office;manufacturer;marketing;media;music;music_store;performing_arts;photography;potentially_sensitive_entity;printing_industry;production;professional_services;public_api_establishment;publisher;record_company;registry_office;services;services_companies;shopping;store;video,11,Abierto 24 horas,APIFY_GOOGLE_MAPS_SCRAPER,0xd4229004fb3f313:0xf3cc6c83dfe6dd6c,0xd4229004fb3f313:0xf3cc6c83dfe6dd6c,17567535560118426988,2026-10-06T23:09:24.716Z,2026-10-07T09:40:46.249Z,st_productor-musical.json;st_editorial-musical.json
ChIJT3j4FjMmQg0RDMEk2hKkVpw,LA CABAÑA DEL ARBOL,MUSIC_PRODUCTION,PRODUCER,productor musical,"Calle de las Peñuelas, 58, Arganzuela, 28005 Madrid","LA CABAÑA DEL ARBOL, Calle de las Peñuelas, 58, Arganzuela, 28005 Madrid","Calle de las Peñuelas, 58",Arganzuela,Madrid,28005,Madrid,ES,40.399380799999996,-3.7014747999999997,+34669732260,http://xn--lacabaadelarbol-3qb.com,xn--lacabaadelarbol-3qb.com,https://www.google.com/maps/place/data=!3m1!4b1!4m2!3m1!1s0xd42263316f8784f:0x9c56a412da24c10c,5,21,OPEN,True,Estudio de grabación,Estudio de grabación,recording_studio;art;design_services;entertainment_and_recreation;establishment;establishment_poi;feature;hobbies;music;music_store;musician_and_composer;performing_arts;photography;public_api_establishment;shopping;store;video,12,Abierto · Cierre: 21:00,APIFY_GOOGLE_MAPS_SCRAPER,0xd42263316f8784f:0x9c56a412da24c10c,0xd42263316f8784f:0x9c56a412da24c10c,11265371918790082828,2026-10-07T09:40:41.317Z,2026-10-07T09:40:41.317Z,st_productor-musical.json
ChIJJXfzsPIpQg0ROkJrO5jWv_8,Clubster53 - Alquiler Plató Madrid,MUSIC_PRODUCTION,RECORDING_STUDIO,estudio de grabación,"C. Sorgo, 53, nave 4, Tetuán, 28029 Madrid","Clubster53 - Alquiler Plató Madrid, C. Sorgo, 53, nave 4, Tetuán, 28029 Madrid","C. Sorgo, 53, nave 4",Tetuán,Madrid,28029,Madrid,ES,40.468224299999996,-3.7063924,+34626630728,https://clubster53.com,clubster53.com,https://www.google.com/maps/place/data=!3m1!4b1!4m2!3m1!1s0xd4229f2b0f37725:0xffbfd6983b6b423a,5,20,OPEN,True,Estudio de grabación,Estudio de grabación;Asesor audiovisual;Alquiler de equipo audiovisual;Estudio de fotografía;Servicio de producción de vídeo,recording_studio;appliances;art;audio_visual_consultant;audio_visual_equipment_rental_service;business_related;business_service;ceremonial_occasions;company;consultant;design_services;electrical_equipment;entertainment_and_recreation;establishment;establishment_poi;feature;hobbies;media;music;music_store;performing_arts;photographer;photography;photography_service;photography_studio;professional_services;public_api_establishment;rental;services;shopping;store;video;video_production_service;weddings,28,Abierto 24 horas,APIFY_GOOGLE_MAPS_SCRAPER,0xd4229f2b0f37725:0xffbfd6983b6b423a,0xd4229f2b0f37725:0xffbfd6983b6b423a,18428684149543617082,2026-10-06T23:09:17.255Z,2026-10-07T09:40:30.383Z,st_estudio-de-grabacion.json
ChIJxeIYk5YnQg0R47jbNrWZ8N4,Rockland,MUSIC_PRODUCTION,REHEARSAL_ROOM,sala de ensayo,"28025 5, Pl. de San Vicente de Paúl, 5, 28025 Madrid","Rockland, 28025 5, Pl. de San Vicente de Paúl, 5, 28025 Madrid","28025 5, Pl. de San Vicente de Paúl, 5",Carabanchel,Madrid,28025,Madrid,ES,40.384962699999996,-3.7268749999999997,+34911625892,http://www.rockland.es,rockland.es,https://www.google.com/maps/place/data=!3m1!4b1!4m2!3m1!1s0xd4227969318e2c5:0xdef099b536dbb8e3,5,20,OPEN,False,Sala de ensayos,Sala de ensayos,rehearsa_studio;art;establishment;establishment_poi;feature;music;performing_arts;public_api_establishment,5,Abierto 24 horas,APIFY_GOOGLE_MAPS_SCRAPER,0xd4227969318e2c5:0xdef099b536dbb8e3,0xd4227969318e2c5:0xdef099b536dbb8e3,16064508874419058915,2026-10-06T23:09:20.826Z,2026-10-07T09:40:36.589Z,st_sala-de-ensayo.json
ChIJwXZvrH0pQg0RD8tewl0EFU0,The Cave,MUSIC_PRODUCTION,REHEARSAL_ROOM,sala de ensayo,"C. de Leñeros, 6, Tetuán, 28039 Madrid","The Cave, C. de Leñeros, 6, Tetuán, 28039 Madrid","C. de Leñeros, 6",Tetuán,Madrid,28039,Madrid,ES,40.4528287,-3.7077071999999998,,https://www.thecavespaces.com,thecavespaces.com,https://www.google.com/maps/place/data=!3m1!4b1!4m2!3m1!1s0xd42297dac6f76c1:0x4d15045dc25ecb0f,5,20,OPEN,True,Sala de ensayos,Sala de ensayos,rehearsa_studio;art;establishment;establishment_poi;feature;music;performing_arts;public_api_establishment,20,Cerrado · Apertura: 10:00,APIFY_GOOGLE_MAPS_SCRAPER,0xd42297dac6f76c1:0x4d15045dc25ecb0f,0xd42297dac6f76c1:0x4d15045dc25ecb0f,5554350516170836751,2026-10-06T23:09:20.826Z,2026-10-07T09:40:36.588Z,st_sala-de-ensayo.json
ChIJTQqP0FYnQg0RV9D71jb3KQ0,Beat Noise - Productor Musical,MUSIC_PRODUCTION,PRODUCER,productor musical,"C. de la Inmaculada Concepción, 36, Carabanchel, 28019 Madrid","Beat Noise - Productor Musical, C. de la Inmaculada Concepción, 36, Carabanchel, 28019 Madrid","C. de la Inmaculada Concepción, 36",Carabanchel,Madrid,28019,Madrid,ES,40.3927933,-3.7123494,+34662419932,https://www.instagram.com/bnoisebeat?igsh=eXJhMTA3dzZkd2Jq,instagram.com,https://www.google.com/maps/place/data=!3m1!4b1!4m2!3m1!1s0xd422756d08f0a4d:0xd29f736d6fbd057,5,19,OPEN,True,Estudio de grabación,Estudio de grabación,recording_studio;art;design_services;entertainment_and_recreation;establishment;establishment_poi;feature;hobbies;music;music_store;performing_arts;photography;public_api_establishment;shopping;store;video,9,Abierto 24 horas,APIFY_GOOGLE_MAPS_SCRAPER,0xd422756d08f0a4d:0xd29f736d6fbd057,0xd422756d08f0a4d:0xd29f736d6fbd057,948561011445321815,2026-10-06T23:09:24.716Z,2026-10-07T09:40:41.317Z,st_productor-musical.json
ChIJGSGi46eHQQ0R8Q0q8YAP5bU,MMR Estudio (Dj Maos Music),MUSIC_PRODUCTION,PRODUCER,productor musical,"Urb, C. de Rosa Luxemburgo, 28023 Madrid","MMR Estudio (Dj Maos Music), Urb, C. de Rosa Luxemburgo, 28023 Madrid","Urb, C. de Rosa Luxemburgo",Moncloa - Aravaca,Madrid,28023,Madrid,ES,40.4502417,-3.7718127,+34685502805,https://www.djmaos.mmrestudio.com,djmaos.mmrestudio.com,https://www.google.com/maps/place/data=!3m1!4b1!4m2!3m1!1s0xd4187a7e3a22119:0xb5e50f80f12a0df1,5,19,OPEN,True,Productor discográfico,Productor discográfico;Estudio de grabación,music_producer;art;company;culture;design_services;education_and_culture;entertainment_and_recreation;establishment;establishment_poi;feature;hobbies;media;music;music_store;performing_arts;photography;public_api_establishment;recording_studio;shopping;store;video,9,Abierto 24 horas,APIFY_GOOGLE_MAPS_SCRAPER,0xd4187a7e3a22119:0xb5e50f80f12a0df1,0xd4187a7e3a22119:0xb5e50f80f12a0df1,13106899337007992305,2026-10-06T23:09:24.716Z,2026-10-07T09:40:41.317Z,st_productor-musical.json
ChIJCSGezkcvQg0Rr7FqZSxacp4,Ediciones Rialp S.A.,MUSIC_PRODUCTION,PUBLISHER,editorial musical,"C. de Manuel Uribe, 13, Cdad. Lineal, 28033 Madrid","Ediciones Rialp S.A., C. de Manuel Uribe, 13, Cdad. Lineal, 28033 Madrid","C. de Manuel Uribe, 13",Ciudad Lineal,Madrid,28033,Madrid,ES,40.464783,-3.6635256,+34913260504,https://www.rialp.com,rialp.com,https://www.google.com/maps/place/data=!3m1!4b1!4m2!3m1!1s0xd422f47ce9e2109:0x9e725a2c656ab1af,5,16,OPEN,True,Editor,Editor,book_publisher;b_to_b_companies;books;company;establishment;establishment_poi;feature;media;printing_industry;public_api_establishment;publisher,1,Abierto · Cierre: 16:30,APIFY_GOOGLE_MAPS_SCRAPER,0xd422f47ce9e2109:0x9e725a2c656ab1af,0xd422f47ce9e2109:0x9e725a2c656ab1af,11417287152064180655,2026-10-07T09:40:46.250Z,2026-10-07T09:40:46.250Z,st_editorial-musical.json
ChIJ0T4ydbspQg0R6IV2PpVPVD0,Madrid Content Club | Estudio Creación de Contenido,MUSIC_PRODUCTION,RECORDING_STUDIO,estudio de grabación,"C. de Manuel Tovar, 16, Bajo Izda, Fuencarral-El Pardo, 28034 Madrid","Madrid Content Club | Estudio Creación de Contenido, C. de Manuel Tovar, 16, Bajo Izda, Fuencarral-El Pardo, 28034 Madrid","C. de Manuel Tovar, 16, Bajo Izda",Fuencarral-El Pardo,Madrid,28034,Madrid,ES,40.4882592,-3.6880986,+34621490673,https://madridcontentclub.com,madridcontentclub.com,https://www.google.com/maps/place/data=!3m1!4b1!4m2!3m1!1s0xd4229bb75323ed1:0x3d544f953e7685e8,5,15,OPEN,True,Estudio de grabación,Estudio de grabación,recording_studio;art;design_services;entertainment_and_recreation;establishment;establishment_poi;feature;hobbies;music;music_store;performing_arts;photography;public_api_establishment;shopping;store;video,20,Cerrado · Apertura: 10:00,APIFY_GOOGLE_MAPS_SCRAPER,0xd4229bb75323ed1:0x3d544f953e7685e8,0xd4229bb75323ed1:0x3d544f953e7685e8,4419244636773975528,2026-10-06T23:09:17.255Z,2026-10-07T09:40:30.383Z,st_estudio-de-grabacion.json
ChIJJ-tFf9cnQg0RrdOqJYV0K44,Sonobox Producciones Musicales S.L,MUSIC_PRODUCTION,PRODUCER,productor musical,"C. del Ángel, 14, Loc 2, Centro, 28005 Madrid","Sonobox Producciones Musicales S.L, C. del Ángel, 14, Loc 2, Centro, 28005 Madrid","C. del Ángel, 14, Loc 2",Centro,Madrid,28005,Madrid,ES,40.4099734,-3.7127888,+34913668411,http://www.sonobox.es,sonobox.es,https://www.google.com/maps/place/data=!3m1!4b1!4m2!3m1!1s0xd4227d77f45eb27:0x8e2b748525aad3ad,5,15,OPEN,False,Estudio de grabación,Estudio de grabación;Productor discográfico,recording_studio;art;company;culture;design_services;education_and_culture;entertainment_and_recreation;establishment;establishment_poi;feature;hobbies;media;music;music_producer;music_store;performing_arts;photography;public_api_establishment;shopping;store;video,2,Cerrado · Apertura: 10:00,APIFY_GOOGLE_MAPS_SCRAPER,0xd4227d77f45eb27:0x8e2b748525aad3ad,0xd4227d77f45eb27:0x8e2b748525aad3ad,10244409892595749805,2026-10-06T23:09:24.716Z,2026-10-07T09:40:41.317Z,st_productor-musical.json
ChIJV0_ZyogpQg0R2B2fz7KG2po,Alquiler Plató Madrid - Grupo Urbanitas,MUSIC_PRODUCTION,RECORDING_STUDIO,estudio de grabación,"Calle de las Magnolias, 49, Tetuán, 28029 Madrid","Alquiler Plató Madrid - Grupo Urbanitas, Calle de las Magnolias, 49, Tetuán, 28029 Madrid","Calle de las Magnolias, 49",Tetuán,Madrid,28029,Madrid,ES,40.4690886,-3.6921692,+34671544600,http://www.grupourbanitas.com,grupourbanitas.com,https://www.google.com/maps/place/data=!3m1!4b1!4m2!3m1!1s0xd422988cad94f57:0x9ada86b2cf9f1dd8,5,14,OPEN,True,Estudio de grabación,Estudio de grabación;Productora cinematográfica;Servicio de producción de vídeo,film_production_company;art;company;design_services;entertainment_and_recreation;establishment;establishment_poi;feature;hobbies;media;music;music_store;performing_arts;photography;professional_services;public_api_establishment;recording_studio;services;services_companies;shopping;store;video;video_production_service,53,Cerrado · Apertura: 9:00,APIFY_GOOGLE_MAPS_SCRAPER,0xd422988cad94f57:0x9ada86b2cf9f1dd8,0xd422988cad94f57:0x9ada86b2cf9f1dd8,11158379129309437400,2026-10-06T23:09:17.256Z,2026-10-07T09:40:30.383Z,st_estudio-de-grabacion.json
ChIJqz4wI5knQg0R4GobYdOkaAU,JRM | Productor musical,MUSIC_PRODUCTION,PRODUCER;PUBLISHER,productor musical;editorial musical,"C. de Moratín, 50, Centro, 28014 Madrid","JRM | Productor musical, C. de Moratín, 50, Centro, 28014 Madrid","C. de Moratín, 50",Centro,Madrid,28014,Madrid,ES,40.4126155,-3.6943978,,,,https://www.google.com/maps/place/data=!3m1!4b1!4m2!3m1!1s0xd42279923303eab:0x568a4d3611b6ae0,5,14,OPEN,True,Productor discográfico,Productor discográfico;Productora discográfica;Estudio de grabación,music_producer;art;b_to_b_companies;books;company;culture;design_services;education_and_culture;entertainment_and_recreation;establishment;establishment_poi;feature;hobbies;industry;manufacturer;media;music;music_store;performing_arts;photography;printing_industry;production;public_api_establishment;publisher;record_company;recording_studio;shopping;store;video,3,Cerrado · Apertura: 10:00,APIFY_GOOGLE_MAPS_SCRAPER,0xd42279923303eab:0x568a4d3611b6ae0,0xd42279923303eab:0x568a4d3611b6ae0,389742595541789408,2026-10-06T23:09:24.716Z,2026-10-07T09:40:46.249Z,st_productor-musical.json;st_editorial-musical.json
ChIJ29JoELwoQg0RmZHww4P6YZk,Furia Produccion Musical,MUSIC_PRODUCTION,PRODUCER,productor musical,"C. Alcalá, 704, San Blas-Canillejas, 28022 Madrid","Furia Produccion Musical, C. Alcalá, 704, San Blas-Canillejas, 28022 Madrid","C. Alcalá, 704",San Blas-Canillejas,Madrid,28022,Madrid,ES,40.4489294,-3.6006294,+34675128078,,,https://www.google.com/maps/place/data=!3m1!4b1!4m2!3m1!1s0xd4228bc1068d2db:0x9961fa83c3f09199,5,10,OPEN,True,Estudio de grabación,Estudio de grabación,recording_studio;art;design_services;entertainment_and_recreation;establishment;establishment_poi;feature;hobbies;music;music_store;performing_arts;photography;public_api_establishment;shopping;store;video,59,Cerrado · Apertura: 9:00,APIFY_GOOGLE_MAPS_SCRAPER,0xd4228bc1068d2db:0x9961fa83c3f09199,0xd4228bc1068d2db:0x9961fa83c3f09199,11052390404378890649,2026-10-06T23:09:24.716Z,2026-10-07T09:40:41.317Z,st_productor-musical.json
ChIJm-MjmYopQg0RcF0rXrIRxMw,Plató Photoo Mad Studios,MUSIC_PRODUCTION,RECORDING_STUDIO,estudio de grabación,"C. de Matilde Landa, 26A, Local 2, Tetuán, 28029 Madrid","Plató Photoo Mad Studios, C. de Matilde Landa, 26A, Local 2, Tetuán, 28029 Madrid","C. de Matilde Landa, 26A, Local 2",Tetuán,Madrid,28029,Madrid,ES,40.4726058,-3.6926854,+34629163081,http://www.photoomadrid.es,photoomadrid.es,https://www.google.com/maps/place/data=!3m1!4b1!4m2!3m1!1s0xd42298a9923e39b:0xccc411b25e2b5d70,5,10,OPEN,True,Estudio de grabación,Estudio de grabación,recording_studio;art;design_services;entertainment_and_recreation;establishment;establishment_poi;feature;hobbies;music;music_store;performing_arts;photography;public_api_establishment;shopping;store;video,5,Cerrado · Apertura: 8:00,APIFY_GOOGLE_MAPS_SCRAPER,0xd42298a9923e39b:0xccc411b25e2b5d70,0xd42298a9923e39b:0xccc411b25e2b5d70,14754937736954338672,2026-10-06T23:09:17.255Z,2026-10-07T09:40:30.383Z,st_estudio-de-grabacion.json
ChIJ364jFtkvQg0RxKv5iPRIUe4,Editorial Toys And Dreams SL,MUSIC_PRODUCTION,PUBLISHER,editorial musical,"Hortaleza, 28055 Madrid","Editorial Toys And Dreams SL, Hortaleza, 28055 Madrid",,Hortaleza,Madrid,28055,Madrid,ES,40.485146199999996,-3.6147389,+34915197386,http://www.toysanddreams.com,toysanddreams.com,https://www.google.com/maps/place/data=!3m1!4b1!4m2!3m1!1s0xd422fd91623aedf:0xee5148f488f9abc4,5,9,OPEN,True,Editorial de música impresa,Editorial de música impresa,printed_music_publisher;art;b_to_b_companies;books;company;establishment;establishment_poi;feature;media;music;performing_arts;printing_industry;public_api_establishment;publisher,116,Abierto · Cierre: 17:00,APIFY_GOOGLE_MAPS_SCRAPER,0xd422fd91623aedf:0xee5148f488f9abc4,0xd422fd91623aedf:0xee5148f488f9abc4,17172587069247695812,2026-10-07T09:40:46.249Z,2026-10-07T09:40:46.249Z,st_editorial-musical.json
ChIJIQ2cynEpQg0RI2Ad3JGK330,Espacio La Candelaria,MUSIC_PRODUCTION,RECORDING_STUDIO,estudio de grabación,"C. de Ordóñez, 2, Tetuán, 28029 Madrid","Espacio La Candelaria, C. de Ordóñez, 2, Tetuán, 28029 Madrid","C. de Ordóñez, 2",Tetuán,Madrid,28029,Madrid,ES,40.472448799999995,-3.6914379,+34627965852,https://espaciolacandelaria.com,espaciolacandelaria.com,https://www.google.com/maps/place/data=!3m1!4b1!4m2!3m1!1s0xd422971ca9c0d21:0x7ddf8a91dc1d6023,5,8,OPEN,True,Estudio de grabación,Estudio de grabación;Organizador de eventos;Estudio de fotografía,photography_studio;art;business_related;business_service;ceremonial_occasions;company;design_services;entertainment_and_recreation;establishment;establishment_poi;event_planner;feature;hobbies;music;music_store;performing_arts;photographer;photography;photography_service;professional_services;public_api_establishment;recording_studio;services;shopping;store;video;weddings,11,Cerrado · Apertura: 9:00,APIFY_GOOGLE_MAPS_SCRAPER,0xd422971ca9c0d21:0x7ddf8a91dc1d6023,0xd422971ca9c0d21:0x7ddf8a91dc1d6023,9070120533615271971,2026-10-06T23:09:17.256Z,2026-10-07T09:40:30.383Z,st_estudio-de-grabacion.json
ChIJcaHqiCYpQg0R7xRTs4q-vPk,Easy Hub - Studio Audiovisual,MUSIC_PRODUCTION,RECORDING_STUDIO,estudio de grabación,"C. Guindos, 3, Tetuán, 28029 Madrid","Easy Hub - Studio Audiovisual, C. Guindos, 3, Tetuán, 28029 Madrid","C. Guindos, 3",Tetuán,Madrid,28029,Madrid,ES,40.466530299999995,-3.6998857999999997,+34609018396,https://www.easyhub.space,easyhub.space,https://www.google.com/maps/place/data=!3m1!4b1!4m2!3m1!1s0xd42292688eaa171:0xf9bcbe8ab35314ef,5,7,OPEN,True,Estudio de grabación,Estudio de grabación;Recinto para eventos,recording_studio;art;design_services;entertainment_and_recreation;establishment;establishment_poi;event_venue;feature;hobbies;music;music_store;performing_arts;photography;public_api_establishment;shopping;store;video,31,Cerrado · Apertura: 9:00,APIFY_GOOGLE_MAPS_SCRAPER,0xd42292688eaa171:0xf9bcbe8ab35314ef,0xd42292688eaa171:0xf9bcbe8ab35314ef,17995467713988990191,2026-10-06T23:09:17.255Z,2026-10-07T09:40:30.383Z,st_estudio-de-grabacion.json
ChIJofdd-bolQg0RgWnBGTWjv2A,Locales de ensayo moratalaz,MUSIC_PRODUCTION,REHEARSAL_ROOM,sala de ensayo,"C. del Arroyo Belincoso, Moratalaz, 28030 Madrid","Locales de ensayo moratalaz, C. del Arroyo Belincoso, Moratalaz, 28030 Madrid",C. del Arroyo Belincoso,Moratalaz,Madrid,28030,Madrid,ES,40.409772499999995,-3.6533811999999997,,,,https://www.google.com/maps/place/data=!3m1!4b1!4m2!3m1!1s0xd4225baf95df7a1:0x60bfa33519c16981,5,7,OPEN,False,Club musical,Club musical,musical_club;art;association_or_organization;establishment;establishment_poi;feature;music;performing_arts;potentially_sensitive_entity;public_api_establishment,3,,APIFY_GOOGLE_MAPS_SCRAPER,0xd4225baf95df7a1:0x60bfa33519c16981,0xd4225baf95df7a1:0x60bfa33519c16981,6971470196653517185,2026-10-06T23:09:20.826Z,2026-10-07T09:40:36.588Z,st_sala-de-ensayo.json
ChIJiQYrD_4nQg0Riyh7phzG4aY,Music and Team,MUSIC_PRODUCTION,PUBLISHER,editorial musical,"C. de Zurbarán, 10, semisotano, Chamberí, 28010 Madrid","Music and Team, C. de Zurbarán, 10, semisotano, Chamberí, 28010 Madrid","C. de Zurbarán, 10, semisotano",Chamberí,Madrid,28010,Madrid,ES,40.4294179,-3.6931385999999997,+34644172820,https://musicandteam.com,musicandteam.com,https://www.google.com/maps/place/data=!3m1!4b1!4m2!3m1!1s0xd4227fe0f2b0689:0xa6e1c61ca67b288b,5,7,OPEN,True,Estudio de grabación,Estudio de grabación;Productora discográfica,recording_studio;art;b_to_b_companies;books;company;design_services;entertainment_and_recreation;establishment;establishment_poi;feature;hobbies;industry;manufacturer;media;music;music_store;performing_arts;photography;printing_industry;production;public_api_establishment;publisher;record_company;shopping;store;video,22,,APIFY_GOOGLE_MAPS_SCRAPER,0xd4227fe0f2b0689:0xa6e1c61ca67b288b,0xd4227fe0f2b0689:0xa6e1c61ca67b288b,12025110306410408075,2026-10-07T09:40:46.250Z,2026-10-07T09:40:46.250Z,st_editorial-musical.json
ChIJoUN48C0rQg0RG56SQrEHuws,Silente Estudio,MUSIC_PRODUCTION,RECORDING_STUDIO,estudio de grabación,"Avenida Monasterio de Silos nº26 Portal 7, 2ºD, 28049 Madrid","Silente Estudio, Avenida Monasterio de Silos nº26 Portal 7, 2ºD, 28049 Madrid","Avenida Monasterio de Silos nº26 Portal 7, 2ºD",Fuencarral-El Pardo,Madrid,28049,Madrid,ES,40.5035526,-3.704255,+34609835835,https://www.silentestudio.com,silentestudio.com,https://www.google.com/maps/place/data=!3m1!4b1!4m2!3m1!1s0xd422b2df07843a1:0xbbb07b142929e1b,5,7,OPEN,True,Estudio de grabación,Estudio de grabación;Alquiler de equipo audiovisual,recording_studio;appliances;art;audio_visual_equipment_rental_service;business_related;business_service;design_services;electrical_equipment;entertainment_and_recreation;establishment;establishment_poi;feature;hobbies;music;music_store;performing_arts;photography;public_api_establishment;rental;services;shopping;store;video,4,Abierto 24 horas,APIFY_GOOGLE_MAPS_SCRAPER,0xd422b2df07843a1:0xbbb07b142929e1b,0xd422b2df07843a1:0xbbb07b142929e1b,845277812969610779,2026-10-06T23:09:17.255Z,2026-10-07T09:40:30.383Z,st_estudio-de-grabacion.json
ChIJ2VDFHJIpQg0RmNdMWohaOyU,Espacio Tokio,MUSIC_PRODUCTION,RECORDING_STUDIO,estudio de grabación,"Tr.ª Pinos Alta, 9, Tetuán, 28029 Madrid","Espacio Tokio, Tr.ª Pinos Alta, 9, Tetuán, 28029 Madrid","Tr.ª Pinos Alta, 9",Tetuán,Madrid,28029,Madrid,ES,40.4692557,-3.6995126999999997,+34607712828,https://www.cutmedia.es/espaciotokio,cutmedia.es,https://www.google.com/maps/place/data=!3m1!4b1!4m2!3m1!1s0xd4229921cc550d9:0x253b5a885a4cd798,5,6,OPEN,True,Estudio de grabación,Estudio de grabación;Alquiler de equipo audiovisual;Salón para eventos;Estudio de fotografía,recording_studio;appliances;art;audio_visual_equipment_rental_service;business_related;business_service;ceremonial_occasions;design_services;electrical_equipment;entertainment_and_recreation;establishment;establishment_poi;event_venue;feature;function_room_facility;hall;hobbies;music;music_store;performing_arts;photographer;photography;photography_service;photography_studio;professional_services;public_api_establishment;rental;services;shopping;store;video;weddings,19,Cerrado · Apertura: 7:00,APIFY_GOOGLE_MAPS_SCRAPER,0xd4229921cc550d9:0x253b5a885a4cd798,0xd4229921cc550d9:0x253b5a885a4cd798,2682837544706299800,2026-10-06T23:09:17.255Z,2026-10-07T09:40:30.383Z,st_estudio-de-grabacion.json
ChIJscfe_e8lQg0RyK8pJAiAHUs,Panda Music Studio Madrid,MUSIC_PRODUCTION,PRODUCER,productor musical,"C. Gamonal, 4, Villa de Vallecas, 28031 Madrid","Panda Music Studio Madrid, C. Gamonal, 4, Villa de Vallecas, 28031 Madrid","C. Gamonal, 4",Villa de Vallecas,Madrid,28031,Madrid,ES,40.3715331,-3.6460671999999996,+34631114860,https://musecraft-beats.lovable.app,lovable.app,https://www.google.com/maps/place/data=!3m1!4b1!4m2!3m1!1s0xd4225effddec7b1:0x4b1d80082429afc8,5,6,OPEN,True,Productor discográfico,Productor discográfico,music_producer;art;company;culture;education_and_culture;establishment;establishment_poi;feature;media;music;performing_arts;public_api_establishment,12,Abierto 24 horas,APIFY_GOOGLE_MAPS_SCRAPER,0xd4225effddec7b1:0x4b1d80082429afc8,0xd4225effddec7b1:0x4b1d80082429afc8,5412623099624009672,2026-10-06T23:09:24.716Z,2026-10-07T09:40:41.317Z,st_productor-musical.json
ChIJrWpIL5YnQg0RKsKl6ec5CzU,Youkali Music S.L.,MUSIC_PRODUCTION,PUBLISHER,editorial musical,"C. de Canarias, 74, 5ºB, Arganzuela, 28045 Madrid","Youkali Music S.L., C. de Canarias, 74, 5ºB, Arganzuela, 28045 Madrid","C. de Canarias, 74, 5ºB",Arganzuela,Madrid,28045,Madrid,ES,40.400709899999995,-3.6882699999999997,+34620265337,http://youkalimusic.com,youkalimusic.com,https://www.google.com/maps/place/data=!3m1!4b1!4m2!3m1!1s0xd4227962f486aad:0x350b39e7e9a5c22a,5,6,OPEN,True,Productora discográfica,Productora discográfica,record_company;art;b_to_b_companies;books;company;design_services;establishment;establishment_poi;feature;industry;manufacturer;media;music;performing_arts;photography;printing_industry;production;public_api_establishment;publisher;video,23,Abierto · Cierre: 21:00,APIFY_GOOGLE_MAPS_SCRAPER,0xd4227962f486aad:0x350b39e7e9a5c22a,0xd4227962f486aad:0x350b39e7e9a5c22a,3822212376974180906,2026-10-07T09:40:46.250Z,2026-10-07T09:40:46.250Z,st_editorial-musical.json
ChIJve4usBYpQg0RC4Rm55vmNWc,Sarah Gómez Música,MUSIC_PRODUCTION,PUBLISHER,editorial musical,"C. de Sagunto, 2, Chamberí, 28010 Madrid","Sarah Gómez Música, C. de Sagunto, 2, Chamberí, 28010 Madrid","C. de Sagunto, 2",Chamberí,Madrid,28010,Madrid,ES,40.4333834,-3.7003036999999996,,,,https://www.google.com/maps/place/data=!3m1!4b1!4m2!3m1!1s0xd422916b02eeebd:0x6735e69be766840b,5,5,OPEN,True,Entrenador vocal,Entrenador vocal;Productora discográfica,vocal_instructor;art;b_to_b_companies;books;company;culture;design_services;education;education_and_culture;educational_institution;establishment;establishment_poi;feature;hobby_classes;industry;institute;instruction;learning;manufacturer;media;music;music_classes;music_instruction;music_instructor;performing_arts;photography;printing_industry;production;professional_services;public_api_establishment;publisher;record_company;school;services;training_courses;video,1,Cerrado · Apertura: 16:00,APIFY_GOOGLE_MAPS_SCRAPER,0xd422916b02eeebd:0x6735e69be766840b,0xd422916b02eeebd:0x6735e69be766840b,7437103916948816907,2026-10-07T09:40:46.250Z,2026-10-07T09:40:46.250Z,st_editorial-musical.json
ChIJK--mYPAlQg0RQxwAIKqYFrY,Edu Molina-Productor Musical,MUSIC_PRODUCTION,PRODUCER;PUBLISHER,productor musical;editorial musical,"Plaza del Dr. Lozano, 2, Puente de Vallecas, 28038 Madrid","Edu Molina-Productor Musical, Plaza del Dr. Lozano, 2, Puente de Vallecas, 28038 Madrid","Plaza del Dr. Lozano, 2",Puente de Vallecas,Madrid,28038,Madrid,ES,40.4036504,-3.6610473999999997,+34914671353,https://edumolina.eu,edumolina.eu,https://www.google.com/maps/place/data=!3m1!4b1!4m2!3m1!1s0xd4225f060a6ef2b:0xb61698aa20001c43,5,4,OPEN,True,Productor discográfico,Productor discográfico,music_producer;art;company;culture;education_and_culture;establishment;establishment_poi;feature;media;music;performing_arts;public_api_establishment,16,Cerrado · Apertura: 9:30,APIFY_GOOGLE_MAPS_SCRAPER,0xd4225f060a6ef2b:0xb61698aa20001c43,0xd4225f060a6ef2b:0xb61698aa20001c43,13120842420839259203,2026-10-06T23:09:24.716Z,2026-10-07T09:40:46.250Z,st_productor-musical.json;st_editorial-musical.json
ChIJYwc93_QpQg0RcnbXfOCkzcc,La Fé Records,MUSIC_PRODUCTION,RECORDING_STUDIO,estudio de grabación,"C. del Naranjo, 33, Tetuán, 28039 Madrid","La Fé Records, C. del Naranjo, 33, Tetuán, 28039 Madrid","C. del Naranjo, 33",Tetuán,Madrid,28039,Madrid,ES,40.4612765,-3.7012981999999996,+34699564002,https://www.instagram.com/laferecordsofficial?igsh=MXJ4bjZlZWY2OXp3bA%3D%3D&igsi=MXJ4bjZlZWY2OXp3bA%3D%3D,instagram.com,https://www.google.com/maps/place/data=!3m1!4b1!4m2!3m1!1s0xd4229f4df3d0763:0xc7cda4e07cd77672,5,3,OPEN,True,Estudio de grabación,Estudio de grabación,recording_studio;art;design_services;entertainment_and_recreation;establishment;establishment_poi;feature;hobbies;music;music_management_and_promotion;music_store;musician_and_composer;performing_arts;photography;professional_services;public_api_establishment;services;shopping;store;video,8,Abierto 24 horas,APIFY_GOOGLE_MAPS_SCRAPER,0xd4229f4df3d0763:0xc7cda4e07cd77672,0xd4229f4df3d0763:0xc7cda4e07cd77672,14397344867847468658,2026-10-06T23:09:17.255Z,2026-10-07T09:40:30.383Z,st_estudio-de-grabacion.json
ChIJp7vkkoEpQg0RJUcdZq--e6I,Moments Song Makers,MUSIC_PRODUCTION,PUBLISHER,editorial musical,"C. de María Teresa, 14, Salamanca, 28028 Madrid","Moments Song Makers, C. de María Teresa, 14, Salamanca, 28028 Madrid","C. de María Teresa, 14",Salamanca,Madrid,28028,Madrid,ES,40.4358874,-3.6687662,+34657442219,https://momentssongmakers.com,momentssongmakers.com,https://www.google.com/maps/place/data=!3m1!4b1!4m2!3m1!1s0xd42298192e4bba7:0xa27bbeaf661d4725,5,3,OPEN,True,Productora discográfica,Productora discográfica,record_company;art;b_to_b_companies;books;company;design_services;establishment;establishment_poi;feature;industry;manufacturer;media;music;performing_arts;photography;printing_industry;production;public_api_establishment;publisher;video,9,Abierto · Cierre: 18:00,APIFY_GOOGLE_MAPS_SCRAPER,0xd42298192e4bba7:0xa27bbeaf661d4725,0xd42298192e4bba7:0xa27bbeaf661d4725,11708161316821485349,2026-10-07T09:40:46.249Z,2026-10-07T09:40:46.249Z,st_editorial-musical.json
ChIJk0tFrUyJQQ0RusMGgOQbplc,Rabat Music Group,MUSIC_PRODUCTION,PUBLISHER,editorial musical,"C. de Martín de los Heros, 24, Moncloa - Aravaca, 28008 Madrid","Rabat Music Group, C. de Martín de los Heros, 24, Moncloa - Aravaca, 28008 Madrid","C. de Martín de los Heros, 24",Moncloa - Aravaca,Madrid,28008,Madrid,ES,40.425658,-3.7144171999999998,+34658613966,https://rabatmusicgroup.com,rabatmusicgroup.com,https://www.google.com/maps/place/data=!3m1!4b1!4m2!3m1!1s0xd41894cad454b93:0x57a61be48006c3ba,5,3,OPEN,True,Compañía discográfica,Compañía discográfica;Representante comercial,music_publisher;art;b_to_b_companies;books;commercial_agent;company;establishment;establishment_poi;feature;media;music;music_management_and_promotion;performing_arts;printing_industry;professional_services;public_api_establishment;publisher;services,11,Abierto · Cierre: 18:00,APIFY_GOOGLE_MAPS_SCRAPER,0xd41894cad454b93:0x57a61be48006c3ba,0xd41894cad454b93:0x57a61be48006c3ba,6315766195648119738,2026-10-07T09:40:46.250Z,2026-10-07T09:40:46.250Z,st_editorial-musical.json
ChIJuzEXfzYpQg0Rq1haKLaljZg,The Music Callejon,MUSIC_PRODUCTION,PRODUCER;PUBLISHER,productor musical;editorial musical,"C/ Gabriel Lobo, Chamartín, 28002 Madrid","The Music Callejon, C/ Gabriel Lobo, Chamartín, 28002 Madrid",C/ Gabriel Lobo,Chamartín,Madrid,28002,Madrid,ES,40.443216,-3.6804276999999996,,https://the-music-callejon.ueniweb.com,ueniweb.com,https://www.google.com/maps/place/data=!3m1!4b1!4m2!3m1!1s0xd4229367f1731bb:0x988da5b6285a58ab,5,3,OPEN,True,Productora discográfica,Productora discográfica,record_company;art;b_to_b_companies;books;company;design_services;establishment;establishment_poi;feature;industry;manufacturer;media;music;performing_arts;photography;printing_industry;production;public_api_establishment;publisher;video,4,Abierto 24 horas,APIFY_GOOGLE_MAPS_SCRAPER,0xd4229367f1731bb:0x988da5b6285a58ab,0xd4229367f1731bb:0x988da5b6285a58ab,10992624467260889259,2026-10-06T23:09:24.716Z,2026-10-07T09:40:46.249Z,st_productor-musical.json;st_editorial-musical.json
ChIJE2w0GnUpQg0R3uvPNYNt9tI,Voces Premium,MUSIC_PRODUCTION,RECORDING_STUDIO,estudio de grabación,"C. de Finisterre, 5, Fuencarral-El Pardo, 28029 Madrid","Voces Premium, C. de Finisterre, 5, Fuencarral-El Pardo, 28029 Madrid","C. de Finisterre, 5",Fuencarral-El Pardo,Madrid,28029,Madrid,ES,40.4756889,-3.7008626,+34639493775,https://www.vocespremium.com,vocespremium.com,https://www.google.com/maps/place/data=!3m1!4b1!4m2!3m1!1s0xd4229751a346c13:0xd2f66d8335cfebde,5,3,OPEN,True,Estudio de grabación,Estudio de grabación,recording_studio;art;design_services;entertainment_and_recreation;establishment;establishment_poi;feature;hobbies;music;music_store;performing_arts;photography;public_api_establishment;shopping;store;video,1,Abierto ahora,APIFY_GOOGLE_MAPS_SCRAPER,0xd4229751a346c13:0xd2f66d8335cfebde,0xd4229751a346c13:0xd2f66d8335cfebde,15201458002546650078,2026-10-06T23:09:17.255Z,2026-10-07T09:40:30.383Z,st_estudio-de-grabacion.json
ChIJO-kfK5ApQg0Rdk3k-BvXhOw,Aow Music Productions,MUSIC_PRODUCTION,PRODUCER,productor musical,"C. de Valderribas, 59, Retiro, 28007 Madrid","Aow Music Productions, C. de Valderribas, 59, Retiro, 28007 Madrid","C. de Valderribas, 59",Retiro,Madrid,28007,Madrid,ES,40.4028596,-3.6718707,+34685993616,https://aow-music-productions.ueniweb.com,ueniweb.com,https://www.google.com/maps/place/data=!3m1!4b1!4m2!3m1!1s0xd4229902b1fe93b:0xec84d71bf8e44d76,5,2,OPEN,True,Productor discográfico,Productor discográfico,music_producer;art;company;culture;education_and_culture;establishment;establishment_poi;feature;media;music;performing_arts;public_api_establishment,1,Abierto · Cierre: 14:30,APIFY_GOOGLE_MAPS_SCRAPER,0xd4229902b1fe93b:0xec84d71bf8e44d76,0xd4229902b1fe93b:0xec84d71bf8e44d76,17042983405016599926,2026-10-07T09:40:41.317Z,2026-10-07T09:40:41.317Z,st_productor-musical.json
ChIJs-hbnHspQg0Rd3BdQsAtU9I,Emilio Esteban Production,MUSIC_PRODUCTION,PRODUCER,productor musical,"C. del Marqués de Urquijo, 26, Moncloa - Aravaca, 28008 Madrid","Emilio Esteban Production, C. del Marqués de Urquijo, 26, Moncloa - Aravaca, 28008 Madrid","C. del Marqués de Urquijo, 26",Moncloa - Aravaca,Madrid,28008,Madrid,ES,40.4298133,-3.7193106,+34611541533,https://www.emilioestebanproduction.com,emilioestebanproduction.com,https://www.google.com/maps/place/data=!3m1!4b1!4m2!3m1!1s0xd42297b9c5be8b3:0xd2532dc0425d7077,5,2,OPEN,True,Productor discográfico,Productor discográfico,music_producer;art;company;culture;education_and_culture;establishment;establishment_poi;feature;media;music;performing_arts;public_api_establishment,7,Abierto 24 horas,APIFY_GOOGLE_MAPS_SCRAPER,0xd42297b9c5be8b3:0xd2532dc0425d7077,0xd42297b9c5be8b3:0xd2532dc0425d7077,15155507474802241655,2026-10-06T23:09:24.716Z,2026-10-07T09:40:41.317Z,st_productor-musical.json
ChIJcVAzCQAvQg0RGzEk8kh0LMg,Locales Ensayo Rocka Sonora,MUSIC_PRODUCTION,REHEARSAL_ROOM,sala de ensayo,"C. Liebre, 38, Primera planta, Hortaleza, 28043 Madrid","Locales Ensayo Rocka Sonora, C. Liebre, 38, Primera planta, Hortaleza, 28043 Madrid","C. Liebre, 38, Primera planta",Hortaleza,Madrid,28043,Madrid,ES,40.4580303,-3.6472708999999996,+34912772399,https://rockasonora.es/locales-de-ensayo-en-madrid,rockasonora.es,https://www.google.com/maps/place/data=!3m1!4b1!4m2!3m1!1s0xd422f0009335071:0xc82c7448f224311b,5,2,OPEN,True,Sala de ensayos,Sala de ensayos,rehearsa_studio;art;establishment;establishment_poi;feature;music;performing_arts;public_api_establishment,2,Cerrado · Apertura: 9:00,APIFY_GOOGLE_MAPS_SCRAPER,0xd422f0009335071:0xc82c7448f224311b,0xd422f0009335071:0xc82c7448f224311b,14424031563209781531,2026-10-06T23:09:20.826Z,2026-10-07T09:40:36.588Z,st_sala-de-ensayo.json
ChIJyYp-82ooQg0Rlc5kXo5ldqg,Monge y Boceta Asociados Musicales SL,MUSIC_PRODUCTION,PUBLISHER,editorial musical,"C. del Marqués de Urquijo, 34, BAJO INT. IZQDA, Moncloa - Aravaca, 28008 Madrid","Monge y Boceta Asociados Musicales SL, C. del Marqués de Urquijo, 34, BAJO INT. IZQDA, Moncloa - Aravaca, 28008 Madrid","C. del Marqués de Urquijo, 34, BAJO INT. IZQDA",Moncloa - Aravaca,Madrid,28008,Madrid,ES,40.429602599999996,-3.7201405999999997,+34914316505,http://www.mongeyboceta.com,mongeyboceta.com,https://www.google.com/maps/place/data=!3m1!4b1!4m2!3m1!1s0xd42286af37e8ac9:0xa876658e5e64ce95,5,2,OPEN,True,Editorial de música impresa,Editorial de música impresa;Tienda de partituras,printed_music_publisher;art;b_to_b_companies;books;company;establishment;establishment_poi;feature;media;music;music_store;musical_instrument_store;performing_arts;printing_industry;public_api_establishment;publisher;sheet_music_and_musical_instruments;sheet_music_store;shopping;store,21,Abierto · Cierre: 15:00,APIFY_GOOGLE_MAPS_SCRAPER,0xd42286af37e8ac9:0xa876658e5e64ce95,0xd42286af37e8ac9:0xa876658e5e64ce95,12139001507767176853,2026-10-07T09:40:46.249Z,2026-10-07T09:40:46.249Z,st_editorial-musical.json
ChIJf02Ln4YoQg0RQ4lBqT_f3gs,Orpheus,MUSIC_PRODUCTION,PUBLISHER,editorial musical,"Gran Vía, 6, Centro, 28013 Madrid","Orpheus, Gran Vía, 6, Centro, 28013 Madrid","Gran Vía, 6",Centro,Madrid,28013,Madrid,ES,40.419513099999996,-3.6978611,+34606675298,http://www.orpheusclassical.com,orpheusclassical.com,https://www.google.com/maps/place/data=!3m1!4b1!4m2!3m1!1s0xd4228869f8b4d7f:0xbdedf3fa9418943,5,2,OPEN,True,Compañía discográfica,Compañía discográfica,music_management_and_promotion;art;b_to_b_companies;books;company;establishment;establishment_poi;feature;media;music;music_publisher;performing_arts;printing_industry;professional_services;public_api_establishment;publisher;services,2,Abierto ahora,APIFY_GOOGLE_MAPS_SCRAPER,0xd4228869f8b4d7f:0xbdedf3fa9418943,0xd4228869f8b4d7f:0xbdedf3fa9418943,855366443762551107,2026-10-07T09:40:46.250Z,2026-10-07T09:40:46.250Z,st_editorial-musical.json
ChIJ21l5rIcpQg0RAUG3D64Wx2I,Bellioss beats,MUSIC_PRODUCTION,PRODUCER,productor musical,"C. del Puerto de Maspalomas, Fuencarral-El Pardo, 28029 Madrid","Bellioss beats, C. del Puerto de Maspalomas, Fuencarral-El Pardo, 28029 Madrid",C. del Puerto de Maspalomas,Fuencarral-El Pardo,Madrid,28029,Madrid,ES,40.4776458,-3.7136584,+34650770306,https://belliossbeats.com,belliossbeats.com,https://www.google.com/maps/place/data=!3m1!4b1!4m2!3m1!1s0xd422987ac7959db:0x62c716ae0fb74101,5,1,OPEN,True,Productor discográfico,Productor discográfico,music_producer;art;company;culture;education_and_culture;entertainment;entertainment_and_recreation;establishment;establishment_poi;feature;media;music;music_store;musician;performing_arts;public_api_establishment;shopping;store,47,Abierto 24 horas,APIFY_GOOGLE_MAPS_SCRAPER,0xd422987ac7959db:0x62c716ae0fb74101,0xd422987ac7959db:0x62c716ae0fb74101,7117682672926146817,2026-10-06T23:09:24.716Z,2026-10-07T09:40:41.317Z,st_productor-musical.json
ChIJ1dzNMfIpQg0RVAV8tBsFDMQ,Boero Studio,MUSIC_PRODUCTION,RECORDING_STUDIO,estudio de grabación,"del Lino, 11, Tetuán, 28020 Madrid","Boero Studio, del Lino, 11, Tetuán, 28020 Madrid","del Lino, 11",Tetuán,Madrid,28020,Madrid,ES,40.4599584,-3.6975434999999996,,https://www.instagram.com/esteban_boero,instagram.com,https://www.google.com/maps/place/data=!3m1!4b1!4m2!3m1!1s0xd4229f231cddcd5:0xc40c051bb47c0554,5,1,OPEN,True,Estudio de grabación,Estudio de grabación,recording_studio;art;design_services;entertainment_and_recreation;establishment;establishment_poi;feature;hobbies;music;music_store;performing_arts;photography;public_api_establishment;shopping;store;video,5,Abierto ahora,APIFY_GOOGLE_MAPS_SCRAPER,0xd4229f231cddcd5:0xc40c051bb47c0554,0xd4229f231cddcd5:0xc40c051bb47c0554,14126671747704685908,2026-10-06T23:09:17.256Z,2026-10-07T09:40:30.383Z,st_estudio-de-grabacion.json
ChIJ7dDpVnQpQg0R3bWxG5iI2Hw,Estudio de grabacion en Madrid,MUSIC_PRODUCTION,RECORDING_STUDIO,estudio de grabación,"C. de Artajona, 10, Moncloa - Aravaca, 28039 Madrid","Estudio de grabacion en Madrid, C. de Artajona, 10, Moncloa - Aravaca, 28039 Madrid","C. de Artajona, 10",Moncloa - Aravaca,Madrid,28039,Madrid,ES,40.4640342,-3.7176270999999996,+34690295539,http://onesoulstudio.com,onesoulstudio.com,https://www.google.com/maps/place/data=!3m1!4b1!4m2!3m1!1s0xd42297456e9d0ed:0x7cd888981bb1b5dd,5,1,OPEN,True,Estudio de grabación,Estudio de grabación,recording_studio;art;design_services;entertainment_and_recreation;establishment;establishment_poi;feature;hobbies;music;music_store;performing_arts;photography;public_api_establishment;shopping;store;video,6,Cerrado · Apertura: 10:00,APIFY_GOOGLE_MAPS_SCRAPER,0xd42297456e9d0ed:0x7cd888981bb1b5dd,0xd42297456e9d0ed:0x7cd888981bb1b5dd,8996090442553603549,2026-10-06T23:09:17.255Z,2026-10-07T09:40:30.383Z,st_estudio-de-grabacion.json
ChIJDRA9uc8oQg0R37x9zynhpZ0,HEAVEN MUSIC,MUSIC_PRODUCTION,PRODUCER,productor musical,"C. de Anzuola, 2, Chamartín, 28002 Madrid","HEAVEN MUSIC, C. de Anzuola, 2, Chamartín, 28002 Madrid","C. de Anzuola, 2",Chamartín,Madrid,28002,Madrid,ES,40.442948699999995,-3.6708163,+34630066463,http://heavenmusic.es,heavenmusic.es,https://www.google.com/maps/place/data=!3m1!4b1!4m2!3m1!1s0xd4228cfb93d100d:0x9da5e129cf7dbcdf,5,1,OPEN,False,Productor discográfico,Productor discográfico,music_producer;art;company;culture;education_and_culture;establishment;establishment_poi;feature;media;music;performing_arts;public_api_establishment,1,,APIFY_GOOGLE_MAPS_SCRAPER,0xd4228cfb93d100d:0x9da5e129cf7dbcdf,0xd4228cfb93d100d:0x9da5e129cf7dbcdf,11359733204802976991,2026-10-06T23:09:24.716Z,2026-10-07T09:40:41.317Z,st_productor-musical.json
ChIJV5kVK74oQg0R9BsEQ_bG3Mc,Iñigo Lantero,MUSIC_PRODUCTION,PRODUCER,productor musical,"Calle de Núñez de Balboa, 79, Salamanca, 28006 Madrid","Iñigo Lantero, Calle de Núñez de Balboa, 79, Salamanca, 28006 Madrid","Calle de Núñez de Balboa, 79",Salamanca,Madrid,28006,Madrid,ES,40.4312675,-3.6823815,+34606977908,,,https://www.google.com/maps/place/data=!3m1!4b1!4m2!3m1!1s0xd4228be2b159957:0xc7dcc6f643041bf4,5,1,OPEN,False,Productor discográfico,Productor discográfico,music_producer;art;company;culture;education_and_culture;establishment;establishment_poi;feature;media;music;performing_arts;public_api_establishment,1,,APIFY_GOOGLE_MAPS_SCRAPER,0xd4228be2b159957:0xc7dcc6f643041bf4,0xd4228be2b159957:0xc7dcc6f643041bf4,14401604469412600820,2026-10-06T23:09:24.716Z,2026-10-06T23:09:24.716Z,st_productor-musical.json
ChIJJe6wOJ8nQg0RKHlgsAwyAJU,LA NAVE ESPACIAL - Alquiler de espacios,MUSIC_PRODUCTION,REHEARSAL_ROOM,sala de ensayo,"C. de Isabel Ana, Carabanchel, 28019 Madrid","LA NAVE ESPACIAL - Alquiler de espacios, C. de Isabel Ana, Carabanchel, 28019 Madrid",C. de Isabel Ana,Carabanchel,Madrid,28019,Madrid,ES,40.3946429,-3.7258046,+34629545680,https://lanaveespacial.es,lanaveespacial.es,https://www.google.com/maps/place/data=!3m1!4b1!4m2!3m1!1s0xd42279f38b0ee25:0x9500320cb0607928,5,1,OPEN,False,Sala de ensayos,Sala de ensayos,rehearsa_studio;art;establishment;establishment_poi;feature;music;performing_arts;public_api_establishment,1,Abierto · Cierre: 18:00,APIFY_GOOGLE_MAPS_SCRAPER,0xd42279f38b0ee25:0x9500320cb0607928,0xd42279f38b0ee25:0x9500320cb0607928,10736636541731371304,2026-10-07T09:40:36.589Z,2026-10-07T09:40:36.589Z,st_sala-de-ensayo.json
ChIJnweY2RyJQQ0RPKBxHrECjrs,Locales de Ensayo,MUSIC_PRODUCTION,REHEARSAL_ROOM,sala de ensayo,"C. del Haya, 3D, Carabanchel, 28044 Madrid","Locales de Ensayo, C. del Haya, 3D, Carabanchel, 28044 Madrid","C. del Haya, 3D",Carabanchel,Madrid,28044,Madrid,ES,40.3681641,-3.7471015999999997,,,,https://www.google.com/maps/place/data=!3m1!4b1!4m2!3m1!1s0xd41891cd998079f:0xbb8e02b11e71a03c,5,1,OPEN,False,Jardín de infancia,Jardín de infancia,kindergarten;education;education_and_culture;educational_institution;establishment;establishment_poi;feature;formal_education;public_api_establishment;school,1,,APIFY_GOOGLE_MAPS_SCRAPER,0xd41891cd998079f:0xbb8e02b11e71a03c,0xd41891cd998079f:0xbb8e02b11e71a03c,13514742491528667196,2026-10-06T23:09:20.826Z,2026-10-07T09:40:36.588Z,st_sala-de-ensayo.json
ChIJu0fcIv4pQg0RCjkNT8m3PYQ,MLC estudio de grabación,MUSIC_PRODUCTION,RECORDING_STUDIO,estudio de grabación,"C. Otero de los Herreros, 10, Fuencarral-El Pardo, 28034 Madrid","MLC estudio de grabación, C. Otero de los Herreros, 10, Fuencarral-El Pardo, 28034 Madrid","C. Otero de los Herreros, 10",Fuencarral-El Pardo,Madrid,28034,Madrid,ES,40.492236399999996,-3.6873609999999997,+34676121179,,,https://www.google.com/maps/place/data=!3m1!4b1!4m2!3m1!1s0xd4229fe22dc47bb:0x843db7c94f0d390a,5,1,OPEN,True,Estudio de grabación,Estudio de grabación,recording_studio;art;design_services;entertainment_and_recreation;establishment;establishment_poi;feature;hobbies;music;music_store;performing_arts;photography;public_api_establishment;shopping;store;video,2,,APIFY_GOOGLE_MAPS_SCRAPER,0xd4229fe22dc47bb:0x843db7c94f0d390a,0xd4229fe22dc47bb:0x843db7c94f0d390a,9528974461828413706,2026-10-06T23:09:17.255Z,2026-10-07T09:40:30.383Z,st_estudio-de-grabacion.json
ChIJ__-vW3QpQg0RezpsOUclcgs,MOLDIUMSOUND,MUSIC_PRODUCTION,RECORDING_STUDIO,estudio de grabación,"C. de la Villa de Marín, 23, Fuencarral-El Pardo, 28029 Madrid","MOLDIUMSOUND, C. de la Villa de Marín, 23, Fuencarral-El Pardo, 28029 Madrid","C. de la Villa de Marín, 23",Fuencarral-El Pardo,Madrid,28029,Madrid,ES,40.477002,-3.699524,+34913239257,http://moldiumsound.com,moldiumsound.com,https://www.google.com/maps/place/data=!3m1!4b1!4m2!3m1!1s0xd4229745bafffff:0xb722547396c3a7b,5,1,OPEN,False,Asesor audiovisual,Asesor audiovisual,audio_visual_consultant;consultant;establishment;establishment_poi;feature;professional_services;public_api_establishment;services,1,Abierto ahora,APIFY_GOOGLE_MAPS_SCRAPER,0xd4229745bafffff:0xb722547396c3a7b,0xd4229745bafffff:0xb722547396c3a7b,824762669598521979,2026-10-06T23:09:17.255Z,2026-10-07T09:40:30.383Z,st_estudio-de-grabacion.json
ChIJ7R5iNI4oQg0RZ1r5Voxi_pw,Manuel Illán,MUSIC_PRODUCTION,PRODUCER,productor musical,"Calle del Gral. Castaños, 13, 4º Dcha, Centro, 28004 Madrid","Manuel Illán, Calle del Gral. Castaños, 13, 4º Dcha, Centro, 28004 Madrid","Calle del Gral. Castaños, 13, 4º Dcha",Centro,Madrid,28004,Madrid,ES,40.426060199999995,-3.6937553,+34914350246,,,https://www.google.com/maps/place/data=!3m1!4b1!4m2!3m1!1s0xd42288e34621eed:0x9cfe628c56f95a67,5,1,OPEN,False,Productor discográfico,Productor discográfico,music_producer;art;company;culture;education_and_culture;establishment;establishment_poi;feature;media;music;performing_arts;public_api_establishment,1,Abierto ahora,APIFY_GOOGLE_MAPS_SCRAPER,0xd42288e34621eed:0x9cfe628c56f95a67,0xd42288e34621eed:0x9cfe628c56f95a67,11312587668895390311,2026-10-06T23:09:24.716Z,2026-10-07T09:40:41.317Z,st_productor-musical.json
ChIJeWGlhF4oQg0RNwg-P9pYo4I,Musicalis,MUSIC_PRODUCTION,PUBLISHER,editorial musical,"C/ de Donoso Cortés, 20, Chamberí, 28015 Madrid","Musicalis, C/ de Donoso Cortés, 20, Chamberí, 28015 Madrid","C/ de Donoso Cortés, 20",Chamberí,Madrid,28015,Madrid,ES,40.4363757,-3.7075879,+34914464462,,,https://www.google.com/maps/place/data=!3m1!4b1!4m2!3m1!1s0xd42285e84a56179:0x82a358da3f3e0837,5,1,OPEN,False,Editorial,Editorial,publisher;b_to_b_companies;books;company;establishment;establishment_poi;feature;media;printing_industry;public_api_establishment,1,Abierto ahora,APIFY_GOOGLE_MAPS_SCRAPER,0xd42285e84a56179:0x82a358da3f3e0837,0xd42285e84a56179:0x82a358da3f3e0837,9413465340521613367,2026-10-07T09:40:46.249Z,2026-10-07T09:40:46.249Z,st_editorial-musical.json
ChIJg7svrsgpQg0R-thscMfWi9k,Pinkfong España,MUSIC_PRODUCTION,PRODUCER,productor musical,"C. de Cardenal Marcelo Spínola, 2, Chamartín, 28016 Madrid","Pinkfong España, C. de Cardenal Marcelo Spínola, 2, Chamartín, 28016 Madrid","C. de Cardenal Marcelo Spínola, 2",Chamartín,Madrid,28016,Madrid,ES,40.466895099999995,-3.6718001,+34644720357,https://www.pinkfong.com,pinkfong.com,https://www.google.com/maps/place/data=!3m1!4b1!4m2!3m1!1s0xd4229c8ae2fbb83:0xd98bd6c7706cd8fa,5,1,OPEN,False,Productor discográfico,Productor discográfico,music_producer;art;company;culture;education_and_culture;establishment;establishment_poi;feature;media;music;performing_arts;public_api_establishment,1,Cerrado · Apertura: 9:00,APIFY_GOOGLE_MAPS_SCRAPER,0xd4229c8ae2fbb83:0xd98bd6c7706cd8fa,0xd4229c8ae2fbb83:0xd98bd6c7706cd8fa,15675859080066160890,2026-10-06T23:09:24.716Z,2026-10-07T09:40:41.317Z,st_productor-musical.json
ChIJfcZRZLAnQg0RqgFgB6rhJvo,Restless,MUSIC_PRODUCTION,PRODUCER,productor musical,"C. de la Batalla del Salado, Centro, 28045 Madrid","Restless, C. de la Batalla del Salado, Centro, 28045 Madrid",C. de la Batalla del Salado,Centro,Madrid,28045,Madrid,ES,40.4077683,-3.7000104,+34647829854,,,https://www.google.com/maps/place/data=!3m1!4b1!4m2!3m1!1s0xd4227b06451c67d:0xfa26e1aa076001aa,5,1,OPEN,True,Productor discográfico,Productor discográfico,music_producer;art;company;culture;education_and_culture;establishment;establishment_poi;feature;media;music;performing_arts;public_api_establishment,4,,APIFY_GOOGLE_MAPS_SCRAPER,0xd4227b06451c67d:0xfa26e1aa076001aa,0xd4227b06451c67d:0xfa26e1aa076001aa,18025342678981411242,2026-10-06T23:09:24.716Z,2026-10-06T23:09:24.716Z,st_productor-musical.json
ChIJ8eb4cd4pQg0RwksF7qS5850,Time Room: Grabación de Música y Videoclip,MUSIC_PRODUCTION,RECORDING_STUDIO,estudio de grabación,"Calle de la Coruña, Tetuán, 28020 Madrid","Time Room: Grabación de Música y Videoclip, Calle de la Coruña, Tetuán, 28020 Madrid",Calle de la Coruña,Tetuán,Madrid,28020,Madrid,ES,40.455965,-3.7006655999999998,+34670647355,https://timeroomproduction.com,timeroomproduction.com,https://www.google.com/maps/place/data=!3m1!4b1!4m2!3m1!1s0xd4229de71f8e6f1:0x9df3b9a4ee054bc2,5,1,OPEN,True,Estudio de grabación,Estudio de grabación;Productora discográfica,recording_studio;art;b_to_b_companies;books;company;design_services;entertainment;entertainment_and_recreation;establishment;establishment_poi;feature;hobbies;industry;manufacturer;media;music;music_store;musician;performing_arts;photography;printing_industry;production;public_api_establishment;publisher;record_company;shopping;store;video,13,Abierto 24 horas,APIFY_GOOGLE_MAPS_SCRAPER,0xd4229de71f8e6f1:0x9df3b9a4ee054bc2,0xd4229de71f8e6f1:0x9df3b9a4ee054bc2,11381644801314474946,2026-10-06T23:09:17.255Z,2026-10-07T09:40:30.383Z,st_estudio-de-grabacion.json
ChIJsTugo02IQQ0RyRVhAy0XUPc,i-Tek.es,MUSIC_PRODUCTION,RECORDING_STUDIO,estudio de grabación,"C. Sorgo, 53, nave 4, Tetuán, 28029 Madrid","i-Tek.es, C. Sorgo, 53, nave 4, Tetuán, 28029 Madrid","C. Sorgo, 53, nave 4",Tetuán,Madrid,28029,Madrid,ES,40.4682496,-3.7061154999999997,+34636832483,http://www.i-tek.es,i-tek.es,https://www.google.com/maps/place/data=!3m1!4b1!4m2!3m1!1s0xd41884da3a03bb1:0xf750172d036115c9,5,1,OPEN,True,Servicio de producción de vídeo,Servicio de producción de vídeo;Asesor audiovisual;Estudio de fotografía;Estudio de grabación;Servicio de edición de vídeo,video_production_service;art;audio_visual_consultant;ceremonial_occasions;company;consultant;design_services;dvd_and_video_services;entertainment_and_recreation;establishment;establishment_poi;feature;hobbies;media;music;music_store;performing_arts;photographer;photography;photography_service;photography_studio;professional_services;public_api_establishment;recording_studio;services;shopping;store;video;video_editing_service;weddings,44,Abierto 24 horas,APIFY_GOOGLE_MAPS_SCRAPER,0xd41884da3a03bb1:0xf750172d036115c9,0xd41884da3a03bb1:0xf750172d036115c9,17820769207602714057,2026-10-06T23:09:17.256Z,2026-10-06T23:09:17.256Z,st_estudio-de-grabacion.json
ChIJtSvVSCgmQg0RM7AzheY1-s4,Canciona,MUSIC_PRODUCTION,PUBLISHER,editorial musical,"C. Alcalá, 155, 3-I, Salamanca, 28009 Madrid","Canciona, C. Alcalá, 155, 3-I, Salamanca, 28009 Madrid","C. Alcalá, 155, 3-I",Salamanca,Madrid,28009,Madrid,ES,40.4254213,-3.6746944,+34659166836,https://canciona.com,canciona.com,https://www.google.com/maps/place/data=!3m1!4b1!4m2!3m1!1s0xd42262848d52bb5:0xcefa35e68533b033,4.9,3859,OPEN,True,Oficinas de empresa,Oficinas de empresa;Tienda de música,corporate_office;art;business_related;establishment;establishment_poi;feature;music;music_store;performing_arts;public_api_establishment;shopping;store,9,Abierto · Cierre: 23:00,APIFY_GOOGLE_MAPS_SCRAPER,0xd42262848d52bb5:0xcefa35e68533b033,0xd42262848d52bb5:0xcefa35e68533b033,14914292380184326195,2026-10-07T09:40:46.250Z,2026-10-07T09:40:46.250Z,st_editorial-musical.json
ChIJ__8L0d4nQg0RtjsVqFxSc08,Metropol Studios,MUSIC_PRODUCTION,RECORDING_STUDIO,estudio de grabación,"P.º de los Melancólicos, 9, planta baja, Arganzuela, 28005 Madrid","Metropol Studios, P.º de los Melancólicos, 9, planta baja, Arganzuela, 28005 Madrid","P.º de los Melancólicos, 9, planta baja",Arganzuela,Madrid,28005,Madrid,ES,40.4093845,-3.7185409999999997,+34636815301,https://metropolstudios.com,metropolstudios.com,https://www.google.com/maps/place/data=!3m1!4b1!4m2!3m1!1s0xd4227ded10bffff:0x4f73525ca8153bb6,4.9,125,OPEN,True,Estudio de grabación,Estudio de grabación,recording_studio;art;design_services;entertainment_and_recreation;establishment;establishment_poi;feature;hobbies;music;music_store;performing_arts;photography;public_api_establishment;shopping;store;video,76,Abierto · Cierre: 20:00,APIFY_GOOGLE_MAPS_SCRAPER,0xd4227ded10bffff:0x4f73525ca8153bb6,0xd4227ded10bffff:0x4f73525ca8153bb6,5725010109228465078,2026-10-07T09:40:30.383Z,2026-10-07T09:40:30.383Z,st_estudio-de-grabacion.json
ChIJR_RbaSwnQg0R7Ak3aRVyHPM,Emusic Lab,MUSIC_PRODUCTION,PRODUCER,productor musical,"Av. del Mediterráneo, 5, Retiro, 28007 Madrid","Emusic Lab, Av. del Mediterráneo, 5, Retiro, 28007 Madrid","Av. del Mediterráneo, 5",Retiro,Madrid,28007,Madrid,ES,40.407621299999995,-3.6770901,+34622794515,,,https://www.google.com/maps/place/data=!3m1!4b1!4m2!3m1!1s0xd42272c695bf447:0xf31c7215693709ec,4.9,124,OPEN,True,Estudio de grabación,Estudio de grabación,recording_studio;art;design_services;entertainment_and_recreation;establishment;establishment_poi;feature;hobbies;music;music_store;performing_arts;photography;public_api_establishment;shopping;store;video,43,Cerrado · Apertura: 10:00,APIFY_GOOGLE_MAPS_SCRAPER,0xd42272c695bf447:0xf31c7215693709ec,0xd42272c695bf447:0xf31c7215693709ec,17518002086849481196,2026-10-06T23:09:24.716Z,2026-10-07T09:40:41.317Z,st_productor-musical.json
ChIJHQ3jUOYnQg0RtyHwlnx5d3A,Locales de ensayo - Pink River,MUSIC_PRODUCTION,REHEARSAL_ROOM,sala de ensayo,"C. de Embajadores, 187, 2 planta, Arganzuela, 28045 Madrid","Locales de ensayo - Pink River, C. de Embajadores, 187, 2 planta, Arganzuela, 28045 Madrid","C. de Embajadores, 187, 2 planta",Arganzuela,Madrid,28045,Madrid,ES,40.3893568,-3.6912865999999998,+34614283149,https://www.pinkrivermusic.es,pinkrivermusic.es,https://www.google.com/maps/place/data=!3m1!4b1!4m2!3m1!1s0xd4227e650e30d1d:0x7077797c96f021b7,4.9,76,OPEN,True,Sala de ensayos,Sala de ensayos;Escuela de música,rehearsa_studio;art;education;education_and_culture;educational_institution;establishment;establishment_poi;feature;hobby_classes;institute;instruction;learning;music;music_classes;music_instruction;music_school;musical_institutions;performing_arts;professional_services;public_api_establishment;services;training_courses,37,Cerrado · Apertura: 10:00,APIFY_GOOGLE_MAPS_SCRAPER,0xd4227e650e30d1d:0x7077797c96f021b7,0xd4227e650e30d1d:0x7077797c96f021b7,8104079630491722167,2026-10-06T23:09:20.826Z,2026-10-07T09:40:36.588Z,st_sala-de-ensayo.json
ChIJjTnSG9YnQg0RnEBQI92qafc,Locales de ensayo# Kelly Music Box,MUSIC_PRODUCTION,REHEARSAL_ROOM,sala de ensayo,"Cmo. de Perales, 24, Usera, 28041 Madrid","Locales de ensayo# Kelly Music Box, Cmo. de Perales, 24, Usera, 28041 Madrid","Cmo. de Perales, 24",Usera,Madrid,28041,Madrid,ES,40.381204,-3.6924756,+34610150402,https://kellymusicbox.com,kellymusicbox.com,https://www.google.com/maps/place/data=!3m1!4b1!4m2!3m1!1s0xd4227d61bd2398d:0xf769aadd2350409c,4.9,76,OPEN,True,Sala de conciertos,Sala de conciertos,concert_hall;art;auditorium;culture;education_and_culture;entertainment;entertainment_and_recreation;establishment;establishment_poi;event_venue;feature;hall;live_music_venue;music;nightlife;performing_arts;public_api_establishment,22,,APIFY_GOOGLE_MAPS_SCRAPER,0xd4227d61bd2398d:0xf769aadd2350409c,0xd4227d61bd2398d:0xf769aadd2350409c,17827968466679775388,2026-10-06T23:09:20.826Z,2026-10-07T09:40:36.588Z,st_sala-de-ensayo.json
ChIJn2NrUxUoQg0R_IIszr1dfGU,Atocar,MUSIC_PRODUCTION,REHEARSAL_ROOM,sala de ensayo,"C. de Ferraz, 77, Moncloa - Aravaca, 28008 Madrid","Atocar, C. de Ferraz, 77, Moncloa - Aravaca, 28008 Madrid","C. de Ferraz, 77",Moncloa - Aravaca,Madrid,28008,Madrid,ES,40.432131,-3.723287,+34915431817,http://www.atocar.com,atocar.com,https://www.google.com/maps/place/data=!3m1!4b1!4m2!3m1!1s0xd422815536b639f:0x657c5dbdce2c82fc,4.9,57,OPEN,True,Estudio de grabación,Estudio de grabación;Profesor de piano;Escuela de música;Sala de ensayos;Servicio de clases particulares,music_school;aide_a_domicile;art;culture;design_services;education;education_and_culture;educational_institution;entertainment_and_recreation;establishment;establishment_poi;feature;hobbies;hobby_classes;institute;instruction;learning;music;music_classes;music_instruction;music_instructor;music_store;musical_institutions;performing_arts;photography;piano;piano_instructor;professional_services;public_api_establishment;recording_studio;rehearsa_studio;school;services;shopping;store;training_courses;tutoring_service;video,81,Cerrado · Apertura: 10:30,APIFY_GOOGLE_MAPS_SCRAPER,0xd422815536b639f:0x657c5dbdce2c82fc,0xd422815536b639f:0x657c5dbdce2c82fc,7312822964732068604,2026-10-06T23:09:20.827Z,2026-10-07T09:40:36.588Z,st_sala-de-ensayo.json
ChIJ4ZO0dNkuQg0RQhI0ySze5L4,KMC Records,MUSIC_PRODUCTION,RECORDING_STUDIO;PRODUCER,estudio de grabación;productor musical,"C. de Palermo, 22, Hortaleza, 28043 Madrid","KMC Records, C. de Palermo, 22, Hortaleza, 28043 Madrid","C. de Palermo, 22",Hortaleza,Madrid,28043,Madrid,ES,40.4589918,-3.6493137,+34618821014,http://www.kmcedicast.com,kmcedicast.com,https://www.google.com/maps/place/data=!3m1!4b1!4m2!3m1!1s0xd422ed974b493e1:0xbee4de2cc9341242,4.9,52,OPEN,True,Productora discográfica,Productora discográfica,record_company;art;b_to_b_companies;books;company;design_services;establishment;establishment_poi;feature;industry;manufacturer;media;music;performing_arts;photography;printing_industry;production;public_api_establishment;publisher;video,15,,APIFY_GOOGLE_MAPS_SCRAPER,0xd422ed974b493e1:0xbee4de2cc9341242,0xd422ed974b493e1:0xbee4de2cc9341242,13755363445831897666,2026-10-06T23:09:17.256Z,2026-10-07T09:40:41.317Z,st_estudio-de-grabacion.json;st_productor-musical.json
ChIJfaOxfWIoQg0RE7vonVxMgnA,ROBIN GROOVE,MUSIC_PRODUCTION,RECORDING_STUDIO,estudio de grabación,"C. de San Vicente Ferrer, 35, Centro, 28004 Madrid","ROBIN GROOVE, C. de San Vicente Ferrer, 35, Centro, 28004 Madrid","C. de San Vicente Ferrer, 35",Centro,Madrid,28004,Madrid,ES,40.4257938,-3.7045747999999996,+34639928780,http://www.robingroove.com,robingroove.com,https://www.google.com/maps/place/data=!3m1!4b1!4m2!3m1!1s0xd4228627db1a37d:0x70824c5c9de8bb13,4.9,52,OPEN,True,Estudio de grabación,Estudio de grabación,recording_studio;art;design_services;entertainment_and_recreation;establishment;establishment_poi;feature;hobbies;music;music_store;performing_arts;photography;public_api_establishment;shopping;store;video,27,Cerrado · Apertura: 10:30,APIFY_GOOGLE_MAPS_SCRAPER,0xd4228627db1a37d:0x70824c5c9de8bb13,0xd4228627db1a37d:0x70824c5c9de8bb13,8107126239890291475,2026-10-06T23:09:17.255Z,2026-10-07T09:40:30.383Z,st_estudio-de-grabacion.json
ChIJMXFNdBIpQg0R_IhPb7KwRKA,Infinity Estudios,MUSIC_PRODUCTION,RECORDING_STUDIO;PRODUCER,estudio de grabación;productor musical,"C. del Padre Rubio, 22, Nave izquierda N° 22_ Nave izquierda, Tetuán, 28029 Madrid","Infinity Estudios, C. del Padre Rubio, 22, Nave izquierda N° 22_ Nave izquierda, Tetuán, 28029 Madrid","C. del Padre Rubio, 22, Nave izquierda N° 22_ Nave izquierda",Tetuán,Madrid,28029,Madrid,ES,40.470649699999996,-3.6925828999999997,+34913884065,https://www.infinityred.com,infinityred.com,https://www.google.com/maps/place/data=!3m1!4b1!4m2!3m1!1s0xd422912744d7131:0xa044b0b26f4f88fc,4.9,46,OPEN,True,Estudio de grabación,Estudio de grabación;Productora cinematográfica,recording_studio;art;company;design_services;entertainment_and_recreation;establishment;establishment_poi;feature;film_production_company;hobbies;music;music_store;performing_arts;photography;public_api_establishment;services_companies;shopping;store;video,28,Cerrado · Apertura: 10:00,APIFY_GOOGLE_MAPS_SCRAPER,0xd422912744d7131:0xa044b0b26f4f88fc,0xd422912744d7131:0xa044b0b26f4f88fc,11548549624902945020,2026-10-06T23:09:17.255Z,2026-10-07T09:40:41.317Z,st_estudio-de-grabacion.json;st_productor-musical.json
ChIJU0FQ2kIpQg0RwX_rLSWBzxE,No Cap Estudio de Grabacion,MUSIC_PRODUCTION,RECORDING_STUDIO;PRODUCER,estudio de grabación;productor musical,"C. de Carretas, 14, Centro, 28012 Madrid","No Cap Estudio de Grabacion, C. de Carretas, 14, Centro, 28012 Madrid","C. de Carretas, 14",Centro,Madrid,28012,Madrid,ES,40.4148114,-3.7036534,+34665166686,http://www.no-cap-estudio.com,no-cap-estudio.com,https://www.google.com/maps/place/data=!3m1!4b1!4m2!3m1!1s0xd422942da504153:0x11cf81252deb7fc1,4.9,30,OPEN,True,Estudio de grabación,Estudio de grabación,recording_studio;art;design_services;entertainment_and_recreation;establishment;establishment_poi;feature;hobbies;music;music_store;performing_arts;photography;public_api_establishment;shopping;store;video,41,Abierto 24 horas,APIFY_GOOGLE_MAPS_SCRAPER,0xd422942da504153:0x11cf81252deb7fc1,0xd422942da504153:0x11cf81252deb7fc1,1283386415508062145,2026-10-06T23:09:17.255Z,2026-10-07T09:40:41.317Z,st_estudio-de-grabacion.json;st_productor-musical.json
ChIJDSerjPQpQg0RGpbRM3IHGO0,Plató La Mina,MUSIC_PRODUCTION,RECORDING_STUDIO,estudio de grabación,"C. de Joaquín Lorenzo, 42, Fuencarral-El Pardo, 28035 Madrid","Plató La Mina, C. de Joaquín Lorenzo, 42, Fuencarral-El Pardo, 28035 Madrid","C. de Joaquín Lorenzo, 42",Fuencarral-El Pardo,Madrid,28035,Madrid,ES,40.4744132,-3.7270630999999996,+34655526130,https://www.platolamina.com,platolamina.com,https://www.google.com/maps/place/data=!3m1!4b1!4m2!3m1!1s0xd4229f48cab270d:0xed18077233d1961a,4.9,19,OPEN,True,Estudio de grabación,Estudio de grabación;Proveedor de equipos audiovisuales;Productora cinematográfica;Estudio de fotografía;Estudio cinematográfico,movie_studio;appliance_store;art;audio_visual_equipment_supplier;ceremonial_occasions;company;construction;contractor;cuisine;design_services;electrical_and_electronics_stores;electrical_goods;electrics;electronics;electronics_store;engineer;entertainment_and_recreation;establishment;establishment_poi;facility_contractor;feature;film_production_company;hobbies;home_goods_store;home_services;homes;industry;manufacturer;media;music;music_store;performing_arts;photographer;photography;photography_service;photography_studio;production;professional_services;public_api_establishment;recording_studio;services;services_companies;shopping;store;utility_contractor;video;weddings,181,Abierto · Cierre: 21:30,APIFY_GOOGLE_MAPS_SCRAPER,0xd4229f48cab270d:0xed18077233d1961a,0xd4229f48cab270d:0xed18077233d1961a,17084413373507016218,2026-10-07T09:40:30.383Z,2026-10-07T09:40:30.383Z,st_estudio-de-grabacion.json
ChIJB5j6zwUmQg0RJ4JCmxHVohg,El Escondite Producciones,MUSIC_PRODUCTION,PRODUCER,productor musical,"C. de Federico Moreno Torroba, 1, Loc 4, Retiro, 28007 Madrid","El Escondite Producciones, C. de Federico Moreno Torroba, 1, Loc 4, Retiro, 28007 Madrid","C. de Federico Moreno Torroba, 1, Loc 4",Retiro,Madrid,28007,Madrid,ES,40.4055573,-3.6672376,+34914332042,http://www.elescondite.es,elescondite.es,https://www.google.com/maps/place/data=!3m1!4b1!4m2!3m1!1s0xd422605cffa9807:0x18a2d5119b428227,4.9,17,OPEN,True,Estudio de grabación,Estudio de grabación;Productor discográfico,recording_studio;art;company;culture;design_services;education_and_culture;entertainment_and_recreation;establishment;establishment_poi;feature;hobbies;media;music;music_producer;music_store;performing_arts;photography;public_api_establishment;shopping;store;video,21,Abierto · Cierre: 20:00,APIFY_GOOGLE_MAPS_SCRAPER,0xd422605cffa9807:0x18a2d5119b428227,0xd422605cffa9807:0x18a2d5119b428227,1775215474733384231,2026-10-07T09:40:41.317Z,2026-10-07T09:40:41.317Z,st_productor-musical.json
ChIJuyKJb1cpQg0RYZv6cg98ju0,Etiqueta Negra Estudios,MUSIC_PRODUCTION,RECORDING_STUDIO;PRODUCER,estudio de grabación;productor musical,"C. de Tablada, 25, Tetuán, 28039 Madrid","Etiqueta Negra Estudios, C. de Tablada, 25, Tetuán, 28039 Madrid","C. de Tablada, 25",Tetuán,Madrid,28039,Madrid,ES,40.460361299999995,-3.701876,,https://etiquetanegraestudios.com,etiquetanegraestudios.com,https://www.google.com/maps/place/data=!3m1!4b1!4m2!3m1!1s0xd4229576f8922bb:0xed8e7c0f72fa9b61,4.9,14,OPEN,True,Estudio de grabación,Estudio de grabación,recording_studio;art;design_services;entertainment_and_recreation;establishment;establishment_poi;feature;hobbies;music;music_store;performing_arts;photography;public_api_establishment;shopping;store;video,3,Cerrado · Apertura: 10:30,APIFY_GOOGLE_MAPS_SCRAPER,0xd4229576f8922bb:0xed8e7c0f72fa9b61,0xd4229576f8922bb:0xed8e7c0f72fa9b61,17117755639477214049,2026-10-06T23:09:17.255Z,2026-10-07T09:40:41.317Z,st_estudio-de-grabacion.json;st_productor-musical.json
ChIJU6MaBFMoQg0RymAZvUD3a-I,Estudio de Grabación M20,MUSIC_PRODUCTION,RECORDING_STUDIO,estudio de grabación,"C. de San Rogelio, 7, 9, Tetuán, 28039 Madrid","Estudio de Grabación M20, C. de San Rogelio, 7, 9, Tetuán, 28039 Madrid","C. de San Rogelio, 7, 9",Tetuán,Madrid,28039,Madrid,ES,40.4511396,-3.7101712,+34914504545,https://www.m20.es,m20.es,https://www.google.com/maps/place/data=!3m1!4b1!4m2!3m1!1s0xd422853041aa353:0xe26bf740bd1960ca,4.9,11,OPEN,True,Estudio de grabación,Estudio de grabación,recording_studio;art;design_services;entertainment_and_recreation;establishment;establishment_poi;feature;hobbies;music;music_store;performing_arts;photography;public_api_establishment;shopping;store;video,19,Cerrado · Apertura: 10:00,APIFY_GOOGLE_MAPS_SCRAPER,0xd422853041aa353:0xe26bf740bd1960ca,0xd422853041aa353:0xe26bf740bd1960ca,16315405932502278346,2026-10-06T23:09:17.255Z,2026-10-07T09:40:30.383Z,st_estudio-de-grabacion.json
ChIJXZkmoK4nQg0Rt4D-HOeOmjQ,Musicodelia: escuela de producción musical y DJ,MUSIC_PRODUCTION,PRODUCER,productor musical,"Calle de Seco, 1, Calle Cudillero, 23, C, 28007 Madrid","Musicodelia: escuela de producción musical y DJ, Calle de Seco, 1, Calle Cudillero, 23, C, 28007 Madrid","Calle de Seco, 1, Calle Cudillero, 23, C",Retiro,Madrid,28007,Madrid,ES,40.399099799999995,-3.6717098999999997,+34672049138,https://musicodelia.com,musicodelia.com,https://www.google.com/maps/place/data=!3m1!4b1!4m2!3m1!1s0xd4227aea026995d:0x349a8ee71cfe80b7,4.9,8,OPEN,True,Estudio de grabación,Estudio de grabación;Profesor de música;Escuela de música;Escuela técnica,music_school;art;culture;design_services;education;education_and_culture;educational_institution;entertainment_and_recreation;establishment;establishment_poi;feature;hobbies;hobby_classes;institute;instruction;learning;music;music_classes;music_instruction;music_instructor;music_store;musical_institutions;performing_arts;photography;potentially_sensitive_entity;professional_services;public_api_establishment;recording_studio;school;services;shopping;store;technical_school;trade_school;training_courses;video;vocational_education;vocational_training_school,22,Cerrado · Apertura: 10:00,APIFY_GOOGLE_MAPS_SCRAPER,0xd4227aea026995d:0x349a8ee71cfe80b7,0xd4227aea026995d:0x349a8ee71cfe80b7,3790499159660724407,2026-10-06T23:09:24.716Z,2026-10-07T09:40:41.317Z,st_productor-musical.json
ChIJubvdd-eJQQ0R2v_1gdp_PVw,Halley Music Hub,MUSIC_PRODUCTION,PUBLISHER,editorial musical,"C/ de Sta. Cecilia, 9, Latina, 28011 Madrid","Halley Music Hub, C/ de Sta. Cecilia, 9, Latina, 28011 Madrid","C/ de Sta. Cecilia, 9",Latina,Madrid,28011,Madrid,ES,40.4082842,-3.7461409,,,,https://www.google.com/maps/place/data=!3m1!4b1!4m2!3m1!1s0xd4189e777ddbbb9:0x5c3d7fda81f5ffda,4.9,7,OPEN,False,Productora discográfica,Productora discográfica,record_company;art;b_to_b_companies;books;company;design_services;establishment;establishment_poi;feature;industry;manufacturer;media;music;performing_arts;photography;printing_industry;production;public_api_establishment;publisher;video,2,,APIFY_GOOGLE_MAPS_SCRAPER,0xd4189e777ddbbb9:0x5c3d7fda81f5ffda,0xd4189e777ddbbb9:0x5c3d7fda81f5ffda,6646609201528700890,2026-10-07T09:40:46.250Z,2026-10-07T09:40:46.250Z,st_editorial-musical.json
ChIJTVa7egApQg0R1aqU39gPhdg,Space Oddity,MUSIC_PRODUCTION,REHEARSAL_ROOM,sala de ensayo,"C. de los Relatores, 1, Centro, Centro, 28012 Madrid","Space Oddity, C. de los Relatores, 1, Centro, Centro, 28012 Madrid","C. de los Relatores, 1, Centro",Centro,Madrid,28012,Madrid,ES,40.4136429,-3.7028749,,https://www.spaceoddity.es,spaceoddity.es,https://www.google.com/maps/place/data=!3m1!4b1!4m2!3m1!1s0xd4229007abb564d:0xd8850fd8df94aad5,4.9,7,OPEN,True,Sala de ensayos,Sala de ensayos,rehearsa_studio;art;establishment;establishment_poi;feature;music;performing_arts;public_api_establishment,24,Cerrado · Apertura: 10:00,APIFY_GOOGLE_MAPS_SCRAPER,0xd4229007abb564d:0xd8850fd8df94aad5,0xd4229007abb564d:0xd8850fd8df94aad5,15601893908233366229,2026-10-06T23:09:20.826Z,2026-10-07T09:40:36.588Z,st_sala-de-ensayo.json
ChIJ02CW3aAvQg0R5WEbhbkiz8M,Locales de ensayo Rock & Pop,MUSIC_PRODUCTION,REHEARSAL_ROOM,sala de ensayo,"C. de Albasanz, 79, San Blas-Canillejas, 28037 Madrid","Locales de ensayo Rock & Pop, C. de Albasanz, 79, San Blas-Canillejas, 28037 Madrid","C. de Albasanz, 79",San Blas-Canillejas,Madrid,28037,Madrid,ES,40.4400378,-3.619862,+34913757136,http://www.studiosrockandpop.com,studiosrockandpop.com,https://www.google.com/maps/place/data=!3m1!4b1!4m2!3m1!1s0xd422fa0dd9660d3:0xc3cf22b9851b61e5,4.8,144,OPEN,True,Escuela de música,Escuela de música,music_school;art;education;education_and_culture;educational_institution;establishment;establishment_poi;feature;hobby_classes;institute;instruction;learning;music;music_classes;music_instruction;musical_institutions;performing_arts;professional_services;public_api_establishment;services;training_courses,96,Cerrado · Apertura: 11:00,APIFY_GOOGLE_MAPS_SCRAPER,0xd422fa0dd9660d3:0xc3cf22b9851b61e5,0xd422fa0dd9660d3:0xc3cf22b9851b61e5,14109534337772511717,2026-10-06T23:09:20.826Z,2026-10-07T09:40:36.588Z,st_sala-de-ensayo.json
ChIJpSuEJwOIQQ0RgMtE_YiS7Xc,Musigrama Estudios de Grabación Madrid,MUSIC_PRODUCTION,RECORDING_STUDIO,estudio de grabación,"C. Vicenta Villegas, 15, Latina, 28047 Madrid","Musigrama Estudios de Grabación Madrid, C. Vicenta Villegas, 15, Latina, 28047 Madrid","C. Vicenta Villegas, 15",Latina,Madrid,28047,Madrid,ES,40.4020587,-3.746062,+34914649057,http://www.musigrama.com,musigrama.com,https://www.google.com/maps/place/data=!3m1!4b1!4m2!3m1!1s0xd41880327842ba5:0x77ed9288fd44cb80,4.8,49,OPEN,True,Estudio de grabación,Estudio de grabación,recording_studio;art;design_services;entertainment_and_recreation;establishment;establishment_poi;feature;hobbies;music;music_store;performing_arts;photography;public_api_establishment;shopping;store;video,60,Cerrado · Apertura: 10:00,APIFY_GOOGLE_MAPS_SCRAPER,0xd41880327842ba5:0x77ed9288fd44cb80,0xd41880327842ba5:0x77ed9288fd44cb80,8641724377056201600,2026-10-06T23:09:17.256Z,2026-10-07T09:40:30.383Z,st_estudio-de-grabacion.json
ChIJZ8XO5c4vQg0RsMbNHR8P-M4,DalaMiX Estudio de Grabación,MUSIC_PRODUCTION,RECORDING_STUDIO,estudio de grabación,"Pl. San Cristóbal, 3, Loc 1, San Blas-Canillejas, 28022 Madrid","DalaMiX Estudio de Grabación, Pl. San Cristóbal, 3, Loc 1, San Blas-Canillejas, 28022 Madrid","Pl. San Cristóbal, 3, Loc 1",San Blas-Canillejas,Madrid,28022,Madrid,ES,40.449312899999995,-3.594994,+34917047391,https://www.dalamix.com,dalamix.com,https://www.google.com/maps/place/data=!3m1!4b1!4m2!3m1!1s0xd422fcee5cec567:0xcef80f1f1dcdc6b0,4.8,40,OPEN,True,Estudio de grabación,Estudio de grabación;Productor discográfico,recording_studio;art;company;culture;design_services;education_and_culture;entertainment_and_recreation;establishment;establishment_poi;feature;hobbies;media;music;music_producer;music_store;performing_arts;photography;public_api_establishment;shopping;store;video,48,,APIFY_GOOGLE_MAPS_SCRAPER,0xd422fcee5cec567:0xcef80f1f1dcdc6b0,0xd422fcee5cec567:0xcef80f1f1dcdc6b0,14913686792355825328,2026-10-06T23:09:17.256Z,2026-10-06T23:09:17.256Z,st_estudio-de-grabacion.json
ChIJhwH_ocEmQg0R8S6JLr2JCdI,Santafé Producciones S.L.U.,MUSIC_PRODUCTION,PRODUCER,productor musical,"C. Turquesa, 17, Local (A la derecha del portal, Villaverde, 28021 Madrid","Santafé Producciones S.L.U., C. Turquesa, 17, Local (A la derecha del portal, Villaverde, 28021 Madrid","C. Turquesa, 17, Local (A la derecha del portal",Villaverde,Madrid,28021,Madrid,ES,40.3500726,-3.6863428,+34610652903,http://www.santafeproducciones.com,santafeproducciones.com,https://www.google.com/maps/place/data=!3m1!4b1!4m2!3m1!1s0xd4226c1a1ff0187:0xd20989bd2e892ef1,4.8,25,OPEN,True,Estudio de grabación,Estudio de grabación,recording_studio;art;design_services;entertainment_and_recreation;establishment;establishment_poi;feature;hobbies;music;music_store;performing_arts;photography;public_api_establishment;shopping;store;video,25,,APIFY_GOOGLE_MAPS_SCRAPER,0xd4226c1a1ff0187:0xd20989bd2e892ef1,0xd4226c1a1ff0187:0xd20989bd2e892ef1,15134779468377829105,2026-10-06T23:09:24.716Z,2026-10-06T23:09:24.716Z,st_productor-musical.json
ChIJK_Z3yfIoQg0Rz5CNm3PXCAk,peermusic Española S.a.u.,MUSIC_PRODUCTION,PRODUCER,productor musical,"C. de Rafael Calvo, 18, 3ª Planta, Chamberí, 28010 Madrid","peermusic Española S.a.u., C. de Rafael Calvo, 18, 3ª Planta, Chamberí, 28010 Madrid","C. de Rafael Calvo, 18, 3ª Planta",Chamberí,Madrid,28010,Madrid,ES,40.433876999999995,-3.6941829999999998,+34917023010,https://peermusic.es,peermusic.es,https://www.google.com/maps/place/data=!3m1!4b1!4m2!3m1!1s0xd4228f2c977f62b:0x908d7739b8d90cf,4.8,17,OPEN,True,Estudio de grabación,Estudio de grabación;Compañía discográfica,music_publisher;art;b_to_b_companies;books;company;design_services;entertainment_and_recreation;establishment;establishment_poi;feature;hobbies;media;music;music_store;performing_arts;photography;printing_industry;public_api_establishment;publisher;recording_studio;shopping;store;video,9,Cerrado · Apertura: 8:00,APIFY_GOOGLE_MAPS_SCRAPER,0xd4228f2c977f62b:0x908d7739b8d90cf,0xd4228f2c977f62b:0x908d7739b8d90cf,651007037685993679,2026-10-06T23:09:24.716Z,2026-10-07T09:40:41.317Z,st_productor-musical.json
ChIJQ5zqW6onQg0R9XvsDk_xnqc,"K2MUZIC Estudio de grabación Madrid, Productor musical.",MUSIC_PRODUCTION,PRODUCER,productor musical,"Calle Principal, 12, Villaverde, 28021 Madrid","K2MUZIC Estudio de grabación Madrid, Productor musical., Calle Principal, 12, Villaverde, 28021 Madrid","Calle Principal, 12",Villaverde,Madrid,28021,Madrid,ES,40.3342976,-3.6996428,+34605625578,https://k2muzic-productormusicalbso.com,k2muzic-productormusicalbso.com,https://www.google.com/maps/place/data=!3m1!4b1!4m2!3m1!1s0xd4227aa5bea9c43:0xa79ef14f0eec7bf5,4.8,15,OPEN,True,Estudio de grabación,Estudio de grabación;Productor discográfico,recording_studio;art;company;culture;design_services;education_and_culture;entertainment_and_recreation;establishment;establishment_poi;feature;hobbies;media;music;music_producer;music_store;performing_arts;photography;public_api_establishment;shopping;store;video,46,Abierto 24 horas,APIFY_GOOGLE_MAPS_SCRAPER,0xd4227aa5bea9c43:0xa79ef14f0eec7bf5,0xd4227aa5bea9c43:0xa79ef14f0eec7bf5,12078356572509338613,2026-10-06T23:09:24.716Z,2026-10-07T09:40:41.317Z,st_productor-musical.json
ChIJvQUPL-0nQg0Rxn4qjf2RdX4,Observatorio Musical,MUSIC_PRODUCTION,REHEARSAL_ROOM,sala de ensayo,"C. Algorta, 25, Carabanchel, 28019 Madrid","Observatorio Musical, C. Algorta, 25, Carabanchel, 28019 Madrid","C. Algorta, 25",Carabanchel,Madrid,28019,Madrid,ES,40.392151,-3.731195,+34914722693,http://www.elobservatorio.net,elobservatorio.net,https://www.google.com/maps/place/data=!3m1!4b1!4m2!3m1!1s0xd4227ed2f0f05bd:0x7e7591fd8d2a7ec6,4.7,1442,OPEN,True,Centro cultural,Centro cultural,cultural_center;centres;cultural_institution;culture;education_and_culture;entertainment_and_recreation;establishment;establishment_poi;feature;hobbies;information_centers;public_api_establishment,621,,APIFY_GOOGLE_MAPS_SCRAPER,0xd4227ed2f0f05bd:0x7e7591fd8d2a7ec6,0xd4227ed2f0f05bd:0x7e7591fd8d2a7ec6,9112349939235192518,2026-10-06T23:09:20.827Z,2026-10-07T09:40:36.589Z,st_sala-de-ensayo.json
ChIJ02oEItEoQg0R52J_an5fAK0,BoXinBox Music - Locales de Ensayo en Madrid,MUSIC_PRODUCTION,REHEARSAL_ROOM;RECORDING_STUDIO,sala de ensayo;estudio de grabación,"C. de Sánchez Pacheco, 82, Chamartín, 28002 Madrid","BoXinBox Music - Locales de Ensayo en Madrid, C. de Sánchez Pacheco, 82, Chamartín, 28002 Madrid","C. de Sánchez Pacheco, 82",Chamartín,Madrid,28002,Madrid,ES,40.4484025,-3.66934,+34910802632,http://www.boxinbox.es,boxinbox.es,https://www.google.com/maps/place/data=!3m1!4b1!4m2!3m1!1s0xd4228d122046ad3:0xad005f7e6a7f62e7,4.7,340,OPEN,True,Estudio de grabación,Estudio de grabación,recording_studio;art;design_services;entertainment_and_recreation;establishment;establishment_poi;feature;hobbies;music;music_store;performing_arts;photography;public_api_establishment;shopping;store;video,87,Cerrado · Apertura: 11:00,APIFY_GOOGLE_MAPS_SCRAPER,0xd4228d122046ad3:0xad005f7e6a7f62e7,0xd4228d122046ad3:0xad005f7e6a7f62e7,12466068765118784231,2026-10-06T23:09:20.826Z,2026-10-07T09:40:36.588Z,st_sala-de-ensayo.json;st_estudio-de-grabacion.json
ChIJizlqlTEmQg0ROL8HdvZvfY0,Rompeolas. Locales de Ensayo y Salas de Artes Escénicas.,MUSIC_PRODUCTION,REHEARSAL_ROOM,sala de ensayo,"C. de Torres Miranda, 4, Arganzuela, 28045 Madrid","Rompeolas. Locales de Ensayo y Salas de Artes Escénicas., C. de Torres Miranda, 4, Arganzuela, 28045 Madrid","C. de Torres Miranda, 4",Arganzuela,Madrid,28045,Madrid,ES,40.398130599999995,-3.698543,+34912925757,http://elrompeolas.com,elrompeolas.com,https://www.google.com/maps/place/data=!3m1!4b1!4m2!3m1!1s0xd422631956a398b:0x8d7d6ff67607bf38,4.7,233,OPEN,True,Sala de baile,Sala de baile;Salón para eventos;Escuela de música;Teatro;Lutier,musician;art;culture;dance_hall;dancing;education;education_and_culture;educational_institution;entertainment;entertainment_and_recreation;establishment;establishment_poi;event_venue;feature;function_room_facility;hall;hobby_classes;institute;instruction;learning;music;music_classes;music_instruction;music_school;music_store;musical_institutions;nightlife;performing_arts;performing_arts_theater;professional_services;public_api_establishment;recreation;rental;services;shopping;store;stringed_intrument_maker;training_courses,109,Cerrado · Apertura: 10:00,APIFY_GOOGLE_MAPS_SCRAPER,0xd422631956a398b:0x8d7d6ff67607bf38,0xd422631956a398b:0x8d7d6ff67607bf38,10195428235769528120,2026-10-06T23:09:20.826Z,2026-10-07T09:40:36.588Z,st_sala-de-ensayo.json
ChIJ02CW3aAvQg0RZKtyfYBYQIM,Sonic Boom,MUSIC_PRODUCTION,REHEARSAL_ROOM,sala de ensayo,"C. de Albasanz, 79, San Blas-Canillejas, 28037 Madrid","Sonic Boom, C. de Albasanz, 79, San Blas-Canillejas, 28037 Madrid","C. de Albasanz, 79",San Blas-Canillejas,Madrid,28037,Madrid,ES,40.4401398,-3.6197882,+34917545520,http://www.sonicboom.es,sonicboom.es,https://www.google.com/maps/place/data=!3m1!4b1!4m2!3m1!1s0xd422fa0dd9660d3:0x834058807d72ab64,4.7,222,OPEN,True,Sala de ensayos,Sala de ensayos;Bar con música en directo;Escuela de música;Club musical,rehearsa_studio;art;association_or_organization;bar;bars_and_pubs;beverages;culture;education;education_and_culture;educational_institution;entertainment;entertainment_and_recreation;establishment;establishment_poi;event_venue;feature;food_and_drink;hobby_classes;institute;instruction;learning;live_music_bar;live_music_venue;music;music_classes;music_instruction;music_school;musical_club;musical_institutions;nightlife;performing_arts;potentially_sensitive_entity;professional_services;public_api_establishment;services;training_courses,267,Cerrado · Apertura: 11:00,APIFY_GOOGLE_MAPS_SCRAPER,0xd422fa0dd9660d3:0x834058807d72ab64,0xd422fa0dd9660d3:0x834058807d72ab64,9457656526361766756,2026-10-06T23:09:20.826Z,2026-10-07T09:40:36.588Z,st_sala-de-ensayo.json
ChIJ0xF8cskoQg0RaIHS8uxjxfs,Locales de Ensayo Underground - Madrid,MUSIC_PRODUCTION,REHEARSAL_ROOM,sala de ensayo,"C. del Marqués de Monteagudo, 22, Salamanca, 28028 Madrid","Locales de Ensayo Underground - Madrid, C. del Marqués de Monteagudo, 22, Salamanca, 28028 Madrid","C. del Marqués de Monteagudo, 22",Salamanca,Madrid,28028,Madrid,ES,40.4375417,-3.6682945,+34917252597,https://miestudiodegrabacion.com/madrid/madrid/locales-de-ensayo-underground-madrid-estudio-de-grabacion-en-madrid,miestudiodegrabacion.com,https://www.google.com/maps/place/data=!3m1!4b1!4m2!3m1!1s0xd4228c9727c11d3:0xfbc563ecf2d28168,4.7,156,OPEN,True,Recinto para eventos,Recinto para eventos,event_venue;establishment;establishment_poi;feature;public_api_establishment,43,Cerrado · Apertura: 10:00,APIFY_GOOGLE_MAPS_SCRAPER,0xd4228c9727c11d3:0xfbc563ecf2d28168,0xd4228c9727c11d3:0xfbc563ecf2d28168,18142016543269224808,2026-10-06T23:09:20.826Z,2026-10-07T09:40:36.588Z,st_sala-de-ensayo.json
ChIJaUrDT_YpQg0RvCF1uuQq01o,La Cultural 12 (Tienda de Tintín),MUSIC_PRODUCTION,PUBLISHER,editorial musical,"C. de Sagasta, 12, Centro, 28004 Madrid","La Cultural 12 (Tienda de Tintín), C. de Sagasta, 12, Centro, 28004 Madrid","C. de Sagasta, 12",Centro,Madrid,28004,Madrid,ES,40.4283972,-3.6999882,+34914445031,https://universolacultural.es,universolacultural.es,https://www.google.com/maps/place/data=!3m1!4b1!4m2!3m1!1s0xd4229f64fc34a69:0x5ad32ae4ba7521bc,4.7,155,OPEN,True,Tienda de regalos,Tienda de regalos;Tienda de coleccionismo;Juguetería,novelty_store;childrens_store;collectibles_store;entertainment_and_recreation;establishment;establishment_poi;feature;hobby_store;public_api_establishment;recreation;shopping;store;toy_store;toys,147,Abierto · Cierre: 15:30 · Próxima apertura: 16:30,APIFY_GOOGLE_MAPS_SCRAPER,0xd4229f64fc34a69:0x5ad32ae4ba7521bc,0xd4229f64fc34a69:0x5ad32ae4ba7521bc,6544621845368611260,2026-10-07T09:40:46.250Z,2026-10-07T09:40:46.250Z,st_editorial-musical.json
ChIJ__yZ7i6IQQ0RQwAlKz7jr9o,Locales de ensayo Circulo Ipanema,MUSIC_PRODUCTION,REHEARSAL_ROOM,sala de ensayo,"C. del Parque Eugenia de Montijo, 50, Carabanchel, 28047 Madrid","Locales de ensayo Circulo Ipanema, C. del Parque Eugenia de Montijo, 50, Carabanchel, 28047 Madrid","C. del Parque Eugenia de Montijo, 50",Carabanchel,Madrid,28047,Madrid,ES,40.3786444,-3.751744,+34615304065,http://www.circuloipanema.com,circuloipanema.com,https://www.google.com/maps/place/data=!3m1!4b1!4m2!3m1!1s0xd41882eee99fcff:0xdaafe33e2b250043,4.7,128,OPEN,True,Servicio de alquiler de instrumentos musicales,Servicio de alquiler de instrumentos musicales,musician;art;entertainment;entertainment_and_recreation;establishment;establishment_poi;feature;music;music_store;musical_instrument_rental_service;performing_arts;public_api_establishment;rental;services;shopping;store,5,Cerrado · Apertura: 10:00,APIFY_GOOGLE_MAPS_SCRAPER,0xd41882eee99fcff:0xdaafe33e2b250043,0xd41882eee99fcff:0xdaafe33e2b250043,15758063477343977539,2026-10-06T23:09:20.826Z,2026-10-07T09:40:36.588Z,st_sala-de-ensayo.json
ChIJfWnpg60lQg0RjoZw6-umNtg,Locales de ensayo Audio Rock,MUSIC_PRODUCTION,REHEARSAL_ROOM,sala de ensayo,"Cam. de las Hormigueras, 175, Pta 11, Villa de Vallecas, 28031 Madrid","Locales de ensayo Audio Rock, Cam. de las Hormigueras, 175, Pta 11, Villa de Vallecas, 28031 Madrid","Cam. de las Hormigueras, 175, Pta 11",Villa de Vallecas,Madrid,28031,Madrid,ES,40.377110099999996,-3.6316427,+34656930590,https://www.audiorock.es,audiorock.es,https://www.google.com/maps/place/data=!3m1!4b1!4m2!3m1!1s0xd4225ad83e9697d:0xd836a6ebeb70868e,4.7,88,OPEN,True,Estudio de grabación,Estudio de grabación;Productor discográfico,recording_studio;art;company;culture;design_services;education_and_culture;entertainment_and_recreation;establishment;establishment_poi;feature;hobbies;media;music;music_producer;music_store;performing_arts;photography;public_api_establishment;shopping;store;video,11,Abierto 24 horas,APIFY_GOOGLE_MAPS_SCRAPER,0xd4225ad83e9697d:0xd836a6ebeb70868e,0xd4225ad83e9697d:0xd836a6ebeb70868e,15579823493132355214,2026-10-06T23:09:20.826Z,2026-10-07T09:40:36.588Z,st_sala-de-ensayo.json
ChIJB5BXq3woQg0RKgl5g_gwH48,David Kano. Estudio Silencio,MUSIC_PRODUCTION,RECORDING_STUDIO,estudio de grabación,"Estudio 1, Pl. de los Mostenses, 1, Tercer Piso, Centro, 28015 Madrid","David Kano. Estudio Silencio, Estudio 1, Pl. de los Mostenses, 1, Tercer Piso, Centro, 28015 Madrid","Estudio 1, Pl. de los Mostenses, 1, Tercer Piso",Centro,Madrid,28015,Madrid,ES,40.4232407,-3.7089127,+34673945652,http://www.davidkano.studio,davidkano.studio,https://www.google.com/maps/place/data=!3m1!4b1!4m2!3m1!1s0xd42287cab579007:0x8f1f30f88379092a,4.7,77,OPEN,True,Estudio de grabación,Estudio de grabación;DJ,recording_studio;art;design_services;dj;entertainment;entertainment_and_recreation;establishment;establishment_poi;feature;hobbies;music;music_store;party;performing_arts;photography;public_api_establishment;shopping;store;video,180,Abierto 24 horas,APIFY_GOOGLE_MAPS_SCRAPER,0xd42287cab579007:0x8f1f30f88379092a,0xd42287cab579007:0x8f1f30f88379092a,10313015515617495338,2026-10-06T23:09:17.255Z,2026-10-07T09:40:30.383Z,st_estudio-de-grabacion.json
ChIJqU4jK0QvQg0RncdDtJnonzQ,Locales de Ensayo - La Perrera,MUSIC_PRODUCTION,REHEARSAL_ROOM,sala de ensayo,"C. de los Hermanos Gómez, 53, Cdad. Lineal, 28017 Madrid","Locales de Ensayo - La Perrera, C. de los Hermanos Gómez, 53, Cdad. Lineal, 28017 Madrid","C. de los Hermanos Gómez, 53",Ciudad Lineal,Madrid,28017,Madrid,ES,40.4298219,-3.649508,+34622573775,http://www.localesensayo.org,localesensayo.org,https://www.google.com/maps/place/data=!3m1!4b1!4m2!3m1!1s0xd422f442b234ea9:0x349fe899b443c79d,4.7,65,OPEN,True,Centro cultural,Centro cultural,cultural_center;centres;cultural_institution;culture;education_and_culture;entertainment_and_recreation;establishment;establishment_poi;feature;hobbies;information_centers;public_api_establishment,14,Cerrado · Apertura: 12:00,APIFY_GOOGLE_MAPS_SCRAPER,0xd422f442b234ea9:0x349fe899b443c79d,0xd422f442b234ea9:0x349fe899b443c79d,3792005158121228189,2026-10-06T23:09:20.826Z,2026-10-07T09:40:36.588Z,st_sala-de-ensayo.json
ChIJ_zfUc82JQQ0RSd5GDP0YCpQ,Carabox SALA DE ENSAYO,MUSIC_PRODUCTION,REHEARSAL_ROOM,sala de ensayo,"C. Alfredo Aleix, 5, Carabanchel, 28044 Madrid","Carabox SALA DE ENSAYO, C. Alfredo Aleix, 5, Carabanchel, 28044 Madrid","C. Alfredo Aleix, 5",Carabanchel,Madrid,28044,Madrid,ES,40.3684432,-3.7545813,+34915085505,https://www.carabox.es,carabox.es,https://www.google.com/maps/place/data=!3m1!4b1!4m2!3m1!1s0xd4189cd73d437ff:0x940a18fd0c46de49,4.7,53,OPEN,True,Escuela de música,Escuela de música,music_school;art;education;education_and_culture;educational_institution;establishment;establishment_poi;feature;hobby_classes;institute;instruction;learning;music;music_classes;music_instruction;musical_institutions;performing_arts;professional_services;public_api_establishment;services;training_courses,46,Cerrado · Apertura: 9:00,APIFY_GOOGLE_MAPS_SCRAPER,0xd4189cd73d437ff:0x940a18fd0c46de49,0xd4189cd73d437ff:0x940a18fd0c46de49,10667366142492204617,2026-10-06T23:09:20.827Z,2026-10-07T09:40:36.588Z,st_sala-de-ensayo.json
ChIJASeWbMkoQg0RpEAEzuXzjPg,MAPA MÚSICA,MUSIC_PRODUCTION,RECORDING_STUDIO;PRODUCER,estudio de grabación;productor musical,"C. del Marqués de Monteagudo, 24, 5D, Salamanca, 28028 Madrid","MAPA MÚSICA, C. del Marqués de Monteagudo, 24, 5D, Salamanca, 28028 Madrid","C. del Marqués de Monteagudo, 24, 5D",Salamanca,Madrid,28028,Madrid,ES,40.437931,-3.6684653,+34683150774,https://www.mapastudios.com,mapastudios.com,https://www.google.com/maps/place/data=!3m1!4b1!4m2!3m1!1s0xd4228c96c962701:0xf88cf3e5ce0440a4,4.7,49,OPEN,True,Estudio de grabación,Estudio de grabación;DJ;Servicio de marketing por Internet;Empresa de medios de comunicación;Music management and promotion;Productor discográfico;Escuela de música;Diseñador de sitios web,recording_studio;advertising;advertising_service;art;business_related;business_service;company;computers;culture;design;design_services;digital_media;dj;e_commerce;education;education_and_culture;educational_institution;electronics;entertainment;entertainment_and_recreation;establishment;establishment_poi;feature;hobbies;hobby_classes;home_electronics;institute;instruction;internet;internet_marketing_service;learning;marketing;marketing_agency;media;media_company;music;music_classes;music_instruction;music_management_and_promotion;music_producer;music_school;music_store;musical_institutions;party;performing_arts;photography;professional_services;public_api_establishment;services;services_companies;shopping;store;training_courses;video;web_hosting_service;website_designer,86,Cerrado · Apertura: 10:00,APIFY_GOOGLE_MAPS_SCRAPER,0xd4228c96c962701:0xf88cf3e5ce0440a4,0xd4228c96c962701:0xf88cf3e5ce0440a4,17909957986475065508,2026-10-06T23:09:17.255Z,2026-10-07T09:40:41.317Z,st_estudio-de-grabacion.json;st_productor-musical.json
ChIJZ_ZV6NUnQg0RFPSsNbDs12E,Ayni Music,MUSIC_PRODUCTION,PUBLISHER,editorial musical,"Calle de los estudios 9 (4 Izquierdo), 28012 Madrid","Ayni Music, Calle de los estudios 9 (4 Izquierdo), 28012 Madrid",Calle de los estudios 9 (4 Izquierdo),Centro,Madrid,28012,Madrid,ES,40.411636,-3.707198,+34651151349,https://www.aynimusic.com,aynimusic.com,https://www.google.com/maps/place/data=!3m1!4b1!4m2!3m1!1s0xd4227d5e855f667:0x61d7ecb035acf414,4.7,11,OPEN,True,Estudio de grabación,Estudio de grabación;Productora discográfica,recording_studio;art;b_to_b_companies;books;company;design_services;entertainment_and_recreation;establishment;establishment_poi;feature;hobbies;industry;manufacturer;media;music;music_store;performing_arts;photography;printing_industry;production;public_api_establishment;publisher;record_company;shopping;store;video,29,Abierto · Cierre: 20:30,APIFY_GOOGLE_MAPS_SCRAPER,0xd4227d5e855f667:0x61d7ecb035acf414,0xd4227d5e855f667:0x61d7ecb035acf414,7050363983230727188,2026-10-07T09:40:46.250Z,2026-10-07T09:40:46.250Z,st_editorial-musical.json
ChIJ_3OIcIApQg0RblhXiVZ_s7k,GUIA ONLINE MUSIC · Promotor y Distribuidor Musical,MUSIC_PRODUCTION,PUBLISHER,editorial musical,"P.º de la Castellana, 194, Chamartín, 28046 Madrid","GUIA ONLINE MUSIC · Promotor y Distribuidor Musical, P.º de la Castellana, 194, Chamartín, 28046 Madrid","P.º de la Castellana, 194",Chamartín,Madrid,28046,Madrid,ES,40.461706199999995,-3.6889562999999996,,https://rumble.com/v1ahvpi-thuggish-live-in-malaga-spain-january-09th-2021-full-concert.html,rumble.com,https://www.google.com/maps/place/data=!3m1!4b1!4m2!3m1!1s0xd422980708873ff:0xb9b37f568957586e,4.7,11,OPEN,True,location,,music_management_and_promotion;art;establishment;establishment_poi;feature;music;performing_arts;professional_services;public_api_establishment;services,4,Abierto · Cierre: 18:00,APIFY_GOOGLE_MAPS_SCRAPER,0xd422980708873ff:0xb9b37f568957586e,0xd422980708873ff:0xb9b37f568957586e,13381178927495993454,2026-10-07T09:40:46.249Z,2026-10-07T09:40:46.249Z,st_editorial-musical.json
ChIJ2TFAU40nQg0R8lWHlMmaQ_g,MATILDA locales de ensayo / Estudio De Grabación/ BAR,MUSIC_PRODUCTION,REHEARSAL_ROOM,sala de ensayo,"C. de Matilde Hernández, 32, Carabanchel, 28019 Madrid","MATILDA locales de ensayo / Estudio De Grabación/ BAR, C. de Matilde Hernández, 32, Carabanchel, 28019 Madrid","C. de Matilde Hernández, 32",Carabanchel,Madrid,28019,Madrid,ES,40.3914573,-3.7337629999999997,+34914725509,http://www.matildalocales.com,matildalocales.com,https://www.google.com/maps/place/data=!3m1!4b1!4m2!3m1!1s0xd42278d534031d9:0xf8439ac9948755f2,4.6,1038,OPEN,True,Sala de ensayos,Sala de ensayos,rehearsa_studio;art;establishment;establishment_poi;feature;music;performing_arts;public_api_establishment,229,Cerrado · Apertura: 8:30,APIFY_GOOGLE_MAPS_SCRAPER,0xd42278d534031d9:0xf8439ac9948755f2,0xd42278d534031d9:0xf8439ac9948755f2,17889312335416743410,2026-10-06T23:09:20.826Z,2026-10-07T09:40:36.588Z,st_sala-de-ensayo.json
ChIJrW08L-0nQg0RJvTXEKaQEyI,Locales de ensayo El Observatorio,MUSIC_PRODUCTION,REHEARSAL_ROOM,sala de ensayo,"C. Algorta, 25, Carabanchel, 28019 Madrid","Locales de ensayo El Observatorio, C. Algorta, 25, Carabanchel, 28019 Madrid","C. Algorta, 25",Carabanchel,Madrid,28019,Madrid,ES,40.3921505,-3.7311951,+34914722693,http://www.elobservatorio.net,elobservatorio.net,https://www.google.com/maps/place/data=!3m1!4b1!4m2!3m1!1s0xd4227ed2f3c6dad:0x221390a610d7f426,4.6,252,OPEN,True,Comercio,Comercio,store;establishment;establishment_poi;feature;public_api_establishment;shopping,37,Cerrado · Apertura: 10:00,APIFY_GOOGLE_MAPS_SCRAPER,0xd4227ed2f3c6dad:0x221390a610d7f426,0xd4227ed2f3c6dad:0x221390a610d7f426,2455465264768611366,2026-10-06T23:09:20.826Z,2026-10-07T09:40:36.588Z,st_sala-de-ensayo.json
ChIJaeKosQ0pQg0ROLPU6B7mQTg,PLATÓ MADRID,MUSIC_PRODUCTION,RECORDING_STUDIO,estudio de grabación,"C. de San Leopoldo, 72, Tetuán, 28029 Madrid","PLATÓ MADRID, C. de San Leopoldo, 72, Tetuán, 28029 Madrid","C. de San Leopoldo, 72",Tetuán,Madrid,28029,Madrid,ES,40.4708901,-3.6947691999999996,+34655526130,https://www.platomadrid.com,platomadrid.com,https://www.google.com/maps/place/data=!3m1!4b1!4m2!3m1!1s0xd42290db1a8e269:0x3841e61ee8d4b338,4.6,46,OPEN,True,Servicio de producción de vídeo,Servicio de producción de vídeo;Empresa de organización de eventos;Empresa de medios de comunicación;Estudio cinematográfico;Estudio de fotografía,video_production_service;ceremonial_occasions;company;design_services;establishment;establishment_poi;event_management_company;feature;industry;manufacturer;media;media_company;movie_studio;photographer;photography;photography_service;photography_studio;production;professional_services;public_api_establishment;services;services_companies;video;weddings,62,Cerrado · Apertura: 8:00,APIFY_GOOGLE_MAPS_SCRAPER,0xd42290db1a8e269:0x3841e61ee8d4b338,0xd42290db1a8e269:0x3841e61ee8d4b338,4053774160039818040,2026-10-06T23:09:17.255Z,2026-10-07T09:40:30.383Z,st_estudio-de-grabacion.json
ChIJu5dsg6glQg0RjNltPzn70rA,Locales VK,MUSIC_PRODUCTION,REHEARSAL_ROOM,sala de ensayo,"28031, Av. de la Democracia, 7, 4ta planta Local 403, 28031 Madrid","Locales VK, 28031, Av. de la Democracia, 7, 4ta planta Local 403, 28031 Madrid","28031, Av. de la Democracia, 7, 4ta planta Local 403",Puente de Vallecas,Madrid,28031,Madrid,ES,40.3844035,-3.6253449,+34653750655,http://www.localesvk.com,localesvk.com,https://www.google.com/maps/place/data=!3m1!4b1!4m2!3m1!1s0xd4225a8836c97bb:0xb0d2fb393f6dd98c,4.6,28,OPEN,True,Club musical,Club musical,musician;art;association_or_organization;entertainment;entertainment_and_recreation;establishment;establishment_poi;feature;music;music_store;musical_club;performing_arts;potentially_sensitive_entity;public_api_establishment;shopping;store,12,Abierto 24 horas,APIFY_GOOGLE_MAPS_SCRAPER,0xd4225a8836c97bb:0xb0d2fb393f6dd98c,0xd4225a8836c97bb:0xb0d2fb393f6dd98c,12741522519080425868,2026-10-06T23:09:20.827Z,2026-10-06T23:09:20.827Z,st_sala-de-ensayo.json
ChIJAQAwARomQg0RIavi1P2k6RU,Los Invernaderos,MUSIC_PRODUCTION,RECORDING_STUDIO;REHEARSAL_ROOM,estudio de grabación;sala de ensayo,"C. de Alonso Núñez, 6, Tetuán, 28039 Madrid","Los Invernaderos, C. de Alonso Núñez, 6, Tetuán, 28039 Madrid","C. de Alonso Núñez, 6",Tetuán,Madrid,28039,Madrid,ES,40.4586493,-3.7074656999999998,,https://losinvernaderos.cirat.cc,cirat.cc,https://www.google.com/maps/place/data=!3m1!4b1!4m2!3m1!1s0xd42261a01300001:0x15e9a4fdd4e2ab21,4.5,53,OPEN,False,Estudio de grabación,Estudio de grabación,recording_studio;art;design_services;entertainment_and_recreation;establishment;establishment_poi;feature;hobbies;music;music_store;performing_arts;photography;public_api_establishment;shopping;store;video,6,Cerrado · Apertura: 10:00,APIFY_GOOGLE_MAPS_SCRAPER,0xd42261a01300001:0x15e9a4fdd4e2ab21,0xd42261a01300001:0x15e9a4fdd4e2ab21,1578974554475375393,2026-10-06T23:09:17.256Z,2026-10-07T09:40:36.588Z,st_estudio-de-grabacion.json;st_sala-de-ensayo.json
ChIJ-aTWPzgnQg0RhKV-YfPEhYY,Microfusa Escuela Madrid,MUSIC_PRODUCTION,PRODUCER,productor musical,"P.º de Juan Antonio Vallejo-Nájera Botas, 59, Arganzuela, 28005 Madrid","Microfusa Escuela Madrid, P.º de Juan Antonio Vallejo-Nájera Botas, 59, Arganzuela, 28005 Madrid","P.º de Juan Antonio Vallejo-Nájera Botas, 59",Arganzuela,Madrid,28005,Madrid,ES,40.4037527,-3.7149715,+34917024592,https://escuela.microfusa.com/madrid,microfusa.com,https://www.google.com/maps/place/data=!3m1!4b1!4m2!3m1!1s0xd4227383fd6a4f9:0x8685c4f3617ea584,4.5,41,OPEN,True,Escuela de música,Escuela de música;Productor discográfico;Centro de formación;Centro de formación profesional,training_center;art;company;culture;education;education_and_culture;educational_institution;establishment;establishment_poi;feature;hobby_classes;institute;instruction;learning;media;music;music_classes;music_instruction;music_producer;music_school;musical_institutions;performing_arts;potentially_sensitive_entity;professional_services;public_api_establishment;services;training_courses;vocational_education;vocational_training_school,74,Cerrado · Apertura: 8:30,APIFY_GOOGLE_MAPS_SCRAPER,0xd4227383fd6a4f9:0x8685c4f3617ea584,0xd4227383fd6a4f9:0x8685c4f3617ea584,9693370322576647556,2026-10-06T23:09:24.716Z,2026-10-07T09:40:41.317Z,st_productor-musical.json
ChIJA9W1HlcoQg0Rft_E_xg5Pyw,Lamorena Estudio,MUSIC_PRODUCTION,RECORDING_STUDIO,estudio de grabación,"C. del Marqués de Lema, 7, Bajo interior, Chamberí, 28003 Madrid","Lamorena Estudio, C. del Marqués de Lema, 7, Bajo interior, Chamberí, 28003 Madrid","C. del Marqués de Lema, 7, Bajo interior",Chamberí,Madrid,28003,Madrid,ES,40.445546,-3.7064589999999997,+34911297183,,,https://www.google.com/maps/place/data=!3m1!4b1!4m2!3m1!1s0xd4228571eb5d503:0x2c3f3918ffc4df7e,4.5,26,OPEN,False,Estudio de grabación,Estudio de grabación;Alquiler de equipo audiovisual;Productora cinematográfica,recording_studio;appliances;art;audio_visual_equipment_rental_service;business_related;business_service;company;design_services;electrical_equipment;entertainment_and_recreation;establishment;establishment_poi;feature;film_production_company;hobbies;music;music_store;performing_arts;photography;public_api_establishment;rental;services;services_companies;shopping;store;video,5,Cerrado · Apertura: 9:00,APIFY_GOOGLE_MAPS_SCRAPER,0xd4228571eb5d503:0x2c3f3918ffc4df7e,0xd4228571eb5d503:0x2c3f3918ffc4df7e,3188329840734691198,2026-10-06T23:09:17.256Z,2026-10-07T09:40:30.383Z,st_estudio-de-grabacion.json
ChIJz7jnpfgoQg0RM58mQ7XnyO4,EDITORIAL RUDOLF STEINER S.L.,MUSIC_PRODUCTION,PUBLISHER,editorial musical,"C. Virgen de Nieva, 1, 1° Izquierda, Chamberí, 28003 Madrid","EDITORIAL RUDOLF STEINER S.L., C. Virgen de Nieva, 1, 1° Izquierda, Chamberí, 28003 Madrid","C. Virgen de Nieva, 1, 1° Izquierda",Chamberí,Madrid,28003,Madrid,ES,40.445378399999996,-3.7042824,+34915531481,http://www.editorialrudolfsteiner.com,editorialrudolfsteiner.com,https://www.google.com/maps/place/data=!3m1!4b1!4m2!3m1!1s0xd4228f8a5e7b8cf:0xeec8e7b543269f33,4.5,23,OPEN,True,Editor,Editor,book_publisher;b_to_b_companies;books;company;establishment;establishment_poi;feature;media;printing_industry;public_api_establishment;publisher,8,Abierto · Cierre: 17:00,APIFY_GOOGLE_MAPS_SCRAPER,0xd4228f8a5e7b8cf:0xeec8e7b543269f33,0xd4228f8a5e7b8cf:0xeec8e7b543269f33,17206257142070681395,2026-10-07T09:40:46.250Z,2026-10-07T09:40:46.250Z,st_editorial-musical.json
ChIJb6wWbIQoQg0RSOkdguk8S2g,Centre Cultural-Llibreria Blanquerna,MUSIC_PRODUCTION,PUBLISHER,editorial musical,"C. de Orense, 62, Tetuán, 28020 Madrid","Centre Cultural-Llibreria Blanquerna, C. de Orense, 62, Tetuán, 28020 Madrid","C. de Orense, 62",Tetuán,Madrid,28020,Madrid,ES,40.4603195,-3.6938521,+34915241890,https://www.llibreriablanquerna.cat,llibreriablanquerna.cat,https://www.google.com/maps/place/data=!3m1!4b1!4m2!3m1!1s0xd4228846c16ac6f:0x684b3ce9821de948,4.4,270,OPEN,True,Librería,Librería;Centro cultural,book_store;books;centres;cultural_center;cultural_institution;culture;education_and_culture;entertainment_and_recreation;establishment;establishment_poi;feature;hobbies;information_centers;public_api_establishment;shopping;store,267,Abierto · Cierre: 20:00,APIFY_GOOGLE_MAPS_SCRAPER,0xd4228846c16ac6f:0x684b3ce9821de948,0xd4228846c16ac6f:0x684b3ce9821de948,7515167376805849416,2026-10-07T09:40:46.249Z,2026-10-07T09:40:46.249Z,st_editorial-musical.json
ChIJq_u1RWglQg0R56hZhPciXgo,Locales de Ensayo 39 Rojo,MUSIC_PRODUCTION,REHEARSAL_ROOM,sala de ensayo,"C. de S. Cipriano, 39, Loc semisotano, Vicálvaro, 28032 Madrid","Locales de Ensayo 39 Rojo, C. de S. Cipriano, 39, Loc semisotano, Vicálvaro, 28032 Madrid","C. de S. Cipriano, 39, Loc semisotano",Vicálvaro,Madrid,28032,Madrid,ES,40.4040821,-3.6031841,+34640954387,https://www.facebook.com/rojo.localesdeensayo,facebook.com,https://www.google.com/maps/place/data=!3m1!4b1!4m2!3m1!1s0xd42256845b5fbab:0xa5e22f78459a8e7,4.4,97,OPEN,True,Sala de ensayos,Sala de ensayos,rehearsa_studio;art;establishment;establishment_poi;feature;music;performing_arts;public_api_establishment,33,Cerrado · Apertura: 11:00,APIFY_GOOGLE_MAPS_SCRAPER,0xd42256845b5fbab:0xa5e22f78459a8e7,0xd42256845b5fbab:0xa5e22f78459a8e7,747073034662815975,2026-10-06T23:09:20.826Z,2026-10-07T09:40:36.588Z,st_sala-de-ensayo.json
ChIJO3rvwBspQg0R2zcGwcFj3Ek,Warner Music Spain SL,MUSIC_PRODUCTION,PUBLISHER,editorial musical,"Cta. de San Vicente, 44, Moncloa - Aravaca, 28008 Madrid","Warner Music Spain SL, Cta. de San Vicente, 44, Moncloa - Aravaca, 28008 Madrid","Cta. de San Vicente, 44",Moncloa - Aravaca,Madrid,28008,Madrid,ES,40.4209448,-3.7189793,+34917454200,,,https://www.google.com/maps/place/data=!3m1!4b1!4m2!3m1!1s0xd42291bc0ef7a3b:0x49dc63c1c10637db,4.4,86,OPEN,True,Productora discográfica,Productora discográfica,record_company;art;b_to_b_companies;books;company;design_services;establishment;establishment_poi;feature;industry;manufacturer;media;music;performing_arts;photography;printing_industry;production;public_api_establishment;publisher;video,58,Abierto 24 horas,APIFY_GOOGLE_MAPS_SCRAPER,0xd42291bc0ef7a3b:0x49dc63c1c10637db,0xd42291bc0ef7a3b:0x49dc63c1c10637db,5322238543463331803,2026-10-07T09:40:46.250Z,2026-10-07T09:40:46.250Z,st_editorial-musical.json
ChIJc1lNHg4pQg0RBH-v0-ICeq4,CARLITO EDICIONES MUSICALES S.L.,MUSIC_PRODUCTION,PUBLISHER,editorial musical,"Calle de las Magnolias, 6, Tetuán, 28029 Madrid","CARLITO EDICIONES MUSICALES S.L., Calle de las Magnolias, 6, Tetuán, 28029 Madrid","Calle de las Magnolias, 6",Tetuán,Madrid,28029,Madrid,ES,40.4672839,-3.6930036,+34917334612,,,https://www.google.com/maps/place/data=!3m1!4b1!4m2!3m1!1s0xd42290e1e4d5973:0xae7a02e2d3af7f04,4.3,3,OPEN,True,Imprenta,Imprenta;Diseñador gráfico,print_shop;architecture_and_design_companies;b_to_b_companies;books;business_related;business_service;company;craft;design;design_services;digital_media;establishment;establishment_poi;feature;graphic_designer;industry;manufacturer;marketing;media;printing;printing_industry;production;professional_services;public_api_establishment;publisher;services;services_companies;shopping;store,1,Abierto ahora,APIFY_GOOGLE_MAPS_SCRAPER,0xd42290e1e4d5973:0xae7a02e2d3af7f04,0xd42290e1e4d5973:0xae7a02e2d3af7f04,12572364482995519236,2026-10-07T09:40:46.249Z,2026-10-07T09:40:46.249Z,st_editorial-musical.json
ChIJW7dg6KIoQg0RLhRVgHgrYP0,Ediciones Quiroga,MUSIC_PRODUCTION,PUBLISHER,editorial musical,"C. Alcalá, 70, Salamanca, 28009 Madrid","Ediciones Quiroga, C. Alcalá, 70, Salamanca, 28009 Madrid","C. Alcalá, 70",Salamanca,Madrid,28009,Madrid,ES,40.422240699999996,-3.6807258,+34915770751,http://www.edquiroga.es,edquiroga.es,https://www.google.com/maps/place/data=!3m1!4b1!4m2!3m1!1s0xd4228a2e860b75b:0xfd602b788055142e,4.3,3,OPEN,False,Editor de periódicos,Editor de periódicos,newspaper_publisher;b_to_b_companies;books;company;establishment;establishment_poi;feature;media;printing_industry;public_api_establishment;publisher,1,Abierto ahora,APIFY_GOOGLE_MAPS_SCRAPER,0xd4228a2e860b75b:0xfd602b788055142e,0xd4228a2e860b75b:0xfd602b788055142e,18257640685909120046,2026-10-07T09:40:46.250Z,2026-10-07T09:40:46.250Z,st_editorial-musical.json
ChIJk-4rZZ0pQg0RIBWWkiRh_Q0,FOS,MUSIC_PRODUCTION,PRODUCER,productor musical,"C. de Ferraz, 34, Moncloa - Aravaca, 28008 Madrid","FOS, C. de Ferraz, 34, Moncloa - Aravaca, 28008 Madrid","C. de Ferraz, 34",Moncloa - Aravaca,Madrid,28008,Madrid,ES,40.426054199999996,-3.7168873,+34617449093,,,https://www.google.com/maps/place/data=!3m1!4b1!4m2!3m1!1s0xd42299d652bee93:0xdfd612492961520,4.3,3,OPEN,True,Productor discográfico,Productor discográfico,music_producer;art;company;culture;education_and_culture;establishment;establishment_poi;feature;media;music;performing_arts;public_api_establishment,1,,APIFY_GOOGLE_MAPS_SCRAPER,0xd42299d652bee93:0xdfd612492961520,0xd42299d652bee93:0xdfd612492961520,1008068701306885408,2026-10-06T23:09:24.716Z,2026-10-06T23:09:24.716Z,st_productor-musical.json
ChIJL2t4X9SJQQ0R-cC9HWDeods,másmúsica locales de ensayo,MUSIC_PRODUCTION,REHEARSAL_ROOM,sala de ensayo,"Carabanchel, 28044 Madrid","másmúsica locales de ensayo, Carabanchel, 28044 Madrid",,Carabanchel,Madrid,28044,Madrid,ES,40.3686358,-3.7485058999999996,+34637848899,https://www.masmusicalocales.es,masmusicalocales.es,https://www.google.com/maps/place/data=!3m1!4b1!4m2!3m1!1s0xd4189d45f786b2f:0xdba1de601dbdc0f9,4.3,3,OPEN,True,location,,musician_and_composer;art;establishment;establishment_poi;feature;music;performing_arts;public_api_establishment,5,Abierto 24 horas,APIFY_GOOGLE_MAPS_SCRAPER,0xd4189d45f786b2f:0xdba1de601dbdc0f9,0xd4189d45f786b2f:0xdba1de601dbdc0f9,15826175069953835257,2026-10-06T23:09:20.827Z,2026-10-06T23:09:20.827Z,st_sala-de-ensayo.json
ChIJgdsETUyJQQ0RG29H77PP-xg,Sony Music España,MUSIC_PRODUCTION,PUBLISHER,editorial musical,"P.º de la Castellana, 202, Chamartín, 28046 Madrid","Sony Music España, P.º de la Castellana, 202, Chamartín, 28046 Madrid","P.º de la Castellana, 202",Chamartín,Madrid,28046,Madrid,ES,40.462544099999995,-3.6890088999999997,,http://www.sonymusic.es,sonymusic.es,https://www.google.com/maps/place/data=!3m1!4b1!4m2!3m1!1s0xd41894c4d04db81:0x18fbcfb3ef476f1b,4.2,46,OPEN,False,Oficinas de empresa,Oficinas de empresa,corporate_office;business_related;establishment;establishment_poi;feature;public_api_establishment,11,Abierto · Cierre: 18:00,APIFY_GOOGLE_MAPS_SCRAPER,0xd41894c4d04db81:0x18fbcfb3ef476f1b,0xd41894c4d04db81:0x18fbcfb3ef476f1b,1800260847785176859,2026-10-07T09:40:46.249Z,2026-10-07T09:40:46.249Z,st_editorial-musical.json
ChIJsZu0VkwmQg0RDxiDjY2_6no,Sala de ensayos del Centro Dramático Nacional,MUSIC_PRODUCTION,REHEARSAL_ROOM,sala de ensayo,"C. de Almendrales, 41, Usera, 28026 Madrid","Sala de ensayos del Centro Dramático Nacional, C. de Almendrales, 41, Usera, 28026 Madrid","C. de Almendrales, 41",Usera,Madrid,28026,Madrid,ES,40.3853709,-3.7000235,,,,https://www.google.com/maps/place/data=!3m1!4b1!4m2!3m1!1s0xd42264c56b49bb1:0x7aeabf8d8d83180f,4.1,37,OPEN,False,Teatro,Teatro;Sala de ensayos,rehearsa_studio;art;culture;education_and_culture;entertainment;entertainment_and_recreation;establishment;establishment_poi;event_venue;feature;music;nightlife;performing_arts;performing_arts_theater;public_api_establishment,28,,APIFY_GOOGLE_MAPS_SCRAPER,0xd42264c56b49bb1:0x7aeabf8d8d83180f,0xd42264c56b49bb1:0x7aeabf8d8d83180f,8857102231862974479,2026-10-06T23:09:20.826Z,2026-10-07T09:40:36.588Z,st_sala-de-ensayo.json
ChIJP1Q8BrgpQg0RVwNUO6wnQKI,Intromúsica,MUSIC_PRODUCTION,PUBLISHER,editorial musical,"C. de Manuela Malasaña, 28, 4ºC, Centro, 28004 Madrid","Intromúsica, C. de Manuela Malasaña, 28, 4ºC, Centro, 28004 Madrid","C. de Manuela Malasaña, 28, 4ºC",Centro,Madrid,28004,Madrid,ES,40.4289645,-3.7054967,,https://www.intromusica.com,intromusica.com,https://www.google.com/maps/place/data=!3m1!4b1!4m2!3m1!1s0xd4229b8063c543f:0xa24027ac3b540357,4,15,OPEN,True,Agencia de marketing,Agencia de marketing;Compañía discográfica;Tienda de discos,music_management_and_promotion;advertising;art;b_to_b_companies;books;business_related;business_service;company;establishment;establishment_poi;feature;marketing;marketing_agency;media;music;music_publisher;music_store;performing_arts;printing_industry;professional_services;public_api_establishment;publisher;record_store;services;services_companies;shopping;store,7,Abierto · Cierre: 14:30 · Próxima apertura: 16:00,APIFY_GOOGLE_MAPS_SCRAPER,0xd4229b8063c543f:0xa24027ac3b540357,0xd4229b8063c543f:0xa24027ac3b540357,11691388253337027415,2026-10-07T09:40:46.250Z,2026-10-07T09:40:46.250Z,st_editorial-musical.json
ChIJAQAAAFDXcrQR_W4va_-wW4w,El Volcán Música,MUSIC_PRODUCTION,PRODUCER;PUBLISHER,productor musical;editorial musical,"Calle de Rodríguez San Pedro, 2, Ofi 804, Chamberí, 28015 Madrid","El Volcán Música, Calle de Rodríguez San Pedro, 2, Ofi 804, Chamberí, 28015 Madrid","Calle de Rodríguez San Pedro, 2, Ofi 804",Chamberí,Madrid,28015,Madrid,ES,40.4315676,-3.7055558,+34915217671,http://www.elvolcanmusica.com,elvolcanmusica.com,https://www.google.com/maps/place/data=!3m1!4b1!4m2!3m1!1s0xb472d75000000001:0x8c5bb0ff6b2f6efd,4,1,OPEN,True,Productora discográfica,Productora discográfica,record_company;art;b_to_b_companies;books;company;design_services;establishment;establishment_poi;feature;industry;manufacturer;media;music;performing_arts;photography;printing_industry;production;public_api_establishment;publisher;video,2,Cerrado · Apertura: 9:00,APIFY_GOOGLE_MAPS_SCRAPER,0xb472d75000000001:0x8c5bb0ff6b2f6efd,0xb472d75000000001:0x8c5bb0ff6b2f6efd,10113871999252000509,2026-10-06T23:09:24.716Z,2026-10-07T09:40:46.249Z,st_productor-musical.json;st_editorial-musical.json
ChIJURSs7nwpQg0RBgGCDVw-D40,Vaughan Tienda,MUSIC_PRODUCTION,PUBLISHER,editorial musical,"C. de Orense, 75, Tetuán, 28020 Madrid","Vaughan Tienda, C. de Orense, 75, Tetuán, 28020 Madrid","C. de Orense, 75",Tetuán,Madrid,28020,Madrid,ES,40.4589514,-3.6945224999999997,+34914445844,https://grupovaughan.com/vaughan-tienda,grupovaughan.com,https://www.google.com/maps/place/data=!3m1!4b1!4m2!3m1!1s0xd42297ceeac1451:0x8d0f3e5c0d820106,3.8,16,OPEN,True,Librería,Librería;Tienda de CDs;Tienda de DVD,book_store;art;books;cd_store;company;culture;design_services;dvd_store;education_and_culture;entertainment;entertainment_and_recreation;establishment;establishment_poi;feature;media;movie_rental;music;music_store;performing_arts;photography;public_api_establishment;rental;services;shopping;store;video,20,Abierto · Cierre: 14:30 · Próxima apertura: 15:30,APIFY_GOOGLE_MAPS_SCRAPER,0xd42297ceeac1451:0x8d0f3e5c0d820106,0xd42297ceeac1451:0x8d0f3e5c0d820106,10164411449083035910,2026-10-07T09:40:46.250Z,2026-10-07T09:40:46.250Z,st_editorial-musical.json
ChIJ3a9FpNUoQg0RS8em-K5oUKY,Pep's Music Group,MUSIC_PRODUCTION,PUBLISHER,editorial musical,"C. de Carbonero y Sol, 21, Chamartín, 28006 Madrid","Pep's Music Group, C. de Carbonero y Sol, 21, Chamartín, 28006 Madrid","C. de Carbonero y Sol, 21",Chamartín,Madrid,28006,Madrid,ES,40.444967399999996,-3.6868035999999997,+34915152834,https://pepsmusicgroup.com,pepsmusicgroup.com,https://www.google.com/maps/place/data=!3m1!4b1!4m2!3m1!1s0xd4228d5a445afdd:0xa65068aef8a6c74b,3.7,6,OPEN,True,Productora discográfica,Productora discográfica,record_company;art;b_to_b_companies;books;company;design_services;establishment;establishment_poi;feature;industry;manufacturer;media;music;performing_arts;photography;printing_industry;production;public_api_establishment;publisher;video,3,Abierto · Cierre: 18:30,APIFY_GOOGLE_MAPS_SCRAPER,0xd4228d5a445afdd:0xa65068aef8a6c74b,0xd4228d5a445afdd:0xa65068aef8a6c74b,11984193709138167627,2026-10-07T09:40:46.250Z,2026-10-07T09:40:46.250Z,st_editorial-musical.json
ChIJCRykWcyJQQ0RNgBOIauWk9M,Mark Zolden / Producción Musical :: Mezcla :: Master :: Melodías Top-Line :: Beats,MUSIC_PRODUCTION,PRODUCER,productor musical,"C. Alcalá, Centro, 28014 Madrid","Mark Zolden / Producción Musical :: Mezcla :: Master :: Melodías Top-Line :: Beats, C. Alcalá, Centro, 28014 Madrid",C. Alcalá,Centro,Madrid,28014,Madrid,ES,40.4186451,-3.6963337,,https://linktr.ee/markzolden,linktr.ee,https://www.google.com/maps/place/data=!3m1!4b1!4m2!3m1!1s0xd4189cc59a41c09:0xd39396ab214e0036,3.5,2,OPEN,True,Productor discográfico,Productor discográfico,music_producer;art;company;culture;education_and_culture;establishment;establishment_poi;feature;media;music;performing_arts;public_api_establishment,12,,APIFY_GOOGLE_MAPS_SCRAPER,0xd4189cc59a41c09:0xd39396ab214e0036,0xd4189cc59a41c09:0xd39396ab214e0036,15245694825321594934,2026-10-06T23:09:24.716Z,2026-10-07T09:40:41.317Z,st_productor-musical.json
ChIJ2WFMlG0vQg0RWY4jlBsBShU,Locales de ensayo Madrid - El lobo de Sanabria,MUSIC_PRODUCTION,REHEARSAL_ROOM,sala de ensayo,"C. de los Hermanos García Noblejas, 41, San Blas-Canillejas, 28037 Madrid","Locales de ensayo Madrid - El lobo de Sanabria, C. de los Hermanos García Noblejas, 41, San Blas-Canillejas, 28037 Madrid","C. de los Hermanos García Noblejas, 41",San Blas-Canillejas,Madrid,28037,Madrid,ES,40.4318513,-3.6330115999999997,+34627277539,https://ellobodesanabria.com,ellobodesanabria.com,https://www.google.com/maps/place/data=!3m1!4b1!4m2!3m1!1s0xd422f6d944c61d9:0x154a011b94238e59,3.3,9,OPEN,True,Sala de ensayos,Sala de ensayos,rehearsa_studio;art;establishment;establishment_poi;feature;music;performing_arts;public_api_establishment,1,Cierra pronto · 1:30 · Próxima apertura: 17:30,APIFY_GOOGLE_MAPS_SCRAPER,0xd422f6d944c61d9:0x154a011b94238e59,0xd422f6d944c61d9:0x154a011b94238e59,1534039841034178137,2026-10-06T23:09:20.826Z,2026-10-07T09:40:36.588Z,st_sala-de-ensayo.json
ChIJxRQvnC4vQg0R8YUcKuDDqeo,Universal Music Spain,MUSIC_PRODUCTION,PUBLISHER,editorial musical,"C. de Méndez Álvaro, 61, Arganzuela, 28045 Madrid","Universal Music Spain, C. de Méndez Álvaro, 61, Arganzuela, 28045 Madrid","C. de Méndez Álvaro, 61",Arganzuela,Madrid,28045,Madrid,ES,40.3969362,-3.6809019,+34917445500,,,https://www.google.com/maps/place/data=!3m1!4b1!4m2!3m1!1s0xd422f2e9c2f14c5:0xeaa9c3e02a1c85f1,3.2,39,OPEN,False,Productora discográfica,Productora discográfica,record_company;art;b_to_b_companies;books;company;design_services;establishment;establishment_poi;feature;industry;manufacturer;media;music;performing_arts;photography;printing_industry;production;public_api_establishment;publisher;video,6,Abierto · Cierre: 14:00 · Próxima apertura: 16:00,APIFY_GOOGLE_MAPS_SCRAPER,0xd422f2e9c2f14c5:0xeaa9c3e02a1c85f1,0xd422f2e9c2f14c5:0xeaa9c3e02a1c85f1,16909261643485840881,2026-10-07T09:40:46.250Z,2026-10-07T09:40:46.250Z,st_editorial-musical.json
ChIJlxkc7cQoQg0R4xC8k14TZnw,Editorial Acto Primero | Editorial de teatro | Libros de teatro,MUSIC_PRODUCTION,PUBLISHER,editorial musical,"C. de López de Hoyos, 84, Chamartín, 28002 Madrid","Editorial Acto Primero | Editorial de teatro | Libros de teatro, C. de López de Hoyos, 84, Chamartín, 28002 Madrid","C. de López de Hoyos, 84",Chamartín,Madrid,28002,Madrid,ES,40.4424499,-3.6761120999999997,+34910255811,http://www.editorialactoprimero.com,editorialactoprimero.com,https://www.google.com/maps/place/data=!3m1!4b1!4m2!3m1!1s0xd4228c4ed1c1997:0x7c66135e93bc10e3,3,2,OPEN,True,Editor,Editor;Teatro;Librería anticuaria,book_publisher;antique_store;art;b_to_b_companies;book_store;books;company;culture;education_and_culture;entertainment;entertainment_and_recreation;establishment;establishment_poi;event_venue;feature;home_goods_store;home_services;homes;media;nightlife;performing_arts;performing_arts_theater;printing_industry;public_api_establishment;publisher;rare_book_store;services;shopping;store;used,3,Abierto · Cierre: 18:00,APIFY_GOOGLE_MAPS_SCRAPER,0xd4228c4ed1c1997:0x7c66135e93bc10e3,0xd4228c4ed1c1997:0x7c66135e93bc10e3,8963873405253980387,2026-10-07T09:40:46.250Z,2026-10-07T09:40:46.250Z,st_editorial-musical.json
ChIJM0RKQaspQg0RrFLvP1IIVE8,BMZ studios,MUSIC_PRODUCTION,RECORDING_STUDIO,estudio de grabación,"Av del Cardenal Herrera Oria, Fuencarral-El Pardo, 28034 Madrid","BMZ studios, Av del Cardenal Herrera Oria, Fuencarral-El Pardo, 28034 Madrid",Av del Cardenal Herrera Oria,Fuencarral-El Pardo,Madrid,28034,Madrid,ES,40.482103099999996,-3.7176329,+34644745303,,,https://www.google.com/maps/place/data=!3m1!4b1!4m2!3m1!1s0xd4229ab414a4433:0x4f5408523fef52ac,3,1,OPEN,False,Estudio de grabación,Estudio de grabación,recording_studio;art;design_services;entertainment_and_recreation;establishment;establishment_poi;feature;hobbies;music;music_store;performing_arts;photography;public_api_establishment;shopping;store;video,1,Abierto ahora,APIFY_GOOGLE_MAPS_SCRAPER,0xd4229ab414a4433:0x4f5408523fef52ac,0xd4229ab414a4433:0x4f5408523fef52ac,5716202976392991404,2026-10-06T23:09:17.255Z,2026-10-07T09:40:30.383Z,st_estudio-de-grabacion.json
ChIJKchOhkEoQg0RfbSoXchOuJE,Bocaccio Ediciones Musicales S. L.,MUSIC_PRODUCTION,PUBLISHER,editorial musical,"C. de Isaac Peral, 2, Chamberí, 28015 Madrid","Bocaccio Ediciones Musicales S. L., C. de Isaac Peral, 2, Chamberí, 28015 Madrid","C. de Isaac Peral, 2",Chamberí,Madrid,28015,Madrid,ES,40.434856499999995,-3.7181661,+34915438803,,,https://www.google.com/maps/place/data=!3m1!4b1!4m2!3m1!1s0xd422841864ec829:0x91b84ec85da8b47d,,0,OPEN,True,Editorial,Editorial,publisher;b_to_b_companies;books;company;establishment;establishment_poi;feature;media;printing_industry;public_api_establishment,1,Abierto ahora,APIFY_GOOGLE_MAPS_SCRAPER,0xd422841864ec829:0x91b84ec85da8b47d,0xd422841864ec829:0x91b84ec85da8b47d,10500229153686074493,2026-10-07T09:40:46.249Z,2026-10-07T09:40:46.249Z,st_editorial-musical.json
ChIJB0ChfggpQg0RfdAvBZvfBvU,Cromática Audiovisual,MUSIC_PRODUCTION,RECORDING_STUDIO,estudio de grabación,"C. de Fray Junípero Serra, 27, Portal 2, local 3 Local 3, Tetuán, 28039 Madrid","Cromática Audiovisual, C. de Fray Junípero Serra, 27, Portal 2, local 3 Local 3, Tetuán, 28039 Madrid","C. de Fray Junípero Serra, 27, Portal 2, local 3 Local 3",Tetuán,Madrid,28039,Madrid,ES,40.4642481,-3.7006208999999997,,http://www.cromatica.tv,cromatica.tv,https://www.google.com/maps/place/data=!3m1!4b1!4m2!3m1!1s0xd4229087ea14007:0xf506df9b052fd07d,,0,OPEN,True,Servicio de producción de vídeo,Servicio de producción de vídeo;Estudio de grabación,video_production_service;art;company;design_services;entertainment_and_recreation;establishment;establishment_poi;feature;hobbies;media;music;music_store;performing_arts;photography;professional_services;public_api_establishment;recording_studio;services;shopping;store;video,10,Abierto · Cierre: 19:00,APIFY_GOOGLE_MAPS_SCRAPER,0xd4229087ea14007:0xf506df9b052fd07d,0xd4229087ea14007:0xf506df9b052fd07d,17656045246052552829,2026-10-07T09:40:30.383Z,2026-10-07T09:40:30.383Z,st_estudio-de-grabacion.json
ChIJ4UbKyM0pQg0RtEjYPHo6AWA,Deeplomatic LTD,MUSIC_PRODUCTION,PUBLISHER,editorial musical,"C. de Orense, 18, Tetuán, 28020 Madrid","Deeplomatic LTD, C. de Orense, 18, Tetuán, 28020 Madrid","C. de Orense, 18",Tetuán,Madrid,28020,Madrid,ES,40.4502747,-3.6948461,+447545503112,https://www.deeplomatic.com,deeplomatic.com,https://www.google.com/maps/place/data=!3m1!4b1!4m2!3m1!1s0xd4229cdc8ca46e1:0x60013a7a3cd848b4,,0,OPEN,True,Productora discográfica,Productora discográfica,record_company;art;b_to_b_companies;books;company;design_services;establishment;establishment_poi;feature;industry;manufacturer;media;music;performing_arts;photography;printing_industry;production;public_api_establishment;publisher;video,2,Abierto ahora,APIFY_GOOGLE_MAPS_SCRAPER,0xd4229cdc8ca46e1:0x60013a7a3cd848b4,0xd4229cdc8ca46e1:0x60013a7a3cd848b4,6917874799299020980,2026-10-07T09:40:46.250Z,2026-10-07T09:40:46.250Z,st_editorial-musical.json
ChIJvaZ5rH0oQg0RqyzB8e7DSxw,EXTREME Music Spain,MUSIC_PRODUCTION,PRODUCER;PUBLISHER,productor musical;editorial musical,"P.º de la Castellana, 202, 7ª planta, Chamartín, 28046 Madrid","EXTREME Music Spain, P.º de la Castellana, 202, 7ª planta, Chamartín, 28046 Madrid","P.º de la Castellana, 202, 7ª planta",Chamartín,Madrid,28046,Madrid,ES,40.4626422,-3.6889257,+34663810198,https://www.extrememusic.com,extrememusic.com,https://www.google.com/maps/place/data=!3m1!4b1!4m2!3m1!1s0xd42287dac79a6bd:0x1c4bc3eef1c12cab,,0,OPEN,True,Productor discográfico,Productor discográfico;Compañía discográfica,music_publisher;art;b_to_b_companies;books;company;culture;education_and_culture;establishment;establishment_poi;feature;media;music;music_producer;performing_arts;printing_industry;public_api_establishment;publisher,2,Cerrado · Apertura: 9:00,APIFY_GOOGLE_MAPS_SCRAPER,0xd42287dac79a6bd:0x1c4bc3eef1c12cab,0xd42287dac79a6bd:0x1c4bc3eef1c12cab,2038938687340883115,2026-10-06T23:09:24.716Z,2026-10-07T09:40:46.249Z,st_productor-musical.json;st_editorial-musical.json
ChIJL-bq7XsoQg0R0cj96fIZPBU,Editorial Alpuerto SA,MUSIC_PRODUCTION,PUBLISHER,editorial musical,"C. de Fernández de los Ríos, 50, Chamberí, 28015 Madrid","Editorial Alpuerto SA, C. de Fernández de los Ríos, 50, Chamberí, 28015 Madrid","C. de Fernández de los Ríos, 50",Chamberí,Madrid,28015,Madrid,ES,40.43533,-3.7104817,+34915470190,http://www.editorialalpuerto.es,editorialalpuerto.es,https://www.google.com/maps/place/data=!3m1!4b1!4m2!3m1!1s0xd42287bedeae62f:0x153c19f2e9fdc8d1,,0,OPEN,False,Editor,Editor,book_publisher;b_to_b_companies;books;company;establishment;establishment_poi;feature;media;printing_industry;public_api_establishment;publisher,1,Abierto · Cierre: 14:00,APIFY_GOOGLE_MAPS_SCRAPER,0xd42287bedeae62f:0x153c19f2e9fdc8d1,0xd42287bedeae62f:0x153c19f2e9fdc8d1,1530126504497629393,2026-10-07T09:40:46.249Z,2026-10-07T09:40:46.249Z,st_editorial-musical.json
ChIJy91dl-MnQg0R6GlZmfggdew,Editorial Musical Fuga S L,MUSIC_PRODUCTION,PUBLISHER,editorial musical,"C. de Aramis, 17, Latina, 28011 Madrid","Editorial Musical Fuga S L, C. de Aramis, 17, Latina, 28011 Madrid","C. de Aramis, 17",Latina,Madrid,28011,Madrid,ES,40.4079404,-3.7301498,+34914646648,,,https://www.google.com/maps/place/data=!3m1!4b1!4m2!3m1!1s0xd4227e3975dddcb:0xec7520f8995969e8,,0,OPEN,True,Editorial,Editorial,publisher;b_to_b_companies;books;company;establishment;establishment_poi;feature;media;printing_industry;public_api_establishment,1,,APIFY_GOOGLE_MAPS_SCRAPER,0xd4227e3975dddcb:0xec7520f8995969e8,0xd4227e3975dddcb:0xec7520f8995969e8,17038561017322891752,2026-10-07T09:40:46.249Z,2026-10-07T09:40:46.249Z,st_editorial-musical.json
ChIJu8wn2_spQg0RZCj9bUyGJ28,Electrónica Positiva,MUSIC_PRODUCTION,PRODUCER,productor musical,"Calle del Clavel, 6, Centro, 28004 Madrid","Electrónica Positiva, Calle del Clavel, 6, Centro, 28004 Madrid","Calle del Clavel, 6",Centro,Madrid,28004,Madrid,ES,40.420249,-3.6992791,,https://electronicapositiva.com,electronicapositiva.com,https://www.google.com/maps/place/data=!3m1!4b1!4m2!3m1!1s0xd4229fbdb27ccbb:0x6f27864c6dfd2864,,0,OPEN,True,Estudio de grabación,Estudio de grabación;DJ;Profesor de música;Productor discográfico;Escuela de música,recording_studio;art;company;culture;design_services;dj;education;education_and_culture;educational_institution;entertainment;entertainment_and_recreation;establishment;establishment_poi;feature;hobbies;hobby_classes;institute;instruction;learning;media;music;music_classes;music_instruction;music_instructor;music_producer;music_school;music_store;musical_institutions;party;performing_arts;photography;professional_services;public_api_establishment;school;services;shopping;store;training_courses;video,7,Abierto · Cierre: 14:00 · Próxima apertura: 17:00,APIFY_GOOGLE_MAPS_SCRAPER,0xd4229fbdb27ccbb:0x6f27864c6dfd2864,0xd4229fbdb27ccbb:0x6f27864c6dfd2864,8009518125122660452,2026-10-07T09:40:41.317Z,2026-10-07T09:40:41.317Z,st_productor-musical.json
ChIJj28XyuEpQg0RPzbJIZ164dw,Filmkunst Musikverlag Editora Musical S L,MUSIC_PRODUCTION,PUBLISHER,editorial musical,"Calle de Arroyofresno, 19, Fuencarral-El Pardo, 28035 Madrid","Filmkunst Musikverlag Editora Musical S L, Calle de Arroyofresno, 19, Fuencarral-El Pardo, 28035 Madrid","Calle de Arroyofresno, 19",Fuencarral-El Pardo,Madrid,28035,Madrid,ES,40.4754675,-3.7427511,+34913161145,,,https://www.google.com/maps/place/data=!3m1!4b1!4m2!3m1!1s0xd4229e1ca176f8f:0xdce17a9d21c9363f,,0,OPEN,False,Editorial,Editorial,publisher;b_to_b_companies;books;company;establishment;establishment_poi;feature;media;printing_industry;public_api_establishment,1,Abierto ahora,APIFY_GOOGLE_MAPS_SCRAPER,0xd4229e1ca176f8f:0xdce17a9d21c9363f,0xd4229e1ca176f8f:0xdce17a9d21c9363f,15916137373399332415,2026-10-07T09:40:46.249Z,2026-10-07T09:40:46.249Z,st_editorial-musical.json
ChIJPbkab4wpQg0RLFwAhmpe2S4,"LEDE - Estudio de sonido, música y postproducción",MUSIC_PRODUCTION,RECORDING_STUDIO,estudio de grabación,"Pl. de Mondariz, 9, Fuencarral-El Pardo, 28029 Madrid","LEDE - Estudio de sonido, música y postproducción, Pl. de Mondariz, 9, Fuencarral-El Pardo, 28029 Madrid","Pl. de Mondariz, 9",Fuencarral-El Pardo,Madrid,28029,Madrid,ES,40.4778758,-3.7048322999999996,+34608107444,,,https://www.google.com/maps/place/data=!3m1!4b1!4m2!3m1!1s0xd42298c6f1ab93d:0x2ed95e6a86005c2c,,0,OPEN,True,Estudio de grabación,Estudio de grabación,recording_studio;art;design_services;entertainment_and_recreation;establishment;establishment_poi;feature;hobbies;music;music_store;performing_arts;photography;public_api_establishment;shopping;store;video,2,Cerrado · Apertura: 9:00,APIFY_GOOGLE_MAPS_SCRAPER,0xd42298c6f1ab93d:0x2ed95e6a86005c2c,0xd42298c6f1ab93d:0x2ed95e6a86005c2c,3375833207298612268,2026-10-06T23:09:17.255Z,2026-10-07T09:40:30.382Z,st_estudio-de-grabacion.json
ChIJga38rZknQg0RywH3hnIlOB8,Local Reset Studios,MUSIC_PRODUCTION,RECORDING_STUDIO,estudio de grabación,"C. de San Restituto, 25, Moncloa - Aravaca, 28039 Madrid","Local Reset Studios, C. de San Restituto, 25, Moncloa - Aravaca, 28039 Madrid","C. de San Restituto, 25",Moncloa - Aravaca,Madrid,28039,Madrid,ES,40.4643958,-3.7102741999999997,+34699429259,http://www.localreset.com,localreset.com,https://www.google.com/maps/place/data=!3m1!4b1!4m2!3m1!1s0xd422799adfcad81:0x1f38257286f701cb,,0,OPEN,True,Estudio de grabación,Estudio de grabación;Productora discográfica,recording_studio;art;b_to_b_companies;books;company;design_services;entertainment_and_recreation;establishment;establishment_poi;feature;hobbies;industry;manufacturer;media;music;music_store;performing_arts;photography;printing_industry;production;public_api_establishment;publisher;record_company;shopping;store;video,1,Cerrado · Apertura: 9:00 (jue),APIFY_GOOGLE_MAPS_SCRAPER,0xd422799adfcad81:0x1f38257286f701cb,0xd422799adfcad81:0x1f38257286f701cb,2249589187692397003,2026-10-06T23:09:17.255Z,2026-10-07T09:40:30.383Z,st_estudio-de-grabacion.json
ChIJ2SslJDwpQg0RQ_ObzcmkaKA,Pickle Music,MUSIC_PRODUCTION,PRODUCER,productor musical,"Calle de Sta Engracia, 61, Chamberí, 28010 Madrid","Pickle Music, Calle de Sta Engracia, 61, Chamberí, 28010 Madrid","Calle de Sta Engracia, 61",Chamberí,Madrid,28010,Madrid,ES,40.4338763,-3.6985596999999997,+34916485158,https://www.picklemusicstudios.com,picklemusicstudios.com,https://www.google.com/maps/place/data=!3m1!4b1!4m2!3m1!1s0xd42293c24252bd9:0xa068a4c9cd9bf343,,0,OPEN,False,Estudio de grabación,Estudio de grabación;Productor discográfico,recording_studio;art;company;culture;design_services;education_and_culture;entertainment_and_recreation;establishment;establishment_poi;feature;hobbies;media;music;music_producer;music_store;performing_arts;photography;public_api_establishment;shopping;store;video,6,Abierto · Cierre: 19:00,APIFY_GOOGLE_MAPS_SCRAPER,0xd42293c24252bd9:0xa068a4c9cd9bf343,0xd42293c24252bd9:0xa068a4c9cd9bf343,11558669630291309379,2026-10-07T09:40:41.317Z,2026-10-07T09:40:41.317Z,st_productor-musical.json
ChIJW_qSs28nQg0RbeJS8ltgcM4,Producción Musical & Clases – Anthony Ocaña,MUSIC_PRODUCTION,PRODUCER,productor musical,"C. de Jerte, 2, Centro, 28005 Madrid","Producción Musical & Clases – Anthony Ocaña, C. de Jerte, 2, Centro, 28005 Madrid","C. de Jerte, 2",Centro,Madrid,28005,Madrid,ES,40.4112304,-3.7148749999999997,+34650922320,https://anthonyocana.es,anthonyocana.es,https://www.google.com/maps/place/data=!3m1!4b1!4m2!3m1!1s0xd42276fb392fa5b:0xce70605bf252e26d,,0,OPEN,True,Productor discográfico,Productor discográfico,music_producer;art;company;culture;education_and_culture;establishment;establishment_poi;feature;media;music;performing_arts;public_api_establishment,2,Cerrado · Apertura: 9:30,APIFY_GOOGLE_MAPS_SCRAPER,0xd42276fb392fa5b:0xce70605bf252e26d,0xd42276fb392fa5b:0xce70605bf252e26d,14875495517228556909,2026-10-06T23:09:24.716Z,2026-10-07T09:40:41.317Z,st_productor-musical.json
ChIJtT5o8PcnQg0RMSdufGMAil0,REAZY WORLD,MUSIC_PRODUCTION,PRODUCER,productor musical,"C. de Embajadores, Arganzuela, 28002 Madrid","REAZY WORLD, C. de Embajadores, Arganzuela, 28002 Madrid",C. de Embajadores,Arganzuela,Madrid,28002,Madrid,ES,40.3884165,-3.6911039999999997,+34632269485,,,https://www.google.com/maps/place/data=!3m1!4b1!4m2!3m1!1s0xd4227f7f0683eb5:0x5d8a00637c6e2731,,0,OPEN,True,Productor discográfico,Productor discográfico,music_producer;art;company;culture;education_and_culture;establishment;establishment_poi;feature;media;music;performing_arts;public_api_establishment,2,Abierto 24 horas,APIFY_GOOGLE_MAPS_SCRAPER,0xd4227f7f0683eb5:0x5d8a00637c6e2731,0xd4227f7f0683eb5:0x5d8a00637c6e2731,6740200219602724657,2026-10-06T23:09:24.716Z,2026-10-06T23:09:24.716Z,st_productor-musical.json
ChIJFZc-UFkpQg0RzrbqZTM8fEk,SONDER ESTUDIOS | Estudio de Grabación en Madrid,MUSIC_PRODUCTION,RECORDING_STUDIO;PRODUCER;PUBLISHER,estudio de grabación;productor musical;editorial musical,"C. de Sangenjo, 24, Fuencarral-El Pardo, 28034 Madrid","SONDER ESTUDIOS | Estudio de Grabación en Madrid, C. de Sangenjo, 24, Fuencarral-El Pardo, 28034 Madrid","C. de Sangenjo, 24",Fuencarral-El Pardo,Madrid,28034,Madrid,ES,40.4854385,-3.6987965999999997,+34637234026,,,https://www.google.com/maps/place/data=!3m1!4b1!4m2!3m1!1s0xd422959503e9715:0x497c3c3365eab6ce,,0,OPEN,True,Estudio de grabación,Estudio de grabación;Estudio cinematográfico;Productor discográfico;Compañía discográfica;Estudio de fotografía;Productora discográfica,recording_studio;art;b_to_b_companies;books;ceremonial_occasions;company;culture;design_services;education_and_culture;entertainment_and_recreation;establishment;establishment_poi;feature;hobbies;industry;manufacturer;media;movie_studio;music;music_producer;music_publisher;music_store;performing_arts;photographer;photography;photography_service;photography_studio;printing_industry;production;professional_services;public_api_establishment;publisher;record_company;services;services_companies;shopping;store;video;weddings,15,Cerrado · Apertura: 11:00,APIFY_GOOGLE_MAPS_SCRAPER,0xd422959503e9715:0x497c3c3365eab6ce,0xd422959503e9715:0x497c3c3365eab6ce,5295173453331740366,2026-10-06T23:09:17.255Z,2026-10-07T09:40:46.249Z,st_estudio-de-grabacion.json;st_productor-musical.json;st_editorial-musical.json
ChIJ33hVCYkpQg0RKABk7mhwpRg,Time Room: Productora Audiovisual y Musical,MUSIC_PRODUCTION,PUBLISHER,editorial musical,"C. de Cea Bermúdez, Chamberí, 28003 Madrid","Time Room: Productora Audiovisual y Musical, C. de Cea Bermúdez, Chamberí, 28003 Madrid",C. de Cea Bermúdez,Chamberí,Madrid,28003,Madrid,ES,40.4386262,-3.7043378999999996,+34670647355,https://www.timeroomproduction.com,timeroomproduction.com,https://www.google.com/maps/place/data=!3m1!4b1!4m2!3m1!1s0xd422989095578df:0x18a57068ee640028,,0,OPEN,False,Productora discográfica,Productora discográfica,record_company;art;b_to_b_companies;books;company;design_services;establishment;establishment_poi;feature;industry;manufacturer;media;music;performing_arts;photography;printing_industry;production;public_api_establishment;publisher;video,1,Abierto · Cierre: 0:00,APIFY_GOOGLE_MAPS_SCRAPER,0xd422989095578df:0x18a57068ee640028,0xd422989095578df:0x18a57068ee640028,1775949224045969448,2026-10-07T09:40:46.250Z,2026-10-07T09:40:46.250Z,st_editorial-musical.json
ChIJxyskQRwpQg0RuCfM4tUfjkU,VibraTownRecords,MUSIC_PRODUCTION,RECORDING_STUDIO,estudio de grabación,"C. del Capitán Blanco Argibay, Tetuán, 28029 Madrid","VibraTownRecords, C. del Capitán Blanco Argibay, Tetuán, 28029 Madrid",C. del Capitán Blanco Argibay,Tetuán,Madrid,28029,Madrid,ES,40.4669759,-3.7041548,+34602635487,,,https://www.google.com/maps/place/data=!3m1!4b1!4m2!3m1!1s0xd42291c41242bc7:0x458e1fd5e2cc27b8,,0,OPEN,False,Estudio de grabación,Estudio de grabación,recording_studio;art;design_services;entertainment_and_recreation;establishment;establishment_poi;feature;hobbies;music;music_store;performing_arts;photography;public_api_establishment;shopping;store;video,1,Cerrado · Apertura: 9:00,APIFY_GOOGLE_MAPS_SCRAPER,0xd42291c41242bc7:0x458e1fd5e2cc27b8,0xd42291c41242bc7:0x458e1fd5e2cc27b8,5011978438803466168,2026-10-06T23:09:17.255Z,2026-10-07T09:40:30.383Z,st_estudio-de-grabacion.json
ChIJvUbP9-QoQg0RgwgxMwOBEYQ,Vivir Ediciones,MUSIC_PRODUCTION,PUBLISHER,editorial musical,"C. de Rafael Salgado, 19, 1º Izquierda, Chamartín, 28036 Madrid","Vivir Ediciones, C. de Rafael Salgado, 19, 1º Izquierda, Chamartín, 28036 Madrid","C. de Rafael Salgado, 19, 1º Izquierda",Chamartín,Madrid,28036,Madrid,ES,40.454376599999996,-3.6874434,+34910053985,https://vivirediciones.es,vivirediciones.es,https://www.google.com/maps/place/data=!3m1!4b1!4m2!3m1!1s0xd4228e4f7cf46bd:0x8411810333310883,,0,OPEN,True,Editor de periódicos,Editor de periódicos;Agencia de publicidad;Agencia de marketing,newspaper_publisher;advertising;advertising_agency;advertising_service;b_to_b_companies;books;business_related;business_service;company;establishment;establishment_poi;feature;marketing;marketing_agency;media;printing_industry;professional_services;public_api_establishment;publisher;services;services_companies,4,Abierto · Cierre: 22:00,APIFY_GOOGLE_MAPS_SCRAPER,0xd4228e4f7cf46bd:0x8411810333310883,0xd4228e4f7cf46bd:0x8411810333310883,9516529338354305155,2026-10-07T09:40:46.250Z,2026-10-07T09:40:46.250Z,st_editorial-musical.json
ChIJhYmj0X8oQg0R2SGuogcSBEY,Casa Sonora,MUSIC_PRODUCTION;CRAFT_AND_REPAIR;INSTRUMENTS,RECORDING_STUDIO;PRODUCER;RESTORATION;RENTAL;PUBLISHER,estudio de grabación;productor musical;restauración de instrumentos musicales;alquiler de instrumentos musicales;editorial musical,"C. de Carretas, 14, Centro, 28022 Madrid","Casa Sonora, C. de Carretas, 14, Centro, 28022 Madrid","C. de Carretas, 14",Centro,Madrid,28022,Madrid,ES,40.4149988,-3.7034019999999996,+34658273022,http://www.casasonora.es,casasonora.es,https://www.google.com/maps/place/data=!3m1!4b1!4m2!3m1!1s0xd42287fd1a38985:0x46041207a2ae21d9,3.7,18,OPEN,True,Estudio de grabación,Estudio de grabación;Agencia de publicidad;Estudio de fotografía;Productora discográfica,recording_studio;advertising;advertising_agency;advertising_service;art;b_to_b_companies;books;business_related;business_service;ceremonial_occasions;company;design_services;entertainment_and_recreation;establishment;establishment_poi;feature;hobbies;industry;manufacturer;marketing;media;music;music_store;performing_arts;photographer;photography;photography_service;photography_studio;printing_industry;production;professional_services;public_api_establishment;publisher;record_company;services;services_companies;shopping;store;video;weddings,72,Cerrado · Apertura: 9:00,APIFY_GOOGLE_MAPS_SCRAPER,0xd42287fd1a38985:0x46041207a2ae21d9,0xd42287fd1a38985:0x46041207a2ae21d9,5045177306565190105,2026-10-06T23:09:17.256Z,2026-10-07T09:40:46.250Z,st_estudio-de-grabacion.json;st_productor-musical.json;st_restauracion-de-instrumentos-musicales.json;st_alquiler-de-instrumentos-musicales.json;st_editorial-musical.json
ChIJ526wRN0pQg0RwmWQ2cr4t6Y,Nave24,MUSIC_PRODUCTION;CULTURAL_INFRASTRUCTURE,RECORDING_STUDIO;CONCERT_HALL,estudio de grabación;sala de conciertos,"C. de Gonzalo Sandino, 6, Tetuán, 28039 Madrid","Nave24, C. de Gonzalo Sandino, 6, Tetuán, 28039 Madrid","C. de Gonzalo Sandino, 6",Tetuán,Madrid,28039,Madrid,ES,40.4628084,-3.6994114,+34687262529,https://www.nave24.com,nave24.com,https://www.google.com/maps/place/data=!3m1!4b1!4m2!3m1!1s0xd4229dd44b06ee7:0xa6b7f8cad99065c2,4.9,18,OPEN,True,Estudio de grabación,Estudio de grabación;Sala de conciertos;Salón para eventos;Estudio de fotografía;Espacio de coworking;Sala de ensayos,coworking_space;art;auditorium;business_related;ceremonial_occasions;company;concert_hall;culture;design_services;education_and_culture;entertainment;entertainment_and_recreation;establishment;establishment_poi;event_venue;feature;function_room_facility;hall;hobbies;live_music_venue;music;music_store;nightlife;office;performing_arts;photographer;photography;photography_service;photography_studio;professional_services;public_api_establishment;recording_studio;rehearsa_studio;rental;services;shopping;showroom;store;video;weddings,16,Cerrado · Apertura: 11:00,APIFY_GOOGLE_MAPS_SCRAPER,0xd4229dd44b06ee7:0xa6b7f8cad99065c2,0xd4229dd44b06ee7:0xa6b7f8cad99065c2,12013344081151288770,2026-10-06T23:09:17.256Z,2026-10-07T09:40:50.939Z,st_estudio-de-grabacion.json;st_sala-de-conciertos.json
ChIJ4beITO0nQg0RqjnOaId-2jU,Madreams Music,MUSIC_PRODUCTION;CULTURAL_INFRASTRUCTURE,REHEARSAL_ROOM;CONCERT_HALL,sala de ensayo;sala de conciertos,"Av. de Pedro Díez, 28, Carabanchel, 28019 Madrid","Madreams Music, Av. de Pedro Díez, 28, Carabanchel, 28019 Madrid","Av. de Pedro Díez, 28",Carabanchel,Madrid,28019,Madrid,ES,40.3917204,-3.7324463999999997,,http://madreamsmusic.es,madreamsmusic.es,https://www.google.com/maps/place/data=!3m1!4b1!4m2!3m1!1s0xd4227ed4c88b7e1:0x35da7e8768ce39aa,4.6,524,OPEN,True,Sala de conciertos,Sala de conciertos,concert_hall;art;auditorium;culture;education_and_culture;entertainment;entertainment_and_recreation;establishment;establishment_poi;event_venue;feature;hall;live_music_venue;music;nightlife;performing_arts;public_api_establishment,57,,APIFY_GOOGLE_MAPS_SCRAPER,0xd4227ed4c88b7e1:0x35da7e8768ce39aa,0xd4227ed4c88b7e1:0x35da7e8768ce39aa,3880553148977133994,2026-10-06T23:09:20.827Z,2026-10-07T09:40:50.939Z,st_sala-de-ensayo.json;st_sala-de-conciertos.json
ChIJJfH2L1QoQg0R7M6GgAR_Npw,Promad escuela de Dj Y Producción Musical,MUSIC_PRODUCTION;EDUCATION,PRODUCER;PRIVATE_TEACHER,productor musical;profesor de música,"C. de Garellano, 17, Tetuán, 28039 Madrid","Promad escuela de Dj Y Producción Musical, C. de Garellano, 17, Tetuán, 28039 Madrid","C. de Garellano, 17",Tetuán,Madrid,28039,Madrid,ES,40.4490032,-3.7061164,+34662308695,https://promadformacion.com,promadformacion.com,https://www.google.com/maps/place/data=!3m1!4b1!4m2!3m1!1s0xd4228542ff6f125:0x9c367f048086ceec,4.9,245,OPEN,True,Escuela de música,Escuela de música;DJ;Centro educativo,music_school;art;dj;education;education_and_culture;education_center;educational_institution;entertainment;entertainment_and_recreation;establishment;establishment_poi;feature;hobby_classes;institute;instruction;learning;music;music_classes;music_instruction;musical_institutions;party;performing_arts;professional_services;public_api_establishment;services;training_courses,53,Cerrado · Apertura: 11:00,APIFY_GOOGLE_MAPS_SCRAPER,0xd4228542ff6f125:0x9c367f048086ceec,0xd4228542ff6f125:0x9c367f048086ceec,11256323975972048620,2026-10-06T23:09:24.716Z,2026-10-07T09:40:41.317Z,st_productor-musical.json;st_profesor-de-musica.json
ChIJSUUIaUwvQg0RR-Bkv85YPaU,DJP Music School,MUSIC_PRODUCTION;EDUCATION,PRODUCER;PRIVATE_TEACHER,productor musical;profesor de música,"C. del Pilar de Zaragoza, 63, Salamanca, 28028 Madrid","DJP Music School, C. del Pilar de Zaragoza, 63, Salamanca, 28028 Madrid","C. del Pilar de Zaragoza, 63",Salamanca,Madrid,28028,Madrid,ES,40.4359871,-3.671912,+34918195390,https://www.djpmusicschool.com,djpmusicschool.com,https://www.google.com/maps/place/data=!3m1!4b1!4m2!3m1!1s0xd422f4c69084549:0xa53d58cebf64e047,4.7,108,OPEN,True,Escuela de música,Escuela de música;Centro educativo,music_school;art;education;education_and_culture;education_center;educational_institution;establishment;establishment_poi;feature;hobby_classes;institute;instruction;learning;music;music_classes;music_instruction;musical_institutions;performing_arts;professional_services;public_api_establishment;services;training_courses,198,Cerrado · Apertura: 9:30,APIFY_GOOGLE_MAPS_SCRAPER,0xd422f4c69084549:0xa53d58cebf64e047,0xd422f4c69084549:0xa53d58cebf64e047,11906770634835025991,2026-10-06T23:09:24.716Z,2026-10-07T09:40:41.317Z,st_productor-musical.json;st_profesor-de-musica.json
ChIJaarDjdBJQg0RswsdjfIKVRE,Rouse Music,MUSIC_PRODUCTION;INSTRUMENTS,RECORDING_STUDIO;PRODUCER;RETAIL,estudio de grabación;productor musical;tienda de instrumentos musicales,"C. de Nuria, 48, Fuencarral-El Pardo, 28034 Madrid","Rouse Music, C. de Nuria, 48, Fuencarral-El Pardo, 28034 Madrid","C. de Nuria, 48",Fuencarral-El Pardo,Madrid,28034,Madrid,ES,40.4942729,-3.7087339999999998,+34646115235,,,https://www.google.com/maps/place/data=!3m1!4b1!4m2!3m1!1s0xd4249d08dc3aa69:0x11550af28d1d0bb3,5,28,OPEN,True,Estudio de grabación,Estudio de grabación,recording_studio;art;design_services;entertainment_and_recreation;establishment;establishment_poi;feature;hobbies;music;music_store;performing_arts;photography;public_api_establishment;shopping;store;video,11,Cerrado · Apertura: 11:00,APIFY_GOOGLE_MAPS_SCRAPER,0xd4249d08dc3aa69:0x11550af28d1d0bb3,0xd4249d08dc3aa69:0x11550af28d1d0bb3,1248916508531035059,2026-10-06T23:09:17.255Z,2026-10-07T09:40:41.317Z,st_estudio-de-grabacion.json;st_productor-musical.json;st_tienda-de-instrumentos-musicales.json
ChIJPTpst8YpQg0RaigJjsW8658,Melotron - Salas de ensayo / Estudio de Sonido,MUSIC_PRODUCTION;INSTRUMENTS,REHEARSAL_ROOM;RENTAL,sala de ensayo;alquiler de instrumentos musicales,"C. del Marqués de Ahumada, 11, Salamanca, 28028 Madrid","Melotron - Salas de ensayo / Estudio de Sonido, C. del Marqués de Ahumada, 11, Salamanca, 28028 Madrid","C. del Marqués de Ahumada, 11",Salamanca,Madrid,28028,Madrid,ES,40.4367483,-3.6679781,+34627097375,http://melotron.es,melotron.es,https://www.google.com/maps/place/data=!3m1!4b1!4m2!3m1!1s0xd4229c6b76c3a3d:0x9febbcc58e09286a,4.9,141,OPEN,True,Estudio de grabación,Estudio de grabación;Sala de ensayos;Lutier,rehearsa_studio;art;design_services;entertainment_and_recreation;establishment;establishment_poi;feature;hobbies;music;music_store;performing_arts;photography;public_api_establishment;recording_studio;shopping;store;stringed_intrument_maker;video,25,Cerrado · Apertura: 11:00,APIFY_GOOGLE_MAPS_SCRAPER,0xd4229c6b76c3a3d:0x9febbcc58e09286a,0xd4229c6b76c3a3d:0x9febbcc58e09286a,11523511628235090026,2026-10-06T23:09:20.826Z,2026-10-07T09:40:36.588Z,st_sala-de-ensayo.json;st_alquiler-de-instrumentos-musicales.json
ChIJQydQlHkpQg0RagliVTCJFi0,Estudio De Grabaciones Y Local De Ensayos G.g. Producciones S.l.,MUSIC_PRODUCTION;INSTRUMENTS,RECORDING_STUDIO;PRODUCER;REHEARSAL_ROOM;RETAIL,estudio de grabación;productor musical;sala de ensayo;tienda de instrumentos musicales,"C. de Sangenjo, 24, BAJO(POSTERIOR, Fuencarral-El Pardo, 28034 Madrid","Estudio De Grabaciones Y Local De Ensayos G.g. Producciones S.l., C. de Sangenjo, 24, BAJO(POSTERIOR, Fuencarral-El Pardo, 28034 Madrid","C. de Sangenjo, 24, BAJO(POSTERIOR",Fuencarral-El Pardo,Madrid,28034,Madrid,ES,40.485492199999996,-3.6987740999999996,+34917391690,http://www.ggproducciones.es,ggproducciones.es,https://www.google.com/maps/place/data=!3m1!4b1!4m2!3m1!1s0xd42297994502743:0x2d1689305562096a,4.5,11,OPEN,True,Estudio de grabación,Estudio de grabación;Productor discográfico;Sala de ensayos,recording_studio;art;company;culture;design_services;education_and_culture;entertainment_and_recreation;establishment;establishment_poi;feature;hobbies;media;music;music_producer;music_store;performing_arts;photography;public_api_establishment;rehearsa_studio;shopping;store;video,13,Cerrado · Apertura: 11:00,APIFY_GOOGLE_MAPS_SCRAPER,0xd42297994502743:0x2d1689305562096a,0xd42297994502743:0x2d1689305562096a,3248935021878315370,2026-10-06T23:09:17.255Z,2026-10-07T09:40:41.317Z,st_estudio-de-grabacion.json;st_productor-musical.json;st_sala-de-ensayo.json;st_tienda-de-instrumentos-musicales.json
ChIJ8wXHUUQnQg0R2b3WAkt7Hc4,Metrónomo: salas de ensayo,MUSIC_PRODUCTION;INSTRUMENTS,REHEARSAL_ROOM;RENTAL,sala de ensayo;alquiler de instrumentos musicales,"C/ del Áncora, 43, Arganzuela, 28045 Madrid","Metrónomo: salas de ensayo, C/ del Áncora, 43, Arganzuela, 28045 Madrid","C/ del Áncora, 43",Arganzuela,Madrid,28045,Madrid,ES,40.4030092,-3.6893083,+34910594254,https://www.comunidad.madrid/centros/metronomo,comunidad.madrid,https://www.google.com/maps/place/data=!3m1!4b1!4m2!3m1!1s0xd42274451c705f3:0xce1d7b4b02d6bdd9,4.1,59,OPEN,True,Estudio de grabación,Estudio de grabación;Sala para jóvenes,recording_studio;art;design_services;education_and_culture;entertainment_and_recreation;establishment;establishment_poi;event_venue;feature;hall;hobbies;music;music_store;performing_arts;photography;public_api_establishment;recreation;scout_hall;shopping;store;video,21,Cerrado · Apertura: 10:00,APIFY_GOOGLE_MAPS_SCRAPER,0xd42274451c705f3:0xce1d7b4b02d6bdd9,0xd42274451c705f3:0xce1d7b4b02d6bdd9,14852162708238155225,2026-10-06T23:09:20.826Z,2026-10-07T09:40:36.588Z,st_sala-de-ensayo.json;st_alquiler-de-instrumentos-musicales.json
ChIJfbrWxYwnQg0RKyB1HkFCWss,Las Musas Music |Consultoría|Asesoría|Editorial Musical y Discográfica en Madrid,MUSIC_PRODUCTION;PERFORMING,PRODUCER;CULTURAL_ASSOCIATION;PUBLISHER;ORCHESTRA,productor musical;asociación musical;editorial musical;orquesta,"C. de Sta. Saturnina, 21, 7d, Carabanchel, 28019 Madrid","Las Musas Music |Consultoría|Asesoría|Editorial Musical y Discográfica en Madrid, C. de Sta. Saturnina, 21, 7d, Carabanchel, 28019 Madrid","C. de Sta. Saturnina, 21, 7d",Carabanchel,Madrid,28019,Madrid,ES,40.3988538,-3.7183447,+34641468103,http://www.lasmusasmusic.com,lasmusasmusic.com,https://www.google.com/maps/place/data=!3m1!4b1!4m2!3m1!1s0xd42278cc5d6ba7d:0xcb5a42411e75202b,5,26,OPEN,True,Productor discográfico,Productor discográfico;Asesor;Editorial de música impresa;Compañía discográfica,printed_music_publisher;art;b_to_b_companies;books;company;consultant;culture;education_and_culture;establishment;establishment_poi;feature;media;music;music_management_and_promotion;music_producer;music_publisher;performing_arts;printing_industry;professional_services;public_api_establishment;publisher;services,14,Cerrado · Apertura: 10:00,APIFY_GOOGLE_MAPS_SCRAPER,0xd42278cc5d6ba7d:0xcb5a42411e75202b,0xd42278cc5d6ba7d:0xcb5a42411e75202b,14653097185054629931,2026-10-06T23:09:24.716Z,2026-10-07T09:40:46.249Z,st_productor-musical.json;st_asociacion-musical.json;st_editorial-musical.json;st_orquesta.json
ChIJp2zzGqolQg0R607bGX9bvWg,Locales de ensayo Lady Stone Music,MUSIC_PRODUCTION;PERFORMING,REHEARSAL_ROOM;BAND,sala de ensayo;banda de música,"Lady Stone Music Edificio Lady Stone, C. Torre de Don Miguel, 13, A, Villa de Vallecas, 28031 Madrid","Locales de ensayo Lady Stone Music, Lady Stone Music Edificio Lady Stone, C. Torre de Don Miguel, 13, A, Villa de Vallecas, 28031 Madrid","Lady Stone Music Edificio Lady Stone, C. Torre de Don Miguel, 13, A",Villa de Vallecas,Madrid,28031,Madrid,ES,40.3736835,-3.6455556,+34913326914,http://www.ladystonemusic.com,ladystonemusic.com,https://www.google.com/maps/place/data=!3m1!4b1!4m2!3m1!1s0xd4225aa1af36ca7:0x68bd5b7f19db4eeb,4.8,44,OPEN,True,location,,music_management_and_promotion;art;establishment;establishment_poi;feature;music;performing_arts;professional_services;public_api_establishment;services,15,Cerrado · Apertura: 10:00,APIFY_GOOGLE_MAPS_SCRAPER,0xd4225aa1af36ca7:0x68bd5b7f19db4eeb,0xd4225aa1af36ca7:0x68bd5b7f19db4eeb,7547289151995596523,2026-10-06T23:09:20.827Z,2026-10-07T09:40:36.588Z,st_sala-de-ensayo.json;st_banda-de-musica.json
ChIJ5XlPOqonQg0RsFzoUl6CeFY,Mariachi en Madrid Usera,PERFORMING,BAND,banda de música,"C. de Amparo Usera, 37, 4F, Usera, 28026 Madrid","Mariachi en Madrid Usera, C. de Amparo Usera, 37, 4F, Usera, 28026 Madrid","C. de Amparo Usera, 37, 4F",Usera,Madrid,28026,Madrid,ES,40.3870674,-3.7052069999999997,+34690958655,http://mariachiusera.com,mariachiusera.com,https://www.google.com/maps/place/data=!3m1!4b1!4m2!3m1!1s0xd4227aa3a4f79e5:0x5678825e52e85cb0,5,868,OPEN,True,Band,Band,band;art;entertainment;entertainment_and_recreation;establishment;establishment_poi;feature;music;performing_arts;public_api_establishment,423,Open 24 hours,APIFY_GOOGLE_MAPS_SCRAPER,0xd4227aa3a4f79e5:0x5678825e52e85cb0,0xd4227aa3a4f79e5:0x5678825e52e85cb0,6230873426096577712,2026-10-05T22:42:29.674Z,2026-10-05T22:42:29.674Z,st_banda-de-musica.json
ChIJLeFOEiOIQQ0RayLbnvfdDx8,Mariachis Madrid America,PERFORMING,BAND,banda de música,"Av. de la Albufera, 290, Pta E 1º Derecha, Puente de Vallecas, 28018 Madrid","Mariachis Madrid America, Av. de la Albufera, 290, Pta E 1º Derecha, Puente de Vallecas, 28018 Madrid","Av. de la Albufera, 290, Pta E 1º Derecha",Puente de Vallecas,Madrid,28018,Madrid,ES,40.386353299999996,-3.6395584999999997,+34675426548,http://www.xn--mariachisenespaa-lub.com,xn--mariachisenespaa-lub.com,https://www.google.com/maps/place/data=!3m1!4b1!4m2!3m1!1s0xd418823124ee12d:0x1f0fddf79edb226b,5,400,OPEN,True,Band,Band;Entertainment agency,band;art;entertainment;entertainment_agency;entertainment_and_recreation;establishment;establishment_poi;feature;music;performing_arts;professional_services;public_api_establishment;services;talent_agency,99,Closed · Opens 10 am,APIFY_GOOGLE_MAPS_SCRAPER,0xd418823124ee12d:0x1f0fddf79edb226b,0xd418823124ee12d:0x1f0fddf79edb226b,2238251595418247787,2026-10-05T22:42:29.674Z,2026-10-05T22:42:29.674Z,st_banda-de-musica.json
ChIJWTeH1hmukGAR0LkZhkWERGc,Mariachi Estrellas de Madrid,PERFORMING,BAND,banda de música,"C. de Sarria, 50, Fuencarral-El Pardo, 28029 Madrid","Mariachi Estrellas de Madrid, C. de Sarria, 50, Fuencarral-El Pardo, 28029 Madrid","C. de Sarria, 50",Fuencarral-El Pardo,Madrid,28029,Madrid,ES,40.475744899999995,-3.7139363999999997,+34660774620,https://mariachiestrellas.es,mariachiestrellas.es,https://www.google.com/maps/place/data=!3m1!4b1!4m2!3m1!1s0x6090ae19d6873759:0x674484458619b9d0,5,341,OPEN,True,Band,Band,band;art;entertainment;entertainment_and_recreation;establishment;establishment_poi;feature;music;performing_arts;public_api_establishment,75,Open 24 hours,APIFY_GOOGLE_MAPS_SCRAPER,0x6090ae19d6873759:0x674484458619b9d0,0x6090ae19d6873759:0x674484458619b9d0,7441217918460344784,2026-10-05T22:42:29.673Z,2026-10-07T09:39:12.281Z,st_banda-de-musica.json
ChIJr7yUeykmQg0R1S3rJ2oR8Kc,Animal Jazz ~ Escuela de baile swing en Madrid,PERFORMING,CULTURAL_ASSOCIATION,asociación musical,"C. del Laurel, 14, Arganzuela, 28005 Madrid","Animal Jazz ~ Escuela de baile swing en Madrid, C. del Laurel, 14, Arganzuela, 28005 Madrid","C. del Laurel, 14",Arganzuela,Madrid,28005,Madrid,ES,40.4027649,-3.7048607999999996,,http://www.animaljazz.es,animaljazz.es,https://www.google.com/maps/place/data=!3m1!4b1!4m2!3m1!1s0xd4226297b94bcaf:0xa7f0116a27eb2dd5,5,167,OPEN,True,Academia de baile,Academia de baile;Escuela de arte;Centro cultural;Club de baile;Compañía de danza;Sala de baile;Club de jazz;Organizador de eventos,dance_school;art;art_school;association_or_organization;bar;bars_and_pubs;beverages;centres;ceremonial_occasions;club;cultural_center;cultural_institution;culture;dance_club;dance_company;dance_hall;dancing;discos_and_night_clubs;education;education_and_culture;educational_institution;entertainment;entertainment_and_recreation;establishment;establishment_poi;event_venue;feature;food_and_drink;hall;higher_education;hobbies;hobby_classes;information_centers;institute;instruction;jazz_club;learning;learning_center;live_music_venue;music;music_classes;music_instruction;music_school;musical_institutions;night_club;nightlife;party;party_planner;performing_arts;potentially_sensitive_entity;professional_services;public_api_establishment;recreation;services;sports;sports_club;sports_school;trade_school;training_center;training_courses;weddings,123,Cerrado · Apertura: 10:00,APIFY_GOOGLE_MAPS_SCRAPER,0xd4226297b94bcaf:0xa7f0116a27eb2dd5,0xd4226297b94bcaf:0xa7f0116a27eb2dd5,12101191346378452437,2026-10-06T23:08:44.675Z,2026-10-07T09:39:33.383Z,st_asociacion-musical.json
ChIJJ7M5BGAnQg0RA-DFY8-ZJXw,Músicos para fiestas - Pamela Magal,PERFORMING,BAND,banda de música,"C. Cost.ª de los Olivos, 16, Latina, 28011 Madrid","Músicos para fiestas - Pamela Magal, C. Cost.ª de los Olivos, 16, Latina, 28011 Madrid","C. Cost.ª de los Olivos, 16",Latina,Madrid,28011,Madrid,ES,40.4045079,-3.7374433,+34698255060,https://www.pamelamagal.com,pamelamagal.com,https://www.google.com/maps/place/data=!3m1!4b1!4m2!3m1!1s0xd4227600439b327:0x7c2599cf63c5e003,5,157,OPEN,True,Band,Band;Musician;Musician and composer;Party planner,band;art;ceremonial_occasions;entertainment;entertainment_and_recreation;establishment;establishment_poi;feature;music;music_store;musician;musician_and_composer;party;party_planner;performing_arts;professional_services;public_api_establishment;services;shopping;store;weddings,25,Open 24 hours,APIFY_GOOGLE_MAPS_SCRAPER,0xd4227600439b327:0x7c2599cf63c5e003,0xd4227600439b327:0x7c2599cf63c5e003,8945725350852550659,2026-10-05T22:42:29.674Z,2026-10-07T09:39:12.281Z,st_banda-de-musica.json
ChIJyVf1tukpQg0R1Lc97Se61a8,The Laraland Experience,PERFORMING,CHOIR,coro,"C. de Canillas, 98, Chamartín, 28002 Madrid","The Laraland Experience, C. de Canillas, 98, Chamartín, 28002 Madrid","C. de Canillas, 98",Chamartín,Madrid,28002,Madrid,ES,40.443815,-3.6697116,,https://www.laralandmusic.com,laralandmusic.com,https://www.google.com/maps/place/data=!3m1!4b1!4m2!3m1!1s0xd4229e9b6f557c9:0xafd5ba27ed3db7d4,5,135,OPEN,True,location,,music_management_and_promotion;art;establishment;establishment_poi;feature;music;performing_arts;professional_services;public_api_establishment;services,31,Abierto ahora,APIFY_GOOGLE_MAPS_SCRAPER,0xd4229e9b6f557c9:0xafd5ba27ed3db7d4,0xd4229e9b6f557c9:0xafd5ba27ed3db7d4,12670237807323494356,2026-10-06T23:08:38.332Z,2026-10-07T09:39:23.600Z,st_coro.json
ChIJRUGqMzkpQg0RBd-ymFDiaU0,Mariachi Veracruz Madrid,PERFORMING,ORCHESTRA,orquesta,"C. de Bravo Murillo, 137, 1º B, Tetuán, 28020 Madrid","Mariachi Veracruz Madrid, C. de Bravo Murillo, 137, 1º B, Tetuán, 28020 Madrid","C. de Bravo Murillo, 137, 1º B",Tetuán,Madrid,28020,Madrid,ES,40.450361799999996,-3.7037823999999997,+34661044339,http://www.mariachiveracruz.es,mariachiveracruz.es,https://www.google.com/maps/place/data=!3m1!4b1!4m2!3m1!1s0xd42293933aa4145:0x4d69e25098b2df05,5,133,OPEN,True,Orquesta,Orquesta;Musician,orchestra;art;entertainment;entertainment_and_recreation;establishment;establishment_poi;feature;music;music_store;musician;performing_arts;public_api_establishment;shopping;store,58,,APIFY_GOOGLE_MAPS_SCRAPER,0xd42293933aa4145:0x4d69e25098b2df05,0xd42293933aa4145:0x4d69e25098b2df05,5578238449262190341,2026-10-06T23:08:34.431Z,2026-10-07T09:39:18.134Z,st_orquesta.json
ChIJfwKmQu8pQg0R4Mg8Wo576tw,Mariachi Monterrey Madrid,PERFORMING,BAND,banda de música,"Mariachis en Madrid, C. Carolinas, 20, Bajo Derecha, Tetuán, 28039 Madrid","Mariachi Monterrey Madrid, Mariachis en Madrid, C. Carolinas, 20, Bajo Derecha, Tetuán, 28039 Madrid","Mariachis en Madrid, C. Carolinas, 20, Bajo Derecha",Tetuán,Madrid,28039,Madrid,ES,40.4512942,-3.7056552999999997,+34644006415,https://www.mariachimonterreymadrid.com,mariachimonterreymadrid.com,https://www.google.com/maps/place/data=!3m1!4b1!4m2!3m1!1s0xd4229ef42a6027f:0xdcea7b8e5a3cc8e0,5,120,OPEN,True,Artist,Artist;Band;Musician,artist;art;band;culture;education_and_culture;entertainment;entertainment_and_recreation;establishment;establishment_poi;feature;music;music_store;musician;performing_arts;public_api_establishment;shopping;store,67,,APIFY_GOOGLE_MAPS_SCRAPER,0xd4229ef42a6027f:0xdcea7b8e5a3cc8e0,0xd4229ef42a6027f:0xdcea7b8e5a3cc8e0,15918671684223944928,2026-10-05T22:42:29.674Z,2026-10-07T09:39:12.281Z,st_banda-de-musica.json
ChIJ3VoG1IAvQg0R9LxBHE9P9OQ,La vida en canciones,PERFORMING,BAND,banda de música,"C. de Alicún, Hortaleza, 28033 Madrid","La vida en canciones, C. de Alicún, Hortaleza, 28033 Madrid",C. de Alicún,Hortaleza,Madrid,28033,Madrid,ES,40.4792181,-3.6605939999999997,+34657203361,https://www.lavidaencanciones.es,lavidaencanciones.es,https://www.google.com/maps/place/data=!3m1!4b1!4m2!3m1!1s0xd422f80d4065add:0xe4f44f4f1c41bcf4,5,101,OPEN,True,location,,musician;art;entertainment;entertainment_and_recreation;establishment;establishment_poi;feature;music;music_store;performing_arts;public_api_establishment;shopping;store,7,Abierto · Cierre: 23:30,APIFY_GOOGLE_MAPS_SCRAPER,0xd422f80d4065add:0xe4f44f4f1c41bcf4,0xd422f80d4065add:0xe4f44f4f1c41bcf4,16497898536160050420,2026-10-07T09:39:12.281Z,2026-10-07T09:39:12.281Z,st_banda-de-musica.json
ChIJ8f2oW9WycGYRt_J-G24SeLI,Banda Fander,PERFORMING,BAND,banda de música,"Cl. de Berlín, 7, 8º derecha, Salamanca, 28028 Madrid","Banda Fander, Cl. de Berlín, 7, 8º derecha, Salamanca, 28028 Madrid","Cl. de Berlín, 7, 8º derecha",Salamanca,Madrid,28028,Madrid,ES,40.4420582,-3.6614557,+34679747535,https://fander.es,fander.es,https://www.google.com/maps/place/data=!3m1!4b1!4m2!3m1!1s0x6670b2d55ba8fdf1:0xb278126e1b7ef2b7,5,95,OPEN,True,Musician and composer,Musician and composer;Musician,musician_and_composer;art;entertainment;entertainment_and_recreation;establishment;establishment_poi;feature;music;music_store;musician;performing_arts;public_api_establishment;shopping;store,38,Closed · Opens 9 am,APIFY_GOOGLE_MAPS_SCRAPER,0x6670b2d55ba8fdf1:0xb278126e1b7ef2b7,0x6670b2d55ba8fdf1:0xb278126e1b7ef2b7,12860049000073458359,2026-10-05T22:42:29.673Z,2026-10-07T09:39:12.281Z,st_banda-de-musica.json
ChIJK89vw6FlUycRbpWXBfG8EGQ,La Chistera Producciones,PERFORMING,CULTURAL_ASSOCIATION,asociación musical,"Carr. de Canillas, 6, Hortaleza, 28043 Madrid","La Chistera Producciones, Carr. de Canillas, 6, Hortaleza, 28043 Madrid","Carr. de Canillas, 6",Hortaleza,Madrid,28043,Madrid,ES,40.4630957,-3.6562403,+34600206334,https://www.lachisteraproducciones.com,lachisteraproducciones.com,https://www.google.com/maps/place/data=!3m1!4b1!4m2!3m1!1s0x275365a1c36fcf2b:0x6410bcf10597956e,5,86,OPEN,True,Escuela de arte dramático,Escuela de arte dramático;Escuela de arte;Organizador de eventos;Compañía de teatro;Productora de teatro,drama_school;art;art_school;association_or_organization;attraction;ceremonial_occasions;company;culture;education;education_and_culture;educational_institution;entertainment;entertainment_and_recreation;establishment;establishment_poi;feature;higher_education;hobby_classes;industry;institute;instruction;learning;manufacturer;media;music;music_classes;music_instruction;music_school;musical_institutions;party;party_planner;performing_arts;potentially_sensitive_entity;production;professional_services;public_api_establishment;services;shortterm_adult_education;theater_company;theater_production;trade_school;training_courses;weddings,63,Cerrado · Apertura: 10:00,APIFY_GOOGLE_MAPS_SCRAPER,0x275365a1c36fcf2b:0x6410bcf10597956e,0x275365a1c36fcf2b:0x6410bcf10597956e,7210470746787124590,2026-10-06T23:08:44.676Z,2026-10-07T09:39:33.383Z,st_asociacion-musical.json
ChIJedcCWb4vQg0RN00dTvmbs5o,Mariachis.es,PERFORMING,BAND,banda de música,"C. de Valdecanillas, 55, San Blas-Canillejas, 28037 Madrid","Mariachis.es, C. de Valdecanillas, 55, San Blas-Canillejas, 28037 Madrid","C. de Valdecanillas, 55",San Blas,Madrid,28037,Madrid,ES,40.4331716,-3.6242691,+34614545493,https://mariachis.es,mariachis.es,https://www.google.com/maps/place/data=!3m1!4b1!4m2!3m1!1s0xd422fbe5902d779:0x9ab39bf94e1d4d37,5,74,OPEN,True,Band,Band;Entertainment agency,band;art;entertainment;entertainment_agency;entertainment_and_recreation;establishment;establishment_poi;feature;music;performing_arts;professional_services;public_api_establishment;services;talent_agency,47,Open 24 hours,APIFY_GOOGLE_MAPS_SCRAPER,0xd422fbe5902d779:0x9ab39bf94e1d4d37,0xd422fbe5902d779:0x9ab39bf94e1d4d37,11147424997731814711,2026-10-05T22:42:29.674Z,2026-10-05T22:42:29.674Z,st_banda-de-musica.json
ChIJW3eVhbMlQg0RUYmQw0aTswo,Rsp animaciones,PERFORMING,ORCHESTRA,orquesta,"C. de Arboleda, 18, Puente de Vallecas, 28031 Madrid","Rsp animaciones, C. de Arboleda, 18, Puente de Vallecas, 28031 Madrid","C. de Arboleda, 18",Puente de Vallecas,Madrid,28031,Madrid,ES,40.3872365,-3.6259813,+34692513180,https://www.rspanimaciones.com,rspanimaciones.com,https://www.google.com/maps/place/data=!3m1!4b1!4m2!3m1!1s0xd4225b38595775b:0xab39346c3908951,5,74,OPEN,True,Empresa de organización de eventos,Empresa de organización de eventos;Animador;Discoteca móvil;Orquesta,event_management_company;art;entertainer;entertainment;entertainment_and_recreation;establishment;establishment_poi;feature;mobile_disco;music;orchestra;performing_arts;professional_services;public_api_establishment;services,22,Cerrado · Apertura: 9:00,APIFY_GOOGLE_MAPS_SCRAPER,0xd4225b38595775b:0xab39346c3908951,0xd4225b38595775b:0xab39346c3908951,771121893348510033,2026-10-06T23:08:34.431Z,2026-10-07T09:39:18.134Z,st_orquesta.json
ChIJjfwrCr8gQg0RtAwca0jGkts,Batucada Combinarte,PERFORMING,BAND,banda de música,"C. del Aguacate, 21, Carabanchel, 28044 Madrid","Batucada Combinarte, C. del Aguacate, 21, Carabanchel, 28044 Madrid","C. del Aguacate, 21",Carabanchel,Madrid,28044,Madrid,ES,40.3710534,-3.7462307,+34660800472,https://www.batucadacombinarte.com,batucadacombinarte.com,https://www.google.com/maps/place/data=!3m1!4b1!4m2!3m1!1s0xd4220bf0a2bfc8d:0xdb92c6486b1c0cb4,5,63,OPEN,False,Band,Band;Music school;Samba school,band;art;centres;dance_school;dancing;education;education_and_culture;educational_institution;entertainment;entertainment_and_recreation;establishment;establishment_poi;feature;hobby_classes;institute;instruction;learning;learning_center;music;music_classes;music_instruction;music_school;musical_institutions;performing_arts;professional_services;public_api_establishment;recreation;samba_school;services;sports;sports_school;training_center;training_courses,19,Open 24 hours,APIFY_GOOGLE_MAPS_SCRAPER,0xd4220bf0a2bfc8d:0xdb92c6486b1c0cb4,0xd4220bf0a2bfc8d:0xdb92c6486b1c0cb4,15821926455242919092,2026-10-05T22:42:29.674Z,2026-10-05T22:42:29.674Z,st_banda-de-musica.json
ChIJe4AzcYApQg0R_GF5hsbnhWo,Alborada Eventos Musicales - Música para bodas y eventos,PERFORMING,ORCHESTRA,orquesta,"C. de Meléndez Valdés, 29, Chamberí, 28015 Madrid","Alborada Eventos Musicales - Música para bodas y eventos, C. de Meléndez Valdés, 29, Chamberí, 28015 Madrid","C. de Meléndez Valdés, 29",Chamberí,Madrid,28015,Madrid,ES,40.432733999999996,-3.7125339,+34912862259,https://grupoalborada.com,grupoalborada.com,https://www.google.com/maps/place/data=!3m1!4b1!4m2!3m1!1s0xd4229807133807b:0x6a85e7c6867961fc,5,58,OPEN,True,Orquesta,Orquesta,musician;art;entertainment;entertainment_and_recreation;establishment;establishment_poi;feature;music;music_store;orchestra;performing_arts;public_api_establishment;shopping;store,9,Cerrado · Apertura: 10:00,APIFY_GOOGLE_MAPS_SCRAPER,0xd4229807133807b:0x6a85e7c6867961fc,0xd4229807133807b:0x6a85e7c6867961fc,7675795979768521212,2026-10-06T23:08:34.431Z,2026-10-07T09:39:18.134Z,st_orquesta.json
ChIJf738apwvQg0RTKA-lcWI5qc,Mariachi Madrid Internacional,PERFORMING,BAND,banda de música,"C. de San Gumersindo, 9, Cdad. Lineal, 28017 Madrid","Mariachi Madrid Internacional, C. de San Gumersindo, 9, Cdad. Lineal, 28017 Madrid","C. de San Gumersindo, 9",Ciudad Lineal,Madrid,28017,Madrid,ES,40.431936,-3.6521041999999997,+34643985521,https://www.mariachimadridinternacional.es,mariachimadridinternacional.es,https://www.google.com/maps/place/data=!3m1!4b1!4m2!3m1!1s0xd422f9c6afcbd7f:0xa7e688c5953ea04c,5,49,OPEN,True,Band,Band;Musician,band;art;entertainment;entertainment_and_recreation;establishment;establishment_poi;feature;music;music_store;musician;performing_arts;public_api_establishment;shopping;store,62,Open 24 hours,APIFY_GOOGLE_MAPS_SCRAPER,0xd422f9c6afcbd7f:0xa7e688c5953ea04c,0xd422f9c6afcbd7f:0xa7e688c5953ea04c,12098507831171260492,2026-10-05T22:42:29.674Z,2026-10-07T09:39:12.281Z,st_banda-de-musica.json
ChIJ7zGlYComQg0R2p0ONIgkySU,Escuela Coral Rebeca Rods,PERFORMING,CHOIR,coro,"C. del Ave María, 5, Centro, 28012 Madrid","Escuela Coral Rebeca Rods, C. del Ave María, 5, Centro, 28012 Madrid","C. del Ave María, 5",Centro,Madrid,28012,Madrid,ES,40.411698799999996,-3.7001899999999996,+34653625485,http://rebecarods.com,rebecarods.com,https://www.google.com/maps/place/data=!3m1!4b1!4m2!3m1!1s0xd42262a60a531ef:0x25c92488340e9dda,5,45,OPEN,True,Coro,Coro;Escuela de música,music_school;art;choir;culture;education;education_and_culture;educational_institution;establishment;establishment_poi;feature;hobby_classes;institute;instruction;learning;music;music_classes;music_instruction;musical_institutions;performing_arts;professional_services;public_api_establishment;services;training_courses,26,,APIFY_GOOGLE_MAPS_SCRAPER,0xd42262a60a531ef:0x25c92488340e9dda,0xd42262a60a531ef:0x25c92488340e9dda,2722747617129700826,2026-10-06T23:08:38.331Z,2026-10-07T09:39:23.600Z,st_coro.json
ChIJYyrO7k0pQg0RwdPxOIti2aA,Violinista en Madrid: Músicos para eventos,PERFORMING,CULTURAL_ASSOCIATION,asociación musical,"Pl. de Chueca, Centro, 28004 Madrid","Violinista en Madrid: Músicos para eventos, Pl. de Chueca, Centro, 28004 Madrid",Pl. de Chueca,Centro,Madrid,28004,Madrid,ES,40.422705799999996,-3.6976128,+34609234858,https://www.cameratavenezziola.com,cameratavenezziola.com,https://www.google.com/maps/place/data=!3m1!4b1!4m2!3m1!1s0xd42294deece2a63:0xa0d9628b38f1d3c1,5,38,OPEN,True,Club musical,Club musical;Organizador de eventos,musician;art;association_or_organization;ceremonial_occasions;entertainment;entertainment_and_recreation;establishment;establishment_poi;feature;music;music_store;musical_club;party;party_planner;performing_arts;potentially_sensitive_entity;professional_services;public_api_establishment;services;shopping;store;weddings,32,Abierto 24 horas,APIFY_GOOGLE_MAPS_SCRAPER,0xd42294deece2a63:0xa0d9628b38f1d3c1,0xd42294deece2a63:0xa0d9628b38f1d3c1,11590403466110030785,2026-10-06T23:08:44.675Z,2026-10-07T09:39:33.383Z,st_asociacion-musical.json
ChIJHwV1cBYpQg0R1fXMhDbj3e4,Coro Gospel EnclaveGospel,PERFORMING,CHOIR;ORCHESTRA,coro;orquesta,"Esteban Terradas, 8 Local 5 (entrada por, C. de Manuel Ferrero, 28036 Madrid","Coro Gospel EnclaveGospel, Esteban Terradas, 8 Local 5 (entrada por, C. de Manuel Ferrero, 28036 Madrid","Esteban Terradas, 8 Local 5 (entrada por, C. de Manuel Ferrero",Chamartín,Madrid,28036,Madrid,ES,40.468823799999996,-3.6845158,+34686108255,https://www.corogospelmadrid.es,corogospelmadrid.es,https://www.google.com/maps/place/data=!3m1!4b1!4m2!3m1!1s0xd4229167075051f:0xeedde33684ccf5d5,5,30,OPEN,True,Coro,Coro,choir;art;culture;education_and_culture;establishment;establishment_poi;feature;music;performing_arts;public_api_establishment,15,Cerrado · Apertura: 11:00,APIFY_GOOGLE_MAPS_SCRAPER,0xd4229167075051f:0xeedde33684ccf5d5,0xd4229167075051f:0xeedde33684ccf5d5,17212163174175667669,2026-10-06T23:08:38.331Z,2026-10-07T09:39:23.600Z,st_coro.json;st_orquesta.json
ChIJFTZsvmgnQg0R4Jt6cSCvJcU,Clásica en Vivo,PERFORMING,BAND,banda de música,"C. de José Ortega y Gasset, 25, bajo, Salamanca, 28006 Madrid","Clásica en Vivo, C. de José Ortega y Gasset, 25, bajo, Salamanca, 28006 Madrid","C. de José Ortega y Gasset, 25, bajo",Salamanca,Madrid,28006,Madrid,ES,40.4304725,-3.6843242,+34644769643,,,https://www.google.com/maps/place/data=!3m1!4b1!4m2!3m1!1s0xd422768be6c3615:0xc525af20717a9be0,5,27,OPEN,True,Band,Band,band;art;entertainment;entertainment_and_recreation;establishment;establishment_poi;feature;music;performing_arts;public_api_establishment,11,,APIFY_GOOGLE_MAPS_SCRAPER,0xd422768be6c3615:0xc525af20717a9be0,0xd422768be6c3615:0xc525af20717a9be0,14205953153487772640,2026-10-05T22:42:29.674Z,2026-10-07T09:39:12.281Z,st_banda-de-musica.json
ChIJf14DnCMpQg0RL22hYFB8sbY,Trio Concuerda,PERFORMING,CULTURAL_ASSOCIATION;ORCHESTRA;BAND,asociación musical;orquesta;banda de música,"C. de la Isla de Chipre, 6, Fuencarral-El Pardo, 28034 Madrid","Trio Concuerda, C. de la Isla de Chipre, 6, Fuencarral-El Pardo, 28034 Madrid","C. de la Isla de Chipre, 6",Fuencarral-El Pardo,Madrid,28034,Madrid,ES,40.4969519,-3.687643,,https://www.trioconcuerda.com,trioconcuerda.com,https://www.google.com/maps/place/data=!3m1!4b1!4m2!3m1!1s0xd4229239c035e7f:0xb6b17c5060a16d2f,5,26,OPEN,True,Banda de música,Banda de música;Organizador de eventos;Grupo de artes escénicas,musician;art;association_or_organization;band;ceremonial_occasions;culture;education_and_culture;entertainment;entertainment_and_recreation;establishment;establishment_poi;feature;music;music_store;party;party_planner;performing_arts;performing_arts_group;potentially_sensitive_entity;professional_services;public_api_establishment;services;shopping;store;weddings,74,Cerrado · Apertura: 10:00,APIFY_GOOGLE_MAPS_SCRAPER,0xd4229239c035e7f:0xb6b17c5060a16d2f,0xd4229239c035e7f:0xb6b17c5060a16d2f,13164439870441090351,2026-10-06T23:08:44.675Z,2026-10-07T09:39:33.383Z,st_asociacion-musical.json;st_orquesta.json;st_banda-de-musica.json
ChIJv7LctDgpQg0R_oiqN5L35Ds,Tuna de Derecho de Madrid | Contratar Tuna Universitaria,PERFORMING,BAND,banda de música,"Universidad Complutense de Madrid, Pl. Menéndez Pelayo, 4, Moncloa - Aravaca, 28040 Madrid","Tuna de Derecho de Madrid | Contratar Tuna Universitaria, Universidad Complutense de Madrid, Pl. Menéndez Pelayo, 4, Moncloa - Aravaca, 28040 Madrid","Universidad Complutense de Madrid, Pl. Menéndez Pelayo, 4",Moncloa - Aravaca,Madrid,28040,Madrid,ES,40.450321599999995,-3.7307721,+34620164883,https://www.tunaderechoucm.es,tunaderechoucm.es,https://www.google.com/maps/place/data=!3m1!4b1!4m2!3m1!1s0xd422938b4dcb2bf:0x3be4f79237aa88fe,5,23,OPEN,True,Banda de música,Banda de música,band;art;entertainment;entertainment_and_recreation;establishment;establishment_poi;feature;music;performing_arts;public_api_establishment,18,Abierto 24 horas,APIFY_GOOGLE_MAPS_SCRAPER,0xd422938b4dcb2bf:0x3be4f79237aa88fe,0xd422938b4dcb2bf:0x3be4f79237aa88fe,4315846550298986750,2026-10-07T09:39:12.281Z,2026-10-07T09:39:12.281Z,st_banda-de-musica.json
ChIJE8R0PTcpQg0Rp0GGy-3kG5U,Coro Heraso Torres,PERFORMING,CHOIR,coro,"C. de Sta. María Magdalena, 15, Chamartín, 28016 Madrid","Coro Heraso Torres, C. de Sta. María Magdalena, 15, Chamartín, 28016 Madrid","C. de Sta. María Magdalena, 15",Chamartín,Madrid,28016,Madrid,ES,40.4629279,-3.6706488,+34620411432,https://www.coroheraso.com,coroheraso.com,https://www.google.com/maps/place/data=!3m1!4b1!4m2!3m1!1s0xd4229373d74c413:0x951be4edcb8641a7,5,20,OPEN,True,Centro de coaching,Centro de coaching,coaching_center;education;education_and_culture;establishment;establishment_poi;feature;public_api_establishment,3,Abierto 24 horas,APIFY_GOOGLE_MAPS_SCRAPER,0xd4229373d74c413:0x951be4edcb8641a7,0xd4229373d74c413:0x951be4edcb8641a7,10744433045995405735,2026-10-06T23:08:38.331Z,2026-10-07T09:39:23.600Z,st_coro.json
ChIJS9WLUDMvQg0RNJViNfaKt7I,Mariachi garibaldi - Mariachis en Madrid,PERFORMING,BAND,banda de música,"C. de Francisco Requena, 19, 2a, Cdad. Lineal, 28017 Madrid","Mariachi garibaldi - Mariachis en Madrid, C. de Francisco Requena, 19, 2a, Cdad. Lineal, 28017 Madrid","C. de Francisco Requena, 19, 2a",Ciudad Lineal,Madrid,28017,Madrid,ES,40.4257346,-3.6532335999999996,+34666333253,https://mariachigaribaldimadrid.com,mariachigaribaldimadrid.com,https://www.google.com/maps/place/data=!3m1!4b1!4m2!3m1!1s0xd422f33508bd54b:0xb2b78af635629534,5,17,OPEN,True,Band,Band,band;art;entertainment;entertainment_and_recreation;establishment;establishment_poi;feature;music;performing_arts;public_api_establishment,8,Open 24 hours,APIFY_GOOGLE_MAPS_SCRAPER,0xd422f33508bd54b:0xb2b78af635629534,0xd422f33508bd54b:0xb2b78af635629534,12877914449551463732,2026-10-05T22:42:29.673Z,2026-10-05T22:42:29.673Z,st_banda-de-musica.json
ChIJTTGmaVspQg0RvCjlMrtMAB0,A Nuestra Manera Oficial - Grupo Flamenco para Bodas y Eventos,PERFORMING,BAND,banda de música,"C. de Narváez, Retiro, 28009 Madrid","A Nuestra Manera Oficial - Grupo Flamenco para Bodas y Eventos, C. de Narváez, Retiro, 28009 Madrid",C. de Narváez,Retiro,Madrid,28009,Madrid,ES,40.420393,-3.6760789,+34616425489,https://anuestramaneraoficial.com,anuestramaneraoficial.com,https://www.google.com/maps/place/data=!3m1!4b1!4m2!3m1!1s0xd42295b69a6314d:0x1d004cbb32e528bc,5,14,OPEN,True,Band,Band,band;art;entertainment;entertainment_and_recreation;establishment;establishment_poi;feature;music;performing_arts;public_api_establishment,11,Open 24 hours,APIFY_GOOGLE_MAPS_SCRAPER,0xd42295b69a6314d:0x1d004cbb32e528bc,0xd42295b69a6314d:0x1d004cbb32e528bc,2089754593996384444,2026-10-05T22:42:29.674Z,2026-10-05T22:42:29.674Z,st_banda-de-musica.json
ChIJq6petPwnQg0RFA5DjUe_BTs,La Poptelera,PERFORMING,BAND,banda de música,"C. de Ercilla, 52, Arganzuela, 28005 Madrid","La Poptelera, C. de Ercilla, 52, Arganzuela, 28005 Madrid","C. de Ercilla, 52",Arganzuela,Madrid,28005,Madrid,ES,40.400030799999996,-3.7007991999999996,+34682142832,https://lapoptelera.com,lapoptelera.com,https://www.google.com/maps/place/data=!3m1!4b1!4m2!3m1!1s0xd4227fcb45eaaab:0x3b05bf478d430e14,5,14,OPEN,True,Band,Band,band;art;entertainment;entertainment_and_recreation;establishment;establishment_poi;feature;music;performing_arts;public_api_establishment,5,,APIFY_GOOGLE_MAPS_SCRAPER,0xd4227fcb45eaaab:0x3b05bf478d430e14,0xd4227fcb45eaaab:0x3b05bf478d430e14,4253015737154866708,2026-10-05T22:42:29.674Z,2026-10-07T09:39:12.281Z,st_banda-de-musica.json
ChIJ0VmxeukvQg0R31wd6NwsOyc,Hinds - Indie Rock Band,PERFORMING,BAND,banda de música,"Calle de Utrillas, 8, Hortaleza, 28043 Madrid","Hinds - Indie Rock Band, Calle de Utrillas, 8, Hortaleza, 28043 Madrid","Calle de Utrillas, 8",Hortaleza,Madrid,28043,Madrid,ES,40.4625793,-3.6450068,+34609794030,https://hinds.os.fan,os.fan,https://www.google.com/maps/place/data=!3m1!4b1!4m2!3m1!1s0xd422fe97ab159d1:0x273b2cdce81d5cdf,5,9,OPEN,True,Band,Band;Artist;Electric vehicle charging station contractor;Entertainment agency,band;art;artist;construction;contractor;culture;education_and_culture;electric_vehicle_charging_station_contractor;electrics;entertainment;entertainment_agency;entertainment_and_recreation;establishment;establishment_poi;feature;music;performing_arts;professional_services;public_api_establishment;services;talent_agency,8,Open 24 hours,APIFY_GOOGLE_MAPS_SCRAPER,0xd422fe97ab159d1:0x273b2cdce81d5cdf,0xd422fe97ab159d1:0x273b2cdce81d5cdf,2826902518403783903,2026-10-05T22:42:29.673Z,2026-10-07T09:39:12.281Z,st_banda-de-musica.json
ChIJ65dfCq4vQg0Rxl5FqrBiZcU,Mariachi Ases del Tenampa,PERFORMING,BAND,banda de música,"C/ de Ricardo Sepúlveda, 17, Cdad. Lineal, 28017 Madrid","Mariachi Ases del Tenampa, C/ de Ricardo Sepúlveda, 17, Cdad. Lineal, 28017 Madrid","C/ de Ricardo Sepúlveda, 17",Ciudad Lineal,Madrid,28017,Madrid,ES,40.4297268,-3.649853,+34642491664,https://www.instagram.com/mariachi_asesdeltenampa,instagram.com,https://www.google.com/maps/place/data=!3m1!4b1!4m2!3m1!1s0xd422fae0a5f97eb:0xc56562b0aa455ec6,5,9,OPEN,True,Band,Band,band;art;entertainment;entertainment_and_recreation;establishment;establishment_poi;feature;music;performing_arts;public_api_establishment,14,Open 24 hours,APIFY_GOOGLE_MAPS_SCRAPER,0xd422fae0a5f97eb:0xc56562b0aa455ec6,0xd422fae0a5f97eb:0xc56562b0aa455ec6,14223883509030018758,2026-10-05T22:42:29.674Z,2026-10-05T22:42:29.674Z,st_banda-de-musica.json
ChIJe672dzQpQg0RDX-ac1Y6dh4,Rock Indiana Records,PERFORMING,BAND,banda de música,"C. de Alonso Saavedra, 3, Cdad. Lineal, 28033 Madrid","Rock Indiana Records, C. de Alonso Saavedra, 3, Cdad. Lineal, 28033 Madrid","C. de Alonso Saavedra, 3",Ciudad Lineal,Madrid,28033,Madrid,ES,40.4702104,-3.665091,,http://popandsoul.org/rockindiana2,popandsoul.org,https://www.google.com/maps/place/data=!3m1!4b1!4m2!3m1!1s0xd42293477f6ae7b:0x1e763a56739a7f0d,5,7,OPEN,False,Estudio de grabación,Estudio de grabación,recording_studio;art;design_services;entertainment_and_recreation;establishment;establishment_poi;feature;hobbies;music;music_store;performing_arts;photography;public_api_establishment;shopping;store;video,1,Abierto · Cierre: 17:00,APIFY_GOOGLE_MAPS_SCRAPER,0xd42293477f6ae7b:0x1e763a56739a7f0d,0xd42293477f6ae7b:0x1e763a56739a7f0d,2195006011370798861,2026-10-07T09:39:12.281Z,2026-10-07T09:39:12.281Z,st_banda-de-musica.json
ChIJh8ubrBIoQg0RAYnNUXgbAR0,Coro de Voces Graves de Madrid,PERFORMING,CHOIR,coro,"P.º de la Florida, 37, Moncloa - Aravaca, 28008 Madrid","Coro de Voces Graves de Madrid, P.º de la Florida, 37, Moncloa - Aravaca, 28008 Madrid","P.º de la Florida, 37",Moncloa - Aravaca,Madrid,28008,Madrid,ES,40.4227584,-3.7233034,+34649882668,https://vocesgravesdemadrid.com,vocesgravesdemadrid.com,https://www.google.com/maps/place/data=!3m1!4b1!4m2!3m1!1s0xd422812ac9bcb87:0x1d011b7851cd8901,5,6,OPEN,False,Coro,Coro,choir;art;culture;education_and_culture;establishment;establishment_poi;feature;music;performing_arts;public_api_establishment,10,,APIFY_GOOGLE_MAPS_SCRAPER,0xd422812ac9bcb87:0x1d011b7851cd8901,0xd422812ac9bcb87:0x1d011b7851cd8901,2089981905659070721,2026-10-06T23:08:38.331Z,2026-10-07T09:39:23.600Z,st_coro.json
ChIJzY9wXNMxQg0RSxvDaNpXKmE,Daniela Antillano | Músico Saxofonista para Bodas y Eventos,PERFORMING,BAND,banda de música,"C. de Arcaute, 1, San Blas-Canillejas, 28022 Madrid","Daniela Antillano | Músico Saxofonista para Bodas y Eventos, C. de Arcaute, 1, San Blas-Canillejas, 28022 Madrid","C. de Arcaute, 1",San Blas,Madrid,28022,Madrid,ES,40.4437338,-3.5797944,+34698915844,,,https://www.google.com/maps/place/data=!3m1!4b1!4m2!3m1!1s0xd4231d35c708fcd:0x612a57da68c31b4b,5,6,OPEN,True,Band,Band,band;art;entertainment;entertainment_and_recreation;establishment;establishment_poi;feature;music;performing_arts;public_api_establishment,2,Open 24 hours,APIFY_GOOGLE_MAPS_SCRAPER,0xd4231d35c708fcd:0x612a57da68c31b4b,0xd4231d35c708fcd:0x612a57da68c31b4b,7001505166272961355,2026-10-05T22:42:29.674Z,2026-10-05T22:42:29.674Z,st_banda-de-musica.json
ChIJU7IVnHsvQg0RyVOGRE2vjlU,Coro de Jóvenes de Madrid,PERFORMING,CHOIR,coro,"C. de Villasilos, 3, Cdad. Lineal, 28017 Madrid","Coro de Jóvenes de Madrid, C. de Villasilos, 3, Cdad. Lineal, 28017 Madrid","C. de Villasilos, 3",Ciudad Lineal,Madrid,28017,Madrid,ES,40.421197,-3.629133,+34661797047,https://corojovenesmadrid.com,corojovenesmadrid.com,https://www.google.com/maps/place/data=!3m1!4b1!4m2!3m1!1s0xd422f7b9c15b253:0x558eaf4d448653c9,5,5,OPEN,True,Coro,Coro,choir;art;culture;education_and_culture;establishment;establishment_poi;feature;music;performing_arts;public_api_establishment,3,,APIFY_GOOGLE_MAPS_SCRAPER,0xd422f7b9c15b253:0x558eaf4d448653c9,0xd422f7b9c15b253:0x558eaf4d448653c9,6165057686313784265,2026-10-06T23:08:38.331Z,2026-10-07T09:39:23.600Z,st_coro.json
ChIJq9kJj9UuQg0RNlY-G9q56Bc,Fundación Orquesta Sinfónica Chamartín,PERFORMING,CULTURAL_ASSOCIATION;ORCHESTRA,asociación musical;orquesta,"C. de Celeste, 2, Cdad. Lineal, 28043 Madrid","Fundación Orquesta Sinfónica Chamartín, C. de Celeste, 2, Cdad. Lineal, 28043 Madrid","C. de Celeste, 2",Ciudad Lineal,Madrid,28043,Madrid,ES,40.455458199999995,-3.6590504,+34914151214,https://www.oschamartin.org,oschamartin.org,https://www.google.com/maps/place/data=!3m1!4b1!4m2!3m1!1s0xd422ed58f09d9ab:0x17e8b9da1b3e5636,5,5,OPEN,False,Fundación,Fundación,foundation;association_or_organization;establishment;establishment_poi;feature;potentially_sensitive_entity;public_api_establishment,1,Cerrado · Apertura: 10:00,APIFY_GOOGLE_MAPS_SCRAPER,0xd422ed58f09d9ab:0x17e8b9da1b3e5636,0xd422ed58f09d9ab:0x17e8b9da1b3e5636,1722831203880293942,2026-10-06T23:08:44.675Z,2026-10-07T09:39:33.383Z,st_asociacion-musical.json;st_orquesta.json
ChIJs6j9AQWHQQ0RpIZHeUAn50g,Mariachis España,PERFORMING,BAND,banda de música,"Moncloa - Aravaca, 28023 Madrid","Mariachis España, Moncloa - Aravaca, 28023 Madrid",,Moncloa - Aravaca,Madrid,,Madrid,ES,40.463667,-3.7492199999999998,,http://www.mariachis.es,mariachis.es,https://www.google.com/maps/place/data=!3m1!4b1!4m2!3m1!1s0xd41870501fda8b3:0x48e72740794786a4,5,5,OPEN,False,Band,Band,band;art;entertainment;entertainment_and_recreation;establishment;establishment_poi;feature;music;performing_arts;public_api_establishment,3,,APIFY_GOOGLE_MAPS_SCRAPER,0xd41870501fda8b3:0x48e72740794786a4,0xd41870501fda8b3:0x48e72740794786a4,5253210648217093796,2026-10-05T22:42:29.674Z,2026-10-07T09:39:12.281Z,st_banda-de-musica.json
ChIJqZcWTcspQg0RR1vWpmSH5ZM,Músicaparaeventos,PERFORMING,CULTURAL_ASSOCIATION;BAND,asociación musical;banda de música,"C. de la Isla de Arosa, 29, 3f, Fuencarral-El Pardo, 28035 Madrid","Músicaparaeventos, C. de la Isla de Arosa, 29, 3f, Fuencarral-El Pardo, 28035 Madrid","C. de la Isla de Arosa, 29, 3f",Fuencarral-El Pardo,Madrid,28035,Madrid,ES,40.4805831,-3.7164834,+34656826223,https://musicaparaeventos.net,musicaparaeventos.net,https://www.google.com/maps/place/data=!3m1!4b1!4m2!3m1!1s0xd4229cb4d1697a9:0x93e58764a6d65b47,5,5,OPEN,True,Grupo de artes escénicas,Grupo de artes escénicas,performing_arts_group;art;association_or_organization;culture;education_and_culture;entertainment;entertainment_and_recreation;establishment;establishment_poi;feature;music;music_store;musician;performing_arts;potentially_sensitive_entity;public_api_establishment;shopping;store,21,Abierto 24 horas,APIFY_GOOGLE_MAPS_SCRAPER,0xd4229cb4d1697a9:0x93e58764a6d65b47,0xd4229cb4d1697a9:0x93e58764a6d65b47,10657072959607692103,2026-10-06T23:08:44.674Z,2026-10-07T09:39:33.382Z,st_asociacion-musical.json;st_banda-de-musica.json
ChIJE1cA9mAoQg0RjasnnHJ_GqY,Orquesta Iuventas,PERFORMING,ORCHESTRA,orquesta,"Calle de Rodríguez San Pedro, 2, Chamberí, 28015 Madrid","Orquesta Iuventas, Calle de Rodríguez San Pedro, 2, Chamberí, 28015 Madrid","Calle de Rodríguez San Pedro, 2",Chamberí,Madrid,28015,Madrid,ES,40.4316339,-3.7055624999999996,+34722612772,,,https://www.google.com/maps/place/data=!3m1!4b1!4m2!3m1!1s0xd422860f6005713:0xa61a7f729c27ab8d,5,5,OPEN,False,Orquesta,Orquesta,orchestra;art;entertainment;entertainment_and_recreation;establishment;establishment_poi;feature;music;performing_arts;public_api_establishment,9,,APIFY_GOOGLE_MAPS_SCRAPER,0xd422860f6005713:0xa61a7f729c27ab8d,0xd422860f6005713:0xa61a7f729c27ab8d,11969019089913359245,2026-10-06T23:08:34.431Z,2026-10-07T09:39:18.134Z,st_orquesta.json
ChIJs24JgkApQg0ReUOCWOsBJhk,Órgano de la Sala Sinfónica,PERFORMING,ORCHESTRA,orquesta,"Calle del Príncipe de Vergara, 146, Chamartín, 28002 Madrid","Órgano de la Sala Sinfónica, Calle del Príncipe de Vergara, 146, Chamartín, 28002 Madrid","Calle del Príncipe de Vergara, 146",Chamartín,Madrid,28002,Madrid,ES,40.4459662,-3.6776947,,http://esculturayarte.com/052938/Sala-Sinfonica-El-Organo-en-Auditorio-Nacional.html#.X44KR2QhWyU,esculturayarte.com,https://www.google.com/maps/place/data=!3m1!4b1!4m2!3m1!1s0xd42294082096eb3:0x192601eb58824379,5,5,OPEN,False,Atracción turística,Atracción turística,tourist_attraction;attraction;entertainment_and_recreation;establishment;establishment_poi;feature;places_of_interest;public_api_establishment;tourism;travel;vacances,9,,APIFY_GOOGLE_MAPS_SCRAPER,0xd42294082096eb3:0x192601eb58824379,0xd42294082096eb3:0x192601eb58824379,1812138010377077625,2026-10-06T23:08:34.431Z,2026-10-07T09:39:18.134Z,st_orquesta.json
ChIJl-nSUIQoQg0Rz-lkHvPJVjo,Orquesta Sinfónica Madrid,PERFORMING,ORCHESTRA,orquesta,"C. del Barquillo, 8, Centro, 28004 Madrid","Orquesta Sinfónica Madrid, C. del Barquillo, 8, Centro, 28004 Madrid","C. del Barquillo, 8",Centro,Madrid,28004,Madrid,ES,40.4202424,-3.6955636999999997,+34915321503,https://osm.es,osm.es,https://www.google.com/maps/place/data=!3m1!4b1!4m2!3m1!1s0xd42288450d2e997:0x3a56c9f31e64e9cf,5,4,OPEN,False,location,,music_management_and_promotion;art;establishment;establishment_poi;feature;music;performing_arts;professional_services;public_api_establishment;services,1,Cerrado · Apertura: 10:00,APIFY_GOOGLE_MAPS_SCRAPER,0xd42288450d2e997:0x3a56c9f31e64e9cf,0xd42288450d2e997:0x3a56c9f31e64e9cf,4203769348221102543,2026-10-06T23:08:34.431Z,2026-10-07T09:39:18.134Z,st_orquesta.json
ChIJcyuecr0QISURzQxun1Tk4to,PARRANDA VALLENATA EN MADRID | FRONTERA VALLENATA,PERFORMING,BAND,banda de música,"Gran Vía, Centro, Centro, 28004 Madrid","PARRANDA VALLENATA EN MADRID | FRONTERA VALLENATA, Gran Vía, Centro, Centro, 28004 Madrid","Gran Vía, Centro",Centro,Madrid,28004,Madrid,ES,40.419976999999996,-3.7019416,+34664441710,https://fronteravallenata.com,fronteravallenata.com,https://www.google.com/maps/place/data=!3m1!4b1!4m2!3m1!1s0x252110bd729e2b73:0xdae2e4549f6e0ccd,5,4,OPEN,True,Band,Band;Entertainer;Party planner,band;art;ceremonial_occasions;entertainer;entertainment;entertainment_and_recreation;establishment;establishment_poi;feature;music;party;party_planner;performing_arts;professional_services;public_api_establishment;services;weddings,3,Open 24 hours,APIFY_GOOGLE_MAPS_SCRAPER,0x252110bd729e2b73:0xdae2e4549f6e0ccd,0x252110bd729e2b73:0xdae2e4549f6e0ccd,15772419897108073677,2026-10-05T22:42:29.674Z,2026-10-05T22:42:29.674Z,st_banda-de-musica.json
ChIJbVUBeowoQg0R7RCcpGLLva0,The Sweetrockers,PERFORMING,BAND,banda de música,"Calle de Covarrubias, 24, Chamberí, 28010 Madrid","The Sweetrockers, Calle de Covarrubias, 24, Chamberí, 28010 Madrid","Calle de Covarrubias, 24",Chamberí,Madrid,28010,Madrid,ES,40.4302534,-3.6974899,+34644564291,https://www.thesweetrockers.com,thesweetrockers.com,https://www.google.com/maps/place/data=!3m1!4b1!4m2!3m1!1s0xd42288c7a01556d:0xadbdcb62a49c10ed,5,4,OPEN,True,Band,Band,band;art;entertainment;entertainment_and_recreation;establishment;establishment_poi;feature;music;performing_arts;public_api_establishment,10,Open 24 hours,APIFY_GOOGLE_MAPS_SCRAPER,0xd42288c7a01556d:0xadbdcb62a49c10ed,0xd42288c7a01556d:0xadbdcb62a49c10ed,12519386163688771821,2026-10-05T22:42:29.674Z,2026-10-07T09:39:12.281Z,st_banda-de-musica.json
ChIJkYNcsuMpQg0RFw3aClL5Tzs,Coro A Capella de Madrid,PERFORMING,CHOIR,coro,"C. de San Germán, 26, Tetuán, 28020 Madrid","Coro A Capella de Madrid, C. de San Germán, 26, Tetuán, 28020 Madrid","C. de San Germán, 26",Tetuán,Madrid,28020,Madrid,ES,40.4565704,-3.6949843999999996,+34644961799,http://coroacapella.es,coroacapella.es,https://www.google.com/maps/place/data=!3m1!4b1!4m2!3m1!1s0xd4229e3b25c8391:0x3b4ff9520ada0d17,5,3,OPEN,True,Coro,Coro,choir;art;culture;education_and_culture;establishment;establishment_poi;feature;music;performing_arts;public_api_establishment,6,Cerrado · Apertura: 17:00 (dom),APIFY_GOOGLE_MAPS_SCRAPER,0xd4229e3b25c8391:0x3b4ff9520ada0d17,0xd4229e3b25c8391:0x3b4ff9520ada0d17,4273908702162586903,2026-10-06T23:08:38.331Z,2026-10-07T09:39:23.600Z,st_coro.json
ChIJa4HOFN4oQg0RNv9GmM9x70E,Fundación San Patricio Big Band,PERFORMING,BAND;CULTURAL_ASSOCIATION,banda de música;asociación musical,"C. del Sil, 23, Chamartín, 28002 Madrid","Fundación San Patricio Big Band, C. del Sil, 23, Chamartín, 28002 Madrid","C. del Sil, 23",Chamartín,Madrid,28002,Madrid,ES,40.4502661,-3.6813989,+34610459506,https://spbigband.com,spbigband.com,https://www.google.com/maps/place/data=!3m1!4b1!4m2!3m1!1s0xd4228de14ce816b:0x41ef71cf9846ff36,5,3,OPEN,False,Band,Band;Foundation,band;art;association_or_organization;entertainment;entertainment_and_recreation;establishment;establishment_poi;feature;foundation;music;performing_arts;potentially_sensitive_entity;public_api_establishment,1,,APIFY_GOOGLE_MAPS_SCRAPER,0xd4228de14ce816b:0x41ef71cf9846ff36,0xd4228de14ce816b:0x41ef71cf9846ff36,4751141268326121270,2026-10-05T22:42:29.674Z,2026-10-07T09:39:33.383Z,st_banda-de-musica.json;st_asociacion-musical.json
ChIJ84UMMRQnQg0RWZOIBsMmoy8,Meraki Coro,PERFORMING,CHOIR,coro,"Calle de las Peñuelas, 11, Arganzuela, 28005 Madrid","Meraki Coro, Calle de las Peñuelas, 11, Arganzuela, 28005 Madrid","Calle de las Peñuelas, 11",Arganzuela,Madrid,28005,Madrid,ES,40.4006239,-3.7032542,+34915173971,,,https://www.google.com/maps/place/data=!3m1!4b1!4m2!3m1!1s0xd422714310c85f3:0x2fa326c306889359,5,3,OPEN,False,Coro,Coro,choir;art;culture;education_and_culture;establishment;establishment_poi;feature;music;performing_arts;public_api_establishment,3,Cerrado · Apertura: 20:00,APIFY_GOOGLE_MAPS_SCRAPER,0xd422714310c85f3:0x2fa326c306889359,0xd422714310c85f3:0x2fa326c306889359,3432629960056542041,2026-10-06T23:08:38.331Z,2026-10-07T09:39:23.600Z,st_coro.json
ChIJuS4EFGcoQg0Rmy9D7VVogio,Orquesta Media — Agencia Digital,PERFORMING,ORCHESTRA,orquesta,"Calle de Fuencarral, 160, Entreplanta - Oficina 8, Chamberí, 28010 Madrid","Orquesta Media — Agencia Digital, Calle de Fuencarral, 160, Entreplanta - Oficina 8, Chamberí, 28010 Madrid","Calle de Fuencarral, 160, Entreplanta - Oficina 8",Chamberí,Madrid,28010,Madrid,ES,40.4332327,-3.7040121999999998,+34689146070,http://www.orquestamedia.com,orquestamedia.com,https://www.google.com/maps/place/data=!3m1!4b1!4m2!3m1!1s0xd42286714042eb9:0x2a826855ed432f9b,5,3,OPEN,True,Agencia de marketing,Agencia de marketing,marketing_agency;advertising;business_related;business_service;company;establishment;establishment_poi;feature;marketing;media;professional_services;public_api_establishment;services;services_companies,2,Cerrado · Apertura: 9:00,APIFY_GOOGLE_MAPS_SCRAPER,0xd42286714042eb9:0x2a826855ed432f9b,0xd42286714042eb9:0x2a826855ed432f9b,3063125414827470747,2026-10-06T23:08:34.431Z,2026-10-07T09:39:18.134Z,st_orquesta.json
ChIJY-BwHXIpQg0RCG-atj8uv54,Singerhood S.L.,PERFORMING,CHOIR,coro,"C. de Agustín de Foxá, 22, 1º C, Chamartín, 28036 Madrid","Singerhood S.L., C. de Agustín de Foxá, 22, 1º C, Chamartín, 28036 Madrid","C. de Agustín de Foxá, 22, 1º C",Chamartín,Madrid,28036,Madrid,ES,40.4693593,-3.6860092,+34644770794,https://singerhood.com,singerhood.com,https://www.google.com/maps/place/data=!3m1!4b1!4m2!3m1!1s0xd4229721d70e063:0x9ebf2e3fb69a6f08,5,3,OPEN,False,Empresa de software,Empresa de software,software_company;business_related;business_service;company;computer_service;computers;electronics;establishment;establishment_poi;feature;home_electronics;information_and_technology_services;public_api_establishment;services;services_companies,1,Abierto ahora,APIFY_GOOGLE_MAPS_SCRAPER,0xd4229721d70e063:0x9ebf2e3fb69a6f08,0xd4229721d70e063:0x9ebf2e3fb69a6f08,11438912429725740808,2026-10-06T23:08:38.332Z,2026-10-07T09:39:23.600Z,st_coro.json
ChIJC_x_BzgnQg0R4ZaAcMzrth8,Agrupación Arcipreste de Hita,PERFORMING,CULTURAL_ASSOCIATION,asociación musical,"C. de Canarias, 39, semisótano, Arganzuela, 28045 Madrid","Agrupación Arcipreste de Hita, C. de Canarias, 39, semisótano, Arganzuela, 28045 Madrid","C. de Canarias, 39, semisótano",Arganzuela,Madrid,28045,Madrid,ES,40.401928,-3.6912632,+34623278007,https://agrupacionarciprestedehita.es,agrupacionarciprestedehita.es,https://www.google.com/maps/place/data=!3m1!4b1!4m2!3m1!1s0xd422738077ffc0b:0x1fb6ebcc708096e1,5,2,OPEN,True,Banda de música,Banda de música,band;art;entertainment;entertainment_and_recreation;establishment;establishment_poi;feature;music;performing_arts;public_api_establishment,8,Cerrado · Apertura: 9:30,APIFY_GOOGLE_MAPS_SCRAPER,0xd422738077ffc0b:0x1fb6ebcc708096e1,0xd422738077ffc0b:0x1fb6ebcc708096e1,2285273124230436577,2026-10-06T23:08:44.675Z,2026-10-07T09:39:33.383Z,st_asociacion-musical.json
ChIJb_N2fJopQg0RR2nhd-i3pW8,Buho Management,PERFORMING,ORCHESTRA,orquesta,"C. de Santiago de Compostela, 60, Fuencarral-El Pardo, 28034 Madrid","Buho Management, C. de Santiago de Compostela, 60, Fuencarral-El Pardo, 28034 Madrid","C. de Santiago de Compostela, 60",Fuencarral-El Pardo,Madrid,28034,Madrid,ES,40.4814685,-3.7127705,+34648101757,https://www.buhomanagement.com,buhomanagement.com,https://www.google.com/maps/place/data=!3m1!4b1!4m2!3m1!1s0xd42299a7c76f36f:0x6fa5b7e877e16947,5,2,OPEN,True,location,,music_management_and_promotion;art;establishment;establishment_poi;feature;music;performing_arts;professional_services;public_api_establishment;services,1,Cerrado · Apertura: 9:00,APIFY_GOOGLE_MAPS_SCRAPER,0xd42299a7c76f36f:0x6fa5b7e877e16947,0xd42299a7c76f36f:0x6fa5b7e877e16947,8045038518438816071,2026-10-06T23:08:34.431Z,2026-10-07T09:39:18.134Z,st_orquesta.json
ChIJ2ROefAAnQg0RCLMEf0PGJnk,Coro Evangélico Unido de Madrid,PERFORMING,CHOIR,coro,"Calle del Gral. Lacy, 18, Arganzuela, 28045 Madrid","Coro Evangélico Unido de Madrid, Calle del Gral. Lacy, 18, Arganzuela, 28045 Madrid","Calle del Gral. Lacy, 18",Arganzuela,Madrid,28045,Madrid,ES,40.403597,-3.6909169,+34649763607,http://facebook.com/corounidomadrid,facebook.com,https://www.google.com/maps/place/data=!3m1!4b1!4m2!3m1!1s0xd4227007c9e13d9:0x7926c6437f04b308,5,2,OPEN,False,Coro,Coro,choir;art;culture;education_and_culture;establishment;establishment_poi;feature;music;performing_arts;public_api_establishment,2,Cerrado · Apertura: 19:00 (lun),APIFY_GOOGLE_MAPS_SCRAPER,0xd4227007c9e13d9:0x7926c6437f04b308,0xd4227007c9e13d9:0x7926c6437f04b308,8729882920900408072,2026-10-06T23:08:38.332Z,2026-10-07T09:39:23.600Z,st_coro.json
ChIJx_aw1CIpQg0R0H9eJo4gh_I,Fundación operística de Navarra,PERFORMING,CULTURAL_ASSOCIATION,asociación musical,"Calle de Covarrubias, 25, Chamberí, 28010 Madrid","Fundación operística de Navarra, Calle de Covarrubias, 25, Chamberí, 28010 Madrid","Calle de Covarrubias, 25",Chamberí,Madrid,28010,Madrid,ES,40.4306104,-3.698012,,https://es-es.facebook.com/fundacionoperisticadenavarra,facebook.com,https://www.google.com/maps/place/data=!3m1!4b1!4m2!3m1!1s0xd422922d4b0f6c7:0xf287208e265e7fd0,5,2,OPEN,False,Club musical,Club musical,musical_club;art;association_or_organization;establishment;establishment_poi;feature;music;performing_arts;potentially_sensitive_entity;public_api_establishment,5,,APIFY_GOOGLE_MAPS_SCRAPER,0xd422922d4b0f6c7:0xf287208e265e7fd0,0xd422922d4b0f6c7:0xf287208e265e7fd0,17475972673935671248,2026-10-06T23:08:44.675Z,2026-10-07T09:39:33.383Z,st_asociacion-musical.json
ChIJVVUF2McoQg0RwMh8eI4n9Po,OJEM,PERFORMING,ORCHESTRA,orquesta,"C. de Alonso Heredia, 21, Salamanca, 28028 Madrid","OJEM, C. de Alonso Heredia, 21, Salamanca, 28028 Madrid","C. de Alonso Heredia, 21",Salamanca,Madrid,28028,Madrid,ES,40.4360761,-3.6725044999999996,,http://ojem.es,ojem.es,https://www.google.com/maps/place/data=!3m1!4b1!4m2!3m1!1s0xd4228c7d8055555:0xfaf4278e787cc8c0,5,2,OPEN,False,Oficinas de empresa,Oficinas de empresa,corporate_office;business_related;establishment;establishment_poi;feature;public_api_establishment,1,,APIFY_GOOGLE_MAPS_SCRAPER,0xd4228c7d8055555:0xfaf4278e787cc8c0,0xd4228c7d8055555:0xfaf4278e787cc8c0,18083121896659667136,2026-10-06T23:08:34.431Z,2026-10-07T09:39:18.134Z,st_orquesta.json
ChIJVVVp3pQoQg0Ru1W2IFGdYWY,coro de la apm,PERFORMING,CHOIR,coro,"Calle de Juan Bravo, 6, Salamanca, 28006 Madrid","coro de la apm, Calle de Juan Bravo, 6, Salamanca, 28006 Madrid","Calle de Juan Bravo, 6",Salamanca,Madrid,28006,Madrid,ES,40.432685,-3.6854530999999997,+34915850010,http://www.corodelaapm.es/tal-como-somos,corodelaapm.es,https://www.google.com/maps/place/data=!3m1!4b1!4m2!3m1!1s0xd422894de695555:0x66619d5120b655bb,5,2,OPEN,False,Coro,Coro,choir;art;culture;education_and_culture;establishment;establishment_poi;feature;music;performing_arts;public_api_establishment,1,,APIFY_GOOGLE_MAPS_SCRAPER,0xd422894de695555:0x66619d5120b655bb,0xd422894de695555:0x66619d5120b655bb,7377350636376315323,2026-10-06T23:08:38.331Z,2026-10-07T09:39:23.600Z,st_coro.json
ChIJxzkl58qHQQ0Ru8iaSdotiYI,Aedom,PERFORMING,CULTURAL_ASSOCIATION,asociación musical,"Calle de José Abascal, Chamberí, 28003 Madrid","Aedom, Calle de José Abascal, Chamberí, 28003 Madrid",Calle de José Abascal,Chamberí,Madrid,,Madrid,ES,40.438357599999996,-3.6975878,+34676375817,http://www.aedom.org,aedom.org,https://www.google.com/maps/place/data=!3m1!4b1!4m2!3m1!1s0xd4187cae72539c7:0x82892dda499ac8bb,5,1,OPEN,True,Asociación profesional,Asociación profesional,professional_association;association_or_organization;establishment;establishment_poi;feature;potentially_sensitive_entity;public_api_establishment,1,Abierto 24 horas,APIFY_GOOGLE_MAPS_SCRAPER,0xd4187cae72539c7:0x82892dda499ac8bb,0xd4187cae72539c7:0x82892dda499ac8bb,9406099712300992699,2026-10-06T23:08:44.675Z,2026-10-07T09:39:33.383Z,st_asociacion-musical.json
ChIJM4tTzn8oQg0RDweyAbJl8R4,Ars Anima Música,PERFORMING,BAND,banda de música,"C. de Carretas, 14, Centro, 28012 Madrid","Ars Anima Música, C. de Carretas, 14, Centro, 28012 Madrid","C. de Carretas, 14",Centro,Madrid,28012,Madrid,ES,40.414907899999996,-3.7036783,+34649039885,http://www.arsanimamusica.com,arsanimamusica.com,https://www.google.com/maps/place/data=!3m1!4b1!4m2!3m1!1s0xd42287fce538b33:0x1ef165b201b2070f,5,1,OPEN,True,Banda de música,Banda de música,band;art;entertainment;entertainment_and_recreation;establishment;establishment_poi;feature;music;performing_arts;public_api_establishment,8,,APIFY_GOOGLE_MAPS_SCRAPER,0xd42287fce538b33:0x1ef165b201b2070f,0xd42287fce538b33:0x1ef165b201b2070f,2229675105732134671,2026-10-07T09:39:12.281Z,2026-10-07T09:39:12.281Z,st_banda-de-musica.json
ChIJDyohh_IoQg0RSYyMKAiQdYc,Asociación Sonor Ensemble,PERFORMING,ENSEMBLE,ensemble,"Calle de Zurbano, 59, Chamberí, 28010 Madrid","Asociación Sonor Ensemble, Calle de Zurbano, 59, Chamberí, 28010 Madrid","Calle de Zurbano, 59",Chamberí,Madrid,28010,Madrid,ES,40.4359773,-3.6931724,+34913082763,https://www.sonorensemble.com,sonorensemble.com,https://www.google.com/maps/place/data=!3m1!4b1!4m2!3m1!1s0xd4228f287212a0f:0x87759008288c8c49,5,1,OPEN,False,Editorial,Editorial,publisher;b_to_b_companies;books;company;establishment;establishment_poi;feature;media;printing_industry;public_api_establishment,1,Abierto ahora,APIFY_GOOGLE_MAPS_SCRAPER,0xd4228f287212a0f:0x87759008288c8c49,0xd4228f287212a0f:0x87759008288c8c49,9760866132109855817,2026-10-06T23:08:41.014Z,2026-10-07T09:39:27.463Z,st_ensemble.json
ChIJy0Hh83ooQg0RU0Ib3P-yYQg,Cadillac Music,PERFORMING,CULTURAL_ASSOCIATION,asociación musical,"Pl. de la Marina Española, 2, Centro, 28013 Madrid","Cadillac Music, Pl. de la Marina Española, 2, Centro, 28013 Madrid","Pl. de la Marina Española, 2",Centro,Madrid,28013,Madrid,ES,40.4206283,-3.7114784999999997,+34649890709,http://cadillacmusic.es,cadillacmusic.es,https://www.google.com/maps/place/data=!3m1!4b1!4m2!3m1!1s0xd42287af3e141cb:0x861b2ffdc1b4253,5,1,OPEN,False,Club musical,Club musical,musical_club;art;association_or_organization;establishment;establishment_poi;feature;music;performing_arts;potentially_sensitive_entity;public_api_establishment,1,,APIFY_GOOGLE_MAPS_SCRAPER,0xd42287af3e141cb:0x861b2ffdc1b4253,0xd42287af3e141cb:0x861b2ffdc1b4253,603960637023535699,2026-10-06T23:08:44.675Z,2026-10-07T09:39:33.383Z,st_asociacion-musical.json
ChIJdyt9YO0pQg0RIAI4r5803lo,Chirigota El Pellizco - Chirigota de Madrid,PERFORMING,BAND,banda de música,"C. de Ramón Gómez de la Serna, 139, Fuencarral-El Pardo, 28035 Madrid","Chirigota El Pellizco - Chirigota de Madrid, C. de Ramón Gómez de la Serna, 139, Fuencarral-El Pardo, 28035 Madrid","C. de Ramón Gómez de la Serna, 139",Fuencarral-El Pardo,Madrid,28035,Madrid,ES,40.4832015,-3.7253247,+34624213500,https://lacomparsarj.webcindario.com,webcindario.com,https://www.google.com/maps/place/data=!3m1!4b1!4m2!3m1!1s0xd4229ed607d2b77:0x5ade349faf380220,5,1,OPEN,True,Band,Band;Carnival club,band;art;association_or_organization;carnival_club;club;entertainment;entertainment_and_recreation;establishment;establishment_poi;feature;music;performing_arts;potentially_sensitive_entity;public_api_establishment,33,Closed · Opens 10 am,APIFY_GOOGLE_MAPS_SCRAPER,0xd4229ed607d2b77:0x5ade349faf380220,0xd4229ed607d2b77:0x5ade349faf380220,6547728768687407648,2026-10-05T22:42:29.674Z,2026-10-07T09:39:12.281Z,st_banda-de-musica.json
ChIJWxWJwBMnQg0RjA9IgekmRhA,Club Vinilo,PERFORMING,BAND,banda de música,"C. de Moratines, 15, Arganzuela, 28005 Madrid","Club Vinilo, C. de Moratines, 15, Arganzuela, 28005 Madrid","C. de Moratines, 15",Arganzuela,Madrid,28005,Madrid,ES,40.4028455,-3.7030597999999997,+34676011873,https://www.clubvinilo.es,clubvinilo.es,https://www.google.com/maps/place/data=!3m1!4b1!4m2!3m1!1s0xd422713c089155b:0x104626e981480f8c,5,1,OPEN,True,Band,Band,band;art;entertainment;entertainment_and_recreation;establishment;establishment_poi;feature;music;performing_arts;public_api_establishment,5,Open 24 hours,APIFY_GOOGLE_MAPS_SCRAPER,0xd422713c089155b:0x104626e981480f8c,0xd422713c089155b:0x104626e981480f8c,1172667537314811788,2026-10-05T22:42:29.674Z,2026-10-05T22:42:29.674Z,st_banda-de-musica.json
ChIJMymoWgAnQg0R7vW9xhIpgAY,Coro Abrantes - Alianza Coral Madrileña,PERFORMING,CHOIR,coro,"Av. de Abrantes, 111A, Carabanchel, 28025 Madrid","Coro Abrantes - Alianza Coral Madrileña, Av. de Abrantes, 111A, Carabanchel, 28025 Madrid","Av. de Abrantes, 111A",Carabanchel,Madrid,28025,Madrid,ES,40.3789144,-3.7304521,+34610452647,https://alianzacoral.org,alianzacoral.org,https://www.google.com/maps/place/data=!3m1!4b1!4m2!3m1!1s0xd4227005aa82933:0x6802912c6bdf5ee,5,1,OPEN,False,Coro,Coro,choir;art;culture;education_and_culture;establishment;establishment_poi;feature;music;performing_arts;public_api_establishment,4,Cerrado · Apertura: 19:00 (mar),APIFY_GOOGLE_MAPS_SCRAPER,0xd4227005aa82933:0x6802912c6bdf5ee,0xd4227005aa82933:0x6802912c6bdf5ee,468419521867019758,2026-10-06T23:08:38.331Z,2026-10-07T09:39:23.600Z,st_coro.json
ChIJ5V-7_bsoQg0Rpcx3gwnYd3c,Coro Madrid Afición Blanca,PERFORMING,CHOIR,coro,"Calle de Don Ramón de la Cruz, 67, Salamanca, 28001 Madrid","Coro Madrid Afición Blanca, Calle de Don Ramón de la Cruz, 67, Salamanca, 28001 Madrid","Calle de Don Ramón de la Cruz, 67",Salamanca,Madrid,28001,Madrid,ES,40.4288288,-3.6769836999999996,+34664340511,http://coroaficionblanca.com,coroaficionblanca.com,https://www.google.com/maps/place/data=!3m1!4b1!4m2!3m1!1s0xd4228bbfdbb5fe5:0x7777d8098377cca5,5,1,OPEN,True,Coro,Coro,choir;art;culture;education_and_culture;establishment;establishment_poi;feature;music;performing_arts;public_api_establishment,5,,APIFY_GOOGLE_MAPS_SCRAPER,0xd4228bbfdbb5fe5:0x7777d8098377cca5,0xd4228bbfdbb5fe5:0x7777d8098377cca5,8608586748113964197,2026-10-06T23:08:38.331Z,2026-10-07T09:39:23.600Z,st_coro.json
ChIJu2nDsU4oQg0RUBtGnqnTdDE,Coro de Cámara Ascende,PERFORMING,CHOIR,coro,"P.º de Juan XXIII, 9, Moncloa - Aravaca, 28040 Madrid","Coro de Cámara Ascende, P.º de Juan XXIII, 9, Moncloa - Aravaca, 28040 Madrid","P.º de Juan XXIII, 9",Moncloa - Aravaca,Madrid,28040,Madrid,ES,40.447538099999996,-3.7180803,,,,https://www.google.com/maps/place/data=!3m1!4b1!4m2!3m1!1s0xd42284eb1c369bb:0x3174d3a99e461b50,5,1,OPEN,True,Asociación u organización,Asociación u organización,association_or_organization;establishment;establishment_poi;feature;potentially_sensitive_entity;public_api_establishment,1,,APIFY_GOOGLE_MAPS_SCRAPER,0xd42284eb1c369bb:0x3174d3a99e461b50,0xd42284eb1c369bb:0x3174d3a99e461b50,3563705930615233360,2026-10-06T23:08:38.332Z,2026-10-07T09:39:23.600Z,st_coro.json
ChIJWwje4ygmQg0Rpd3a0UGttsw,Coro del Colegio de Médicos de Madrid,PERFORMING,CHOIR,coro,"C. de Sta. Isabel, 51, Centro, 28012 Madrid","Coro del Colegio de Médicos de Madrid, C. de Sta. Isabel, 51, Centro, 28012 Madrid","C. de Sta. Isabel, 51",Centro,Madrid,28012,Madrid,ES,40.4096579,-3.6950547,+34618574390,,,https://www.google.com/maps/place/data=!3m1!4b1!4m2!3m1!1s0xd422628e3de085b:0xccb6ad41d1dadda5,5,1,OPEN,False,Coro,Coro,choir;art;culture;education_and_culture;establishment;establishment_poi;feature;music;performing_arts;public_api_establishment,1,Cerrado · Apertura: 19:30 (jue),APIFY_GOOGLE_MAPS_SCRAPER,0xd422628e3de085b:0xccb6ad41d1dadda5,0xd422628e3de085b:0xccb6ad41d1dadda5,14751168127703899557,2026-10-06T23:08:38.331Z,2026-10-07T09:39:23.600Z,st_coro.json
ChIJpyYT0NYpQg0R-h7aiIyc9us,Coromoto AD,PERFORMING,CHOIR,coro,"C. de Enrique Larreta, 10, Chamartín, 28036 Madrid","Coromoto AD, C. de Enrique Larreta, 10, Chamartín, 28036 Madrid","C. de Enrique Larreta, 10",Chamartín,Madrid,28036,Madrid,ES,40.4676231,-3.686474,,http://www.coromotoad.com,coromotoad.com,https://www.google.com/maps/place/data=!3m1!4b1!4m2!3m1!1s0xd4229d6d01326a7:0xebf69c8c88da1efa,5,1,OPEN,True,Interiorista,Interiorista;Asesor;Oficina de arquitectura de interiores,interior_designer;architecture_and_design_companies;business_related;business_service;company;construction;consultant;contractor;craft;decoration;establishment;establishment_poi;feature;general_contractor;homes;interior;interior_architect_office;interior_decoration;professional_services;public_api_establishment;repairs;services,1,Cerrado · Apertura: 9:30,APIFY_GOOGLE_MAPS_SCRAPER,0xd4229d6d01326a7:0xebf69c8c88da1efa,0xd4229d6d01326a7:0xebf69c8c88da1efa,17002949570589236986,2026-10-06T23:08:38.331Z,2026-10-07T09:39:23.600Z,st_coro.json
ChIJb5zrKaMoQg0RPTtSeCWVfNE,FUNDACIÓN MÚSICA MAESTRO,PERFORMING,CULTURAL_ASSOCIATION;ORCHESTRA,asociación musical;orquesta,"Calle de José Abascal, 58, Chamberí, 28003 Madrid","FUNDACIÓN MÚSICA MAESTRO, Calle de José Abascal, 58, Chamberí, 28003 Madrid","Calle de José Abascal, 58",Chamberí,Madrid,28003,Madrid,ES,40.4378963,-3.6917603999999997,+34687823362,http://fundacionmusicamaestro.com,fundacionmusicamaestro.com,https://www.google.com/maps/place/data=!3m1!4b1!4m2!3m1!1s0xd4228a329eb9c6f:0xd17c952578523b3d,5,1,OPEN,True,Asociación u organización,Asociación u organización,association_or_organization;establishment;establishment_poi;feature;potentially_sensitive_entity;public_api_establishment,12,Cerrado · Apertura: 10:00 (jue),APIFY_GOOGLE_MAPS_SCRAPER,0xd4228a329eb9c6f:0xd17c952578523b3d,0xd4228a329eb9c6f:0xd17c952578523b3d,15095104039204043581,2026-10-06T23:08:44.675Z,2026-10-07T09:39:33.382Z,st_asociacion-musical.json;st_orquesta.json
ChIJh7SiR8cpQg0R-dDcTQFiRw8,Francesco Ercolani Arts,PERFORMING,CHOIR,coro,"Pl. Castilla, 1, Tetuán, 28036 Madrid","Francesco Ercolani Arts, Pl. Castilla, 1, Tetuán, 28036 Madrid","Pl. Castilla, 1",Tetuán,Madrid,28036,Madrid,ES,40.464824899999996,-3.6901509999999997,+34747431479,http://www.francescoercolani.com,francescoercolani.com,https://www.google.com/maps/place/data=!3m1!4b1!4m2!3m1!1s0xd4229c747a2b487:0xf4762014ddcd0f9,5,1,OPEN,True,location,,music_management_and_promotion;art;establishment;establishment_poi;feature;music;performing_arts;professional_services;public_api_establishment;services,2,,APIFY_GOOGLE_MAPS_SCRAPER,0xd4229c747a2b487:0xf4762014ddcd0f9,0xd4229c747a2b487:0xf4762014ddcd0f9,1100956391656182009,2026-10-06T23:08:38.331Z,2026-10-07T09:39:23.600Z,st_coro.json
ChIJCQAslvrfS0kRH6dfm9x8JH0,Jesse James Música,PERFORMING,BAND,banda de música,"C. de Antonio Sancha, Barajas, 28042 Madrid","Jesse James Música, C. de Antonio Sancha, Barajas, 28042 Madrid",C. de Antonio Sancha,Barajas,Madrid,28042,Madrid,ES,40.4599384,-3.5905161,+34691712745,,,https://www.google.com/maps/place/data=!3m1!4b1!4m2!3m1!1s0x494bdffa962c0009:0x7d247cdc9b5fa71f,5,1,OPEN,True,Banda de música,Banda de música,band;art;entertainment;entertainment_and_recreation;establishment;establishment_poi;feature;music;performing_arts;public_api_establishment,6,,APIFY_GOOGLE_MAPS_SCRAPER,0x494bdffa962c0009:0x7d247cdc9b5fa71f,0x494bdffa962c0009:0x7d247cdc9b5fa71f,9017469640843962143,2026-10-07T09:39:12.281Z,2026-10-07T09:39:12.281Z,st_banda-de-musica.json
ChIJbczLUeCipBIRCWgAgYRra88,Juventudes Musicales de España,PERFORMING,CULTURAL_ASSOCIATION,asociación musical,"C. de Abdón Terradas, 3, Chamberí, 28015 Madrid","Juventudes Musicales de España, C. de Abdón Terradas, 3, Chamberí, 28015 Madrid","C. de Abdón Terradas, 3",Chamberí,Madrid,28015,Madrid,ES,40.4347128,-3.7119928,+34910533131,http://www.jmspain.org,jmspain.org,https://www.google.com/maps/place/data=!3m1!4b1!4m2!3m1!1s0x12a4a2e051cbcc6d:0xcf6b6b8481006809,5,1,OPEN,True,Asociación sociocultural,Asociación sociocultural,cultural_association;association_or_organization;education_and_culture;establishment;establishment_poi;feature;potentially_sensitive_entity;public_api_establishment,5,Cerrado · Apertura: 9:00,APIFY_GOOGLE_MAPS_SCRAPER,0x12a4a2e051cbcc6d:0xcf6b6b8481006809,0x12a4a2e051cbcc6d:0xcf6b6b8481006809,14946158005203265545,2026-10-06T23:08:44.675Z,2026-10-07T09:39:33.383Z,st_asociacion-musical.json
ChIJCcMomIooQg0R6z2jGgTyIUc,Lamascaradeorfeo,PERFORMING,ORCHESTRA,orquesta,"DOVE VIANA, C. de Olid, nº3, Chamberí, 28010 Madrid","Lamascaradeorfeo, DOVE VIANA, C. de Olid, nº3, Chamberí, 28010 Madrid","DOVE VIANA, C. de Olid, nº3",Chamberí,Madrid,28010,Madrid,ES,40.4318151,-3.7022565,,http://lamascaradeorfeo.com,lamascaradeorfeo.com,https://www.google.com/maps/place/data=!3m1!4b1!4m2!3m1!1s0xd42288a9828c309:0x4721f2041aa33deb,5,1,OPEN,False,Agencia de espectáculos,Agencia de espectáculos,entertainment_agency;entertainment;entertainment_and_recreation;establishment;establishment_poi;feature;professional_services;public_api_establishment;services;talent_agency,1,,APIFY_GOOGLE_MAPS_SCRAPER,0xd42288a9828c309:0x4721f2041aa33deb,0xd42288a9828c309:0x4721f2041aa33deb,5125643950365031915,2026-10-06T23:08:34.431Z,2026-10-06T23:08:34.431Z,st_orquesta.json
ChIJhahZZsYnQg0RKeCtX-dkmKY,Orquesta los Ibarra voces latinas,PERFORMING,ORCHESTRA,orquesta,"C. Castro de Oro, 12, Carabanchel, 28019 Madrid","Orquesta los Ibarra voces latinas, C. Castro de Oro, 12, Carabanchel, 28019 Madrid","C. Castro de Oro, 12",Carabanchel,Madrid,28019,Madrid,ES,40.3889484,-3.7295262,+34641464196,,,https://www.google.com/maps/place/data=!3m1!4b1!4m2!3m1!1s0xd4227c66659a885:0xa69864e75fade029,5,1,OPEN,True,Orquesta,Orquesta,orchestra;art;entertainment;entertainment_and_recreation;establishment;establishment_poi;feature;music;performing_arts;public_api_establishment,3,,APIFY_GOOGLE_MAPS_SCRAPER,0xd4227c66659a885:0xa69864e75fade029,0xd4227c66659a885:0xa69864e75fade029,12004455751661510697,2026-10-06T23:08:34.431Z,2026-10-07T09:39:18.134Z,st_orquesta.json
ChIJC3JOOMkrQg0RwWwOabj2trg,"Orquesta, Coro y Escolania JOCSMAB",PERFORMING,ORCHESTRA,orquesta,"C. del Monasterio de Oseira, 17, Fuencarral-El Pardo, 28049 Madrid","Orquesta, Coro y Escolania JOCSMAB, C. del Monasterio de Oseira, 17, Fuencarral-El Pardo, 28049 Madrid","C. del Monasterio de Oseira, 17",Fuencarral-El Pardo,Madrid,28049,Madrid,ES,40.5112355,-3.6969124,,http://www.jocsmab.com,jocsmab.com,https://www.google.com/maps/place/data=!3m1!4b1!4m2!3m1!1s0xd422bc9384e720b:0xb8b6f6b8690e6cc1,5,1,OPEN,True,Grupo de artes escénicas,Grupo de artes escénicas,performing_arts_group;art;association_or_organization;culture;education_and_culture;entertainment;entertainment_and_recreation;establishment;establishment_poi;feature;performing_arts;potentially_sensitive_entity;public_api_establishment,2,Cerrado · Apertura: 8:30,APIFY_GOOGLE_MAPS_SCRAPER,0xd422bc9384e720b:0xb8b6f6b8690e6cc1,0xd422bc9384e720b:0xb8b6f6b8690e6cc1,13310097020637048001,2026-10-06T23:08:34.431Z,2026-10-07T09:39:18.134Z,st_orquesta.json
ChIJAbtJTAApQg0RPz9oOxJksfU,Sede Banda Municipal de Música de Madrid,PERFORMING,BAND,banda de música,"Avenida Principal, 11, Moncloa - Aravaca, 28011 Madrid","Sede Banda Municipal de Música de Madrid, Avenida Principal, 11, Moncloa - Aravaca, 28011 Madrid","Avenida Principal, 11",Moncloa - Aravaca,Madrid,28011,Madrid,ES,40.4136372,-3.7410848,,,,https://www.google.com/maps/place/data=!3m1!4b1!4m2!3m1!1s0xd4229004c49bb01:0xf5b164123b683f3f,5,1,OPEN,False,Auditorium,Auditorium,auditorium;establishment;establishment_poi;event_venue;feature;public_api_establishment,2,,APIFY_GOOGLE_MAPS_SCRAPER,0xd4229004c49bb01:0xf5b164123b683f3f,0xd4229004c49bb01:0xf5b164123b683f3f,17704041639639007039,2026-10-05T22:42:29.673Z,2026-10-07T09:39:12.281Z,st_banda-de-musica.json
ChIJ8zBuMf0nQg0R0rWIPYi9DgA,Grupo de Teatro Amorevo,PERFORMING,CULTURAL_ASSOCIATION,asociación musical,"C. de Cabello Lapiedra, 4, Latina, 28011 Madrid","Grupo de Teatro Amorevo, C. de Cabello Lapiedra, 4, Latina, 28011 Madrid","C. de Cabello Lapiedra, 4",Latina,Madrid,28011,Madrid,ES,40.4103353,-3.733698,,https://www.amorevo.net,amorevo.net,https://www.google.com/maps/place/data=!3m1!4b1!4m2!3m1!1s0xd4227fd316e30f3:0xebd883d88b5d2,4.9,148,OPEN,True,Compañía de teatro,Compañía de teatro;Centro juvenil,theater_company;art;association_or_organization;attraction;care_services;company;culture;education;education_and_culture;education_and_training_institute;entertainment;entertainment_and_recreation;establishment;establishment_poi;feature;government;government_office;media;performing_arts;potentially_sensitive_entity;professional_services;public_api_establishment;recreation;services;vacances;youth_center,76,Cerrado · Apertura: 18:00 (sáb),APIFY_GOOGLE_MAPS_SCRAPER,0xd4227fd316e30f3:0xebd883d88b5d2,0xd4227fd316e30f3:0xebd883d88b5d2,4149042519520722,2026-10-06T23:08:44.675Z,2026-10-07T09:39:33.383Z,st_asociacion-musical.json
ChIJG73dAwCpfG8RFIHSyMDZz0M,Mariachi Rincón,PERFORMING,BAND,banda de música,"Av. de Oporto, S/N, s/n - Carabanchel, Carabanchel, 28019 Madrid","Mariachi Rincón, Av. de Oporto, S/N, s/n - Carabanchel, Carabanchel, 28019 Madrid","Av. de Oporto, S/N, s/n - Carabanchel",Carabanchel,Madrid,28019,Madrid,ES,40.3857503,-3.725805,+34655844252,https://mariachirincon.com,mariachirincon.com,https://www.google.com/maps/place/data=!3m1!4b1!4m2!3m1!1s0x6f7ca90003ddbd1b:0x43cfd9c0c8d28114,4.9,137,OPEN,True,Band,Band;Entertainer,band;art;entertainer;entertainment;entertainment_and_recreation;establishment;establishment_poi;feature;music;performing_arts;professional_services;public_api_establishment;services,203,Open 24 hours,APIFY_GOOGLE_MAPS_SCRAPER,0x6f7ca90003ddbd1b:0x43cfd9c0c8d28114,0x6f7ca90003ddbd1b:0x43cfd9c0c8d28114,4886363542746464532,2026-10-05T22:42:29.674Z,2026-10-05T22:42:29.674Z,st_banda-de-musica.json
ChIJw_SIDSoyQg0RhNSfZAjVRZk,Coro Gospel Living Water,PERFORMING,CHOIR,coro,"M-113, Km. 0, 8, 28860 Madrid","Coro Gospel Living Water, M-113, Km. 0, 8, 28860 Madrid","M-113, Km. 0, 8",,Madrid,28860,Madrid,ES,40.5016116,-3.542058,+34629333921,http://www.gospellw.org,gospellw.org,https://www.google.com/maps/place/data=!3m1!4b1!4m2!3m1!1s0xd42322a0d88f4c3:0x9945d508649fd484,4.9,120,OPEN,False,Coro,Coro,choir;art;culture;education_and_culture;establishment;establishment_poi;feature;music;performing_arts;public_api_establishment,61,Cerrado · Apertura: 17:00 (sáb),APIFY_GOOGLE_MAPS_SCRAPER,0xd42322a0d88f4c3:0x9945d508649fd484,0xd42322a0d88f4c3:0x9945d508649fd484,11044467893220660356,2026-10-06T23:08:38.332Z,2026-10-07T09:39:23.600Z,st_coro.json
ChIJDxg15e0uQg0RW6KtyoQsFdw,Mezcal Mariachi Madrid,PERFORMING,BAND,banda de música,"C. de Gualanday, Bajo B 2, Hortaleza, 28033 Madrid","Mezcal Mariachi Madrid, C. de Gualanday, Bajo B 2, Hortaleza, 28033 Madrid","C. de Gualanday, Bajo B 2",Hortaleza,Madrid,28033,Madrid,ES,40.4716459,-3.6325273,+34609043628,https://www.mariachimezcal.com,mariachimezcal.com,https://www.google.com/maps/place/data=!3m1!4b1!4m2!3m1!1s0xd422eede535180f:0xdc152c84caada25b,4.9,116,OPEN,True,Band,Band;Entertainment agency;Orchestra;Wedding planner,band;art;ceremonial_occasions;company;entertainment;entertainment_agency;entertainment_and_recreation;establishment;establishment_poi;feature;music;orchestra;performing_arts;personal_services;professional_services;public_api_establishment;services;talent_agency;wedding_planner;wedding_service;weddings,38,Closed · Opens 6 am,APIFY_GOOGLE_MAPS_SCRAPER,0xd422eede535180f:0xdc152c84caada25b,0xd422eede535180f:0xdc152c84caada25b,15858630611702751835,2026-10-05T22:42:29.674Z,2026-10-07T09:39:12.281Z,st_banda-de-musica.json
ChIJAwd6ouknQg0RTo6W17woluw,Mariachi Ritmo Mexicano,PERFORMING,BAND,banda de música,"C. del Radio, 21, Carabanchel, 28019 Madrid","Mariachi Ritmo Mexicano, C. del Radio, 21, Carabanchel, 28019 Madrid","C. del Radio, 21",Carabanchel,Madrid,28019,Madrid,ES,40.3920253,-3.721634,+34657059341,http://mariachiritmomexicano.com,mariachiritmomexicano.com,https://www.google.com/maps/place/data=!3m1!4b1!4m2!3m1!1s0xd4227e9a27a0703:0xec9628bcd7968e4e,4.9,104,OPEN,True,Band,Band;Musician,band;art;entertainment;entertainment_and_recreation;establishment;establishment_poi;feature;music;music_store;musician;performing_arts;public_api_establishment;shopping;store,135,Open 24 hours,APIFY_GOOGLE_MAPS_SCRAPER,0xd4227e9a27a0703:0xec9628bcd7968e4e,0xd4227e9a27a0703:0xec9628bcd7968e4e,17047858230993522254,2026-10-05T22:42:29.674Z,2026-10-05T22:42:29.674Z,st_banda-de-musica.json
ChIJPUYLLgYpQg0RQVfbrkZofl8,Mariachi Charros de Jalisco en Madrid España,PERFORMING,BAND,banda de música,"Mariachi mexicano en Madrid, C. de Gonzalo Herrero, 27, 3B, Tetuán, 28039 Madrid","Mariachi Charros de Jalisco en Madrid España, Mariachi mexicano en Madrid, C. de Gonzalo Herrero, 27, 3B, Tetuán, 28039 Madrid","Mariachi mexicano en Madrid, C. de Gonzalo Herrero, 27, 3B",Tetuán,Madrid,28039,Madrid,ES,40.463249,-3.700059,+34677538597,http://www.mariachicharrosdejalisco.es,mariachicharrosdejalisco.es,https://www.google.com/maps/place/data=!3m1!4b1!4m2!3m1!1s0xd4229062e0b463d:0x5f7e6846aedb5741,4.9,68,OPEN,True,Escuela de música,Escuela de música,music_management_and_promotion;art;education;education_and_culture;educational_institution;entertainment;entertainment_and_recreation;establishment;establishment_poi;feature;hobby_classes;institute;instruction;learning;music;music_classes;music_instruction;music_school;music_store;musical_institutions;musician;performing_arts;professional_services;public_api_establishment;services;shopping;store;training_courses,62,Abierto 24 horas,APIFY_GOOGLE_MAPS_SCRAPER,0xd4229062e0b463d:0x5f7e6846aedb5741,0xd4229062e0b463d:0x5f7e6846aedb5741,6881051933459306305,2026-10-07T09:39:12.281Z,2026-10-07T09:39:12.281Z,st_banda-de-musica.json
ChIJGSqOQ9cpQg0RnyPqU66ME9o,ATELMA - Asociación de personas con Trastornos Específicos del Lenguaje de Madrid,PERFORMING,CULTURAL_ASSOCIATION,asociación musical,"entrada por, Calle Marcelina 32, C. de la Costa Verde, 17, Local 3, 28029 Madrid","ATELMA - Asociación de personas con Trastornos Específicos del Lenguaje de Madrid, entrada por, Calle Marcelina 32, C. de la Costa Verde, 17, Local 3, 28029 Madrid","entrada por, Calle Marcelina 32, C. de la Costa Verde, 17, Local 3",Tetuán,Madrid,28029,Madrid,ES,40.4687711,-3.6959551999999998,+34664594749,http://www.atelma.es,atelma.es,https://www.google.com/maps/place/data=!3m1!4b1!4m2!3m1!1s0xd4229d7438e2a19:0xda138cae53ea239f,4.9,61,OPEN,True,Asociación u organización,Asociación u organización,association_or_organization;establishment;establishment_poi;feature;potentially_sensitive_entity;public_api_establishment,12,Cerrado · Apertura: 9:00,APIFY_GOOGLE_MAPS_SCRAPER,0xd4229d7438e2a19:0xda138cae53ea239f,0xd4229d7438e2a19:0xda138cae53ea239f,15714058205185844127,2026-10-06T23:08:44.675Z,2026-10-07T09:39:33.383Z,st_asociacion-musical.json
ChIJAzkgj2knQg0RtDhsqiuoJxQ,Mariachi Mexicano Madrid,PERFORMING,BAND,banda de música,"C. del Radio, 21, Carabanchel, 28019 Madrid","Mariachi Mexicano Madrid, C. del Radio, 21, Carabanchel, 28019 Madrid","C. del Radio, 21",Carabanchel,Madrid,28019,Madrid,ES,40.392026,-3.7216340999999997,+34630915715,https://mariachimexicanomadrid.com,mariachimexicanomadrid.com,https://www.google.com/maps/place/data=!3m1!4b1!4m2!3m1!1s0xd4227698f203903:0x1427a82baa6c38b4,4.9,47,OPEN,True,Band,Band;Musician,band;art;entertainment;entertainment_and_recreation;establishment;establishment_poi;feature;music;music_store;musician;performing_arts;public_api_establishment;shopping;store,46,Open 24 hours,APIFY_GOOGLE_MAPS_SCRAPER,0xd4227698f203903:0x1427a82baa6c38b4,0xd4227698f203903:0x1427a82baa6c38b4,1452314310346553524,2026-10-05T22:42:29.674Z,2026-10-05T22:42:29.674Z,st_banda-de-musica.json
ChIJMfEFihApQg0RPsN3wRa4llY,Batcueva,PERFORMING,CULTURAL_ASSOCIATION,asociación musical,"Calle de Sta Engracia, 130, Chamberí, 28003 Madrid","Batcueva, Calle de Sta Engracia, 130, Chamberí, 28003 Madrid","Calle de Sta Engracia, 130",Chamberí,Madrid,28003,Madrid,ES,40.4422256,-3.7016622,,,,https://www.google.com/maps/place/data=!3m1!4b1!4m2!3m1!1s0xd4229108a05f131:0x5696b816c177c33e,4.9,37,OPEN,True,Club musical,Club musical,musical_club;art;association_or_organization;establishment;establishment_poi;feature;music;performing_arts;potentially_sensitive_entity;public_api_establishment,9,Cerrado · Apertura: 19:00,APIFY_GOOGLE_MAPS_SCRAPER,0xd4229108a05f131:0x5696b816c177c33e,0xd4229108a05f131:0x5696b816c177c33e,6239376741643043646,2026-10-06T23:08:44.675Z,2026-10-07T09:39:33.383Z,st_asociacion-musical.json
ChIJ43BiZoQvQg0RJbEavko3td0,Coro Rock Madrid Rock Skulls Voices,PERFORMING,CHOIR,coro,"Carr. de Canillas, 6, Hortaleza, 28043 Madrid","Coro Rock Madrid Rock Skulls Voices, Carr. de Canillas, 6, Hortaleza, 28043 Madrid","Carr. de Canillas, 6",Hortaleza,Madrid,28043,Madrid,ES,40.4630489,-3.6561882999999997,+34620438701,https://cororockmadrid.wordpress.com,wordpress.com,https://www.google.com/maps/place/data=!3m1!4b1!4m2!3m1!1s0xd422f84666270e3:0xddb5374abe1ab125,4.9,29,OPEN,True,location,,musician;art;entertainment;entertainment_and_recreation;establishment;establishment_poi;feature;music;music_store;performing_arts;public_api_establishment;shopping;store,6,Cerrado · Apertura: 19:15,APIFY_GOOGLE_MAPS_SCRAPER,0xd422f84666270e3:0xddb5374abe1ab125,0xd422f84666270e3:0xddb5374abe1ab125,15975736047323230501,2026-10-06T23:08:38.332Z,2026-10-07T09:39:23.600Z,st_coro.json
ChIJh4fab8goQg0RjBrHzfui4BA,Wiwi Music,PERFORMING,BAND,banda de música,"C. del Pilar de Zaragoza, 63, Salamanca, 28028 Madrid","Wiwi Music, C. del Pilar de Zaragoza, 63, Salamanca, 28028 Madrid","C. del Pilar de Zaragoza, 63",Salamanca,Madrid,28028,Madrid,ES,40.4359141,-3.6719697,+34913563348,http://www.wiwimusic.com,wiwimusic.com,https://www.google.com/maps/place/data=!3m1!4b1!4m2!3m1!1s0xd4228c86fda8787:0x10e0a2fbcdc71a8c,4.9,19,OPEN,True,Estudio de grabación,Estudio de grabación,recording_studio;art;design_services;entertainment_and_recreation;establishment;establishment_poi;feature;hobbies;music;music_store;performing_arts;photography;public_api_establishment;shopping;store;video,4,Abierto · Cierre: 22:00,APIFY_GOOGLE_MAPS_SCRAPER,0xd4228c86fda8787:0x10e0a2fbcdc71a8c,0xd4228c86fda8787:0x10e0a2fbcdc71a8c,1216151101762902668,2026-10-07T09:39:12.281Z,2026-10-07T09:39:12.281Z,st_banda-de-musica.json
ChIJZxJkFxIpQg0R6RzedRlSi00,Folklore Plaza Castilla,PERFORMING,CULTURAL_ASSOCIATION,asociación musical,"Calle de las Magnolias, 61, Tetuán, 28029 Madrid","Folklore Plaza Castilla, Calle de las Magnolias, 61, Tetuán, 28029 Madrid","Calle de las Magnolias, 61",Tetuán,Madrid,28029,Madrid,ES,40.469856,-3.691703,+34913156237,http://www.folkloreplazacastilla.com/index.php/contacto-quienes-somos,folkloreplazacastilla.com,https://www.google.com/maps/place/data=!3m1!4b1!4m2!3m1!1s0xd42291217641267:0x4d8b521975de1ce9,4.9,15,OPEN,False,Asociación sociocultural,Asociación sociocultural,cultural_association;association_or_organization;education_and_culture;establishment;establishment_poi;feature;potentially_sensitive_entity;public_api_establishment,1,,APIFY_GOOGLE_MAPS_SCRAPER,0xd42291217641267:0x4d8b521975de1ce9,0xd42291217641267:0x4d8b521975de1ce9,5587650031988382953,2026-10-06T23:08:44.675Z,2026-10-07T09:39:33.383Z,st_asociacion-musical.json
ChIJ6a70JLwpQg0RjqbSQggDmK8,Asociación Laudística Española,PERFORMING,ORCHESTRA,orquesta,"C. de Villaamil, 17, Tetuán, 28039 Madrid","Asociación Laudística Española, C. de Villaamil, 17, Tetuán, 28039 Madrid","C. de Villaamil, 17",Tetuán,Madrid,28039,Madrid,ES,40.4577139,-3.7061268999999997,,https://orquestalaudisticademadrid.com,orquestalaudisticademadrid.com,https://www.google.com/maps/place/data=!3m1!4b1!4m2!3m1!1s0xd4229bc24f4aee9:0xaf98030842d2a68e,4.9,12,OPEN,True,Asociación sociocultural,Asociación sociocultural,cultural_association;association_or_organization;education_and_culture;establishment;establishment_poi;feature;potentially_sensitive_entity;public_api_establishment,3,,APIFY_GOOGLE_MAPS_SCRAPER,0xd4229bc24f4aee9:0xaf98030842d2a68e,0xd4229bc24f4aee9:0xaf98030842d2a68e,12652866487113131662,2026-10-06T23:08:34.431Z,2026-10-07T09:39:18.134Z,st_orquesta.json
ChIJP29ICCiIQQ0RBC1LNdXCB9A,Coro Magerit,PERFORMING,CHOIR,coro,"C. Eugenia de Montijo, 53, Carabanchel, 28025 Madrid","Coro Magerit, C. Eugenia de Montijo, 53, Carabanchel, 28025 Madrid","C. Eugenia de Montijo, 53",Carabanchel,Madrid,28025,Madrid,ES,40.3809282,-3.7442661999999998,,http://magerit.org,magerit.org,https://www.google.com/maps/place/data=!3m1!4b1!4m2!3m1!1s0xd41882808486f3f:0xd007c2d5354b2d04,4.9,10,OPEN,True,Coro,Coro,choir;art;culture;education_and_culture;establishment;establishment_poi;feature;music;performing_arts;public_api_establishment,3,Cerrado · Apertura: 19:00 (vie),APIFY_GOOGLE_MAPS_SCRAPER,0xd41882808486f3f:0xd007c2d5354b2d04,0xd41882808486f3f:0xd007c2d5354b2d04,14990164105703927044,2026-10-06T23:08:38.331Z,2026-10-07T09:39:23.600Z,st_coro.json
ChIJ7R_aY2EoQg0RPRCqPhMe6Ro,Clínica Oftalmológica Coro,PERFORMING,CHOIR,coro,"Edificio de Consultas Externas del Hospital Virgen del Mar, C. de Ntra. Sra. de Luján, 25, 2ª Planta, Chamartín, 28016 Madrid","Clínica Oftalmológica Coro, Edificio de Consultas Externas del Hospital Virgen del Mar, C. de Ntra. Sra. de Luján, 25, 2ª Planta, Chamartín, 28016 Madrid","Edificio de Consultas Externas del Hospital Virgen del Mar, C. de Ntra. Sra. de Luján, 25, 2ª Planta",Chamartín,Madrid,28016,Madrid,ES,40.4591914,-3.6780378,+34914450909,https://clinicacoro.es,clinicacoro.es,https://www.google.com/maps/place/data=!3m1!4b1!4m2!3m1!1s0xd42286163da1fed:0x1ae91e133eaa103d,4.8,374,OPEN,True,Oftalmólogo,Oftalmólogo;Cirujano especialista en LASIK;Clínica de oftalmología;Clínica especializada,ophthalmologist;doctor;establishment;establishment_poi;eye_care;feature;health;health_and_beauty;health_care_facility;lasik_surgeon;medical_clinic;ophthalmology_clinic;potentially_sensitive_entity;practitioner_service_location;public_api_establishment;specialized_clinic;surgeon,8,Cerrado · Apertura: 9:00,APIFY_GOOGLE_MAPS_SCRAPER,0xd42286163da1fed:0x1ae91e133eaa103d,0xd42286163da1fed:0x1ae91e133eaa103d,1939114182564253757,2026-10-06T23:08:38.331Z,2026-10-07T09:39:23.600Z,st_coro.json
ChIJ64WVzqQpQg0RbQbtas3eXHg,Madrid Music Hall,PERFORMING,CHOIR,coro,"C. de la Isla de Arosa, 20, Fuencarral-El Pardo, 28035 Madrid","Madrid Music Hall, C. de la Isla de Arosa, 20, Fuencarral-El Pardo, 28035 Madrid","C. de la Isla de Arosa, 20",Fuencarral-El Pardo,Madrid,28035,Madrid,ES,40.4815052,-3.7165942,,https://www.madridmusichall.es,madridmusichall.es,https://www.google.com/maps/place/data=!3m1!4b1!4m2!3m1!1s0xd4229a4ce9585eb:0x785cdecd6aed066d,4.8,61,CLOSED_TEMPORARILY,True,Asociación sociocultural,Asociación sociocultural,cultural_association;association_or_organization;education_and_culture;establishment;establishment_poi;feature;potentially_sensitive_entity;public_api_establishment,36,,APIFY_GOOGLE_MAPS_SCRAPER,0xd4229a4ce9585eb:0x785cdecd6aed066d,0xd4229a4ce9585eb:0x785cdecd6aed066d,8673051956252313197,2026-10-06T23:08:38.332Z,2026-10-07T09:39:23.600Z,st_coro.json
ChIJm-HykgWIQQ0RNjNGciRkq_c,Lume de Biqueira Celtic Band,PERFORMING,BAND,banda de música,"P.º de Extremadura, 254, Latina, 28011 Madrid","Lume de Biqueira Celtic Band, P.º de Extremadura, 254, Latina, 28011 Madrid","P.º de Extremadura, 254",Latina,Madrid,28011,Madrid,ES,40.404939299999995,-3.7532288,+34627958076,https://www.lumedebiqueira.es,lumedebiqueira.es,https://www.google.com/maps/place/data=!3m1!4b1!4m2!3m1!1s0xd41880592f2e19b:0xf7ab642472463336,4.8,39,OPEN,True,Band,Band;Cultural association;Cultural landmark;Music school,band;art;association_or_organization;cultural_association;cultural_landmark;culture;education;education_and_culture;educational_institution;entertainment;entertainment_and_recreation;establishment;establishment_poi;feature;hobby_classes;institute;instruction;learning;music;music_classes;music_instruction;music_school;musical_institutions;performing_arts;potentially_sensitive_entity;professional_services;public_api_establishment;services;training_courses,145,Closed · Opens 6:30 pm,APIFY_GOOGLE_MAPS_SCRAPER,0xd41880592f2e19b:0xf7ab642472463336,0xd41880592f2e19b:0xf7ab642472463336,17846468056084525878,2026-10-05T22:42:29.674Z,2026-10-07T09:39:12.281Z,st_banda-de-musica.json
ChIJyfpvN5ApQg0RTPhLUnKMIVI,Escuela de Artes Orientales. Wushu club 5 Dragones,PERFORMING,CULTURAL_ASSOCIATION,asociación musical,"Edificio Taller Sadeco, C/ de Úbeda, 25, Fuencarral-El Pardo, 28034 Madrid","Escuela de Artes Orientales. Wushu club 5 Dragones, Edificio Taller Sadeco, C/ de Úbeda, 25, Fuencarral-El Pardo, 28034 Madrid","Edificio Taller Sadeco, C/ de Úbeda, 25",Fuencarral-El Pardo,Madrid,28034,Madrid,ES,40.482639999999996,-3.7146239,+34634551454,https://www.club5dragones.es,club5dragones.es,https://www.google.com/maps/place/data=!3m1!4b1!4m2!3m1!1s0xd422990376ffac9:0x52218c72524bf84c,4.8,33,OPEN,True,Escuela de artes marciales,Escuela de artes marciales;Centro de ocio;Centro artístico;Escuela de arte;Asociación sociocultural;Centro deportivo;Biblioteca;Escuela de defensa personal;Centro de formación;Centro de salud y bienestar,martial_arts_school;amusement_center;art;art_center;art_school;association_or_organization;centres;company;cultural_association;cultural_institution;culture;education;education_and_culture;educational_institution;entertainment_and_recreation;establishment;establishment_poi;feature;fitness_center;government;gym;health;health_and_beauty;health_care_facility;higher_education;hobby_classes;information_centers;institute;instruction;learning;learning_center;library;martial_arts;media;music;music_classes;music_instruction;music_school;musical_institutions;performing_arts;physical_fitness_program;places_of_interest;potentially_sensitive_entity;professional_services;public_api_establishment;public_services;recreation;self_defense_school;services;sports;sports_activity_location;sports_school;trade_school;training_center;training_courses;wellness_center,180,Cerrado · Apertura: 12:00,APIFY_GOOGLE_MAPS_SCRAPER,0xd422990376ffac9:0x52218c72524bf84c,0xd422990376ffac9:0x52218c72524bf84c,5918165807976413260,2026-10-06T23:08:44.675Z,2026-10-07T09:39:33.383Z,st_asociacion-musical.json
ChIJE43p2sAuQg0Rl34np4OCQ-E,Fundación Orquesta y Coro de la Comunidad de Madrid,PERFORMING,CHOIR;ORCHESTRA,coro;orquesta,"C. del Mar Caspio, 4, Hortaleza, 28033 Madrid","Fundación Orquesta y Coro de la Comunidad de Madrid, C. del Mar Caspio, 4, Hortaleza, 28033 Madrid","C. del Mar Caspio, 4",Hortaleza,Madrid,28033,Madrid,ES,40.4731594,-3.6463128,+34911811273,http://www.fundacionorcam.org,fundacionorcam.org,https://www.google.com/maps/place/data=!3m1!4b1!4m2!3m1!1s0xd422ec0dae98d13:0xe1438283a7277e97,4.7,237,OPEN,True,Coro,Coro;Orquesta;Centro educativo,orchestra;art;choir;culture;education;education_and_culture;education_center;educational_institution;entertainment;entertainment_and_recreation;establishment;establishment_poi;feature;music;performing_arts;public_api_establishment,135,,APIFY_GOOGLE_MAPS_SCRAPER,0xd422ec0dae98d13:0xe1438283a7277e97,0xd422ec0dae98d13:0xe1438283a7277e97,16231960983930109591,2026-10-06T23:08:38.331Z,2026-10-07T09:39:23.600Z,st_coro.json;st_orquesta.json
ChIJ6YPZAQwpQg0RhH5qTyc_dpE,Filarmonía Orquesta y Coro,PERFORMING,CHOIR;ORCHESTRA;BAND,coro;orquesta;banda de música,"Pl. de Donoso, 5, Tetuán, 28029 Madrid","Filarmonía Orquesta y Coro, Pl. de Donoso, 5, Tetuán, 28029 Madrid","Pl. de Donoso, 5",Tetuán,Madrid,28029,Madrid,ES,40.4691194,-3.6974953,+34917321255,http://www.orquestafilarmonia.com,orquestafilarmonia.com,https://www.google.com/maps/place/data=!3m1!4b1!4m2!3m1!1s0xd42290c01d983e9:0x91763f274f6a7e84,4.7,57,OPEN,True,Coro,Coro;Orquesta,orchestra;art;choir;culture;education_and_culture;entertainment;entertainment_and_recreation;establishment;establishment_poi;feature;music;performing_arts;public_api_establishment,25,,APIFY_GOOGLE_MAPS_SCRAPER,0xd42290c01d983e9:0x91763f274f6a7e84,0xd42290c01d983e9:0x91763f274f6a7e84,10481634620820061828,2026-10-06T23:08:38.331Z,2026-10-07T09:39:23.600Z,st_coro.json;st_orquesta.json;st_banda-de-musica.json
ChIJ-2hAITQmQg0RFiLNpFvDQMg,"coro rociero ""Madrid""",PERFORMING,CHOIR,coro,"C. del Granito, 14, Arganzuela, 28045 Madrid","coro rociero ""Madrid"", C. del Granito, 14, Arganzuela, 28045 Madrid","C. del Granito, 14",Arganzuela,Madrid,28045,Madrid,ES,40.39259,-3.69225,+34670507744,http://cororocieromadrid.es,cororocieromadrid.es,https://www.google.com/maps/place/data=!3m1!4b1!4m2!3m1!1s0xd422634214068fb:0xc840c35ba4cd2216,4.7,18,OPEN,True,Coro,Coro,choir;art;culture;education_and_culture;establishment;establishment_poi;feature;music;performing_arts;public_api_establishment,6,Abierto 24 horas,APIFY_GOOGLE_MAPS_SCRAPER,0xd422634214068fb:0xc840c35ba4cd2216,0xd422634214068fb:0xc840c35ba4cd2216,14429748004469416470,2026-10-06T23:08:38.331Z,2026-10-07T09:39:23.600Z,st_coro.json
ChIJvRJon5spQg0RLWCOGDBMI7c,Tuna Femenina Madrid,PERFORMING,BAND,banda de música,"Ciudad Universitaria, Facultad de Ciencias de la Información, Av. Complutense, s/n, 28040 Madrid","Tuna Femenina Madrid, Ciudad Universitaria, Facultad de Ciencias de la Información, Av. Complutense, s/n, 28040 Madrid","Ciudad Universitaria, Facultad de Ciencias de la Información, Av. Complutense, s/n",Moncloa - Aravaca,Madrid,28040,Madrid,ES,40.4457058,-3.7283361999999998,+34673640261,https://tunacomplutense.com,tunacomplutense.com,https://www.google.com/maps/place/data=!3m1!4b1!4m2!3m1!1s0xd42299b9f6812bd:0xb7234c30188e602d,4.7,13,OPEN,True,Banda de música,Banda de música;Grupo de artes escénicas,band;art;association_or_organization;culture;education_and_culture;entertainment;entertainment_and_recreation;establishment;establishment_poi;feature;music;performing_arts;performing_arts_group;potentially_sensitive_entity;public_api_establishment,12,Abierto · Cierre: 22:00,APIFY_GOOGLE_MAPS_SCRAPER,0xd42299b9f6812bd:0xb7234c30188e602d,0xd42299b9f6812bd:0xb7234c30188e602d,13196475102579810349,2026-10-07T09:39:12.281Z,2026-10-07T09:39:12.281Z,st_banda-de-musica.json
ChIJ1R1_6oAoQg0RuBUQuElLpfY,Club de la Zarzuela de Madrid,PERFORMING,CULTURAL_ASSOCIATION,asociación musical,"Casa Regional de Soria, Cra de S. Jerónimo, 5, Centro, 28014 Madrid","Club de la Zarzuela de Madrid, Casa Regional de Soria, Cra de S. Jerónimo, 5, Centro, 28014 Madrid","Casa Regional de Soria, Cra de S. Jerónimo, 5",Centro,Madrid,28014,Madrid,ES,40.4167791,-3.7014744,+34917341359,http://clubdelazarzuela.es,clubdelazarzuela.es,https://www.google.com/maps/place/data=!3m1!4b1!4m2!3m1!1s0xd422880ea7f1dd5:0xf6a54b49b81015b8,4.7,3,OPEN,False,Club musical,Club musical,musical_club;art;association_or_organization;establishment;establishment_poi;feature;music;performing_arts;potentially_sensitive_entity;public_api_establishment,93,Cerrado · Apertura: 12:00 (vie),APIFY_GOOGLE_MAPS_SCRAPER,0xd422880ea7f1dd5:0xf6a54b49b81015b8,0xd422880ea7f1dd5:0xf6a54b49b81015b8,17772694284480288184,2026-10-06T23:08:44.675Z,2026-10-07T09:39:33.383Z,st_asociacion-musical.json
ChIJdz4hpJwpQg0R_Wkm4uOZcYc,Coro Valdeluz,PERFORMING,CHOIR,coro,"C. de Fermín Caballero, 53, Fuencarral-El Pardo, 28034 Madrid","Coro Valdeluz, C. de Fermín Caballero, 53, Fuencarral-El Pardo, 28034 Madrid","C. de Fermín Caballero, 53",Fuencarral-El Pardo,Madrid,28034,Madrid,ES,40.4830842,-3.7076436999999998,+34618507802,http://www.corovaldeluz.es/contactar2.htm,corovaldeluz.es,https://www.google.com/maps/place/data=!3m1!4b1!4m2!3m1!1s0xd42299ca4213e77:0x877199e3e22669fd,4.6,5,OPEN,False,Coro,Coro,choir;art;culture;education_and_culture;establishment;establishment_poi;feature;music;performing_arts;public_api_establishment,2,,APIFY_GOOGLE_MAPS_SCRAPER,0xd42299ca4213e77:0x877199e3e22669fd,0xd42299ca4213e77:0x877199e3e22669fd,9759751071519369725,2026-10-06T23:08:38.331Z,2026-10-07T09:39:23.600Z,st_coro.json
ChIJK7WV2CApQg0RNNJuDSZvOng,Excelentia,PERFORMING,ORCHESTRA,orquesta,"C. de Almagro, 36, primera planta, Chamberí, 28010 Madrid","Excelentia, C. de Almagro, 36, primera planta, Chamberí, 28010 Madrid","C. de Almagro, 36, primera planta",Chamberí,Madrid,28010,Madrid,ES,40.4310834,-3.6920762999999996,+34914574061,https://excelentiamusica.com,excelentiamusica.com,https://www.google.com/maps/place/data=!3m1!4b1!4m2!3m1!1s0xd422920d895b52b:0x783a6f260d6ed234,4.5,336,OPEN,True,Fundación,Fundación,music_management_and_promotion;art;association_or_organization;establishment;establishment_poi;feature;foundation;music;performing_arts;potentially_sensitive_entity;professional_services;public_api_establishment;services,75,,APIFY_GOOGLE_MAPS_SCRAPER,0xd422920d895b52b:0x783a6f260d6ed234,0xd422920d895b52b:0x783a6f260d6ed234,8663359042425377332,2026-10-06T23:08:34.431Z,2026-10-07T09:39:18.134Z,st_orquesta.json
ChIJJYktXy4pQg0ROZlvCdyGIFg,AIE (Sociedad de Artistas Intérpretes o Ejecutantes de España),PERFORMING,CULTURAL_ASSOCIATION,asociación musical,"C. de Torrelara, 8, Chamartín, 28016 Madrid","AIE (Sociedad de Artistas Intérpretes o Ejecutantes de España), C. de Torrelara, 8, Chamartín, 28016 Madrid","C. de Torrelara, 8",Chamartín,Madrid,28016,Madrid,ES,40.4621674,-3.6692842999999997,+34917819850,http://www.aie.es,aie.es,https://www.google.com/maps/place/data=!3m1!4b1!4m2!3m1!1s0xd42292e5f2d8925:0x582086dc096f9939,4.5,147,OPEN,True,Asociación u organización,Asociación u organización,association_or_organization;art;entertainment;entertainment_and_recreation;establishment;establishment_poi;feature;music;music_store;musician;performing_arts;potentially_sensitive_entity;public_api_establishment;shopping;store,47,Cerrado · Apertura: 9:00,APIFY_GOOGLE_MAPS_SCRAPER,0xd42292e5f2d8925:0x582086dc096f9939,0xd42292e5f2d8925:0x582086dc096f9939,6350223754201635129,2026-10-06T23:08:44.675Z,2026-10-07T09:39:33.382Z,st_asociacion-musical.json
ChIJI8atHsclQg0RIAkpMCAKrbE,Coro Al Alba,PERFORMING,CHOIR,coro,"C. Riojanos, 1, Puente de Vallecas, 28018 Madrid","Coro Al Alba, C. Riojanos, 1, Puente de Vallecas, 28018 Madrid","C. Riojanos, 1",Puente de Vallecas,Madrid,28018,Madrid,ES,40.3877378,-3.6442837,+34913800008,http://coralalalba.blogspot.com.es/?m=1,blogspot.com.es,https://www.google.com/maps/place/data=!3m1!4b1!4m2!3m1!1s0xd4225c71eadc623:0xb1ad0a2030290920,4.5,15,OPEN,False,Asociación sociocultural,Asociación sociocultural,cultural_association;association_or_organization;education_and_culture;establishment;establishment_poi;feature;potentially_sensitive_entity;public_api_establishment,13,Cerrado · Apertura: 19:30,APIFY_GOOGLE_MAPS_SCRAPER,0xd4225c71eadc623:0xb1ad0a2030290920,0xd4225c71eadc623:0xb1ad0a2030290920,12802900449047415072,2026-10-06T23:08:38.332Z,2026-10-07T09:39:23.600Z,st_coro.json
ChIJZ6phnV0oQg0RzQaDT1s-LJs,Coro Galileo,PERFORMING,CHOIR,coro,"C. de Galileo, 39, Chamberí, 28015 Madrid","Coro Galileo, C. de Galileo, 39, Chamberí, 28015 Madrid","C. de Galileo, 39",Chamberí,Madrid,28015,Madrid,ES,40.4337239,-3.7105021999999996,+34609452545,http://www.corogalileo.es,corogalileo.es,https://www.google.com/maps/place/data=!3m1!4b1!4m2!3m1!1s0xd42285d9d61aa67:0x9b2c3e5b4f8306cd,4.5,2,OPEN,False,Asociación u organización,Asociación u organización,association_or_organization;establishment;establishment_poi;feature;potentially_sensitive_entity;public_api_establishment,1,,APIFY_GOOGLE_MAPS_SCRAPER,0xd42285d9d61aa67:0x9b2c3e5b4f8306cd,0xd42285d9d61aa67:0x9b2c3e5b4f8306cd,11181380536751032013,2026-10-06T23:08:38.331Z,2026-10-07T09:39:23.600Z,st_coro.json
ChIJJVgcEukpQg0RkCkYTB6a528,Kpop ¡idols!Las Guardianas del Ritmo¡El Musical(OFICIAL),PERFORMING,CULTURAL_ASSOCIATION,asociación musical,"C. de Atocha, 24, Centro, 28012 Madrid","Kpop ¡idols!Las Guardianas del Ritmo¡El Musical(OFICIAL), C. de Atocha, 24, Centro, 28012 Madrid","C. de Atocha, 24",Centro,Madrid,28012,Madrid,ES,40.413692,-3.7024152999999997,+34629448849,https://www.lasguardianasdelritmo.com,lasguardianasdelritmo.com,https://www.google.com/maps/place/data=!3m1!4b1!4m2!3m1!1s0xd4229e9121c5825:0x6fe79a1e4c182990,4.5,2,OPEN,True,Compañía de teatro,Compañía de teatro,theater_company;art;association_or_organization;attraction;company;culture;education_and_culture;entertainment;entertainment_and_recreation;establishment;establishment_poi;feature;media;performing_arts;potentially_sensitive_entity;public_api_establishment,199,,APIFY_GOOGLE_MAPS_SCRAPER,0xd4229e9121c5825:0x6fe79a1e4c182990,0xd4229e9121c5825:0x6fe79a1e4c182990,8063583112746510736,2026-10-06T23:08:44.675Z,2026-10-07T09:39:33.383Z,st_asociacion-musical.json
ChIJL1Neb8slQg0RDM3GYRvOVL8,Coro Polifónico Villa de Vallecas,PERFORMING,CHOIR,coro,"C. de la Sierra de Gredos, 26, Villa de Vallecas, 28031 Madrid","Coro Polifónico Villa de Vallecas, C. de la Sierra de Gredos, 26, Villa de Vallecas, 28031 Madrid","C. de la Sierra de Gredos, 26",Villa de Vallecas,Madrid,28031,Madrid,ES,40.379267299999995,-3.626638,+34610452647,https://alianzacoral.org,alianzacoral.org,https://www.google.com/maps/place/data=!3m1!4b1!4m2!3m1!1s0xd4225cb6f5e532f:0xbf54ce1b61c6cd0c,4.4,7,OPEN,False,Coro,Coro,choir;art;culture;education_and_culture;establishment;establishment_poi;feature;music;performing_arts;public_api_establishment,1,Cerrado · Apertura: 18:00 (vie),APIFY_GOOGLE_MAPS_SCRAPER,0xd4225cb6f5e532f:0xbf54ce1b61c6cd0c,0xd4225cb6f5e532f:0xbf54ce1b61c6cd0c,13786870976287788300,2026-10-06T23:08:38.332Z,2026-10-07T09:39:23.600Z,st_coro.json
ChIJ5S9QwBspQg0R0NRVvgKA3Vk,La Fuga,PERFORMING,BAND,banda de música,"C. de Juan Hurtado de Mendoza, 3, Chamartín, 28036 Madrid","La Fuga, C. de Juan Hurtado de Mendoza, 3, Chamartín, 28036 Madrid","C. de Juan Hurtado de Mendoza, 3",Chamartín,Madrid,28036,Madrid,ES,40.460813699999996,-3.6887838,+34943340061,http://lafuga.net,lafuga.net,https://www.google.com/maps/place/data=!3m1!4b1!4m2!3m1!1s0xd42291bc0502fe5:0x59dd8002be55d4d0,4.3,4,OPEN,False,Band,Band,band;art;entertainment;entertainment_and_recreation;establishment;establishment_poi;feature;music;performing_arts;public_api_establishment,1,,APIFY_GOOGLE_MAPS_SCRAPER,0xd42291bc0502fe5:0x59dd8002be55d4d0,0xd42291bc0502fe5:0x59dd8002be55d4d0,6475472588500227280,2026-10-05T22:42:29.674Z,2026-10-07T09:39:12.281Z,st_banda-de-musica.json
ChIJ7_V8iGMoQg0RlAX4y0TeBLk,Lucy in the Sky Club,PERFORMING,CULTURAL_ASSOCIATION,asociación musical,"C. de San Vicente Ferrer, 55, Centro, 28015 Madrid","Lucy in the Sky Club, C. de San Vicente Ferrer, 55, Centro, 28015 Madrid","C. de San Vicente Ferrer, 55",Centro,Madrid,28015,Madrid,ES,40.4261175,-3.7078297,,https://www.instagram.com/lucy.intheskyclub?igsh=MW5naTBzdGw2NnoxOA==,instagram.com,https://www.google.com/maps/place/data=!3m1!4b1!4m2!3m1!1s0xd422863887cf5ef:0xb904de44cbf80594,4.1,319,OPEN,True,Bar musical,Bar musical;Bar;Club;Club de comedia;Discoteca;DJ;Recinto para eventos;Pub,piano_bar;art;association_or_organization;bar;bars_and_pubs;beverages;club;comedy_club;culture;dancing;disco;discos_and_night_clubs;dj;education_and_culture;entertainment;entertainment_and_recreation;establishment;establishment_poi;event_venue;feature;food_and_drink;live_music_venue;music;night_club;nightlife;party;performing_arts;piano;potentially_sensitive_entity;pub;public_api_establishment,45,Cerrado · Apertura: 23:00 (jue),APIFY_GOOGLE_MAPS_SCRAPER,0xd422863887cf5ef:0xb904de44cbf80594,0xd422863887cf5ef:0xb904de44cbf80594,13332025183984682388,2026-10-06T23:08:44.675Z,2026-10-07T09:39:33.383Z,st_asociacion-musical.json
ChIJjfgZ1e8oQg0RPSTWGJefa7Q,Orquesta Sinfónica y Coro JMJ,PERFORMING,CHOIR;ORCHESTRA,coro;orquesta,"Pl. de San Juan de la Cruz, 2B, Chamberí, 28003 Madrid","Orquesta Sinfónica y Coro JMJ, Pl. de San Juan de la Cruz, 2B, Chamberí, 28003 Madrid","Pl. de San Juan de la Cruz, 2B",Chamberí,Madrid,28003,Madrid,ES,40.440931,-3.6935122,+34648229999,http://orquestaycorojmj.org,orquestaycorojmj.org,https://www.google.com/maps/place/data=!3m1!4b1!4m2!3m1!1s0xd4228efd519f88d:0xb46b9f9718d6243d,4,20,OPEN,False,Orquesta,Orquesta,orchestra;art;entertainment;entertainment_and_recreation;establishment;establishment_poi;feature;music;performing_arts;public_api_establishment,9,,APIFY_GOOGLE_MAPS_SCRAPER,0xd4228efd519f88d:0xb46b9f9718d6243d,0xd4228efd519f88d:0xb46b9f9718d6243d,13000660220640633917,2026-10-06T23:08:38.332Z,2026-10-07T09:39:23.600Z,st_coro.json;st_orquesta.json
ChIJ3wsrIlYoQg0RvuPGNivtwv8,ASOCIACIÓN ESPAÑOLA DE MEDIACIÓN,PERFORMING,CULTURAL_ASSOCIATION,asociación musical,"C. de Bravo Murillo, 147, Tetuán, 28003 Madrid","ASOCIACIÓN ESPAÑOLA DE MEDIACIÓN, C. de Bravo Murillo, 147, Tetuán, 28003 Madrid","C. de Bravo Murillo, 147",Tetuán,Madrid,28003,Madrid,ES,40.4508234,-3.7036365,+34683317071,http://www.asemed.org,asemed.org,https://www.google.com/maps/place/data=!3m1!4b1!4m2!3m1!1s0xd422856222b0bdf:0xffc2ed2b36c6e3be,4,11,OPEN,True,Oficinas de empresa,Oficinas de empresa,corporate_office;business_related;establishment;establishment_poi;feature;public_api_establishment,38,Abierto 24 horas,APIFY_GOOGLE_MAPS_SCRAPER,0xd422856222b0bdf:0xffc2ed2b36c6e3be,0xd422856222b0bdf:0xffc2ed2b36c6e3be,18429553395011871678,2026-10-06T23:08:44.675Z,2026-10-07T09:39:33.383Z,st_asociacion-musical.json
ChIJxwJAQsAuQg0RhXYynaHSWEM,Banda Municipal Joaquín Turina,PERFORMING,BAND,banda de música,"Calle del Mar de Alborán, 1, Hortaleza, 28500 Madrid","Banda Municipal Joaquín Turina, Calle del Mar de Alborán, 1, Hortaleza, 28500 Madrid","Calle del Mar de Alborán, 1",Hortaleza,Madrid,28500,Madrid,ES,40.474544,-3.6436354,,http://bandamunicipaljoaquinturina.com,bandamunicipaljoaquinturina.com,https://www.google.com/maps/place/data=!3m1!4b1!4m2!3m1!1s0xd422ec0424002c7:0x4358d2a19d327685,4,1,OPEN,False,Band,Band,band;art;entertainment;entertainment_and_recreation;establishment;establishment_poi;feature;music;performing_arts;public_api_establishment,1,,APIFY_GOOGLE_MAPS_SCRAPER,0xd422ec0424002c7:0x4358d2a19d327685,0xd422ec0424002c7:0x4358d2a19d327685,4852860190060607109,2026-10-05T22:42:29.673Z,2026-10-07T09:39:12.281Z,st_banda-de-musica.json
ChIJVVWlUkwoQg0RdmOx7qiJJ7U,JOECOM,PERFORMING,ORCHESTRA,orquesta,"P.º de Juan XXIII, 17, Moncloa - Aravaca, 28040 Madrid","JOECOM, P.º de Juan XXIII, 17, Moncloa - Aravaca, 28040 Madrid","P.º de Juan XXIII, 17",Moncloa - Aravaca,Madrid,28040,Madrid,ES,40.4500412,-3.7156266,+34619794990,http://joecom.org,joecom.org,https://www.google.com/maps/place/data=!3m1!4b1!4m2!3m1!1s0xd42284c52a55555:0xb52789a8eeb16376,4,1,OPEN,False,Orquesta,Orquesta,orchestra;art;entertainment;entertainment_and_recreation;establishment;establishment_poi;feature;music;performing_arts;public_api_establishment,1,,APIFY_GOOGLE_MAPS_SCRAPER,0xd42284c52a55555:0xb52789a8eeb16376,0xd42284c52a55555:0xb52789a8eeb16376,13053553403608785782,2026-10-06T23:08:34.431Z,2026-10-07T09:39:18.134Z,st_orquesta.json
ChIJicJlKFgoQg0RH2_l8TmfB0w,INSTITUTO GORDON DE EDUCACIÓN MUSICAL ESPAÑA,PERFORMING,CULTURAL_ASSOCIATION,asociación musical,"Calle de Ramiro II, 7, Chamberí, 28003 Madrid","INSTITUTO GORDON DE EDUCACIÓN MUSICAL ESPAÑA, Calle de Ramiro II, 7, Chamberí, 28003 Madrid","Calle de Ramiro II, 7",Chamberí,Madrid,28003,Madrid,ES,40.4432277,-3.7048539999999996,+34915535502,http://igeme.es,igeme.es,https://www.google.com/maps/place/data=!3m1!4b1!4m2!3m1!1s0xd4228582865c289:0x4c079f39f1e56f1f,3.7,3,OPEN,False,Organización sin ánimo de lucro,Organización sin ánimo de lucro,non_profit_organization;association_or_organization;establishment;establishment_poi;feature;potentially_sensitive_entity;public_api_establishment,1,,APIFY_GOOGLE_MAPS_SCRAPER,0xd4228582865c289:0x4c079f39f1e56f1f,0xd4228582865c289:0x4c079f39f1e56f1f,5478522542939795231,2026-10-06T23:08:44.675Z,2026-10-07T09:39:33.383Z,st_asociacion-musical.json
ChIJq7xW0W4oQg0RntR517FtSMA,Turismúsica,PERFORMING,ORCHESTRA,orquesta,"C. de la Infanta Mercedes, 98, Tetuán, 28020 Madrid","Turismúsica, C. de la Infanta Mercedes, 98, Tetuán, 28020 Madrid","C. de la Infanta Mercedes, 98",Tetuán,Madrid,28020,Madrid,ES,40.4640124,-3.6928343999999997,+34622580467,https://turismusica.es,turismusica.es,https://www.google.com/maps/place/data=!3m1!4b1!4m2!3m1!1s0xd42286ed156bcab:0xc0486db1d779d49e,3.5,2,OPEN,True,Agencia de viajes,Agencia de viajes;Ópera,tour_agency;art;auditorium;company;concert_hall;culture;education_and_culture;entertainment;entertainment_and_recreation;establishment;establishment_poi;event_venue;feature;hall;live_music_venue;music;nightlife;opera_house;performing_arts;performing_arts_theater;professional_services;public_api_establishment;services;tourism;travel;travel_agency;travel_services;vacances,4,Cerrado · Apertura: 9:30,APIFY_GOOGLE_MAPS_SCRAPER,0xd42286ed156bcab:0xc0486db1d779d49e,0xd42286ed156bcab:0xc0486db1d779d49e,13855444864197055646,2026-10-06T23:08:34.431Z,2026-10-07T09:39:18.134Z,st_orquesta.json
ChIJkyzF948pQg0RS9WcFjJubHc,"Orquesta Sinfónica, Coro y Escolanía JMJ",PERFORMING,ORCHESTRA,orquesta,"P.º del Gral. Martínez Campos, 18, Chamberí, 28010 Madrid","Orquesta Sinfónica, Coro y Escolanía JMJ, P.º del Gral. Martínez Campos, 18, Chamberí, 28010 Madrid","P.º del Gral. Martínez Campos, 18",Chamberí,Madrid,28010,Madrid,ES,40.434554,-3.695922,+34648229999,http://www.orquestaycorojmj.org,orquestaycorojmj.org,https://www.google.com/maps/place/data=!3m1!4b1!4m2!3m1!1s0xd42298ff7c52c93:0x776c6e32169cd54b,3,4,OPEN,False,Centro de formación,Centro de formación,training_center;education;education_and_culture;establishment;establishment_poi;feature;public_api_establishment,1,,APIFY_GOOGLE_MAPS_SCRAPER,0xd42298ff7c52c93:0x776c6e32169cd54b,0xd42298ff7c52c93:0x776c6e32169cd54b,8605374149404972363,2026-10-06T23:08:34.431Z,2026-10-07T09:39:18.134Z,st_orquesta.json
ChIJG9TJyxcpQg0RdS3BDQq1qmc,Coco Skin,PERFORMING,BAND,banda de música,"C. de Claudio Coello, Salamanca, 28006 Madrid","Coco Skin, C. de Claudio Coello, Salamanca, 28006 Madrid",C. de Claudio Coello,Salamanca,Madrid,28006,Madrid,ES,40.431726499999996,-3.6856183,+34695695372,,,https://www.google.com/maps/place/data=!3m1!4b1!4m2!3m1!1s0xd422917cbc9d41b:0x67aab50a0dc12d75,3,1,OPEN,True,Band,Band,band;art;entertainment;entertainment_and_recreation;establishment;establishment_poi;feature;music;performing_arts;public_api_establishment,1,Open 24 hours,APIFY_GOOGLE_MAPS_SCRAPER,0xd422917cbc9d41b:0x67aab50a0dc12d75,0xd422917cbc9d41b:0x67aab50a0dc12d75,7469981986732453237,2026-10-05T22:42:29.674Z,2026-10-05T22:42:29.674Z,st_banda-de-musica.json
ChIJqVYZMKcoQg0R8Nd9e_RFLvA,Asociación Cultural la Ensemble T.C.,PERFORMING,ENSEMBLE,ensemble,"C. del Doce de Octubre, 6, Retiro, 28009 Madrid","Asociación Cultural la Ensemble T.C., C. del Doce de Octubre, 6, Retiro, 28009 Madrid","C. del Doce de Octubre, 6",Retiro,Madrid,28009,Madrid,ES,40.4155065,-3.6769537999999997,,,,https://www.google.com/maps/place/data=!3m1!4b1!4m2!3m1!1s0xd4228a7301956a9:0xf02e45f47b7dd7f0,1,1,OPEN,False,Asociación u organización,Asociación u organización,association_or_organization;establishment;establishment_poi;feature;potentially_sensitive_entity;public_api_establishment,1,,APIFY_GOOGLE_MAPS_SCRAPER,0xd4228a7301956a9:0xf02e45f47b7dd7f0,0xd4228a7301956a9:0xf02e45f47b7dd7f0,17306847334377576432,2026-10-06T23:08:41.014Z,2026-10-07T09:39:27.463Z,st_ensemble.json
ChIJrbR63MAuQg0RoWJOaTIvxJo,AEOS,PERFORMING,ORCHESTRA,orquesta,"C. del Mar Caspio, 4, Hortaleza, 28033 Madrid","AEOS, C. del Mar Caspio, 4, Hortaleza, 28033 Madrid","C. del Mar Caspio, 4",Hortaleza,Madrid,28033,Madrid,ES,40.4736161,-3.646123,+34915036800,http://aeos.es,aeos.es,https://www.google.com/maps/place/data=!3m1!4b1!4m2!3m1!1s0xd422ec0dc7ab4ad:0x9ac42f32694e62a1,,0,OPEN,False,Asociación u organización,Asociación u organización,association_or_organization;establishment;establishment_poi;feature;potentially_sensitive_entity;public_api_establishment,1,,APIFY_GOOGLE_MAPS_SCRAPER,0xd422ec0dc7ab4ad:0x9ac42f32694e62a1,0xd422ec0dc7ab4ad:0x9ac42f32694e62a1,11152090470837805729,2026-10-06T23:08:34.431Z,2026-10-07T09:39:18.134Z,st_orquesta.json
ChIJ85f5uvMpQg0RnvQ2rwYos-w,Aedos org,PERFORMING,CHOIR,coro,"C. del Capitán Blanco Argibay, 21, Tetuán, 28029 Madrid","Aedos org, C. del Capitán Blanco Argibay, 21, Tetuán, 28029 Madrid","C. del Capitán Blanco Argibay, 21",Tetuán,Madrid,28029,Madrid,ES,40.464953699999995,-3.6968736,,,,https://www.google.com/maps/place/data=!3m1!4b1!4m2!3m1!1s0xd4229f3baf997f3:0xecb32806af36f49e,,0,OPEN,True,Asociación u organización,Asociación u organización,association_or_organization;establishment;establishment_poi;feature;potentially_sensitive_entity;public_api_establishment,2,Cerrado · Apertura: 9:00,APIFY_GOOGLE_MAPS_SCRAPER,0xd4229f3baf997f3:0xecb32806af36f49e,0xd4229f3baf997f3:0xecb32806af36f49e,17056020222956729502,2026-10-06T23:08:38.332Z,2026-10-07T09:39:23.600Z,st_coro.json
ChIJ7VlkvKspQg0RaIgDTnm1jF8,"Asociación Como tú, Como yo",PERFORMING,CULTURAL_ASSOCIATION,asociación musical,"Calle de Castilla, 27, 2º C, Tetuán, 28039 Madrid","Asociación Como tú, Como yo, Calle de Castilla, 27, 2º C, Tetuán, 28039 Madrid","Calle de Castilla, 27, 2º C",Tetuán,Madrid,28039,Madrid,ES,40.4530317,-3.7063458,+34914599188,http://www.comotucomoyo.org,comotucomoyo.org,https://www.google.com/maps/place/data=!3m1!4b1!4m2!3m1!1s0xd4229abbc6459ed:0x5f8cb5794e038868,,0,OPEN,True,Asociación u organización,Asociación u organización,association_or_organization;establishment;establishment_poi;feature;potentially_sensitive_entity;public_api_establishment,2,,APIFY_GOOGLE_MAPS_SCRAPER,0xd4229abbc6459ed:0x5f8cb5794e038868,0xd4229abbc6459ed:0x5f8cb5794e038868,6885077462947170408,2026-10-06T23:08:44.675Z,2026-10-07T09:39:33.382Z,st_asociacion-musical.json
ChIJVVXFRVgoQg0Rnm8jk9SAAkU,Asociación Mujeres en la Música,PERFORMING,CULTURAL_ASSOCIATION,asociación musical,"Pl. de Juan Zorrilla, 2, 2, Chamberí, 28003 Madrid","Asociación Mujeres en la Música, Pl. de Juan Zorrilla, 2, 2, Chamberí, 28003 Madrid","Pl. de Juan Zorrilla, 2, 2",Chamberí,Madrid,28003,Madrid,ES,40.4417287,-3.7046840999999997,+34616579520,http://mujeresenlamusica.es,mujeresenlamusica.es,https://www.google.com/maps/place/data=!3m1!4b1!4m2!3m1!1s0xd42285845c55555:0x450280d493236f9e,,0,OPEN,False,Asociación u organización,Asociación u organización,association_or_organization;establishment;establishment_poi;feature;potentially_sensitive_entity;public_api_establishment,1,,APIFY_GOOGLE_MAPS_SCRAPER,0xd42285845c55555:0x450280d493236f9e,0xd42285845c55555:0x450280d493236f9e,4972678589060444062,2026-10-06T23:08:44.675Z,2026-10-07T09:39:33.382Z,st_asociacion-musical.json
ChIJ00B58dYnQg0R_qNrpoAbw_4,Asociación Plural Ensemble,PERFORMING,ENSEMBLE,ensemble,"C. de Toledo, 95, Centro, 28005 Madrid","Asociación Plural Ensemble, C. de Toledo, 95, Centro, 28005 Madrid","C. de Toledo, 95",Centro,Madrid,28005,Madrid,ES,40.409633199999995,-3.7095404999999997,+34913659982,https://pluralensemble.com,pluralensemble.com,https://www.google.com/maps/place/data=!3m1!4b1!4m2!3m1!1s0xd4227d6f17940d3:0xfec31b80a66ba3fe,,0,OPEN,False,Asociación sociocultural,Asociación sociocultural,cultural_association;association_or_organization;education_and_culture;establishment;establishment_poi;feature;potentially_sensitive_entity;public_api_establishment,1,,APIFY_GOOGLE_MAPS_SCRAPER,0xd4227d6f17940d3:0xfec31b80a66ba3fe,0xd4227d6f17940d3:0xfec31b80a66ba3fe,18357546745454109694,2026-10-06T23:08:41.014Z,2026-10-07T09:39:27.462Z,st_ensemble.json
ChIJ0TIZ5hopQg0RFJMRTU2M32A,Asociación de Representantes Técnicos del Espectáculo,PERFORMING,CULTURAL_ASSOCIATION,asociación musical,"C. de Fernando el Católico, 47, Chamberí, 28015 Madrid","Asociación de Representantes Técnicos del Espectáculo, C. de Fernando el Católico, 47, Chamberí, 28015 Madrid","C. de Fernando el Católico, 47",Chamberí,Madrid,28015,Madrid,ES,40.434289,-3.7123952,+34915722511,https://arte-asoc.es,arte-asoc.es,https://www.google.com/maps/place/data=!3m1!4b1!4m2!3m1!1s0xd42291ae61932d1:0x60df8c4d4d119314,,0,OPEN,False,Asociación u organización,Asociación u organización,association_or_organization;establishment;establishment_poi;feature;potentially_sensitive_entity;public_api_establishment,1,Abierto · Cierre: 14:00 · Próxima apertura: 15:00,APIFY_GOOGLE_MAPS_SCRAPER,0xd42291ae61932d1:0x60df8c4d4d119314,0xd42291ae61932d1:0x60df8c4d4d119314,6980452211080925972,2026-10-07T09:39:33.383Z,2026-10-07T09:39:33.383Z,st_asociacion-musical.json
ChIJu2ykg26IQQ0RCjnzmdFMTYM,Asociación Ópera Play,PERFORMING,CULTURAL_ASSOCIATION,asociación musical,"C. Carballino, 1, Bajo A, Latina, 28024 Madrid","Asociación Ópera Play, C. Carballino, 1, Bajo A, Latina, 28024 Madrid","C. Carballino, 1, Bajo A",Latina,Madrid,28024,Madrid,ES,40.397573,-3.7690837,+34697661427,http://asociacionoperaplay.wix.com/inicio,wix.com,https://www.google.com/maps/place/data=!3m1!4b1!4m2!3m1!1s0xd41886e83a46cbb:0x834d4cd199f3390a,,0,OPEN,True,Asociación sociocultural,Asociación sociocultural;Animador;Agencia de espectáculos;Profesor de música,cultural_association;art;association_or_organization;culture;education;education_and_culture;educational_institution;entertainer;entertainment;entertainment_agency;entertainment_and_recreation;establishment;establishment_poi;feature;institute;instruction;learning;music;music_instruction;music_instructor;performing_arts;potentially_sensitive_entity;professional_services;public_api_establishment;school;services;talent_agency;training_courses,8,Cerrado · Apertura: 9:00,APIFY_GOOGLE_MAPS_SCRAPER,0xd41886e83a46cbb:0x834d4cd199f3390a,0xd41886e83a46cbb:0x834d4cd199f3390a,9461302855290009866,2026-10-06T23:08:44.675Z,2026-10-07T09:39:33.383Z,st_asociacion-musical.json
ChIJAQBw5cMoQg0RPBpeW60gBKY,BATUTA.ES,PERFORMING,ORCHESTRA,orquesta,"Calle del Príncipe de Vergara, 112, 3ª, Chamartín, 28002 Madrid","BATUTA.ES, Calle del Príncipe de Vergara, 112, 3ª, Chamartín, 28002 Madrid","Calle del Príncipe de Vergara, 112, 3ª",Chamartín,Madrid,28002,Madrid,ES,40.439707999999996,-3.678289,,http://batuta.es,batuta.es,https://www.google.com/maps/place/data=!3m1!4b1!4m2!3m1!1s0xd4228c3e5700001:0xa60420ad5b5e1a3c,,0,OPEN,False,Comercio,Comercio,store;establishment;establishment_poi;feature;public_api_establishment;shopping,1,,APIFY_GOOGLE_MAPS_SCRAPER,0xd4228c3e5700001:0xa60420ad5b5e1a3c,0xd4228c3e5700001:0xa60420ad5b5e1a3c,11962722439137204796,2026-10-06T23:08:34.432Z,2026-10-06T23:08:34.432Z,st_orquesta.json
ChIJD4LODxFz8iMRHoF4IRneF_U,Banda - L,PERFORMING,BAND,banda de música,"C. de Murcia, 20, Loc 1, Arganzuela, 28045 Madrid","Banda - L, C. de Murcia, 20, Loc 1, Arganzuela, 28045 Madrid","C. de Murcia, 20, Loc 1",Arganzuela,Madrid,28045,Madrid,ES,40.405043899999995,-3.6925882999999997,+34910810642,https://banda-l.com,banda-l.com,https://www.google.com/maps/place/data=!3m1!4b1!4m2!3m1!1s0x23f273110fce820f:0xf517de192178811e,,0,OPEN,True,Empresa de organización de eventos,Empresa de organización de eventos,event_management_company;establishment;establishment_poi;feature;public_api_establishment,1,Abierto · Cierre: 17:00,APIFY_GOOGLE_MAPS_SCRAPER,0x23f273110fce820f:0xf517de192178811e,0x23f273110fce820f:0xf517de192178811e,17660828663273783582,2026-10-07T09:39:12.281Z,2026-10-07T09:39:12.281Z,st_banda-de-musica.json
ChIJCcuXleEpQg0RR6WGZnOkzw4,Banda latina - Son Venezziola - Músicos Madrid,PERFORMING,BAND,banda de música,"Pl. de Chueca, 28004, Centro, 28004 Madrid","Banda latina - Son Venezziola - Músicos Madrid, Pl. de Chueca, 28004, Centro, 28004 Madrid","Pl. de Chueca, 28004",Centro,Madrid,28004,Madrid,ES,40.4229141,-3.6976142,+34609234858,https://www.cameratavenezziola.com/banda-latina-en-madrid-para-eventos-son-venezziola.html,cameratavenezziola.com,https://www.google.com/maps/place/data=!3m1!4b1!4m2!3m1!1s0xd4229e19597cb09:0xecfa4736686a547,,0,OPEN,True,Banda de música,Banda de música,band;art;entertainment;entertainment_and_recreation;establishment;establishment_poi;feature;music;music_store;musician;performing_arts;public_api_establishment;shopping;store,6,,APIFY_GOOGLE_MAPS_SCRAPER,0xd4229e19597cb09:0xecfa4736686a547,0xd4229e19597cb09:0xecfa4736686a547,1067252452258391367,2026-10-07T09:39:12.281Z,2026-10-07T09:39:12.281Z,st_banda-de-musica.json
ChIJz_GxbFkpQg0RAXekdcIew94,Casa del encuentro artístico,PERFORMING,CULTURAL_ASSOCIATION,asociación musical,"Calle del Gral. Pardiñas, 114, 114bajo, Salamanca, 28006 Madrid","Casa del encuentro artístico, Calle del Gral. Pardiñas, 114, 114bajo, Salamanca, 28006 Madrid","Calle del Gral. Pardiñas, 114, 114bajo",Salamanca,Madrid,28006,Madrid,ES,40.4363835,-3.6775979,+34605100199,https://m.facebook.com/La-Casa-del-encuentro-art%C3%ADstico-1586255481484237,facebook.com,https://www.google.com/maps/place/data=!3m1!4b1!4m2!3m1!1s0xd4229596cb1f1cf:0xdec31ec275a47701,,0,OPEN,False,Escuela de música,Escuela de música;Asociación sociocultural,music_school;art;association_or_organization;cultural_association;education;education_and_culture;educational_institution;establishment;establishment_poi;feature;hobby_classes;institute;instruction;learning;music;music_classes;music_instruction;musical_institutions;performing_arts;potentially_sensitive_entity;professional_services;public_api_establishment;services;training_courses,2,Abierto · Cierre: 21:00,APIFY_GOOGLE_MAPS_SCRAPER,0xd4229596cb1f1cf:0xdec31ec275a47701,0xd4229596cb1f1cf:0xdec31ec275a47701,16051707317424781057,2026-10-07T09:39:33.383Z,2026-10-07T09:39:33.383Z,st_asociacion-musical.json
ChIJMQNq18UpQg0RHRIKnbDXalY,Christopher Hall,PERFORMING,ORCHESTRA,orquesta,"C. de la Isla de Oza, 16, L-7A, Moncloa - Aravaca, 28035 Madrid","Christopher Hall, C. de la Isla de Oza, 16, L-7A, Moncloa - Aravaca, 28035 Madrid","C. de la Isla de Oza, 16, L-7A",Moncloa - Aravaca,Madrid,28035,Madrid,ES,40.4648341,-3.7284246999999997,+4917653735765,http://comicorchestra.com/de/contact-de,comicorchestra.com,https://www.google.com/maps/place/data=!3m1!4b1!4m2!3m1!1s0xd4229c5d76a0331:0x566ad7b09d0a121d,,0,OPEN,False,Orquesta,Orquesta,orchestra;art;entertainment;entertainment_and_recreation;establishment;establishment_poi;feature;music;performing_arts;public_api_establishment,1,,APIFY_GOOGLE_MAPS_SCRAPER,0xd4229c5d76a0331:0x566ad7b09d0a121d,0xd4229c5d76a0331:0x566ad7b09d0a121d,6227026588342030877,2026-10-06T23:08:34.431Z,2026-10-07T09:39:18.134Z,st_orquesta.json
ChIJnS0zJcwpQg0RpMl05-ZSaSM,Coro,PERFORMING,CHOIR,coro,"C. de Francos Rodríguez, Tetuán, 28039 Madrid","Coro, C. de Francos Rodríguez, Tetuán, 28039 Madrid",C. de Francos Rodríguez,Tetuán,Madrid,,Madrid,ES,40.4545317,-3.7036908,,https://www.corogospeldemadrid.com,corogospeldemadrid.com,https://www.google.com/maps/place/data=!3m1!4b1!4m2!3m1!1s0xd4229cc25332d9d:0x236952e6e774c9a4,,0,OPEN,False,Institución educativa,Institución educativa,educational_institution;education;education_and_culture;establishment;establishment_poi;feature;public_api_establishment,1,,APIFY_GOOGLE_MAPS_SCRAPER,0xd4229cc25332d9d:0x236952e6e774c9a4,0xd4229cc25332d9d:0x236952e6e774c9a4,2551661815561243044,2026-10-06T23:08:38.331Z,2026-10-07T09:39:23.600Z,st_coro.json
ChIJtwiRxs0nQg0R_nxldyhgs58,Coro Infantil CRESCENDO,PERFORMING,CHOIR,coro,"C. de Arganda, 24, Arganzuela, 28005 Madrid","Coro Infantil CRESCENDO, C. de Arganda, 24, Arganzuela, 28005 Madrid","C. de Arganda, 24",Arganzuela,Madrid,28005,Madrid,ES,40.400876499999995,-3.7069631999999997,+34671324261,http://corocrescendo.es,corocrescendo.es,https://www.google.com/maps/place/data=!3m1!4b1!4m2!3m1!1s0xd4227cdc69108b7:0x9fb3602877657cfe,,0,OPEN,False,Coro,Coro,choir;art;culture;education_and_culture;establishment;establishment_poi;feature;music;performing_arts;public_api_establishment,1,,APIFY_GOOGLE_MAPS_SCRAPER,0xd4227cdc69108b7:0x9fb3602877657cfe,0xd4227cdc69108b7:0x9fb3602877657cfe,11507647199779847422,2026-10-06T23:08:38.332Z,2026-10-07T09:39:23.600Z,st_coro.json
ChIJ__9r8HQoQg0RRuoYQIp44DE,Coro Universitario Complutense,PERFORMING,CHOIR,coro,"P.º de la Virgen del Puerto, 4, Centro, 28013 Madrid","Coro Universitario Complutense, P.º de la Virgen del Puerto, 4, Centro, 28013 Madrid","P.º de la Virgen del Puerto, 4",Centro,Madrid,28013,Madrid,ES,40.4155416,-3.7211979,+34646932315,,,https://www.google.com/maps/place/data=!3m1!4b1!4m2!3m1!1s0xd422874f06bffff:0x31e0788a4018ea46,,0,OPEN,False,location,,establishment_poi;establishment;feature;public_api_establishment,1,,APIFY_GOOGLE_MAPS_SCRAPER,0xd422874f06bffff:0x31e0788a4018ea46,0xd422874f06bffff:0x31e0788a4018ea46,3594005037817850438,2026-10-06T23:08:38.332Z,2026-10-07T09:39:23.600Z,st_coro.json
ChIJbUPXwH4oQg0R6tVWcKSzLY8,Coro Victoria,PERFORMING,CHOIR,coro,"C. de los Coloreros, 2, Centro, 28013 Madrid","Coro Victoria, C. de los Coloreros, 2, Centro, 28013 Madrid","C. de los Coloreros, 2",Centro,Madrid,28013,Madrid,ES,40.416414499999995,-3.7069099,+34655569753,http://corovictoria.org,corovictoria.org,https://www.google.com/maps/place/data=!3m1!4b1!4m2!3m1!1s0xd42287ec0d7436d:0x8f2db3a47056d5ea,,0,OPEN,True,Coro,Coro,choir;art;culture;education_and_culture;establishment;establishment_poi;feature;music;performing_arts;public_api_establishment,1,,APIFY_GOOGLE_MAPS_SCRAPER,0xd42287ec0d7436d:0x8f2db3a47056d5ea,0xd42287ec0d7436d:0x8f2db3a47056d5ea,10317099840216421866,2026-10-06T23:08:38.331Z,2026-10-07T09:39:23.600Z,st_coro.json
ChIJBUScLZEoQg0RPyu2pjIzksA,Coro de Cámara de Madrid,PERFORMING,CHOIR,coro,"C/ de Sta. Virgilia, 15, Hortaleza, 28033 Madrid","Coro de Cámara de Madrid, C/ de Sta. Virgilia, 15, Hortaleza, 28033 Madrid","C/ de Sta. Virgilia, 15",Hortaleza,Madrid,28033,Madrid,ES,40.4768993,-3.6418255,,http://corodecamarademadrid.com,corodecamarademadrid.com,https://www.google.com/maps/place/data=!3m1!4b1!4m2!3m1!1s0xd4228912d9c4405:0xc0923332a6b62b3f,,0,OPEN,True,Coro,Coro,choir;art;culture;education_and_culture;establishment;establishment_poi;feature;music;performing_arts;public_api_establishment,1,,APIFY_GOOGLE_MAPS_SCRAPER,0xd4228912d9c4405:0xc0923332a6b62b3f,0xd4228912d9c4405:0xc0923332a6b62b3f,13876209694520257343,2026-10-06T23:08:38.331Z,2026-10-07T09:39:23.600Z,st_coro.json
ChIJb6ZeZAApQg0RcQnpBhYA4-c,Coro hospital de la Princesa,PERFORMING,CHOIR,coro,"Calle de Diego de León, 62, Salamanca, 28006 Madrid","Coro hospital de la Princesa, Calle de Diego de León, 62, Salamanca, 28006 Madrid","Calle de Diego de León, 62",Salamanca,Madrid,28006,Madrid,ES,40.434417599999996,-3.6755904,,,,https://www.google.com/maps/place/data=!3m1!4b1!4m2!3m1!1s0xd422900645ea66f:0xe7e3001606e90971,,0,OPEN,False,Club musical,Club musical,musical_club;art;association_or_organization;establishment;establishment_poi;feature;music;performing_arts;potentially_sensitive_entity;public_api_establishment,1,,APIFY_GOOGLE_MAPS_SCRAPER,0xd422900645ea66f:0xe7e3001606e90971,0xd422900645ea66f:0xe7e3001606e90971,16709199137079888241,2026-10-06T23:08:38.331Z,2026-10-07T09:39:23.600Z,st_coro.json
ChIJ4y7zJ3Z2QQ0RlkOWgJ9oAGY,CorofrancisPoulenc,PERFORMING,CHOIR,coro,"Av. Complutense, 30, Moncloa - Aravaca, 28040 Madrid","CorofrancisPoulenc, Av. Complutense, 30, Moncloa - Aravaca, 28040 Madrid","Av. Complutense, 30",Moncloa - Aravaca,Madrid,28040,Madrid,ES,40.4490169,-3.7282887,,http://corofrancispoulenc.com,corofrancispoulenc.com,https://www.google.com/maps/place/data=!3m1!4b1!4m2!3m1!1s0xd41767627f32ee3:0x6600689f80964396,,0,OPEN,False,Coro,Coro,choir;art;culture;education_and_culture;establishment;establishment_poi;feature;music;performing_arts;public_api_establishment,0,Cerrado · Apertura: 19:00 (jue),APIFY_GOOGLE_MAPS_SCRAPER,0xd41767627f32ee3:0x6600689f80964396,0xd41767627f32ee3:0x6600689f80964396,7349989626135069590,2026-10-06T23:08:38.332Z,2026-10-07T09:39:23.600Z,st_coro.json
ChIJu8zCDoMpQg0RRlTGrTrmk_s,Fundación Mozart,PERFORMING,CULTURAL_ASSOCIATION;CHOIR;ORCHESTRA,asociación musical;coro;orquesta,"C. de Alfredo Marqueríe, 12, Fuencarral-El Pardo, 28034 Madrid","Fundación Mozart, C. de Alfredo Marqueríe, 12, Fuencarral-El Pardo, 28034 Madrid","C. de Alfredo Marqueríe, 12",Fuencarral-El Pardo,Madrid,28034,Madrid,ES,40.4861867,-3.7062792,+34689464978,http://fundacionmozart.com,fundacionmozart.com,https://www.google.com/maps/place/data=!3m1!4b1!4m2!3m1!1s0xd4229830ec2ccbb:0xfb93e63aadc65446,,0,OPEN,False,Fundación,Fundación;Asociación sociocultural,foundation;association_or_organization;cultural_association;education_and_culture;establishment;establishment_poi;feature;potentially_sensitive_entity;public_api_establishment,1,Abierto ahora,APIFY_GOOGLE_MAPS_SCRAPER,0xd4229830ec2ccbb:0xfb93e63aadc65446,0xd4229830ec2ccbb:0xfb93e63aadc65446,18128086064794326086,2026-10-06T23:08:44.675Z,2026-10-07T09:39:33.382Z,st_asociacion-musical.json;st_coro.json;st_orquesta.json
ChIJ_____0_DcrQRLeAX_1TGlsY,Fundación Orquesta Sinfónica Chamartín,PERFORMING,ORCHESTRA,orquesta,"C. de Chile, 25, bajo, Chamartín, 28016 Madrid","Fundación Orquesta Sinfónica Chamartín, C. de Chile, 25, bajo, Chamartín, 28016 Madrid","C. de Chile, 25, bajo",Chamartín,Madrid,28016,Madrid,ES,40.4596818,-3.6758471999999998,+34913599073,http://www.oschamartin.org,oschamartin.org,https://www.google.com/maps/place/data=!3m1!4b1!4m2!3m1!1s0xb472c34fffffffff:0xc696c654ff17e02d,,0,OPEN,False,Orquesta,Orquesta,orchestra;art;entertainment;entertainment_and_recreation;establishment;establishment_poi;feature;music;performing_arts;public_api_establishment,1,,APIFY_GOOGLE_MAPS_SCRAPER,0xb472c34fffffffff:0xc696c654ff17e02d,0xb472c34fffffffff:0xc696c654ff17e02d,14309842934375637037,2026-10-06T23:08:34.431Z,2026-10-07T09:39:18.134Z,st_orquesta.json
ChIJJxD2EIwoQg0RSOzqWQKeG9g,Fundación Orquesta de Cámara Reina Sofía,PERFORMING,ORCHESTRA,orquesta,"Calle de José Marañón, 10, 4º, Chamberí, 28012 Madrid","Fundación Orquesta de Cámara Reina Sofía, Calle de José Marañón, 10, 4º, Chamberí, 28012 Madrid","Calle de José Marañón, 10, 4º",Chamberí,Madrid,28012,Madrid,ES,40.4290875,-3.6970397,+34915913290,http://focrs.es,focrs.es,https://www.google.com/maps/place/data=!3m1!4b1!4m2!3m1!1s0xd42288c10f61027:0xd81b9e0259eaec48,,0,OPEN,False,Fundación,Fundación,foundation;association_or_organization;establishment;establishment_poi;feature;potentially_sensitive_entity;public_api_establishment,1,Abierto ahora,APIFY_GOOGLE_MAPS_SCRAPER,0xd42288c10f61027:0xd81b9e0259eaec48,0xd42288c10f61027:0xd81b9e0259eaec48,15572213869499313224,2026-10-06T23:08:34.431Z,2026-10-07T09:39:18.134Z,st_orquesta.json
ChIJsZQb8mwpQg0R5DpldByl79I,GEMA- Asociación Española de Grupos de Música Antigua,PERFORMING,CULTURAL_ASSOCIATION,asociación musical,"C. de Abdón Terradas, 4, Chamberí, 28015 Madrid","GEMA- Asociación Española de Grupos de Música Antigua, C. de Abdón Terradas, 4, Chamberí, 28015 Madrid","C. de Abdón Terradas, 4",Chamberí,Madrid,28015,Madrid,ES,40.4348072,-3.7118781999999997,+34625107309,,,https://www.google.com/maps/place/data=!3m1!4b1!4m2!3m1!1s0xd42296cf21b94b1:0xd2efa51c74653ae4,,0,OPEN,False,Asociación u organización,Asociación u organización,association_or_organization;establishment;establishment_poi;feature;potentially_sensitive_entity;public_api_establishment,1,,APIFY_GOOGLE_MAPS_SCRAPER,0xd42296cf21b94b1:0xd2efa51c74653ae4,0xd42296cf21b94b1:0xd2efa51c74653ae4,15199548809029171940,2026-10-06T23:08:44.675Z,2026-10-07T09:39:33.383Z,st_asociacion-musical.json
ChIJg35BIgApQg0RaUwl614JEsE,INSTRUMENTOS MUSICALES EL VIEJO V,PERFORMING,CULTURAL_ASSOCIATION,asociación musical,"Calle de la Independencia, 3, Centro, Centro, 28013 Madrid","INSTRUMENTOS MUSICALES EL VIEJO V, Calle de la Independencia, 3, Centro, Centro, 28013 Madrid","Calle de la Independencia, 3, Centro",Centro,Madrid,28013,Madrid,ES,40.4165383,-3.7100893999999998,+34915401672,,,https://www.google.com/maps/place/data=!3m1!4b1!4m2!3m1!1s0xd42290022417e83:0xc112095eeb254c69,,0,OPEN,False,Club musical,Club musical,musical_club;art;association_or_organization;establishment;establishment_poi;feature;music;performing_arts;potentially_sensitive_entity;public_api_establishment,1,Cerrado · Apertura: 0:00 (lun),APIFY_GOOGLE_MAPS_SCRAPER,0xd42290022417e83:0xc112095eeb254c69,0xd42290022417e83:0xc112095eeb254c69,13912192502177549417,2026-10-06T23:08:44.675Z,2026-10-07T09:39:33.383Z,st_asociacion-musical.json
ChIJ0YILBgApQg0Rhh3ybyLg9TI,Joven Orquesta Nacional de España (JONDE),PERFORMING,ORCHESTRA,orquesta,"Calle del Príncipe de Vergara, 146, Chamartín, 28002 Madrid","Joven Orquesta Nacional de España (JONDE), Calle del Príncipe de Vergara, 146, Chamartín, 28002 Madrid","Calle del Príncipe de Vergara, 146",Chamartín,Madrid,28002,Madrid,ES,40.446124,-3.6777138999999996,+34913370271,https://jonde.inaem.gob.es,inaem.gob.es,https://www.google.com/maps/place/data=!3m1!4b1!4m2!3m1!1s0xd422900060b82d1:0x32f5e0226ff21d86,,0,OPEN,False,Orquesta,Orquesta,orchestra;art;entertainment;entertainment_and_recreation;establishment;establishment_poi;feature;music;performing_arts;public_api_establishment,2,,APIFY_GOOGLE_MAPS_SCRAPER,0xd422900060b82d1:0x32f5e0226ff21d86,0xd422900060b82d1:0x32f5e0226ff21d86,3672087509702155654,2026-10-06T23:08:34.431Z,2026-10-07T09:39:18.134Z,st_orquesta.json
ChIJ59InMKovQg0RAcCRTiemHBo,La Paloma,PERFORMING,BAND,banda de música,"C. de Torrelaguna, 64, Cdad. Lineal, 28043 Madrid","La Paloma, C. de Torrelaguna, 64, Cdad. Lineal, 28043 Madrid","C. de Torrelaguna, 64",Ciudad Lineal,Madrid,28043,Madrid,ES,40.4479551,-3.6563672,,,,https://www.google.com/maps/place/data=!3m1!4b1!4m2!3m1!1s0xd422faa3027d2e7:0x1a1ca6274e91c001,,0,OPEN,False,Banda de música,Banda de música,band;art;entertainment;entertainment_and_recreation;establishment;establishment_poi;feature;music;performing_arts;public_api_establishment,0,,APIFY_GOOGLE_MAPS_SCRAPER,0xd422faa3027d2e7:0x1a1ca6274e91c001,0xd422faa3027d2e7:0x1a1ca6274e91c001,1881561432086134785,2026-10-07T09:39:12.281Z,2026-10-07T09:39:12.281Z,st_banda-de-musica.json
ChIJJ5w9dRspQg0R_4DEAlow9Us,Los parras Fans Club MLV,PERFORMING,CULTURAL_ASSOCIATION,asociación musical,"P.º de la Castellana, 91, Tetuán, 28046 Madrid","Los parras Fans Club MLV, P.º de la Castellana, 91, Tetuán, 28046 Madrid","P.º de la Castellana, 91",Tetuán,Madrid,28046,Madrid,ES,40.4504264,-3.6914634,+34722374757,,,https://www.google.com/maps/place/data=!3m1!4b1!4m2!3m1!1s0xd42291b753d9c27:0x4bf5305a02c480ff,,0,OPEN,False,Club musical,Club musical,musical_club;art;association_or_organization;establishment;establishment_poi;feature;music;performing_arts;potentially_sensitive_entity;public_api_establishment,1,,APIFY_GOOGLE_MAPS_SCRAPER,0xd42291b753d9c27:0x4bf5305a02c480ff,0xd42291b753d9c27:0x4bf5305a02c480ff,5473334085290328319,2026-10-06T23:08:44.675Z,2026-10-07T09:39:33.383Z,st_asociacion-musical.json
ChIJYWO8rRcpQg0RuTxQn9FlS4E,Malesaña,PERFORMING,CULTURAL_ASSOCIATION,asociación musical,"Calle de Fuencarral, 80, Centro, 28004 Madrid","Malesaña, Calle de Fuencarral, 80, Centro, 28004 Madrid","Calle de Fuencarral, 80",Centro,Madrid,28004,Madrid,ES,40.4265719,-3.7011941999999998,,,,https://www.google.com/maps/place/data=!3m1!4b1!4m2!3m1!1s0xd422917adbc6361:0x814b65d19f503cb9,,0,OPEN,False,Club musical,Club musical,musical_club;art;association_or_organization;establishment;establishment_poi;feature;music;performing_arts;potentially_sensitive_entity;public_api_establishment,1,,APIFY_GOOGLE_MAPS_SCRAPER,0xd422917adbc6361:0x814b65d19f503cb9,0xd422917adbc6361:0x814b65d19f503cb9,9316652205141408953,2026-10-06T23:08:44.676Z,2026-10-06T23:08:44.676Z,st_asociacion-musical.json
ChIJx3pZppUnQg0RPQ2dCS1hYsI,MasHups & producción,PERFORMING,CULTURAL_ASSOCIATION,asociación musical,"C. de Barrafon, 6, Latina, 28011 Madrid","MasHups & producción, C. de Barrafon, 6, Latina, 28011 Madrid","C. de Barrafon, 6",Latina,Madrid,28011,Madrid,ES,40.4116128,-3.7309945,+34600835643,,,https://www.google.com/maps/place/data=!3m1!4b1!4m2!3m1!1s0xd422795a6597ac7:0xc262612d099d0d3d,,0,OPEN,False,Club musical,Club musical,musical_club;art;association_or_organization;establishment;establishment_poi;feature;music;performing_arts;potentially_sensitive_entity;public_api_establishment,1,Abierto 24 horas,APIFY_GOOGLE_MAPS_SCRAPER,0xd422795a6597ac7:0xc262612d099d0d3d,0xd422795a6597ac7:0xc262612d099d0d3d,14006864637138373949,2026-10-06T23:08:44.675Z,2026-10-06T23:08:44.675Z,st_asociacion-musical.json
ChIJGZhyrpkoQg0RiOnY07WgDA0,"MusiTour, Viajes y Encuentros Musicales SL",PERFORMING,ORCHESTRA,orquesta,"C. de la Infanta Mercedes, 98, 1B, Tetuán, 28020 Madrid","MusiTour, Viajes y Encuentros Musicales SL, C. de la Infanta Mercedes, 98, 1B, Tetuán, 28020 Madrid","C. de la Infanta Mercedes, 98, 1B",Tetuán,Madrid,28020,Madrid,ES,40.4636121,-3.6932256,+34914363778,https://musitour.com,musitour.com,https://www.google.com/maps/place/data=!3m1!4b1!4m2!3m1!1s0xd422899ae729819:0xd0ca0b5d3d8e988,,0,OPEN,True,Agencia de viajes,Agencia de viajes,travel_agency;company;entertainment_and_recreation;establishment;establishment_poi;feature;professional_services;public_api_establishment;services;tourism;travel;travel_services;vacances,8,Cerrado · Apertura: 9:00,APIFY_GOOGLE_MAPS_SCRAPER,0xd422899ae729819:0xd0ca0b5d3d8e988,0xd422899ae729819:0xd0ca0b5d3d8e988,940303125017323912,2026-10-06T23:08:34.431Z,2026-10-07T09:39:18.134Z,st_orquesta.json
ChIJm3DgYpYpQg0R_Y6dj-i8NB8,Musicaliu | Musica Para Bodas Madrid,PERFORMING,BAND,banda de música,"P.º de la Castellana, 194, Chamartín, 28046 Madrid","Musicaliu | Musica Para Bodas Madrid, P.º de la Castellana, 194, Chamartín, 28046 Madrid","P.º de la Castellana, 194",Chamartín,Madrid,28046,Madrid,ES,40.4616743,-3.6889681999999997,+34613411717,http://www.musicaliu.com,musicaliu.com,https://www.google.com/maps/place/data=!3m1!4b1!4m2!3m1!1s0xd42299662e0709b:0x1f34bce88f9d8efd,,0,OPEN,True,Band,Band,band;art;entertainment;entertainment_and_recreation;establishment;establishment_poi;feature;music;performing_arts;public_api_establishment,16,Closed · Opens 10 am,APIFY_GOOGLE_MAPS_SCRAPER,0xd42299662e0709b:0x1f34bce88f9d8efd,0xd42299662e0709b:0x1f34bce88f9d8efd,2248629820992622333,2026-10-05T22:42:29.674Z,2026-10-07T09:39:12.281Z,st_banda-de-musica.json
ChIJy3GkRQ8pQg0RG-38Xavvp1E,Música para todos | Actividades musicales en Madrid,PERFORMING,CULTURAL_ASSOCIATION,asociación musical,"C. del Arenal, 20, Centro, 28013 Madrid","Música para todos | Actividades musicales en Madrid, C. del Arenal, 20, Centro, 28013 Madrid","C. del Arenal, 20",Centro,Madrid,28013,Madrid,ES,40.4176368,-3.7073004999999997,+34649237661,https://www.musicaparatodos.eu,musicaparatodos.eu,https://www.google.com/maps/place/data=!3m1!4b1!4m2!3m1!1s0xd42290f45a471cb:0x51a7efab5dfced1b,,0,OPEN,True,Empresa de organización de eventos,Empresa de organización de eventos;Organizador de eventos,event_management_company;art;ceremonial_occasions;establishment;establishment_poi;feature;music;music_management_and_promotion;musician_and_composer;party;party_planner;performing_arts;professional_services;public_api_establishment;services;weddings,3,Cerrado · Apertura: 8:30,APIFY_GOOGLE_MAPS_SCRAPER,0xd42290f45a471cb:0x51a7efab5dfced1b,0xd42290f45a471cb:0x51a7efab5dfced1b,5883934957478145307,2026-10-06T23:08:44.675Z,2026-10-07T09:39:33.382Z,st_asociacion-musical.json
ChIJDxg15e0uQg0RCBCr7tX8S-o,Músicos a Domicilio,PERFORMING,CULTURAL_ASSOCIATION,asociación musical,"C. de Gualanday, 2, Bajo B, Hortaleza, 28033 Madrid","Músicos a Domicilio, C. de Gualanday, 2, Bajo B, Hortaleza, 28033 Madrid","C. de Gualanday, 2, Bajo B",Hortaleza,Madrid,28033,Madrid,ES,40.4716115,-3.632533,+34609043628,,,https://www.google.com/maps/place/data=!3m1!4b1!4m2!3m1!1s0xd422eede535180f:0xea4bfcd5eeab1008,,0,OPEN,False,Club musical,Club musical,musical_club;art;association_or_organization;establishment;establishment_poi;feature;music;performing_arts;potentially_sensitive_entity;public_api_establishment,1,,APIFY_GOOGLE_MAPS_SCRAPER,0xd422eede535180f:0xea4bfcd5eeab1008,0xd422eede535180f:0xea4bfcd5eeab1008,16882865623890857992,2026-10-06T23:08:44.676Z,2026-10-06T23:08:44.676Z,st_asociacion-musical.json
ChIJE6ju60spQg0RAY6DAgixSw4,Orquesta Allegro,PERFORMING,ORCHESTRA,orquesta,"C. del Jazmín, 46, Cdad. Lineal, 28033 Madrid","Orquesta Allegro, C. del Jazmín, 46, Cdad. Lineal, 28033 Madrid","C. del Jazmín, 46",Ciudad Lineal,Madrid,28033,Madrid,ES,40.47915,-3.6663617,,http://orquestaallegro.org,orquestaallegro.org,https://www.google.com/maps/place/data=!3m1!4b1!4m2!3m1!1s0xd42294bebeea813:0xe4bb10802838e01,,0,OPEN,False,Orquesta,Orquesta,orchestra;art;entertainment;entertainment_and_recreation;establishment;establishment_poi;feature;music;performing_arts;public_api_establishment,1,,APIFY_GOOGLE_MAPS_SCRAPER,0xd42294bebeea813:0xe4bb10802838e01,0xd42294bebeea813:0xe4bb10802838e01,1030111587744321025,2026-10-06T23:08:34.431Z,2026-10-07T09:39:18.134Z,st_orquesta.json
ChIJWXy0HX4oQg0RPXqRuDWPSnk,Orquesta Bodas Madrid,PERFORMING,ORCHESTRA,orquesta,"Prta del Sol, 13, Centro, 28013 Madrid","Orquesta Bodas Madrid, Prta del Sol, 13, Centro, 28013 Madrid","Prta del Sol, 13",Centro,Madrid,28013,Madrid,ES,40.4172515,-3.7027417999999996,+34653667120,,,https://www.google.com/maps/place/data=!3m1!4b1!4m2!3m1!1s0xd42287e1db47c59:0x794a8f35b8917a3d,,0,OPEN,False,Orquesta,Orquesta,orchestra;art;entertainment;entertainment_and_recreation;establishment;establishment_poi;feature;music;performing_arts;public_api_establishment,1,,APIFY_GOOGLE_MAPS_SCRAPER,0xd42287e1db47c59:0x794a8f35b8917a3d,0xd42287e1db47c59:0x794a8f35b8917a3d,8739955487758449213,2026-10-06T23:08:34.431Z,2026-10-07T09:39:18.134Z,st_orquesta.json
ChIJsb1hnzomQg0Rx4W4GyR8NQU,Orquesta Sinfónica Orbis,PERFORMING,ORCHESTRA,orquesta,"C. de Canarias, 38, Loc 17, Arganzuela, 28045 Madrid","Orquesta Sinfónica Orbis, C. de Canarias, 38, Loc 17, Arganzuela, 28045 Madrid","C. de Canarias, 38, Loc 17",Arganzuela,Madrid,28045,Madrid,ES,40.401759299999995,-3.6925296,+34658055443,https://www.sinfonicaorbis.com/contacto,sinfonicaorbis.com,https://www.google.com/maps/place/data=!3m1!4b1!4m2!3m1!1s0xd42263a9f61bdb1:0x5357c241bb885c7,,0,OPEN,False,location,,establishment_poi;establishment;feature;public_api_establishment,1,,APIFY_GOOGLE_MAPS_SCRAPER,0xd42263a9f61bdb1:0x5357c241bb885c7,0xd42263a9f61bdb1:0x5357c241bb885c7,375342638481049031,2026-10-06T23:08:34.431Z,2026-10-07T09:39:18.134Z,st_orquesta.json
ChIJw9Ka-j0nQg0RTf8VXVoFGgc,Orquesta-Escuela del Barrio,PERFORMING,ORCHESTRA,orquesta,"C. de las Aguas, 1, Centro, 28005 Madrid","Orquesta-Escuela del Barrio, C. de las Aguas, 1, Centro, 28005 Madrid","C. de las Aguas, 1",Centro,Madrid,28005,Madrid,ES,40.4104027,-3.7119240999999996,,https://orquestaescueladelbarrio.org,orquestaescueladelbarrio.org,https://www.google.com/maps/place/data=!3m1!4b1!4m2!3m1!1s0xd42273dfa9ad2c3:0x71a055a5d15ff4d,,0,OPEN,False,Escuela de música,Escuela de música,music_school;art;education;education_and_culture;educational_institution;establishment;establishment_poi;feature;hobby_classes;institute;instruction;learning;music;music_classes;music_instruction;musical_institutions;performing_arts;professional_services;public_api_establishment;services;training_courses,1,,APIFY_GOOGLE_MAPS_SCRAPER,0xd42273dfa9ad2c3:0x71a055a5d15ff4d,0xd42273dfa9ad2c3:0x71a055a5d15ff4d,511727393326890829,2026-10-06T23:08:34.431Z,2026-10-07T09:39:18.134Z,st_orquesta.json
ChIJAQCwyN4uQg0RR1TWMHh4Bp4,SINAIA,PERFORMING,BAND,banda de música,"C. de Ulises, 91, Hortaleza, 28043 Madrid","SINAIA, C. de Ulises, 91, Hortaleza, 28043 Madrid","C. de Ulises, 91",Hortaleza,Madrid,28043,Madrid,ES,40.4589054,-3.6465242,+34657278256,http://sinaiarock.com,sinaiarock.com,https://www.google.com/maps/place/data=!3m1!4b1!4m2!3m1!1s0xd422edec8b00001:0x9e06787830d65447,,0,OPEN,False,Banda de música,Banda de música,band;art;entertainment;entertainment_and_recreation;establishment;establishment_poi;feature;music;performing_arts;public_api_establishment,1,,APIFY_GOOGLE_MAPS_SCRAPER,0xd422edec8b00001:0x9e06787830d65447,0xd422edec8b00001:0x9e06787830d65447,11386921165463639111,2026-10-07T09:39:12.281Z,2026-10-07T09:39:12.281Z,st_banda-de-musica.json
ChIJTXTeCQApQg0R4_naGVdCUFM,eGalo Eventos Musicales,PERFORMING,BAND,banda de música,"C. de San Bernardo, 123, Chamberí, 28015 Madrid","eGalo Eventos Musicales, C. de San Bernardo, 123, Chamberí, 28015 Madrid","C. de San Bernardo, 123",Chamberí,Madrid,28015,Madrid,ES,40.4331411,-3.7048061999999997,+34607807803,https://egalo.es,egalo.es,https://www.google.com/maps/place/data=!3m1!4b1!4m2!3m1!1s0xd42290009de744d:0x5350425719daf9e3,,0,OPEN,False,Banda de música,Banda de música,band;art;entertainment;entertainment_and_recreation;establishment;establishment_poi;feature;music;performing_arts;public_api_establishment,0,,APIFY_GOOGLE_MAPS_SCRAPER,0xd42290009de744d:0x5350425719daf9e3,0xd42290009de744d:0x5350425719daf9e3,6003371245148240355,2026-10-07T09:39:12.281Z,2026-10-07T09:39:12.281Z,st_banda-de-musica.json
ChIJ5c7SPjsrQg0RlOSBsFAh2fE,manager2024group,PERFORMING,BAND,banda de música,"C. de Braille, 14, 6D, Fuencarral-El Pardo, 28034 Madrid","manager2024group, C. de Braille, 14, 6D, Fuencarral-El Pardo, 28034 Madrid","C. de Braille, 14, 6D",Fuencarral-El Pardo,Madrid,28034,Madrid,ES,40.496186099999996,-3.6942817999999997,+34663484833,,,https://www.google.com/maps/place/data=!3m1!4b1!4m2!3m1!1s0xd422b3b3ed2cee5:0xf1d92150b081e494,,0,OPEN,True,Banda de música,Banda de música,band;art;entertainment;entertainment_and_recreation;establishment;establishment_poi;feature;music;performing_arts;public_api_establishment,1,Abierto 24 horas,APIFY_GOOGLE_MAPS_SCRAPER,0xd422b3b3ed2cee5:0xf1d92150b081e494,0xd422b3b3ed2cee5:0xf1d92150b081e494,17426996863529247892,2026-10-07T09:39:12.281Z,2026-10-07T09:39:12.281Z,st_banda-de-musica.json
ChIJVVUpTNooQg0RnLuvj5fiH6A,"ÁFRICA SAWABONA,",PERFORMING,CHOIR,coro,"C. de San Modesto, 38, Fuencarral-El Pardo, 28034 Madrid","ÁFRICA SAWABONA,, C. de San Modesto, 38, Fuencarral-El Pardo, 28034 Madrid","C. de San Modesto, 38",Fuencarral-El Pardo,Madrid,28034,Madrid,ES,40.4862567,-3.6923139,+34915664640,http://www.africasawabona.org,africasawabona.org,https://www.google.com/maps/place/data=!3m1!4b1!4m2!3m1!1s0xd4228da4c295555:0xa01fe2978fafbb9c,,0,OPEN,True,Asociación u organización,Asociación u organización,association_or_organization;establishment;establishment_poi;feature;potentially_sensitive_entity;public_api_establishment,1,,APIFY_GOOGLE_MAPS_SCRAPER,0xd4228da4c295555:0xa01fe2978fafbb9c,0xd4228da4c295555:0xa01fe2978fafbb9c,11538189910925097884,2026-10-06T23:08:38.332Z,2026-10-07T09:39:23.600Z,st_coro.json
ChIJdwbjv9UnQg0RH0Vm90kjp_Y,Basik Sessions,PERFORMING;CULTURAL_INFRASTRUCTURE,CULTURAL_ASSOCIATION;CONCERT_HALL,asociación musical;sala de conciertos,"C. de Piamonte, 23, Centro, Centro, 28004 Madrid","Basik Sessions, C. de Piamonte, 23, Centro, Centro, 28004 Madrid","C. de Piamonte, 23, Centro",Centro,Madrid,28004,Madrid,ES,40.423186799999996,-3.6945770999999996,+34665647645,https://basikmusic.es/basiksessions,basikmusic.es,https://www.google.com/maps/place/data=!3m1!4b1!4m2!3m1!1s0xd4227d5bfe30677:0xf6a72349f766451f,4.9,32,OPEN,True,Club musical,Club musical;Sala de conciertos;Recinto para eventos;Organizador de eventos,musical_club;art;association_or_organization;auditorium;ceremonial_occasions;concert_hall;culture;education_and_culture;entertainment;entertainment_and_recreation;establishment;establishment_poi;event_venue;feature;hall;live_music_venue;music;nightlife;party;party_planner;performing_arts;potentially_sensitive_entity;professional_services;public_api_establishment;services;weddings,40,,APIFY_GOOGLE_MAPS_SCRAPER,0xd4227d5bfe30677:0xf6a72349f766451f,0xd4227d5bfe30677:0xf6a72349f766451f,17773213255031211295,2026-10-06T23:08:44.675Z,2026-10-07T09:40:50.940Z,st_asociacion-musical.json;st_sala-de-conciertos.json
ChIJK4-pXh8pQg0R5IgFTJnTc3M,Moe,PERFORMING;CULTURAL_INFRASTRUCTURE,CULTURAL_ASSOCIATION;CONCERT_HALL,asociación musical;sala de conciertos,"Av. de Alberto Alcocer, 32, Chamartín, 28036 Madrid","Moe, Av. de Alberto Alcocer, 32, Chamartín, 28036 Madrid","Av. de Alberto Alcocer, 32",Chamartín,Madrid,28036,Madrid,ES,40.4583984,-3.6828651,,https://www.moeclub.com,moeclub.com,https://www.google.com/maps/place/data=!3m1!4b1!4m2!3m1!1s0xd42291f5ea98f2b:0x7373d3994c0588e4,4.4,1234,OPEN,True,Bar con música en directo,Bar con música en directo;Club;Sala de conciertos;Pub,live_music_bar;art;association_or_organization;auditorium;bar;bars_and_pubs;beverages;club;concert_hall;culture;education_and_culture;entertainment;entertainment_and_recreation;establishment;establishment_poi;event_venue;feature;food_and_drink;hall;live_music_venue;music;nightlife;performing_arts;potentially_sensitive_entity;pub;public_api_establishment,492,Abierto · Cierre: 5:30 · Próxima apertura: 21:00,APIFY_GOOGLE_MAPS_SCRAPER,0xd42291f5ea98f2b:0x7373d3994c0588e4,0xd42291f5ea98f2b:0x7373d3994c0588e4,8319225592042326244,2026-10-06T23:08:44.675Z,2026-10-07T09:40:50.939Z,st_asociacion-musical.json;st_sala-de-conciertos.json
ChIJk28zPZspQg0RsLPRWgrLaHE,Sala Starving,PERFORMING;CULTURAL_INFRASTRUCTURE,CULTURAL_ASSOCIATION;CONCERT_HALL,asociación musical;sala de conciertos,"C. de Fermín Caballero, 69 posterior, Loc 2, Fuencarral-El Pardo, 28034 Madrid","Sala Starving, C. de Fermín Caballero, 69 posterior, Loc 2, Fuencarral-El Pardo, 28034 Madrid","C. de Fermín Caballero, 69 posterior, Loc 2",Fuencarral-El Pardo,Madrid,28034,Madrid,ES,40.4821174,-3.7120651,+34697723509,https://www.facebook.com/Starving-Conciertos-179420192113820,facebook.com,https://www.google.com/maps/place/data=!3m1!4b1!4m2!3m1!1s0xd42299b3d336f93:0x7168cb0a5ad1b3b0,4,670,OPEN,True,Pub,Pub;Sala de conciertos,pub;art;auditorium;bar;bars_and_pubs;beverages;concert_hall;culture;education_and_culture;entertainment;entertainment_and_recreation;establishment;establishment_poi;event_venue;feature;food_and_drink;hall;live_music_venue;music;nightlife;performing_arts;public_api_establishment,229,Cerrado · Apertura: 23:30 (jue),APIFY_GOOGLE_MAPS_SCRAPER,0xd42299b3d336f93:0x7168cb0a5ad1b3b0,0xd42299b3d336f93:0x7168cb0a5ad1b3b0,8172004769197568944,2026-10-06T23:08:44.675Z,2026-10-07T09:40:50.937Z,st_asociacion-musical.json;st_sala-de-conciertos.json
ChIJk7z3WQApQg0R6fjkw16VdVU,Taller de Música,PERFORMING;EDUCATION;MUSIC_PRODUCTION,BAND;MUSIC_SCHOOL;PRODUCER;PRIVATE_TEACHER,banda de música;escuela de música;productor musical;profesor de música,"Pl. de Mondariz, 10, Fuencarral-El Pardo, 28029 Madrid","Taller de Música, Pl. de Mondariz, 10, Fuencarral-El Pardo, 28029 Madrid","Pl. de Mondariz, 10",Fuencarral-El Pardo,Madrid,28029,Madrid,ES,40.4780829,-3.7050121999999996,+34695644998,https://andrestosti.com/taller-de-musica,andrestosti.com,https://www.google.com/maps/place/data=!3m1!4b1!4m2!3m1!1s0xd42290059f7bc93:0x5575955ec3e4f8e9,5,8,OPEN,True,Band,Band;Music school,music_school;art;band;education;education_and_culture;educational_institution;entertainment;entertainment_and_recreation;establishment;establishment_poi;feature;hobby_classes;institute;instruction;learning;music;music_classes;music_instruction;musical_institutions;performing_arts;professional_services;public_api_establishment;services;training_courses,12,,APIFY_GOOGLE_MAPS_SCRAPER,0xd42290059f7bc93:0x5575955ec3e4f8e9,0xd42290059f7bc93:0x5575955ec3e4f8e9,6157992299745048809,2026-10-05T22:42:29.673Z,2026-10-07T09:40:41.315Z,st_banda-de-musica.json;st_escuela-de-musica.json;st_productor-musical.json;st_profesor-de-musica.json
ChIJmRG0VkJII2wRyOIcZtcyEt0,Grupo de música para bodas y eventos | Los perrostratos,PERFORMING;INSTRUMENTS,BAND;DISTRIBUTION;ORCHESTRA,banda de música;distribuidor de instrumentos musicales;orquesta,"San Blas, 28032 Madrid","Grupo de música para bodas y eventos | Los perrostratos, San Blas-Canillejas, 28032 Madrid",,San Blas,Madrid,28032,Madrid,ES,40.4205055,-3.6118207,+34611090840,https://losperrostratos.es,losperrostratos.es,https://www.google.com/maps/place/data=!3m1!4b1!4m2!3m1!1s0x6c23484256b41199:0xdd1232d7661ce2c8,5,58,OPEN,True,Band,Band;Music management and promotion,band;art;entertainment;entertainment_and_recreation;establishment;establishment_poi;feature;music;music_management_and_promotion;performing_arts;professional_services;public_api_establishment;services,55,Open 24 hours,APIFY_GOOGLE_MAPS_SCRAPER,0x6c23484256b41199:0xdd1232d7661ce2c8,0x6c23484256b41199:0xdd1232d7661ce2c8,15929850732675392200,2026-10-05T22:42:29.673Z,2026-10-07T09:39:52.372Z,st_banda-de-musica.json;st_distribuidor-de-instrumentos-musicales.json;st_orquesta.json
ChIJi4hl62ApQg0Rl68yRVzOaXs,Musicland Madrid Studios,PERFORMING;MUSIC_PRODUCTION,CULTURAL_ASSOCIATION;RECORDING_STUDIO;REHEARSAL_ROOM,asociación musical;estudio de grabación;sala de ensayo,"C. de la Pl., 17, Hortaleza, 28043 Madrid","Musicland Madrid Studios, C. de la Pl., 17, Hortaleza, 28043 Madrid","C. de la Pl., 17",Hortaleza,Madrid,28043,Madrid,ES,40.4590975,-3.6466727999999997,+34695818374,https://www.musiclandmadrid.com,musiclandmadrid.com,https://www.google.com/maps/place/data=!3m1!4b1!4m2!3m1!1s0xd422960eb65888b:0x7b69ce5c4532af97,5,10,OPEN,True,Club musical,Club musical,musical_club;art;association_or_organization;establishment;establishment_poi;feature;music;performing_arts;potentially_sensitive_entity;public_api_establishment,2,Abierto 24 horas,APIFY_GOOGLE_MAPS_SCRAPER,0xd422960eb65888b:0x7b69ce5c4532af97,0xd422960eb65888b:0x7b69ce5c4532af97,8892865834913017751,2026-10-06T23:08:44.675Z,2026-10-07T09:40:36.589Z,st_asociacion-musical.json;st_estudio-de-grabacion.json;st_sala-de-ensayo.json
ChIJh5Em348vQg0Rs-gg_neCzPI,Locales de Ensayo Rufino,PERFORMING;MUSIC_PRODUCTION,CULTURAL_ASSOCIATION;REHEARSAL_ROOM,asociación musical;sala de ensayo,"C. de Rufino González, 14, San Blas-Canillejas, 28037 Madrid","Locales de Ensayo Rufino, C. de Rufino González, 14, San Blas-Canillejas, 28037 Madrid","C. de Rufino González, 14",San Blas-Canillejas,Madrid,28037,Madrid,ES,40.4395263,-3.627837,+34692684697,http://www.localesrufino.es,localesrufino.es,https://www.google.com/maps/place/data=!3m1!4b1!4m2!3m1!1s0xd422f8fdf269187:0xf2cc8277fe20e8b3,4.7,74,OPEN,True,Club musical,Club musical,musical_club;art;association_or_organization;establishment;establishment_poi;feature;music;performing_arts;potentially_sensitive_entity;public_api_establishment,3,Abierto 24 horas,APIFY_GOOGLE_MAPS_SCRAPER,0xd422f8fdf269187:0xf2cc8277fe20e8b3,0xd422f8fdf269187:0xf2cc8277fe20e8b3,17495502104303823027,2026-10-06T23:08:44.675Z,2026-10-07T09:40:36.588Z,st_asociacion-musical.json;st_sala-de-ensayo.json
ChIJgSoxApAoQg0RZScSJF-OK2U,Unión Musical Ediciones / Wise Music Group,PERFORMING;MUSIC_PRODUCTION,CULTURAL_ASSOCIATION;PUBLISHER,asociación musical;editorial musical,"Calle del Marqués de la Ensenada, 4, Centro, 28004 Madrid","Unión Musical Ediciones / Wise Music Group, Calle del Marqués de la Ensenada, 4, Centro, 28004 Madrid","Calle del Marqués de la Ensenada, 4",Centro,Madrid,28004,Madrid,ES,40.4238223,-3.6926365999999997,+34913084040,https://es.wisemusiccreative.com,wisemusiccreative.com,https://www.google.com/maps/place/data=!3m1!4b1!4m2!3m1!1s0xd42289002312a81:0x652b8e5f24122765,4,5,OPEN,True,Editorial,Editorial,publisher;b_to_b_companies;books;company;establishment;establishment_poi;feature;media;printing_industry;public_api_establishment,2,Cerrado · Apertura: 8:30,APIFY_GOOGLE_MAPS_SCRAPER,0xd42289002312a81:0x652b8e5f24122765,0xd42289002312a81:0x652b8e5f24122765,7290076961107486565,2026-10-06T23:08:44.675Z,2026-10-07T09:40:46.249Z,st_asociacion-musical.json;st_editorial-musical.json
ChIJhy0JOpspQg0R7b6xe9urVcc,Rama Lama Music,PERFORMING;MUSIC_PRODUCTION;INSTRUMENTS,BAND;PUBLISHER;RETAIL,banda de música;editorial musical;tienda de instrumentos musicales,"C. de Fermín Caballero, 62, Fuencarral-El Pardo, 28034 Madrid","Rama Lama Music, C. de Fermín Caballero, 62, Fuencarral-El Pardo, 28034 Madrid","C. de Fermín Caballero, 62",Fuencarral-El Pardo,Madrid,28034,Madrid,ES,40.483225,-3.7096123,+34915217159,https://www.ramalama.es,ramalama.es,https://www.google.com/maps/place/data=!3m1!4b1!4m2!3m1!1s0xd42299b3a092d87:0xc755abdb7bb1beed,4.8,10,OPEN,True,Productora discográfica,Productora discográfica;Tienda de discos,record_company;art;b_to_b_companies;books;company;design_services;establishment;establishment_poi;feature;industry;manufacturer;media;music;music_store;performing_arts;photography;printing_industry;production;public_api_establishment;publisher;record_store;shopping;store;video,6,Abierto 24 horas,APIFY_GOOGLE_MAPS_SCRAPER,0xd42299b3a092d87:0xc755abdb7bb1beed,0xd42299b3a092d87:0xc755abdb7bb1beed,14363575545729498861,2026-10-07T09:39:12.281Z,2026-10-07T09:40:46.249Z,st_banda-de-musica.json;st_editorial-musical.json;st_tienda-de-instrumentos-musicales.json
ChIJ3UuSEEIpQg0RE7M287DxmJg,Aula de Musicoterapia,UNMAPPED,UNMAPPED,"escuela de música, conservatorio, academia de música, banda de música, orquesta, coro, asociación musical, tienda de instrumentos musicales, luthier, reparación de instrumentos musicales, estudio de grabación, sala de ensayo","Fuencarral-El Pardo, 28029 Madrid","Aula de Musicoterapia, Fuencarral-El Pardo, 28029 Madrid",,Fuencarral-El Pardo,Madrid,28029,Madrid,ES,40.477541699999996,-3.7104127,+34667432505,https://www.aulamusicoterapia.com,aulamusicoterapia.com,https://www.google.com/maps/place/data=!3m1!4b1!4m2!3m1!1s0xd42294210924bdd:0x9898f1b0f336b313,5,1,OPEN,False,Educational institution,Educational institution,educational_institution;education;education_and_culture;establishment;establishment_poi;feature;public_api_establishment,5,Closed · Opens 11 am,APIFY_GOOGLE_MAPS_SCRAPER,0xd42294210924bdd:0x9898f1b0f336b313,0xd42294210924bdd:0x9898f1b0f336b313,10995804232522052371,2026-10-05T22:12:09.702Z,2026-10-05T22:12:09.702Z,tabla00.json
ChIJW49dLC4vQg0RuJpa6y1Avrg,La Pecera Escuela De Musica,UNMAPPED,UNMAPPED,"escuela de música, conservatorio, academia de música, banda de música, orquesta, coro, asociación musical, tienda de instrumentos musicales, luthier, reparación de instrumentos musicales, estudio de grabación, sala de ensayo","Calle Lucano, 17, C. del Canal del Bósforo, 38, Puerta trasera, 28022 Madrid","La Pecera Escuela De Musica, Calle Lucano, 17, C. del Canal del Bósforo, 38, Puerta trasera, 28022 Madrid","Calle Lucano, 17, C. del Canal del Bósforo, 38, Puerta trasera",San Blas,Madrid,28022,Madrid,ES,40.4397303,-3.6103101,+34640727664,https://lapeceraescuelademusica.es,lapeceraescuelademusica.es,https://www.google.com/maps/place/data=!3m1!4b1!4m2!3m1!1s0xd422f2e2c5d8f5b:0xb8be402deb5a9ab8,4.9,49,OPEN,True,Musician and composer,Musician and composer,musician_and_composer;art;establishment;establishment_poi;feature;music;performing_arts;public_api_establishment,79,Closed · Opens 9 am,APIFY_GOOGLE_MAPS_SCRAPER,0xd422f2e2c5d8f5b:0xb8be402deb5a9ab8,0xd422f2e2c5d8f5b:0xb8be402deb5a9ab8,13312148114520054456,2026-10-05T22:12:09.702Z,2026-10-05T22:12:09.702Z,tabla00.json
ChIJ-X6alvKFQQ0RJKV5xPtLmm0,Musical Luthier,CRAFT_AND_REPAIR,LUTHIER,luthier,"C. de Hernán Cortés, 6, 28220 Majadahonda, Madrid","Musical Luthier, C. de Hernán Cortés, 6, 28220 Majadahonda, Madrid","C. de Hernán Cortés, 6",,Majadahonda,28220,Madrid,ES,40.4733142,-3.8702058999999998,+34609778316,https://www.instagram.com/musicalluthier?igsh=djBmZTZoczgxeTdi,instagram.com,https://www.google.com/maps/place/data=!3m1!4b1!4m2!3m1!1s0xd4185f2969a7ef9:0x6d9a4bfbc479a524,5,78,OPEN,True,Musical instrument store,Musical instrument store,musical_instrument_store;art;establishment;establishment_poi;feature;music;music_store;performing_arts;public_api_establishment;sheet_music_and_musical_instruments;shopping;store,22,Closed · Opens 10 am,APIFY_GOOGLE_MAPS_SCRAPER,0xd4185f2969a7ef9:0x6d9a4bfbc479a524,0xd4185f2969a7ef9:0x6d9a4bfbc479a524,7897708441252767012,2026-10-05T22:34:08.625Z,2026-10-07T09:39:56.474Z,st_luthier.json
ChIJJ0qem4yEQQ0Rq10C32dcWs0,Conservatorio Profesional de Música Majadahonda,EDUCATION,CONSERVATORY,conservatorio,"Pl. Cristóbal Colón, s/n, 28220 Majadahonda, Madrid","Conservatorio Profesional de Música Majadahonda, Pl. Cristóbal Colón, s/n, 28220 Majadahonda, Madrid","Pl. Cristóbal Colón, s/n",,Majadahonda,28220,Madrid,ES,40.468697399999996,-3.8702231,+34916384345,https://site.educa.madrid.org/cpm.majadahonda,madrid.org,https://www.google.com/maps/place/data=!3m1!4b1!4m2!3m1!1s0xd41848c9b9e4a27:0xcd5a5c67df025dab,4.1,29,OPEN,False,Conservatorio de música,Conservatorio de música,conservatory_of_music;art;culture;education;education_and_culture;educational_institution;establishment;establishment_poi;feature;instruction;music;musical_institutions;performing_arts;public_api_establishment;school;training_courses,1,Cerrado · Apertura: 10:00,APIFY_GOOGLE_MAPS_SCRAPER,0xd41848c9b9e4a27:0xcd5a5c67df025dab,0xd41848c9b9e4a27:0xcd5a5c67df025dab,14797241126872047019,2026-10-06T23:05:57.620Z,2026-10-07T09:38:49.885Z,st_conservatorio.json
ChIJhVV7Qo6EQQ0RwP8zdcJ4AxY,AGL Musical,INSTRUMENTS,DISTRIBUTION;RETAIL,distribuidor de instrumentos musicales;tienda de instrumentos musicales,"Calle del Dr Calero, 21, 28220 Majadahonda, Madrid","AGL Musical, Calle del Dr Calero, 21, 28220 Majadahonda, Madrid","Calle del Dr Calero, 21",,Majadahonda,28220,Madrid,ES,40.4740314,-3.8708533999999997,+34912543900,http://www.aglmusical.com,aglmusical.com,https://www.google.com/maps/place/data=!3m1!4b1!4m2!3m1!1s0xd41848e427b5585:0x160378c27533ffc0,4.5,261,OPEN,True,Tienda de instrumentos musicales,Tienda de instrumentos musicales;Tienda de guitarras,musical_instrument_store;art;establishment;establishment_poi;feature;guitar_store;music;music_store;performing_arts;public_api_establishment;sheet_music_and_musical_instruments;shopping;store,175,Cerrado · Apertura: 10:00,APIFY_GOOGLE_MAPS_SCRAPER,0xd41848e427b5585:0x160378c27533ffc0,0xd41848e427b5585:0x160378c27533ffc0,1586244270349877184,2026-10-06T23:08:56.054Z,2026-10-07T09:39:52.371Z,st_distribuidor-de-instrumentos-musicales.json;st_tienda-de-instrumentos-musicales.json
ChIJ577gzXqEQQ0R5GpsFZmyxUI,Asociación Orquesta Villa de Madrid,PERFORMING,ORCHESTRA,orquesta,"C. de la Tramontana, 23, 28221 Majadahonda, Madrid","Asociación Orquesta Villa de Madrid, C. de la Tramontana, 23, 28221 Majadahonda, Madrid","C. de la Tramontana, 23",,Majadahonda,28221,Madrid,ES,40.4793654,-3.8571923999999997,+34916345962,http://orquestavillademadrid.com,orquestavillademadrid.com,https://www.google.com/maps/place/data=!3m1!4b1!4m2!3m1!1s0xd41847acde0bee7:0x42c5b299156c6ae4,,0,OPEN,False,Asociación u organización,Asociación u organización,association_or_organization;establishment;establishment_poi;feature;potentially_sensitive_entity;public_api_establishment,1,,APIFY_GOOGLE_MAPS_SCRAPER,0xd41847acde0bee7:0x42c5b299156c6ae4,0xd41847acde0bee7:0x42c5b299156c6ae4,4811448147474410212,2026-10-06T23:08:34.431Z,2026-10-07T09:39:18.134Z,st_orquesta.json
ChIJz58AvSSMQQ0R_brtWqLEsrg,Fiat Ascauto,CRAFT_AND_REPAIR,BRASS_REPAIR,reparación instrumentos de metal,"C. de Simón Hernández, 71, 28937 Móstoles, Madrid","Fiat Ascauto, C. de Simón Hernández, 71, 28937 Móstoles, Madrid","C. de Simón Hernández, 71",,Móstoles,28937,Madrid,ES,40.3164285,-3.8468627,+34916003800,https://www.ascauto.com,ascauto.com,https://www.google.com/maps/place/data=!3m1!4b1!4m2!3m1!1s0xd418c24bd009fcf:0xb8b2c4a25aedbafd,3.9,1062,OPEN,True,Concesionario Fiat,Concesionario Fiat;Taller de chapa y pintura;Compraventa de automóviles;Tienda de piezas de automóvil;Agencia de alquiler de coches;Taller mecánico;Concesionario de automóviles;Agencia de alquiler de furgonetas,fiat_dealer;auto_body_shop;auto_broker;auto_parts_market;auto_repair_shop;automotive;business_related;business_service;car_dealer;car_rental_agency;car_repair;company;drive;entertainment_and_recreation;establishment;establishment_poi;feature;gas_and_automotive;home_services;homes;market;mechanic;motor_vehicle_dealer;peinture;places_of_interest;professional_services;public_api_establishment;rental;repairs;services;shopping;store;tourism;travel;travel_services;vacances;van_rental_agency;vehicle_dealers;vehicle_rental,224,Cerrado · Apertura: 7:00,APIFY_GOOGLE_MAPS_SCRAPER,0xd418c24bd009fcf:0xb8b2c4a25aedbafd,0xd418c24bd009fcf:0xb8b2c4a25aedbafd,13308916050422512381,2026-10-06T23:09:07.202Z,2026-10-07T09:40:16.359Z,st_reparacion-instrumentos-de-metal.json
ChIJoT9fXnWPQQ0R0F7lkllKH3E,Cazador de Sonidos Luthier Taller de Instrumentos Musicales de Viento,CRAFT_AND_REPAIR,WOODWIND_REPAIR,reparación instrumentos de viento,"C. de Joaquín Blume, 11, 10D, 28935 Móstoles, Madrid","Cazador de Sonidos Luthier Taller de Instrumentos Musicales de Viento, C. de Joaquín Blume, 11, 10D, 28935 Móstoles, Madrid","C. de Joaquín Blume, 11, 10D",,Móstoles,28935,Madrid,ES,40.3288739,-3.8860148,+34605910518,,,https://www.google.com/maps/place/data=!3m1!4b1!4m2!3m1!1s0xd418f755e5f3fa1:0x711f4a5992e55ed0,,0,OPEN,False,Constructor,Constructor,home_builder;builder;business_related;business_service;company;construction;construction_and_planning_services;construction_company;contractor;establishment;establishment_poi;feature;general_contractor;homes;professional_services;public_api_establishment;repairs;services;services_companies;tradesperson,3,Abierto ahora,APIFY_GOOGLE_MAPS_SCRAPER,0xd418f755e5f3fa1:0x711f4a5992e55ed0,0xd418f755e5f3fa1:0x711f4a5992e55ed0,8151315599140937424,2026-10-06T23:09:03.792Z,2026-10-07T09:40:07.619Z,st_reparacion-instrumentos-de-viento.json
ChIJpTCBLyqMQQ0ROWN7Nt4KspE,Conservatorio Profesional de Música Rodolfo Halffter,EDUCATION,CONSERVATORY,conservatorio,"C. Canarias, 10, 28931 Móstoles, Madrid","Conservatorio Profesional de Música Rodolfo Halffter, C. Canarias, 10, 28931 Móstoles, Madrid","C. Canarias, 10",,Móstoles,28931,Madrid,ES,40.324211999999996,-3.8607715,+34916647690,https://www.comunidad.madrid/centros/conservatorio-profesional-musica-rodolfo-halffter,comunidad.madrid,https://www.google.com/maps/place/data=!3m1!4b1!4m2!3m1!1s0xd418c2a2f8130a5:0x91b20ade367b6339,4.5,77,OPEN,False,Conservatorio de música,Conservatorio de música,conservatory_of_music;art;culture;education;education_and_culture;educational_institution;establishment;establishment_poi;feature;instruction;music;musical_institutions;performing_arts;public_api_establishment;school;training_courses,28,Cerrado · Apertura: 14:30,APIFY_GOOGLE_MAPS_SCRAPER,0xd418c2a2f8130a5:0x91b20ade367b6339,0xd418c2a2f8130a5:0x91b20ade367b6339,10498465630867120953,2026-10-06T23:05:57.620Z,2026-10-07T09:38:49.885Z,st_conservatorio.json
ChIJsbC1t_mNQQ0Rys88JktnXJo,Flashback Band,PERFORMING,BAND,banda de música,"C. Río Nervión, 7, 28934 Móstoles, Madrid","Flashback Band, C. Río Nervión, 7, 28934 Móstoles, Madrid","C. Río Nervión, 7",,Móstoles,28934,Madrid,ES,40.317319399999995,-3.8711211,+34616731817,https://www.theflashbackband.com,theflashbackband.com,https://www.google.com/maps/place/data=!3m1!4b1!4m2!3m1!1s0xd418df9b7b5b0b1:0x9a5c674b263ccfca,5,31,OPEN,True,Banda de música,Banda de música,band;art;entertainment;entertainment_and_recreation;establishment;establishment_poi;feature;music;performing_arts;public_api_establishment,36,Abierto 24 horas,APIFY_GOOGLE_MAPS_SCRAPER,0xd418df9b7b5b0b1:0x9a5c674b263ccfca,0xd418df9b7b5b0b1:0x9a5c674b263ccfca,11122878752160010186,2026-10-07T09:39:12.281Z,2026-10-07T09:39:12.281Z,st_banda-de-musica.json
ChIJ0wDafZGNQQ0RUXFdJTLW8Cs,Banda la Estrella Mostoles,PERFORMING,BAND,banda de música,"C. E, 20, Taller 11, 28938 Móstoles, Madrid","Banda la Estrella Mostoles, C. E, 20, Taller 11, 28938 Móstoles, Madrid","C. E, 20, Taller 11",,Móstoles,28938,Madrid,ES,40.307111299999995,-3.8727674999999997,+34911488603,https://www.bandalaestrella.es,bandalaestrella.es,https://www.google.com/maps/place/data=!3m1!4b1!4m2!3m1!1s0xd418d917dda00d3:0x2bf0d632255d7151,4.9,10,OPEN,True,Band,Band,band;art;entertainment;entertainment_and_recreation;establishment;establishment_poi;feature;music;performing_arts;public_api_establishment,7,Closed · Opens 4 pm,APIFY_GOOGLE_MAPS_SCRAPER,0xd418d917dda00d3:0x2bf0d632255d7151,0xd418d917dda00d3:0x2bf0d632255d7151,3166266048905048401,2026-10-05T22:42:29.674Z,2026-10-07T09:39:12.281Z,st_banda-de-musica.json
ChIJ34UzQBKPQQ0RR9PBwUvsvu0,Asociación de Músicos de Móstoles y sur de Madrid,PERFORMING,CULTURAL_ASSOCIATION,asociación musical,"C. Fragua, 4, 28933 Móstoles, Madrid","Asociación de Músicos de Móstoles y sur de Madrid, C. Fragua, 4, 28933 Móstoles, Madrid","C. Fragua, 4",,Móstoles,28933,Madrid,ES,40.3413027,-3.8626205,+34669527645,,,https://www.google.com/maps/place/data=!3m1!4b1!4m2!3m1!1s0xd418f12403385df:0xedbeec4bc1c1d347,4.6,203,OPEN,False,Centro cultural,Centro cultural,cultural_center;centres;cultural_institution;culture;education_and_culture;entertainment_and_recreation;establishment;establishment_poi;feature;hobbies;information_centers;public_api_establishment,39,,APIFY_GOOGLE_MAPS_SCRAPER,0xd418f12403385df:0xedbeec4bc1c1d347,0xd418f12403385df:0xedbeec4bc1c1d347,17131389842681353031,2026-10-06T23:08:44.675Z,2026-10-07T09:39:33.383Z,st_asociacion-musical.json
ChIJc4nowoSOQQ0RXoZCXcVPWCw,Banda y Majorettes de Móstoles,PERFORMING,BAND,banda de música,"C. de Francisco Javier Sauquillo, 26, 28935 Móstoles, Madrid","Banda y Majorettes de Móstoles, C. de Francisco Javier Sauquillo, 26, 28935 Móstoles, Madrid","C. de Francisco Javier Sauquillo, 26",,Móstoles,28935,Madrid,ES,40.3333764,-3.8564257,+34916149337,http://bandamostoles.com,bandamostoles.com,https://www.google.com/maps/place/data=!3m1!4b1!4m2!3m1!1s0xd418e84c2e88973:0x2c584fc55d42865e,4.6,25,OPEN,False,Band,Band,band;art;entertainment;entertainment_and_recreation;establishment;establishment_poi;feature;music;performing_arts;public_api_establishment,1,Closed · Opens 5 pm,APIFY_GOOGLE_MAPS_SCRAPER,0xd418e84c2e88973:0x2c584fc55d42865e,0xd418e84c2e88973:0x2c584fc55d42865e,3195391644711159390,2026-10-05T22:42:29.674Z,2026-10-07T09:39:12.281Z,st_banda-de-musica.json
ChIJmQu1eyGMQQ0RoHjYc9kVeWA,Orquesta Martín I Soler,PERFORMING,ORCHESTRA,orquesta,"C. de los Hermanos Pinzón, 30, 28936 Móstoles, Madrid","Orquesta Martín I Soler, C. de los Hermanos Pinzón, 30, 28936 Móstoles, Madrid","C. de los Hermanos Pinzón, 30",,Móstoles,28936,Madrid,ES,40.3220247,-3.8481123999999998,+34916459515,,,https://www.google.com/maps/place/data=!3m1!4b1!4m2!3m1!1s0xd418c217bb50b99:0x607915d973d878a0,4,5,OPEN,False,Compañía de teatro,Compañía de teatro,theater_company;art;association_or_organization;attraction;company;culture;education_and_culture;entertainment;entertainment_and_recreation;establishment;establishment_poi;feature;media;performing_arts;potentially_sensitive_entity;public_api_establishment,1,,APIFY_GOOGLE_MAPS_SCRAPER,0xd418c217bb50b99:0x607915d973d878a0,0xd418c217bb50b99:0x607915d973d878a0,6951611523518724256,2026-10-06T23:08:34.431Z,2026-10-07T09:39:18.134Z,st_orquesta.json
ChIJe0Sjsy2HQQ0RvgRnhM87QZ8,Afinador de Pianos Cantalapiedra,CRAFT_AND_REPAIR,PIANO_TECHNICIAN,afinador de pianos,"C. Irlanda, 3, 28224 Pozuelo de Alarcón, Madrid","Afinador de Pianos Cantalapiedra, C. Irlanda, 3, 28224 Pozuelo de Alarcón, Madrid","C. Irlanda, 3",,Pozuelo de Alarcón,28224,Madrid,ES,40.4432196,-3.7865306,+34639827069,https://sites.google.com/view/afinador-juan-cantalapiedra/inicio,google.com,https://www.google.com/maps/place/data=!3m1!4b1!4m2!3m1!1s0xd41872db3a3447b:0x9f413bcf846704be,5,3,OPEN,True,Oficinas de empresa,Oficinas de empresa,corporate_office;business_related;establishment;establishment_poi;feature;public_api_establishment,11,Cerrado · Apertura: 10:30,APIFY_GOOGLE_MAPS_SCRAPER,0xd41872db3a3447b:0x9f413bcf846704be,0xd41872db3a3447b:0x9f413bcf846704be,11475519087982347454,2026-10-06T23:09:10.131Z,2026-10-07T09:40:20.825Z,st_afinador-de-pianos.json
ChIJme3ti16GQQ0R3TP4JVELE1g,Pozuelo Rocking Guitars,INSTRUMENTS;CRAFT_AND_REPAIR,RETAIL;SECOND_HAND;LUTHIER;INSTRUMENT_REPAIR,tienda de instrumentos musicales;instrumentos musicales de segunda mano;luthier;reparación de instrumentos musicales,"C. Benigno Granizo, 12, 28224 Pozuelo de Alarcón, Madrid","Pozuelo Rocking Guitars, C. Benigno Granizo, 12, 28224 Pozuelo de Alarcón, Madrid","C. Benigno Granizo, 12",,Pozuelo de Alarcón,28224,Madrid,ES,40.4463211,-3.8016658,+34913514195,http://www.pozuelorockingguitars.es,pozuelorockingguitars.es,https://www.google.com/maps/place/data=!3m1!4b1!4m2!3m1!1s0xd41865e8beded99:0x58130b5125f833dd,4.9,81,OPEN,True,Musical instrument store,Musical instrument store,musical_instrument_store;art;establishment;establishment_poi;feature;music;music_store;performing_arts;public_api_establishment;sheet_music_and_musical_instruments;shopping;store,28,Closed · Opens 11 am,APIFY_GOOGLE_MAPS_SCRAPER,0xd41865e8beded99:0x58130b5125f833dd,0xd41865e8beded99:0x58130b5125f833dd,6346428743052440541,2026-10-05T23:13:55.186Z,2026-10-07T09:40:02.029Z,st_tienda-de-instrumentos-musicales.json;st_instrumentos-musicales-de-segunda-mano.json;st_luthier.json;st_reparacion-de-instrumentos-musicales.json
ChIJJa0WDg6HQQ0Rtdw4phf1p_4,Coro Gospel One Soul,PERFORMING,CHOIR,coro,"C. Isidro Gómez, 1, 28223 Pozuelo de Alarcón, Madrid","Coro Gospel One Soul, C. Isidro Gómez, 1, 28223 Pozuelo de Alarcón, Madrid","C. Isidro Gómez, 1",,Pozuelo de Alarcón,28223,Madrid,ES,40.4365059,-3.8151758,+34609882811,https://www.corogospellalira.com,corogospellalira.com,https://www.google.com/maps/place/data=!3m1!4b1!4m2!3m1!1s0xd41870e0e16ad25:0xfea7f517a638dcb5,5,31,OPEN,True,Coro,Coro,choir;art;culture;education_and_culture;establishment;establishment_poi;feature;music;performing_arts;public_api_establishment,35,Cerrado · Apertura: 17:00,APIFY_GOOGLE_MAPS_SCRAPER,0xd41870e0e16ad25:0xfea7f517a638dcb5,0xd41870e0e16ad25:0xfea7f517a638dcb5,18349904688666172597,2026-10-06T23:08:38.332Z,2026-10-07T09:39:23.600Z,st_coro.json
ChIJQytL2nGGQQ0R2SwlmOWocls,"Asociación Músico-Cultural ""La Lira de Pozuelo""",PERFORMING,CULTURAL_ASSOCIATION;BAND,asociación musical;banda de música,"C. Isidro Gómez, 1, 28223 Pozuelo de Alarcón, Madrid","Asociación Músico-Cultural ""La Lira de Pozuelo"", C. Isidro Gómez, 1, 28223 Pozuelo de Alarcón, Madrid","C. Isidro Gómez, 1",,Pozuelo de Alarcón,28223,Madrid,ES,40.436530399999995,-3.815197,+34913529678,http://www.laliradepozuelo.es,laliradepozuelo.es,https://www.google.com/maps/place/data=!3m1!4b1!4m2!3m1!1s0xd418671da4b2b43:0x5b72a8e598252cd9,4.9,29,OPEN,True,Escuela de música,Escuela de música;Asociación u organización;Banda de música;Coro;Orquesta,music_school;art;association_or_organization;band;choir;culture;education;education_and_culture;educational_institution;entertainment;entertainment_and_recreation;establishment;establishment_poi;feature;hobby_classes;institute;instruction;learning;music;music_classes;music_instruction;musical_institutions;orchestra;performing_arts;potentially_sensitive_entity;professional_services;public_api_establishment;services;training_courses,8,Cerrado · Apertura: 17:00,APIFY_GOOGLE_MAPS_SCRAPER,0xd418671da4b2b43:0x5b72a8e598252cd9,0xd418671da4b2b43:0x5b72a8e598252cd9,6589514908850007257,2026-10-06T23:08:44.675Z,2026-10-07T09:39:33.383Z,st_asociacion-musical.json;st_banda-de-musica.json
ChIJvXZ-q087Qg0RDSrEnzAPPdM,Miguel Ángel González Luthier,CRAFT_AND_REPAIR,RESTORATION,restauración de instrumentos musicales,"C. Camilo José Cela, 28521 Rivas-Vaciamadrid, Madrid","Miguel Ángel González Luthier, C. Camilo José Cela, 28521 Rivas-Vaciamadrid, Madrid",C. Camilo José Cela,,Rivas-Vaciamadrid,28521,Madrid,ES,40.347352099999995,-3.5203854,+34682304218,https://www.instagram.com/miguel_angel_gonzalez_luthier,instagram.com,https://www.google.com/maps/place/data=!3m1!4b1!4m2!3m1!1s0xd423b4fab7e76bd:0xd33d0f309fc42a0d,5,50,OPEN,True,Taller de reparación de instrumentos musicales,Taller de reparación de instrumentos musicales;Proveedor de instrumentos de medida;Fabricante de instrumentos musicales;Lutier,stringed_intrument_maker;art;company;establishment;establishment_poi;feature;industry;manufacturer;measuring_instruments_supplier;music;musical_instrument_manufacturer;musical_instrument_repair_shop;performing_arts;production;professional_services;public_api_establishment;repairs;services;shopping;store,14,Cerrado · Apertura: 9:00,APIFY_GOOGLE_MAPS_SCRAPER,0xd423b4fab7e76bd:0xd33d0f309fc42a0d,0xd423b4fab7e76bd:0xd33d0f309fc42a0d,15221339017095424525,2026-10-06T23:09:13.394Z,2026-10-07T09:40:25.333Z,st_restauracion-de-instrumentos-musicales.json
ChIJo1xf0N6CQQ0RtCQHgf1czw8,Mogar Music Ibérica,INSTRUMENTS,DISTRIBUTION,distribuidor de instrumentos musicales,"C. Marie Curie, 7, 28521 Rivas-Vaciamadrid, Madrid","Mogar Music Ibérica, C. Marie Curie, 7, 28521 Rivas-Vaciamadrid, Madrid","C. Marie Curie, 7",,Rivas-Vaciamadrid,28521,Madrid,ES,40.3385221,-3.524318,+34916401890,http://www.mogarmusic.es,mogarmusic.es,https://www.google.com/maps/place/data=!3m1!4b1!4m2!3m1!1s0xd4182ded05f5ca3:0xfcf5cfd810724b4,5,4,OPEN,True,Mayorista,Mayorista,wholesaler;business_related;business_service;company;establishment;establishment_poi;feature;industry;production;public_api_establishment;services,1,Cerrado · Apertura: 8:30,APIFY_GOOGLE_MAPS_SCRAPER,0xd4182ded05f5ca3:0xfcf5cfd810724b4,0xd4182ded05f5ca3:0xfcf5cfd810724b4,1139231474609235124,2026-10-06T23:08:56.054Z,2026-10-07T09:39:52.372Z,st_distribuidor-de-instrumentos-musicales.json
ChIJaxP3w507Qg0RWgFQwLsYUfw,Coro Rivas,PERFORMING,CHOIR,coro,"C. de la Fundición, s/n, 28522 Rivas-Vaciamadrid, Madrid","Coro Rivas, C. de la Fundición, s/n, 28522 Rivas-Vaciamadrid, Madrid","C. de la Fundición, s/n",,Rivas-Vaciamadrid,28522,Madrid,ES,40.3508065,-3.5393999999999997,+34660409094,,,https://www.google.com/maps/place/data=!3m1!4b1!4m2!3m1!1s0xd423b9dc3f7136b:0xfc5118bbc050015a,5,2,OPEN,True,Asociación u organización,Asociación u organización,association_or_organization;establishment;establishment_poi;feature;potentially_sensitive_entity;public_api_establishment,1,Cerrado · Apertura: 19:00 (jue),APIFY_GOOGLE_MAPS_SCRAPER,0xd423b9dc3f7136b:0xfc5118bbc050015a,0xd423b9dc3f7136b:0xfc5118bbc050015a,18181340365335822682,2026-10-06T23:08:38.332Z,2026-10-07T09:39:23.600Z,st_coro.json
ChIJ-f9vyBstQg0RbjBzaX9PQv8,Pianocraft Madrid,CRAFT_AND_REPAIR,PIANO_TECHNICIAN;RESTORATION,afinador de pianos;restauración de instrumentos musicales,"Av. de los Montes de Oca, 14, 28703 San Sebastián de los Reyes, Madrid","Pianocraft Madrid, Av. de los Montes de Oca, 14, 28703 San Sebastián de los Reyes, Madrid","Av. de los Montes de Oca, 14",,San Sebastián de los Reyes,28703,Madrid,ES,40.5517758,-3.61476,+34647807393,http://www.pianocraft.es,pianocraft.es,https://www.google.com/maps/place/data=!3m1!4b1!4m2!3m1!1s0xd422d1bc86ffff9:0xff424f7f6973306e,4.9,31,OPEN,True,Tienda de pianos,Tienda de pianos,piano_store;art;establishment;establishment_poi;feature;music;music_store;musical_instrument_store;performing_arts;piano;public_api_establishment;sheet_music_and_musical_instruments;shopping;store,12,Cerrado · Apertura: 8:00,APIFY_GOOGLE_MAPS_SCRAPER,0xd422d1bc86ffff9:0xff424f7f6973306e,0xd422d1bc86ffff9:0xff424f7f6973306e,18393351236783124590,2026-10-06T23:09:10.131Z,2026-10-07T09:40:25.333Z,st_afinador-de-pianos.json;st_restauracion-de-instrumentos-musicales.json
ChIJo7CriqQoQg0RSwFctVDViIY,HIFISAT,CRAFT_AND_REPAIR,RESTORATION,restauración de instrumentos musicales,"Av. de los Pirineos, 9, NAVE 7, 28703 San Sebastián de los Reyes, Madrid","HIFISAT, Av. de los Pirineos, 9, NAVE 7, 28703 San Sebastián de los Reyes, Madrid","Av. de los Pirineos, 9, NAVE 7",,San Sebastián de los Reyes,28703,Madrid,ES,40.5500599,-3.6110007,+34626285010,http://hifisat.com,hifisat.com,https://www.google.com/maps/place/data=!3m1!4b1!4m2!3m1!1s0xd4228a48aabb0a3:0x8688d550b55c014b,4.5,74,OPEN,True,Taller de reparación de equipos audiovisuales,Taller de reparación de equipos audiovisuales,audio_visual_equipment_repair_service;appliance_repair_service;craft;electrical;electrical_goods;electrics;establishment;establishment_poi;feature;home_electronics;home_services;homes;housekeepings;potentially_sensitive_entity;professional_services;public_api_establishment;repairs;services,22,Cerrado · Apertura: 9:00,APIFY_GOOGLE_MAPS_SCRAPER,0xd4228a48aabb0a3:0x8688d550b55c014b,0xd4228a48aabb0a3:0x8688d550b55c014b,9694232740531798347,2026-10-06T23:09:13.394Z,2026-10-07T09:40:25.333Z,st_restauracion-de-instrumentos-musicales.json
ChIJTxIJv6kpQg0RsW4-MuM-8_U,Pianos Muñoz,CRAFT_AND_REPAIR,PIANO_TECHNICIAN,afinador de pianos,"Calle, Av. de los Montes de Oca, 14, 28703 San Sebastián de los Reyes, Madrid","Pianos Muñoz, Calle, Av. de los Montes de Oca, 14, 28703 San Sebastián de los Reyes, Madrid","Calle, Av. de los Montes de Oca, 14",,San Sebastián de los Reyes,28703,Madrid,ES,40.5519418,-3.6146431999999997,+34916237023,,,https://www.google.com/maps/place/data=!3m1!4b1!4m2!3m1!1s0xd4229a9bf09124f:0xf5f33ee3323e6eb1,3.4,5,OPEN,False,Tienda de pianos,Tienda de pianos,piano_store;art;establishment;establishment_poi;feature;music;music_store;musical_instrument_store;performing_arts;piano;public_api_establishment;sheet_music_and_musical_instruments;shopping;store,1,Cerrado · Apertura: 8:00,APIFY_GOOGLE_MAPS_SCRAPER,0xd4229a9bf09124f:0xf5f33ee3323e6eb1,0xd4229a9bf09124f:0xf5f33ee3323e6eb1,17722578104154484401,2026-10-06T23:09:10.132Z,2026-10-07T09:40:20.825Z,st_afinador-de-pianos.json
ChIJ1f83DgAtQg0REOZ_AH18n88,Sala Monkey Rock,CULTURAL_INFRASTRUCTURE,CONCERT_HALL,sala de conciertos,"C. Real, 71, 28703 San Sebastián de los Reyes, Madrid","Sala Monkey Rock, C. Real, 71, 28703 San Sebastián de los Reyes, Madrid","C. Real, 71",,San Sebastián de los Reyes,28703,Madrid,ES,40.5486547,-3.6244039999999997,+34661611664,,,https://www.google.com/maps/place/data=!3m1!4b1!4m2!3m1!1s0xd422d000e37ffd5:0xcf9f7c7d007fe610,4.7,146,OPEN,True,Sala de conciertos,Sala de conciertos,concert_hall;art;auditorium;culture;education_and_culture;entertainment;entertainment_and_recreation;establishment;establishment_poi;event_venue;feature;hall;live_music_venue;music;nightlife;performing_arts;public_api_establishment,46,,APIFY_GOOGLE_MAPS_SCRAPER,0xd422d000e37ffd5:0xcf9f7c7d007fe610,0xd422d000e37ffd5:0xcf9f7c7d007fe610,14960813363469215248,2026-10-07T09:40:50.939Z,2026-10-07T09:40:50.939Z,st_sala-de-conciertos.json
ChIJiTV_rIUtQg0Rar7DBLhvtzA,Symphy,INSTRUMENTS,RENTAL,alquiler de instrumentos musicales,"C. de los Barrilleros, 28701 San Sebastián de los Reyes, Madrid","Symphy, C. de los Barrilleros, 28701 San Sebastián de los Reyes, Madrid",C. de los Barrilleros,,San Sebastián de los Reyes,28701,Madrid,ES,40.547288099999996,-3.6278512999999997,+34673370668,https://symphy.es,symphy.es,https://www.google.com/maps/place/data=!3m1!4b1!4m2!3m1!1s0xd422d85ac7f3589:0x30b76fb804c3be6a,4.9,11,OPEN,True,Tienda de instrumentos musicales,Tienda de instrumentos musicales,musical_instrument_store;art;establishment;establishment_poi;feature;music;music_store;performing_arts;public_api_establishment;sheet_music_and_musical_instruments;shopping;store,3,Abierto · Cierre: 20:30,APIFY_GOOGLE_MAPS_SCRAPER,0xd422d85ac7f3589:0x30b76fb804c3be6a,0xd422d85ac7f3589:0x30b76fb804c3be6a,3510397270703193706,2026-10-07T09:39:47.719Z,2026-10-07T09:39:47.719Z,st_alquiler-de-instrumentos-musicales.json
ChIJ3zLVGBktQg0RROo_Y-qYatA,Musicopolix,INSTRUMENTS;CRAFT_AND_REPAIR,RETAIL;PIANO_TECHNICIAN;RENTAL;DISTRIBUTION;SECOND_HAND,tienda de instrumentos musicales;afinador de pianos;alquiler de instrumentos musicales;distribuidor de instrumentos musicales;instrumentos musicales de segunda mano,"Av. Fuente Nueva, 5, Nave 11C, 28703 San Sebastián de los Reyes, Madrid","Musicopolix, Av. Fuente Nueva, 5, Nave 11C, 28703 San Sebastián de los Reyes, Madrid","Av. Fuente Nueva, 5, Nave 11C",,San Sebastián de los Reyes,28703,Madrid,ES,40.548560099999996,-3.6122767,+34912296160,http://www.musicopolix.com/info/10-tienda-san-sebastian-de-los-reyes,musicopolix.com,https://www.google.com/maps/place/data=!3m1!4b1!4m2!3m1!1s0xd422d1918d532df:0xd06a98ea633fea44,4.6,1880,OPEN,True,Musical instrument store,Musical instrument store;Guitar store;Lighting store;Home audio store,musical_instrument_store;art;company;decoration;electrical_and_electronics_stores;electrical_equipment;electrical_goods;electrics;electronics;electronics_store;establishment;establishment_poi;feature;guitar_store;home_furnishings;home_goods_store;home_improvement_store;home_services;homes;interior;interior_decoration;lighting;lighting_store;music;music_store;performing_arts;public_api_establishment;services;sheet_music_and_musical_instruments;shopping;stereo_store;store;wood,233,Closed · Opens 10:30 am,APIFY_GOOGLE_MAPS_SCRAPER,0xd422d1918d532df:0xd06a98ea633fea44,0xd422d1918d532df:0xd06a98ea633fea44,15017984039875242564,2026-10-05T23:13:55.186Z,2026-10-07T09:40:20.825Z,st_tienda-de-instrumentos-musicales.json;st_afinador-de-pianos.json;st_alquiler-de-instrumentos-musicales.json;st_distribuidor-de-instrumentos-musicales.json;st_instrumentos-musicales-de-segunda-mano.json
ChIJL_P1IOMsQg0RQo4uRgvjqTE,Local de ensayo,MUSIC_PRODUCTION,REHEARSAL_ROOM,sala de ensayo,"C. Lanzarote, 1, Nave 16, 28703 San Sebastián de los Reyes, Madrid","Local de ensayo, C. Lanzarote, 1, Nave 16, 28703 San Sebastián de los Reyes, Madrid","C. Lanzarote, 1, Nave 16",,San Sebastián de los Reyes,28703,Madrid,ES,40.556385399999996,-3.6238213,+34678430077,http://www.lanotarock.es,lanotarock.es,https://www.google.com/maps/place/data=!3m1!4b1!4m2!3m1!1s0xd422ce320f5f32f:0x31a9e30b462e8e42,4.5,687,OPEN,True,Sala de ensayos,Sala de ensayos,rehearsa_studio;art;establishment;establishment_poi;feature;music;performing_arts;public_api_establishment,281,Cerrado · Apertura: 10:00,APIFY_GOOGLE_MAPS_SCRAPER,0xd422ce320f5f32f:0x31a9e30b462e8e42,0xd422ce320f5f32f:0x31a9e30b462e8e42,3578641016484171330,2026-10-06T23:09:20.826Z,2026-10-07T09:40:36.588Z,st_sala-de-ensayo.json
ChIJUwMT4iDVQw0R6SAv0HmSYqA,Heptaguitars,CRAFT_AND_REPAIR,WOODWIND_REPAIR,reparación instrumentos de viento,"C. de Chicago, 61, 28760 Tres Cantos, Madrid","Heptaguitars, C. de Chicago, 61, 28760 Tres Cantos, Madrid","C. de Chicago, 61",,Tres Cantos,28760,Madrid,ES,40.5983999,-3.7070032,+34610842816,http://www.heptaprods.com,heptaprods.com,https://www.google.com/maps/place/data=!3m1!4b1!4m2!3m1!1s0xd43d520e2130353:0xa0629279d02f20e9,5,8,OPEN,True,Taller de reparación de instrumentos musicales,Taller de reparación de instrumentos musicales;Lutier,musical_instrument_repair_shop;art;establishment;establishment_poi;feature;music;performing_arts;professional_services;public_api_establishment;repairs;services;stringed_intrument_maker,5,Cerrado · Apertura: 10:00,APIFY_GOOGLE_MAPS_SCRAPER,0xd43d520e2130353:0xa0629279d02f20e9,0xd43d520e2130353:0xa0629279d02f20e9,11556960645667561705,2026-10-06T23:09:03.792Z,2026-10-07T09:40:07.619Z,st_reparacion-instrumentos-de-viento.json
ChIJRWBYMhrVQw0Ra2PETYVzzeM,Cuerdaarte,INSTRUMENTS,DISTRIBUTION,distribuidor de instrumentos musicales,"C. del Laurel, 24, 28760 Tres Cantos, Madrid","Cuerdaarte, C. del Laurel, 24, 28760 Tres Cantos, Madrid","C. del Laurel, 24",,Tres Cantos,28760,Madrid,ES,40.6014501,-3.7106249,+34665797619,http://www.cuerdaarte.com,cuerdaarte.com,https://www.google.com/maps/place/data=!3m1!4b1!4m2!3m1!1s0xd43d51a32586045:0xe3cd73854dc4636b,4.5,8,OPEN,True,Tienda de instrumentos musicales,Tienda de instrumentos musicales;Tienda de violines,musical_instrument_store;art;establishment;establishment_poi;feature;music;music_store;performing_arts;public_api_establishment;sheet_music_and_musical_instruments;shopping;store;violin_shop,6,,APIFY_GOOGLE_MAPS_SCRAPER,0xd43d51a32586045:0xe3cd73854dc4636b,0xd43d51a32586045:0xe3cd73854dc4636b,16414903233207886699,2026-10-06T23:08:56.054Z,2026-10-07T09:39:52.372Z,st_distribuidor-de-instrumentos-musicales.json
ChIJBZkAXt_VQw0Rzwc42MLCfJ4,Banda de versiones Pop-Rock,PERFORMING,BAND,banda de música,"Av. de la Comunidad Valenciana, 28760 Tres Cantos, Madrid","Banda de versiones Pop-Rock, Av. de la Comunidad Valenciana, 28760 Tres Cantos, Madrid",Av. de la Comunidad Valenciana,,Tres Cantos,28760,Madrid,ES,40.6171155,-3.7180250999999997,+34609024879,https://contratarartistas.com/banda-para-eventos-six-pistols-14,contratarartistas.com,https://www.google.com/maps/place/data=!3m1!4b1!4m2!3m1!1s0xd43d5df5e009905:0x9e7cc2c2d83807cf,5,13,OPEN,False,Band,Band,band;art;entertainment;entertainment_and_recreation;establishment;establishment_poi;feature;music;performing_arts;public_api_establishment,1,Closed · Opens 8 pm Thu,APIFY_GOOGLE_MAPS_SCRAPER,0xd43d5df5e009905:0x9e7cc2c2d83807cf,0xd43d5df5e009905:0x9e7cc2c2d83807cf,11420216897211729871,2026-10-05T22:42:29.673Z,2026-10-07T09:39:12.281Z,st_banda-de-musica.json
ChIJkXyw2COOQQ0RSmmaz8C14f0,Talleres de organería y restauración LUIS MAGAZ,CRAFT_AND_REPAIR,RESTORATION,restauración de instrumentos musicales,"C. la Florida, 3, 28670 Villaviciosa de Odón, Madrid","Talleres de organería y restauración LUIS MAGAZ, C. la Florida, 3, 28670 Villaviciosa de Odón, Madrid","C. la Florida, 3",,Villaviciosa de Odón,28670,Madrid,ES,40.349177,-3.9009326,+34630077673,http://www.organeros.com,organeros.com,https://www.google.com/maps/place/data=!3m1!4b1!4m2!3m1!1s0xd418e23d8b07c91:0xfde1b5c0cf9a694a,5,1,OPEN,False,Taller de reparación de instrumentos musicales,Taller de reparación de instrumentos musicales;Servicio de restauración artística,musical_instrument_repair_shop;art;art_restoration_service;establishment;establishment_poi;feature;music;performing_arts;professional_services;public_api_establishment;repairs;services,1,Cerrado · Apertura: 10:00,APIFY_GOOGLE_MAPS_SCRAPER,0xd418e23d8b07c91:0xfde1b5c0cf9a694a,0xd418e23d8b07c91:0xfde1b5c0cf9a694a,18294103001077016906,2026-10-06T23:09:13.394Z,2026-10-07T09:40:25.333Z,st_restauracion-de-instrumentos-musicales.json
